problem,original,word_length,shift,context,correct,index,prefix,switch,switch_index
ibt,has,3,1,"1. Bit
2. Bti
3. Tib
4. Tbi
5. Itb

Next, if the above aren't meaningful English words (which depends on the context, because ""tib"" for example, is a valid word in certain regional English variants), we can move on to investigating if this might be a Caesar cipher.

A Caesar cipher works by shifting the alphabetical position of each letter in the plaintext by a certain number of places. I'll begin with shifting the ciphertext 1 place:

1- ibt -> h as
2- ibt -> g zr
3- ibt -> f yq
4- ibt -> e xp
5- ibt -> d wo

None of these options result in a valid English word either. Therefore, we have to continue to try different shifts until we find a plausible solution.",0,0,"1. Bit
2. Bti
3. Tib
4. Tbi
5. Itb

Next, if the a",1,0
ibt,has,3,1,"1. Bit
2. Bti
3. Tib
4. Tbi
5. Itb

Next, if the above aren't meaningful English words (which depends on the context, because ""tib"" for example, is a valid word in certain regional English variants), we can move on to investigating if this might be a Caesar cipher.

A Caesar cipher works by shifting the alphabetical position of each letter in the plaintext by a certain number of places. I'll begin with shifting the ciphertext 1 place:

1- ibt -> h as
2- ibt -> g zr
3- ibt -> f yq
4- ibt -> e xp
5- ibt -> d wo

None of these options result in a valid English word either. Therefore, we have to continue to try different shifts until we find a plausible solution.",0,1,"1. Bit
2. Bti
3. Tib
4. Tbi
5. Itb

Next, if the above aren't meaningful English words (which depend",1,0
ibt,has,3,1,"1. Bit
2. Bti
3. Tib
4. Tbi
5. Itb

Next, if the above aren't meaningful English words (which depends on the context, because ""tib"" for example, is a valid word in certain regional English variants), we can move on to investigating if this might be a Caesar cipher.

A Caesar cipher works by shifting the alphabetical position of each letter in the plaintext by a certain number of places. I'll begin with shifting the ciphertext 1 place:

1- ibt -> h as
2- ibt -> g zr
3- ibt -> f yq
4- ibt -> e xp
5- ibt -> d wo

None of these options result in a valid English word either. Therefore, we have to continue to try different shifts until we find a plausible solution.",0,2,"1. Bit
2. Bti
3. Tib
4. Tbi
5. Itb

Next, if the above aren't meaningful English words (which depends on the context, because ""tib"" for example, is a ",1,0
ibt,has,3,1,"1. Bit
2. Bti
3. Tib
4. Tbi
5. Itb

Next, if the above aren't meaningful English words (which depends on the context, because ""tib"" for example, is a valid word in certain regional English variants), we can move on to investigating if this might be a Caesar cipher.

A Caesar cipher works by shifting the alphabetical position of each letter in the plaintext by a certain number of places. I'll begin with shifting the ciphertext 1 place:

1- ibt -> h as
2- ibt -> g zr
3- ibt -> f yq
4- ibt -> e xp
5- ibt -> d wo

None of these options result in a valid English word either. Therefore, we have to continue to try different shifts until we find a plausible solution.",0,3,"1. Bit
2. Bti
3. Tib
4. Tbi
5. Itb

Next, if the above aren't meaningful English words (which depends on the context, because ""tib"" for example, is a valid word in certain regional English variants), ",1,0
ibt,has,3,1,"1. Bit
2. Bti
3. Tib
4. Tbi
5. Itb

Next, if the above aren't meaningful English words (which depends on the context, because ""tib"" for example, is a valid word in certain regional English variants), we can move on to investigating if this might be a Caesar cipher.

A Caesar cipher works by shifting the alphabetical position of each letter in the plaintext by a certain number of places. I'll begin with shifting the ciphertext 1 place:

1- ibt -> h as
2- ibt -> g zr
3- ibt -> f yq
4- ibt -> e xp
5- ibt -> d wo

None of these options result in a valid English word either. Therefore, we have to continue to try different shifts until we find a plausible solution.",0,4,"1. Bit
2. Bti
3. Tib
4. Tbi
5. Itb

Next, if the above aren't meaningful English words (which depends on the context, because ""tib"" for example, is a valid word in certain regional English variants), we can move on to investigating if this might be a",1,0
ibt,has,3,1,"1. Bit
2. Bti
3. Tib
4. Tbi
5. Itb

Next, if the above aren't meaningful English words (which depends on the context, because ""tib"" for example, is a valid word in certain regional English variants), we can move on to investigating if this might be a Caesar cipher.

A Caesar cipher works by shifting the alphabetical position of each letter in the plaintext by a certain number of places. I'll begin with shifting the ciphertext 1 place:

1- ibt -> h as
2- ibt -> g zr
3- ibt -> f yq
4- ibt -> e xp
5- ibt -> d wo

None of these options result in a valid English word either. Therefore, we have to continue to try different shifts until we find a plausible solution.",0,5,"1. Bit
2. Bti
3. Tib
4. Tbi
5. Itb

Next, if the above aren't meaningful English words (which depends on the context, because ""tib"" for example, is a valid word in certain regional English variants), we can move on to investigating if this might be a Caesar cipher.

A Caesar cipher works by shifting",1,0
ibt,has,3,1,"1. Bit
2. Bti
3. Tib
4. Tbi
5. Itb

Next, if the above aren't meaningful English words (which depends on the context, because ""tib"" for example, is a valid word in certain regional English variants), we can move on to investigating if this might be a Caesar cipher.

A Caesar cipher works by shifting the alphabetical position of each letter in the plaintext by a certain number of places. I'll begin with shifting the ciphertext 1 place:

1- ibt -> h as
2- ibt -> g zr
3- ibt -> f yq
4- ibt -> e xp
5- ibt -> d wo

None of these options result in a valid English word either. Therefore, we have to continue to try different shifts until we find a plausible solution.",0,6,"1. Bit
2. Bti
3. Tib
4. Tbi
5. Itb

Next, if the above aren't meaningful English words (which depends on the context, because ""tib"" for example, is a valid word in certain regional English variants), we can move on to investigating if this might be a Caesar cipher.

A Caesar cipher works by shifting the alphabetical position of each letter in the p",1,0
ibt,has,3,1,"1. Bit
2. Bti
3. Tib
4. Tbi
5. Itb

Next, if the above aren't meaningful English words (which depends on the context, because ""tib"" for example, is a valid word in certain regional English variants), we can move on to investigating if this might be a Caesar cipher.

A Caesar cipher works by shifting the alphabetical position of each letter in the plaintext by a certain number of places. I'll begin with shifting the ciphertext 1 place:

1- ibt -> h as
2- ibt -> g zr
3- ibt -> f yq
4- ibt -> e xp
5- ibt -> d wo

None of these options result in a valid English word either. Therefore, we have to continue to try different shifts until we find a plausible solution.",0,7,"1. Bit
2. Bti
3. Tib
4. Tbi
5. Itb

Next, if the above aren't meaningful English words (which depends on the context, because ""tib"" for example, is a valid word in certain regional English variants), we can move on to investigating if this might be a Caesar cipher.

A Caesar cipher works by shifting the alphabetical position of each letter in the plaintext by a certain number of places. I'll begin",1,0
ibt,has,3,1,"1. Bit
2. Bti
3. Tib
4. Tbi
5. Itb

Next, if the above aren't meaningful English words (which depends on the context, because ""tib"" for example, is a valid word in certain regional English variants), we can move on to investigating if this might be a Caesar cipher.

A Caesar cipher works by shifting the alphabetical position of each letter in the plaintext by a certain number of places. I'll begin with shifting the ciphertext 1 place:

1- ibt -> h as
2- ibt -> g zr
3- ibt -> f yq
4- ibt -> e xp
5- ibt -> d wo

None of these options result in a valid English word either. Therefore, we have to continue to try different shifts until we find a plausible solution.",0,8,"1. Bit
2. Bti
3. Tib
4. Tbi
5. Itb

Next, if the above aren't meaningful English words (which depends on the context, because ""tib"" for example, is a valid word in certain regional English variants), we can move on to investigating if this might be a Caesar cipher.

A Caesar cipher works by shifting the alphabetical position of each letter in the plaintext by a certain number of places. I'll begin with shifting the ciphertext 1 place:

1- ibt -> ",1,0
ibt,has,3,1,"1. Bit
2. Bti
3. Tib
4. Tbi
5. Itb

Next, if the above aren't meaningful English words (which depends on the context, because ""tib"" for example, is a valid word in certain regional English variants), we can move on to investigating if this might be a Caesar cipher.

A Caesar cipher works by shifting the alphabetical position of each letter in the plaintext by a certain number of places. I'll begin with shifting the ciphertext 1 place:

1- ibt -> h as
2- ibt -> g zr
3- ibt -> f yq
4- ibt -> e xp
5- ibt -> d wo

None of these options result in a valid English word either. Therefore, we have to continue to try different shifts until we find a plausible solution.",0,9,"1. Bit
2. Bti
3. Tib
4. Tbi
5. Itb

Next, if the above aren't meaningful English words (which depends on the context, because ""tib"" for example, is a valid word in certain regional English variants), we can move on to investigating if this might be a Caesar cipher.

A Caesar cipher works by shifting the alphabetical position of each letter in the plaintext by a certain number of places. I'll begin with shifting the ciphertext 1 place:

1- ibt -> h as
2- ibt -> g zr
3- ibt -> f yq
4- ibt -> e xp
",1,0
ibt,has,3,1,"1. Bit
2. Bti
3. Tib
4. Tbi
5. Itb

Next, if the above aren't meaningful English words (which depends on the context, because ""tib"" for example, is a valid word in certain regional English variants), we can move on to investigating if this might be a Caesar cipher.

A Caesar cipher works by shifting the alphabetical position of each letter in the plaintext by a certain number of places. I'll begin with shifting the ciphertext 1 place:

1- ibt -> h as
2- ibt -> g zr
3- ibt -> f yq
4- ibt -> e xp
5- ibt -> d wo

None of these options result in a valid English word either. Therefore, we have to continue to try different shifts until we find a plausible solution.",0,10,"1. Bit
2. Bti
3. Tib
4. Tbi
5. Itb

Next, if the above aren't meaningful English words (which depends on the context, because ""tib"" for example, is a valid word in certain regional English variants), we can move on to investigating if this might be a Caesar cipher.

A Caesar cipher works by shifting the alphabetical position of each letter in the plaintext by a certain number of places. I'll begin with shifting the ciphertext 1 place:

1- ibt -> h as
2- ibt -> g zr
3- ibt -> f yq
4- ibt -> e xp
5- ibt -> d wo

None of these options result in a ",1,0
ibt,has,3,1,"1. Bit
2. Bti
3. Tib
4. Tbi
5. Itb

Next, if the above aren't meaningful English words (which depends on the context, because ""tib"" for example, is a valid word in certain regional English variants), we can move on to investigating if this might be a Caesar cipher.

A Caesar cipher works by shifting the alphabetical position of each letter in the plaintext by a certain number of places. I'll begin with shifting the ciphertext 1 place:

1- ibt -> h as
2- ibt -> g zr
3- ibt -> f yq
4- ibt -> e xp
5- ibt -> d wo

None of these options result in a valid English word either. Therefore, we have to continue to try different shifts until we find a plausible solution.",0,11,"1. Bit
2. Bti
3. Tib
4. Tbi
5. Itb

Next, if the above aren't meaningful English words (which depends on the context, because ""tib"" for example, is a valid word in certain regional English variants), we can move on to investigating if this might be a Caesar cipher.

A Caesar cipher works by shifting the alphabetical position of each letter in the plaintext by a certain number of places. I'll begin with shifting the ciphertext 1 place:

1- ibt -> h as
2- ibt -> g zr
3- ibt -> f yq
4- ibt -> e xp
5- ibt -> d wo

None of these options result in a valid English word either. Therefore, we have to c",1,0
ibt,has,3,1,"1. Bit
2. Bti
3. Tib
4. Tbi
5. Itb

Next, if the above aren't meaningful English words (which depends on the context, because ""tib"" for example, is a valid word in certain regional English variants), we can move on to investigating if this might be a Caesar cipher.

A Caesar cipher works by shifting the alphabetical position of each letter in the plaintext by a certain number of places. I'll begin with shifting the ciphertext 1 place:

1- ibt -> h as
2- ibt -> g zr
3- ibt -> f yq
4- ibt -> e xp
5- ibt -> d wo

None of these options result in a valid English word either. Therefore, we have to continue to try different shifts until we find a plausible solution.",0,12,"1. Bit
2. Bti
3. Tib
4. Tbi
5. Itb

Next, if the above aren't meaningful English words (which depends on the context, because ""tib"" for example, is a valid word in certain regional English variants), we can move on to investigating if this might be a Caesar cipher.

A Caesar cipher works by shifting the alphabetical position of each letter in the plaintext by a certain number of places. I'll begin with shifting the ciphertext 1 place:

1- ibt -> h as
2- ibt -> g zr
3- ibt -> f yq
4- ibt -> e xp
5- ibt -> d wo

None of these options result in a valid English word either. Therefore, we have to continue to try different shifts until we find a pl",1,0
ibt,has,3,1,"1. Bit
2. Bti
3. Tib
4. Tbi
5. Itb

Next, if the above aren't meaningful English words (which depends on the context, because ""tib"" for example, is a valid word in certain regional English variants), we can move on to investigating if this might be a Caesar cipher.

A Caesar cipher works by shifting the alphabetical position of each letter in the plaintext by a certain number of places. I'll begin with shifting the ciphertext 1 place:

1- ibt -> h as
2- ibt -> g zr
3- ibt -> f yq
4- ibt -> e xp
5- ibt -> d wo

None of these options result in a valid English word either. Therefore, we have to continue to try different shifts until we find a plausible solution.",0,13,"1. Bit
2. Bti
3. Tib
4. Tbi
5. Itb

Next, if the above aren't meaningful English words (which depends on the context, because ""tib"" for example, is a valid word in certain regional English variants), we can move on to investigating if this might be a Caesar cipher.

A Caesar cipher works by shifting the alphabetical position of each letter in the plaintext by a certain number of places. I'll begin with shifting the ciphertext 1 place:

1- ibt -> h as
2- ibt -> g zr
3- ibt -> f yq
4- ibt -> e xp
5- ibt -> d wo

None of these options result in a valid English word either. Therefore, we have to continue to try different shifts until we find a plausible solution.",1,0
ecp,can,3,2,"The possible anagrams that we can form from the letters E, C, and P are:

1. cep 
2. cpe 
3. pec
4. pce 
5. ecp (this is the original arrangement)

After reviewing common English words, none of these appear to be valid. So, let's move on to treating it as a Caesar cipher. In a Caesar cipher, each letter in the plaintext is shifted along the alphabet. I'll show my work using 5 different shifts.

1. Shift of 1:
Output - dbo
This isn't a recognizable English word.

2. Shift of 2:
Output - can
""can"" is a valid English word.

3. Shift of 3:
Output -bzm
This isn't an English word.

4. Shift of 4:
Output - ayl
This isn't recognizable as an English word.

5. Shift of 5:
Output - zhx
This also isn't an English word.

In conclusion, by assuming it's a Caesar cipher and decrypting it with a shift of 2, the output is ""can"", which is a valid English word.",1,0,The possible anagrams that we can form from the le,0,4
ecp,can,3,2,"The possible anagrams that we can form from the letters E, C, and P are:

1. cep 
2. cpe 
3. pec
4. pce 
5. ecp (this is the original arrangement)

After reviewing common English words, none of these appear to be valid. So, let's move on to treating it as a Caesar cipher. In a Caesar cipher, each letter in the plaintext is shifted along the alphabet. I'll show my work using 5 different shifts.

1. Shift of 1:
Output - dbo
This isn't a recognizable English word.

2. Shift of 2:
Output - can
""can"" is a valid English word.

3. Shift of 3:
Output -bzm
This isn't an English word.

4. Shift of 4:
Output - ayl
This isn't recognizable as an English word.

5. Shift of 5:
Output - zhx
This also isn't an English word.

In conclusion, by assuming it's a Caesar cipher and decrypting it with a shift of 2, the output is ""can"", which is a valid English word.",1,1,"The possible anagrams that we can form from the letters E, C, and P are:

1. cep 
2. cpe 
3. pec
4. ",0,4
ecp,can,3,2,"The possible anagrams that we can form from the letters E, C, and P are:

1. cep 
2. cpe 
3. pec
4. pce 
5. ecp (this is the original arrangement)

After reviewing common English words, none of these appear to be valid. So, let's move on to treating it as a Caesar cipher. In a Caesar cipher, each letter in the plaintext is shifted along the alphabet. I'll show my work using 5 different shifts.

1. Shift of 1:
Output - dbo
This isn't a recognizable English word.

2. Shift of 2:
Output - can
""can"" is a valid English word.

3. Shift of 3:
Output -bzm
This isn't an English word.

4. Shift of 4:
Output - ayl
This isn't recognizable as an English word.

5. Shift of 5:
Output - zhx
This also isn't an English word.

In conclusion, by assuming it's a Caesar cipher and decrypting it with a shift of 2, the output is ""can"", which is a valid English word.",1,2,"The possible anagrams that we can form from the letters E, C, and P are:

1. cep 
2. cpe 
3. pec
4. pce 
5. ecp (this is the original arrangement)

Af",0,4
ecp,can,3,2,"The possible anagrams that we can form from the letters E, C, and P are:

1. cep 
2. cpe 
3. pec
4. pce 
5. ecp (this is the original arrangement)

After reviewing common English words, none of these appear to be valid. So, let's move on to treating it as a Caesar cipher. In a Caesar cipher, each letter in the plaintext is shifted along the alphabet. I'll show my work using 5 different shifts.

1. Shift of 1:
Output - dbo
This isn't a recognizable English word.

2. Shift of 2:
Output - can
""can"" is a valid English word.

3. Shift of 3:
Output -bzm
This isn't an English word.

4. Shift of 4:
Output - ayl
This isn't recognizable as an English word.

5. Shift of 5:
Output - zhx
This also isn't an English word.

In conclusion, by assuming it's a Caesar cipher and decrypting it with a shift of 2, the output is ""can"", which is a valid English word.",1,3,"The possible anagrams that we can form from the letters E, C, and P are:

1. cep 
2. cpe 
3. pec
4. pce 
5. ecp (this is the original arrangement)

After reviewing common English words, none of these ",0,4
ecp,can,3,2,"The possible anagrams that we can form from the letters E, C, and P are:

1. cep 
2. cpe 
3. pec
4. pce 
5. ecp (this is the original arrangement)

After reviewing common English words, none of these appear to be valid. So, let's move on to treating it as a Caesar cipher. In a Caesar cipher, each letter in the plaintext is shifted along the alphabet. I'll show my work using 5 different shifts.

1. Shift of 1:
Output - dbo
This isn't a recognizable English word.

2. Shift of 2:
Output - can
""can"" is a valid English word.

3. Shift of 3:
Output -bzm
This isn't an English word.

4. Shift of 4:
Output - ayl
This isn't recognizable as an English word.

5. Shift of 5:
Output - zhx
This also isn't an English word.

In conclusion, by assuming it's a Caesar cipher and decrypting it with a shift of 2, the output is ""can"", which is a valid English word.",1,4,"The possible anagrams that we can form from the letters E, C, and P are:

1. cep 
2. cpe 
3. pec
4. pce 
5. ecp (this is the original arrangement)

After reviewing common English words, none of these appear to be valid. So, let's move on to treating ",1,4
ecp,can,3,2,"The possible anagrams that we can form from the letters E, C, and P are:

1. cep 
2. cpe 
3. pec
4. pce 
5. ecp (this is the original arrangement)

After reviewing common English words, none of these appear to be valid. So, let's move on to treating it as a Caesar cipher. In a Caesar cipher, each letter in the plaintext is shifted along the alphabet. I'll show my work using 5 different shifts.

1. Shift of 1:
Output - dbo
This isn't a recognizable English word.

2. Shift of 2:
Output - can
""can"" is a valid English word.

3. Shift of 3:
Output -bzm
This isn't an English word.

4. Shift of 4:
Output - ayl
This isn't recognizable as an English word.

5. Shift of 5:
Output - zhx
This also isn't an English word.

In conclusion, by assuming it's a Caesar cipher and decrypting it with a shift of 2, the output is ""can"", which is a valid English word.",1,5,"The possible anagrams that we can form from the letters E, C, and P are:

1. cep 
2. cpe 
3. pec
4. pce 
5. ecp (this is the original arrangement)

After reviewing common English words, none of these appear to be valid. So, let's move on to treating it as a Caesar cipher. In a Caesar cipher, each le",1,4
ecp,can,3,2,"The possible anagrams that we can form from the letters E, C, and P are:

1. cep 
2. cpe 
3. pec
4. pce 
5. ecp (this is the original arrangement)

After reviewing common English words, none of these appear to be valid. So, let's move on to treating it as a Caesar cipher. In a Caesar cipher, each letter in the plaintext is shifted along the alphabet. I'll show my work using 5 different shifts.

1. Shift of 1:
Output - dbo
This isn't a recognizable English word.

2. Shift of 2:
Output - can
""can"" is a valid English word.

3. Shift of 3:
Output -bzm
This isn't an English word.

4. Shift of 4:
Output - ayl
This isn't recognizable as an English word.

5. Shift of 5:
Output - zhx
This also isn't an English word.

In conclusion, by assuming it's a Caesar cipher and decrypting it with a shift of 2, the output is ""can"", which is a valid English word.",1,6,"The possible anagrams that we can form from the letters E, C, and P are:

1. cep 
2. cpe 
3. pec
4. pce 
5. ecp (this is the original arrangement)

After reviewing common English words, none of these appear to be valid. So, let's move on to treating it as a Caesar cipher. In a Caesar cipher, each letter in the plaintext is shifted along the alphabe",1,4
ecp,can,3,2,"The possible anagrams that we can form from the letters E, C, and P are:

1. cep 
2. cpe 
3. pec
4. pce 
5. ecp (this is the original arrangement)

After reviewing common English words, none of these appear to be valid. So, let's move on to treating it as a Caesar cipher. In a Caesar cipher, each letter in the plaintext is shifted along the alphabet. I'll show my work using 5 different shifts.

1. Shift of 1:
Output - dbo
This isn't a recognizable English word.

2. Shift of 2:
Output - can
""can"" is a valid English word.

3. Shift of 3:
Output -bzm
This isn't an English word.

4. Shift of 4:
Output - ayl
This isn't recognizable as an English word.

5. Shift of 5:
Output - zhx
This also isn't an English word.

In conclusion, by assuming it's a Caesar cipher and decrypting it with a shift of 2, the output is ""can"", which is a valid English word.",1,7,"The possible anagrams that we can form from the letters E, C, and P are:

1. cep 
2. cpe 
3. pec
4. pce 
5. ecp (this is the original arrangement)

After reviewing common English words, none of these appear to be valid. So, let's move on to treating it as a Caesar cipher. In a Caesar cipher, each letter in the plaintext is shifted along the alphabet. I'll show my work using 5 different shifts.

1.",1,4
ecp,can,3,2,"The possible anagrams that we can form from the letters E, C, and P are:

1. cep 
2. cpe 
3. pec
4. pce 
5. ecp (this is the original arrangement)

After reviewing common English words, none of these appear to be valid. So, let's move on to treating it as a Caesar cipher. In a Caesar cipher, each letter in the plaintext is shifted along the alphabet. I'll show my work using 5 different shifts.

1. Shift of 1:
Output - dbo
This isn't a recognizable English word.

2. Shift of 2:
Output - can
""can"" is a valid English word.

3. Shift of 3:
Output -bzm
This isn't an English word.

4. Shift of 4:
Output - ayl
This isn't recognizable as an English word.

5. Shift of 5:
Output - zhx
This also isn't an English word.

In conclusion, by assuming it's a Caesar cipher and decrypting it with a shift of 2, the output is ""can"", which is a valid English word.",1,8,"The possible anagrams that we can form from the letters E, C, and P are:

1. cep 
2. cpe 
3. pec
4. pce 
5. ecp (this is the original arrangement)

After reviewing common English words, none of these appear to be valid. So, let's move on to treating it as a Caesar cipher. In a Caesar cipher, each letter in the plaintext is shifted along the alphabet. I'll show my work using 5 different shifts.

1. Shift of 1:
Output - dbo
This isn't a recognizabl",1,4
ecp,can,3,2,"The possible anagrams that we can form from the letters E, C, and P are:

1. cep 
2. cpe 
3. pec
4. pce 
5. ecp (this is the original arrangement)

After reviewing common English words, none of these appear to be valid. So, let's move on to treating it as a Caesar cipher. In a Caesar cipher, each letter in the plaintext is shifted along the alphabet. I'll show my work using 5 different shifts.

1. Shift of 1:
Output - dbo
This isn't a recognizable English word.

2. Shift of 2:
Output - can
""can"" is a valid English word.

3. Shift of 3:
Output -bzm
This isn't an English word.

4. Shift of 4:
Output - ayl
This isn't recognizable as an English word.

5. Shift of 5:
Output - zhx
This also isn't an English word.

In conclusion, by assuming it's a Caesar cipher and decrypting it with a shift of 2, the output is ""can"", which is a valid English word.",1,9,"The possible anagrams that we can form from the letters E, C, and P are:

1. cep 
2. cpe 
3. pec
4. pce 
5. ecp (this is the original arrangement)

After reviewing common English words, none of these appear to be valid. So, let's move on to treating it as a Caesar cipher. In a Caesar cipher, each letter in the plaintext is shifted along the alphabet. I'll show my work using 5 different shifts.

1. Shift of 1:
Output - dbo
This isn't a recognizable English word.

2. Shift of 2:
Output - can
""can""",1,4
ecp,can,3,2,"The possible anagrams that we can form from the letters E, C, and P are:

1. cep 
2. cpe 
3. pec
4. pce 
5. ecp (this is the original arrangement)

After reviewing common English words, none of these appear to be valid. So, let's move on to treating it as a Caesar cipher. In a Caesar cipher, each letter in the plaintext is shifted along the alphabet. I'll show my work using 5 different shifts.

1. Shift of 1:
Output - dbo
This isn't a recognizable English word.

2. Shift of 2:
Output - can
""can"" is a valid English word.

3. Shift of 3:
Output -bzm
This isn't an English word.

4. Shift of 4:
Output - ayl
This isn't recognizable as an English word.

5. Shift of 5:
Output - zhx
This also isn't an English word.

In conclusion, by assuming it's a Caesar cipher and decrypting it with a shift of 2, the output is ""can"", which is a valid English word.",1,10,"The possible anagrams that we can form from the letters E, C, and P are:

1. cep 
2. cpe 
3. pec
4. pce 
5. ecp (this is the original arrangement)

After reviewing common English words, none of these appear to be valid. So, let's move on to treating it as a Caesar cipher. In a Caesar cipher, each letter in the plaintext is shifted along the alphabet. I'll show my work using 5 different shifts.

1. Shift of 1:
Output - dbo
This isn't a recognizable English word.

2. Shift of 2:
Output - can
""can"" is a valid English word.

3. Shift of 3:
Output -",1,4
ecp,can,3,2,"The possible anagrams that we can form from the letters E, C, and P are:

1. cep 
2. cpe 
3. pec
4. pce 
5. ecp (this is the original arrangement)

After reviewing common English words, none of these appear to be valid. So, let's move on to treating it as a Caesar cipher. In a Caesar cipher, each letter in the plaintext is shifted along the alphabet. I'll show my work using 5 different shifts.

1. Shift of 1:
Output - dbo
This isn't a recognizable English word.

2. Shift of 2:
Output - can
""can"" is a valid English word.

3. Shift of 3:
Output -bzm
This isn't an English word.

4. Shift of 4:
Output - ayl
This isn't recognizable as an English word.

5. Shift of 5:
Output - zhx
This also isn't an English word.

In conclusion, by assuming it's a Caesar cipher and decrypting it with a shift of 2, the output is ""can"", which is a valid English word.",1,11,"The possible anagrams that we can form from the letters E, C, and P are:

1. cep 
2. cpe 
3. pec
4. pce 
5. ecp (this is the original arrangement)

After reviewing common English words, none of these appear to be valid. So, let's move on to treating it as a Caesar cipher. In a Caesar cipher, each letter in the plaintext is shifted along the alphabet. I'll show my work using 5 different shifts.

1. Shift of 1:
Output - dbo
This isn't a recognizable English word.

2. Shift of 2:
Output - can
""can"" is a valid English word.

3. Shift of 3:
Output -bzm
This isn't an English word.

4. Shift of 4:
Ou",1,4
ecp,can,3,2,"The possible anagrams that we can form from the letters E, C, and P are:

1. cep 
2. cpe 
3. pec
4. pce 
5. ecp (this is the original arrangement)

After reviewing common English words, none of these appear to be valid. So, let's move on to treating it as a Caesar cipher. In a Caesar cipher, each letter in the plaintext is shifted along the alphabet. I'll show my work using 5 different shifts.

1. Shift of 1:
Output - dbo
This isn't a recognizable English word.

2. Shift of 2:
Output - can
""can"" is a valid English word.

3. Shift of 3:
Output -bzm
This isn't an English word.

4. Shift of 4:
Output - ayl
This isn't recognizable as an English word.

5. Shift of 5:
Output - zhx
This also isn't an English word.

In conclusion, by assuming it's a Caesar cipher and decrypting it with a shift of 2, the output is ""can"", which is a valid English word.",1,12,"The possible anagrams that we can form from the letters E, C, and P are:

1. cep 
2. cpe 
3. pec
4. pce 
5. ecp (this is the original arrangement)

After reviewing common English words, none of these appear to be valid. So, let's move on to treating it as a Caesar cipher. In a Caesar cipher, each letter in the plaintext is shifted along the alphabet. I'll show my work using 5 different shifts.

1. Shift of 1:
Output - dbo
This isn't a recognizable English word.

2. Shift of 2:
Output - can
""can"" is a valid English word.

3. Shift of 3:
Output -bzm
This isn't an English word.

4. Shift of 4:
Output - ayl
This isn't recognizable as an English w",1,4
ecp,can,3,2,"The possible anagrams that we can form from the letters E, C, and P are:

1. cep 
2. cpe 
3. pec
4. pce 
5. ecp (this is the original arrangement)

After reviewing common English words, none of these appear to be valid. So, let's move on to treating it as a Caesar cipher. In a Caesar cipher, each letter in the plaintext is shifted along the alphabet. I'll show my work using 5 different shifts.

1. Shift of 1:
Output - dbo
This isn't a recognizable English word.

2. Shift of 2:
Output - can
""can"" is a valid English word.

3. Shift of 3:
Output -bzm
This isn't an English word.

4. Shift of 4:
Output - ayl
This isn't recognizable as an English word.

5. Shift of 5:
Output - zhx
This also isn't an English word.

In conclusion, by assuming it's a Caesar cipher and decrypting it with a shift of 2, the output is ""can"", which is a valid English word.",1,13,"The possible anagrams that we can form from the letters E, C, and P are:

1. cep 
2. cpe 
3. pec
4. pce 
5. ecp (this is the original arrangement)

After reviewing common English words, none of these appear to be valid. So, let's move on to treating it as a Caesar cipher. In a Caesar cipher, each letter in the plaintext is shifted along the alphabet. I'll show my work using 5 different shifts.

1. Shift of 1:
Output - dbo
This isn't a recognizable English word.

2. Shift of 2:
Output - can
""can"" is a valid English word.

3. Shift of 3:
Output -bzm
This isn't an English word.

4. Shift of 4:
Output - ayl
This isn't recognizable as an English word.

5. Shift of 5:
Output - zhx
This also isn't ",1,4
ecp,can,3,2,"The possible anagrams that we can form from the letters E, C, and P are:

1. cep 
2. cpe 
3. pec
4. pce 
5. ecp (this is the original arrangement)

After reviewing common English words, none of these appear to be valid. So, let's move on to treating it as a Caesar cipher. In a Caesar cipher, each letter in the plaintext is shifted along the alphabet. I'll show my work using 5 different shifts.

1. Shift of 1:
Output - dbo
This isn't a recognizable English word.

2. Shift of 2:
Output - can
""can"" is a valid English word.

3. Shift of 3:
Output -bzm
This isn't an English word.

4. Shift of 4:
Output - ayl
This isn't recognizable as an English word.

5. Shift of 5:
Output - zhx
This also isn't an English word.

In conclusion, by assuming it's a Caesar cipher and decrypting it with a shift of 2, the output is ""can"", which is a valid English word.",1,14,"The possible anagrams that we can form from the letters E, C, and P are:

1. cep 
2. cpe 
3. pec
4. pce 
5. ecp (this is the original arrangement)

After reviewing common English words, none of these appear to be valid. So, let's move on to treating it as a Caesar cipher. In a Caesar cipher, each letter in the plaintext is shifted along the alphabet. I'll show my work using 5 different shifts.

1. Shift of 1:
Output - dbo
This isn't a recognizable English word.

2. Shift of 2:
Output - can
""can"" is a valid English word.

3. Shift of 3:
Output -bzm
This isn't an English word.

4. Shift of 4:
Output - ayl
This isn't recognizable as an English word.

5. Shift of 5:
Output - zhx
This also isn't an English word.

In conclusion, by assuming it's ",1,4
ecp,can,3,2,"The possible anagrams that we can form from the letters E, C, and P are:

1. cep 
2. cpe 
3. pec
4. pce 
5. ecp (this is the original arrangement)

After reviewing common English words, none of these appear to be valid. So, let's move on to treating it as a Caesar cipher. In a Caesar cipher, each letter in the plaintext is shifted along the alphabet. I'll show my work using 5 different shifts.

1. Shift of 1:
Output - dbo
This isn't a recognizable English word.

2. Shift of 2:
Output - can
""can"" is a valid English word.

3. Shift of 3:
Output -bzm
This isn't an English word.

4. Shift of 4:
Output - ayl
This isn't recognizable as an English word.

5. Shift of 5:
Output - zhx
This also isn't an English word.

In conclusion, by assuming it's a Caesar cipher and decrypting it with a shift of 2, the output is ""can"", which is a valid English word.",1,15,"The possible anagrams that we can form from the letters E, C, and P are:

1. cep 
2. cpe 
3. pec
4. pce 
5. ecp (this is the original arrangement)

After reviewing common English words, none of these appear to be valid. So, let's move on to treating it as a Caesar cipher. In a Caesar cipher, each letter in the plaintext is shifted along the alphabet. I'll show my work using 5 different shifts.

1. Shift of 1:
Output - dbo
This isn't a recognizable English word.

2. Shift of 2:
Output - can
""can"" is a valid English word.

3. Shift of 3:
Output -bzm
This isn't an English word.

4. Shift of 4:
Output - ayl
This isn't recognizable as an English word.

5. Shift of 5:
Output - zhx
This also isn't an English word.

In conclusion, by assuming it's a Caesar cipher and decrypting it with a shift of ",1,4
ecp,can,3,2,"The possible anagrams that we can form from the letters E, C, and P are:

1. cep 
2. cpe 
3. pec
4. pce 
5. ecp (this is the original arrangement)

After reviewing common English words, none of these appear to be valid. So, let's move on to treating it as a Caesar cipher. In a Caesar cipher, each letter in the plaintext is shifted along the alphabet. I'll show my work using 5 different shifts.

1. Shift of 1:
Output - dbo
This isn't a recognizable English word.

2. Shift of 2:
Output - can
""can"" is a valid English word.

3. Shift of 3:
Output -bzm
This isn't an English word.

4. Shift of 4:
Output - ayl
This isn't recognizable as an English word.

5. Shift of 5:
Output - zhx
This also isn't an English word.

In conclusion, by assuming it's a Caesar cipher and decrypting it with a shift of 2, the output is ""can"", which is a valid English word.",1,16,"The possible anagrams that we can form from the letters E, C, and P are:

1. cep 
2. cpe 
3. pec
4. pce 
5. ecp (this is the original arrangement)

After reviewing common English words, none of these appear to be valid. So, let's move on to treating it as a Caesar cipher. In a Caesar cipher, each letter in the plaintext is shifted along the alphabet. I'll show my work using 5 different shifts.

1. Shift of 1:
Output - dbo
This isn't a recognizable English word.

2. Shift of 2:
Output - can
""can"" is a valid English word.

3. Shift of 3:
Output -bzm
This isn't an English word.

4. Shift of 4:
Output - ayl
This isn't recognizable as an English word.

5. Shift of 5:
Output - zhx
This also isn't an English word.

In conclusion, by assuming it's a Caesar cipher and decrypting it with a shift of 2, the output is ""can"", which is a valid English w",1,4
ecp,can,3,2,"The possible anagrams that we can form from the letters E, C, and P are:

1. cep 
2. cpe 
3. pec
4. pce 
5. ecp (this is the original arrangement)

After reviewing common English words, none of these appear to be valid. So, let's move on to treating it as a Caesar cipher. In a Caesar cipher, each letter in the plaintext is shifted along the alphabet. I'll show my work using 5 different shifts.

1. Shift of 1:
Output - dbo
This isn't a recognizable English word.

2. Shift of 2:
Output - can
""can"" is a valid English word.

3. Shift of 3:
Output -bzm
This isn't an English word.

4. Shift of 4:
Output - ayl
This isn't recognizable as an English word.

5. Shift of 5:
Output - zhx
This also isn't an English word.

In conclusion, by assuming it's a Caesar cipher and decrypting it with a shift of 2, the output is ""can"", which is a valid English word.",1,17,"The possible anagrams that we can form from the letters E, C, and P are:

1. cep 
2. cpe 
3. pec
4. pce 
5. ecp (this is the original arrangement)

After reviewing common English words, none of these appear to be valid. So, let's move on to treating it as a Caesar cipher. In a Caesar cipher, each letter in the plaintext is shifted along the alphabet. I'll show my work using 5 different shifts.

1. Shift of 1:
Output - dbo
This isn't a recognizable English word.

2. Shift of 2:
Output - can
""can"" is a valid English word.

3. Shift of 3:
Output -bzm
This isn't an English word.

4. Shift of 4:
Output - ayl
This isn't recognizable as an English word.

5. Shift of 5:
Output - zhx
This also isn't an English word.

In conclusion, by assuming it's a Caesar cipher and decrypting it with a shift of 2, the output is ""can"", which is a valid English word.",1,4
dqg,and,3,3,"Here are some anagram solutions:

1. gdq
2. qgd
3. qdg
4. gdq
5. dgq

However, none of these options make for a valid English word. Hence, let's proceed to treat the ciphertext as a Caesar cipher now and try to decrypt it using at least 5 different shifts.

A Caesar cipher works by shifting the letters in the alphabet by a certain number of places. For example, a shift of one would change 'a' to 'b', 'b' to 'c', and so on. In this case, we'll try shifts of 1, 2, 3, 4, and 5: 

Shift of 1: 
cifh

Shift of 2: 
bhge

Shift of 3: 
afd

Shift of 4: 
zec

Shift of 5:
ydb

After trying these shifts, 'afd' looks like a possible English word, if we consider it as an abbreviation. 'afd.' is often used to represent the Latin phrase 'anno domini,' which means 'in the year of our lord.' But it is more of a convention in historical and religious texts.

If we consider the letters to be in lowercase, none of the produced strings form an English word.

So, we need additional information or context to figure out the correct decryption.",1,0,"Here are some anagram solutions:

1. gdq
2. qgd
3.",0,2
dqg,and,3,3,"Here are some anagram solutions:

1. gdq
2. qgd
3. qdg
4. gdq
5. dgq

However, none of these options make for a valid English word. Hence, let's proceed to treat the ciphertext as a Caesar cipher now and try to decrypt it using at least 5 different shifts.

A Caesar cipher works by shifting the letters in the alphabet by a certain number of places. For example, a shift of one would change 'a' to 'b', 'b' to 'c', and so on. In this case, we'll try shifts of 1, 2, 3, 4, and 5: 

Shift of 1: 
cifh

Shift of 2: 
bhge

Shift of 3: 
afd

Shift of 4: 
zec

Shift of 5:
ydb

After trying these shifts, 'afd' looks like a possible English word, if we consider it as an abbreviation. 'afd.' is often used to represent the Latin phrase 'anno domini,' which means 'in the year of our lord.' But it is more of a convention in historical and religious texts.

If we consider the letters to be in lowercase, none of the produced strings form an English word.

So, we need additional information or context to figure out the correct decryption.",1,1,"Here are some anagram solutions:

1. gdq
2. qgd
3. qdg
4. gdq
5. dgq

However, none of these options",0,2
dqg,and,3,3,"Here are some anagram solutions:

1. gdq
2. qgd
3. qdg
4. gdq
5. dgq

However, none of these options make for a valid English word. Hence, let's proceed to treat the ciphertext as a Caesar cipher now and try to decrypt it using at least 5 different shifts.

A Caesar cipher works by shifting the letters in the alphabet by a certain number of places. For example, a shift of one would change 'a' to 'b', 'b' to 'c', and so on. In this case, we'll try shifts of 1, 2, 3, 4, and 5: 

Shift of 1: 
cifh

Shift of 2: 
bhge

Shift of 3: 
afd

Shift of 4: 
zec

Shift of 5:
ydb

After trying these shifts, 'afd' looks like a possible English word, if we consider it as an abbreviation. 'afd.' is often used to represent the Latin phrase 'anno domini,' which means 'in the year of our lord.' But it is more of a convention in historical and religious texts.

If we consider the letters to be in lowercase, none of the produced strings form an English word.

So, we need additional information or context to figure out the correct decryption.",1,2,"Here are some anagram solutions:

1. gdq
2. qgd
3. qdg
4. gdq
5. dgq

However, none of these options make for a valid English word. Hence, let's proce",1,2
dqg,and,3,3,"Here are some anagram solutions:

1. gdq
2. qgd
3. qdg
4. gdq
5. dgq

However, none of these options make for a valid English word. Hence, let's proceed to treat the ciphertext as a Caesar cipher now and try to decrypt it using at least 5 different shifts.

A Caesar cipher works by shifting the letters in the alphabet by a certain number of places. For example, a shift of one would change 'a' to 'b', 'b' to 'c', and so on. In this case, we'll try shifts of 1, 2, 3, 4, and 5: 

Shift of 1: 
cifh

Shift of 2: 
bhge

Shift of 3: 
afd

Shift of 4: 
zec

Shift of 5:
ydb

After trying these shifts, 'afd' looks like a possible English word, if we consider it as an abbreviation. 'afd.' is often used to represent the Latin phrase 'anno domini,' which means 'in the year of our lord.' But it is more of a convention in historical and religious texts.

If we consider the letters to be in lowercase, none of the produced strings form an English word.

So, we need additional information or context to figure out the correct decryption.",1,3,"Here are some anagram solutions:

1. gdq
2. qgd
3. qdg
4. gdq
5. dgq

However, none of these options make for a valid English word. Hence, let's proceed to treat the ciphertext as a Caesar cipher now ",1,2
dqg,and,3,3,"Here are some anagram solutions:

1. gdq
2. qgd
3. qdg
4. gdq
5. dgq

However, none of these options make for a valid English word. Hence, let's proceed to treat the ciphertext as a Caesar cipher now and try to decrypt it using at least 5 different shifts.

A Caesar cipher works by shifting the letters in the alphabet by a certain number of places. For example, a shift of one would change 'a' to 'b', 'b' to 'c', and so on. In this case, we'll try shifts of 1, 2, 3, 4, and 5: 

Shift of 1: 
cifh

Shift of 2: 
bhge

Shift of 3: 
afd

Shift of 4: 
zec

Shift of 5:
ydb

After trying these shifts, 'afd' looks like a possible English word, if we consider it as an abbreviation. 'afd.' is often used to represent the Latin phrase 'anno domini,' which means 'in the year of our lord.' But it is more of a convention in historical and religious texts.

If we consider the letters to be in lowercase, none of the produced strings form an English word.

So, we need additional information or context to figure out the correct decryption.",1,4,"Here are some anagram solutions:

1. gdq
2. qgd
3. qdg
4. gdq
5. dgq

However, none of these options make for a valid English word. Hence, let's proceed to treat the ciphertext as a Caesar cipher now and try to decrypt it using at least 5 different s",1,2
dqg,and,3,3,"Here are some anagram solutions:

1. gdq
2. qgd
3. qdg
4. gdq
5. dgq

However, none of these options make for a valid English word. Hence, let's proceed to treat the ciphertext as a Caesar cipher now and try to decrypt it using at least 5 different shifts.

A Caesar cipher works by shifting the letters in the alphabet by a certain number of places. For example, a shift of one would change 'a' to 'b', 'b' to 'c', and so on. In this case, we'll try shifts of 1, 2, 3, 4, and 5: 

Shift of 1: 
cifh

Shift of 2: 
bhge

Shift of 3: 
afd

Shift of 4: 
zec

Shift of 5:
ydb

After trying these shifts, 'afd' looks like a possible English word, if we consider it as an abbreviation. 'afd.' is often used to represent the Latin phrase 'anno domini,' which means 'in the year of our lord.' But it is more of a convention in historical and religious texts.

If we consider the letters to be in lowercase, none of the produced strings form an English word.

So, we need additional information or context to figure out the correct decryption.",1,5,"Here are some anagram solutions:

1. gdq
2. qgd
3. qdg
4. gdq
5. dgq

However, none of these options make for a valid English word. Hence, let's proceed to treat the ciphertext as a Caesar cipher now and try to decrypt it using at least 5 different shifts.

A Caesar cipher works by shifting the lett",1,2
dqg,and,3,3,"Here are some anagram solutions:

1. gdq
2. qgd
3. qdg
4. gdq
5. dgq

However, none of these options make for a valid English word. Hence, let's proceed to treat the ciphertext as a Caesar cipher now and try to decrypt it using at least 5 different shifts.

A Caesar cipher works by shifting the letters in the alphabet by a certain number of places. For example, a shift of one would change 'a' to 'b', 'b' to 'c', and so on. In this case, we'll try shifts of 1, 2, 3, 4, and 5: 

Shift of 1: 
cifh

Shift of 2: 
bhge

Shift of 3: 
afd

Shift of 4: 
zec

Shift of 5:
ydb

After trying these shifts, 'afd' looks like a possible English word, if we consider it as an abbreviation. 'afd.' is often used to represent the Latin phrase 'anno domini,' which means 'in the year of our lord.' But it is more of a convention in historical and religious texts.

If we consider the letters to be in lowercase, none of the produced strings form an English word.

So, we need additional information or context to figure out the correct decryption.",1,6,"Here are some anagram solutions:

1. gdq
2. qgd
3. qdg
4. gdq
5. dgq

However, none of these options make for a valid English word. Hence, let's proceed to treat the ciphertext as a Caesar cipher now and try to decrypt it using at least 5 different shifts.

A Caesar cipher works by shifting the letters in the alphabet by a certain number of places.",1,2
dqg,and,3,3,"Here are some anagram solutions:

1. gdq
2. qgd
3. qdg
4. gdq
5. dgq

However, none of these options make for a valid English word. Hence, let's proceed to treat the ciphertext as a Caesar cipher now and try to decrypt it using at least 5 different shifts.

A Caesar cipher works by shifting the letters in the alphabet by a certain number of places. For example, a shift of one would change 'a' to 'b', 'b' to 'c', and so on. In this case, we'll try shifts of 1, 2, 3, 4, and 5: 

Shift of 1: 
cifh

Shift of 2: 
bhge

Shift of 3: 
afd

Shift of 4: 
zec

Shift of 5:
ydb

After trying these shifts, 'afd' looks like a possible English word, if we consider it as an abbreviation. 'afd.' is often used to represent the Latin phrase 'anno domini,' which means 'in the year of our lord.' But it is more of a convention in historical and religious texts.

If we consider the letters to be in lowercase, none of the produced strings form an English word.

So, we need additional information or context to figure out the correct decryption.",1,7,"Here are some anagram solutions:

1. gdq
2. qgd
3. qdg
4. gdq
5. dgq

However, none of these options make for a valid English word. Hence, let's proceed to treat the ciphertext as a Caesar cipher now and try to decrypt it using at least 5 different shifts.

A Caesar cipher works by shifting the letters in the alphabet by a certain number of places. For example, a shift of one would change 'a' to '",1,2
dqg,and,3,3,"Here are some anagram solutions:

1. gdq
2. qgd
3. qdg
4. gdq
5. dgq

However, none of these options make for a valid English word. Hence, let's proceed to treat the ciphertext as a Caesar cipher now and try to decrypt it using at least 5 different shifts.

A Caesar cipher works by shifting the letters in the alphabet by a certain number of places. For example, a shift of one would change 'a' to 'b', 'b' to 'c', and so on. In this case, we'll try shifts of 1, 2, 3, 4, and 5: 

Shift of 1: 
cifh

Shift of 2: 
bhge

Shift of 3: 
afd

Shift of 4: 
zec

Shift of 5:
ydb

After trying these shifts, 'afd' looks like a possible English word, if we consider it as an abbreviation. 'afd.' is often used to represent the Latin phrase 'anno domini,' which means 'in the year of our lord.' But it is more of a convention in historical and religious texts.

If we consider the letters to be in lowercase, none of the produced strings form an English word.

So, we need additional information or context to figure out the correct decryption.",1,8,"Here are some anagram solutions:

1. gdq
2. qgd
3. qdg
4. gdq
5. dgq

However, none of these options make for a valid English word. Hence, let's proceed to treat the ciphertext as a Caesar cipher now and try to decrypt it using at least 5 different shifts.

A Caesar cipher works by shifting the letters in the alphabet by a certain number of places. For example, a shift of one would change 'a' to 'b', 'b' to 'c', and so on. In this case, we'll try",1,2
dqg,and,3,3,"Here are some anagram solutions:

1. gdq
2. qgd
3. qdg
4. gdq
5. dgq

However, none of these options make for a valid English word. Hence, let's proceed to treat the ciphertext as a Caesar cipher now and try to decrypt it using at least 5 different shifts.

A Caesar cipher works by shifting the letters in the alphabet by a certain number of places. For example, a shift of one would change 'a' to 'b', 'b' to 'c', and so on. In this case, we'll try shifts of 1, 2, 3, 4, and 5: 

Shift of 1: 
cifh

Shift of 2: 
bhge

Shift of 3: 
afd

Shift of 4: 
zec

Shift of 5:
ydb

After trying these shifts, 'afd' looks like a possible English word, if we consider it as an abbreviation. 'afd.' is often used to represent the Latin phrase 'anno domini,' which means 'in the year of our lord.' But it is more of a convention in historical and religious texts.

If we consider the letters to be in lowercase, none of the produced strings form an English word.

So, we need additional information or context to figure out the correct decryption.",1,9,"Here are some anagram solutions:

1. gdq
2. qgd
3. qdg
4. gdq
5. dgq

However, none of these options make for a valid English word. Hence, let's proceed to treat the ciphertext as a Caesar cipher now and try to decrypt it using at least 5 different shifts.

A Caesar cipher works by shifting the letters in the alphabet by a certain number of places. For example, a shift of one would change 'a' to 'b', 'b' to 'c', and so on. In this case, we'll try shifts of 1, 2, 3, 4, and 5: 

Shift of 1: 
cifh
",1,2
dqg,and,3,3,"Here are some anagram solutions:

1. gdq
2. qgd
3. qdg
4. gdq
5. dgq

However, none of these options make for a valid English word. Hence, let's proceed to treat the ciphertext as a Caesar cipher now and try to decrypt it using at least 5 different shifts.

A Caesar cipher works by shifting the letters in the alphabet by a certain number of places. For example, a shift of one would change 'a' to 'b', 'b' to 'c', and so on. In this case, we'll try shifts of 1, 2, 3, 4, and 5: 

Shift of 1: 
cifh

Shift of 2: 
bhge

Shift of 3: 
afd

Shift of 4: 
zec

Shift of 5:
ydb

After trying these shifts, 'afd' looks like a possible English word, if we consider it as an abbreviation. 'afd.' is often used to represent the Latin phrase 'anno domini,' which means 'in the year of our lord.' But it is more of a convention in historical and religious texts.

If we consider the letters to be in lowercase, none of the produced strings form an English word.

So, we need additional information or context to figure out the correct decryption.",1,10,"Here are some anagram solutions:

1. gdq
2. qgd
3. qdg
4. gdq
5. dgq

However, none of these options make for a valid English word. Hence, let's proceed to treat the ciphertext as a Caesar cipher now and try to decrypt it using at least 5 different shifts.

A Caesar cipher works by shifting the letters in the alphabet by a certain number of places. For example, a shift of one would change 'a' to 'b', 'b' to 'c', and so on. In this case, we'll try shifts of 1, 2, 3, 4, and 5: 

Shift of 1: 
cifh

Shift of 2: 
bhge

Shift of 3: 
afd

Shift of 4: ",1,2
dqg,and,3,3,"Here are some anagram solutions:

1. gdq
2. qgd
3. qdg
4. gdq
5. dgq

However, none of these options make for a valid English word. Hence, let's proceed to treat the ciphertext as a Caesar cipher now and try to decrypt it using at least 5 different shifts.

A Caesar cipher works by shifting the letters in the alphabet by a certain number of places. For example, a shift of one would change 'a' to 'b', 'b' to 'c', and so on. In this case, we'll try shifts of 1, 2, 3, 4, and 5: 

Shift of 1: 
cifh

Shift of 2: 
bhge

Shift of 3: 
afd

Shift of 4: 
zec

Shift of 5:
ydb

After trying these shifts, 'afd' looks like a possible English word, if we consider it as an abbreviation. 'afd.' is often used to represent the Latin phrase 'anno domini,' which means 'in the year of our lord.' But it is more of a convention in historical and religious texts.

If we consider the letters to be in lowercase, none of the produced strings form an English word.

So, we need additional information or context to figure out the correct decryption.",1,11,"Here are some anagram solutions:

1. gdq
2. qgd
3. qdg
4. gdq
5. dgq

However, none of these options make for a valid English word. Hence, let's proceed to treat the ciphertext as a Caesar cipher now and try to decrypt it using at least 5 different shifts.

A Caesar cipher works by shifting the letters in the alphabet by a certain number of places. For example, a shift of one would change 'a' to 'b', 'b' to 'c', and so on. In this case, we'll try shifts of 1, 2, 3, 4, and 5: 

Shift of 1: 
cifh

Shift of 2: 
bhge

Shift of 3: 
afd

Shift of 4: 
zec

Shift of 5:
ydb

After trying these shifts, ",1,2
dqg,and,3,3,"Here are some anagram solutions:

1. gdq
2. qgd
3. qdg
4. gdq
5. dgq

However, none of these options make for a valid English word. Hence, let's proceed to treat the ciphertext as a Caesar cipher now and try to decrypt it using at least 5 different shifts.

A Caesar cipher works by shifting the letters in the alphabet by a certain number of places. For example, a shift of one would change 'a' to 'b', 'b' to 'c', and so on. In this case, we'll try shifts of 1, 2, 3, 4, and 5: 

Shift of 1: 
cifh

Shift of 2: 
bhge

Shift of 3: 
afd

Shift of 4: 
zec

Shift of 5:
ydb

After trying these shifts, 'afd' looks like a possible English word, if we consider it as an abbreviation. 'afd.' is often used to represent the Latin phrase 'anno domini,' which means 'in the year of our lord.' But it is more of a convention in historical and religious texts.

If we consider the letters to be in lowercase, none of the produced strings form an English word.

So, we need additional information or context to figure out the correct decryption.",1,12,"Here are some anagram solutions:

1. gdq
2. qgd
3. qdg
4. gdq
5. dgq

However, none of these options make for a valid English word. Hence, let's proceed to treat the ciphertext as a Caesar cipher now and try to decrypt it using at least 5 different shifts.

A Caesar cipher works by shifting the letters in the alphabet by a certain number of places. For example, a shift of one would change 'a' to 'b', 'b' to 'c', and so on. In this case, we'll try shifts of 1, 2, 3, 4, and 5: 

Shift of 1: 
cifh

Shift of 2: 
bhge

Shift of 3: 
afd

Shift of 4: 
zec

Shift of 5:
ydb

After trying these shifts, 'afd' looks like a possible English word, if we co",1,2
dqg,and,3,3,"Here are some anagram solutions:

1. gdq
2. qgd
3. qdg
4. gdq
5. dgq

However, none of these options make for a valid English word. Hence, let's proceed to treat the ciphertext as a Caesar cipher now and try to decrypt it using at least 5 different shifts.

A Caesar cipher works by shifting the letters in the alphabet by a certain number of places. For example, a shift of one would change 'a' to 'b', 'b' to 'c', and so on. In this case, we'll try shifts of 1, 2, 3, 4, and 5: 

Shift of 1: 
cifh

Shift of 2: 
bhge

Shift of 3: 
afd

Shift of 4: 
zec

Shift of 5:
ydb

After trying these shifts, 'afd' looks like a possible English word, if we consider it as an abbreviation. 'afd.' is often used to represent the Latin phrase 'anno domini,' which means 'in the year of our lord.' But it is more of a convention in historical and religious texts.

If we consider the letters to be in lowercase, none of the produced strings form an English word.

So, we need additional information or context to figure out the correct decryption.",1,13,"Here are some anagram solutions:

1. gdq
2. qgd
3. qdg
4. gdq
5. dgq

However, none of these options make for a valid English word. Hence, let's proceed to treat the ciphertext as a Caesar cipher now and try to decrypt it using at least 5 different shifts.

A Caesar cipher works by shifting the letters in the alphabet by a certain number of places. For example, a shift of one would change 'a' to 'b', 'b' to 'c', and so on. In this case, we'll try shifts of 1, 2, 3, 4, and 5: 

Shift of 1: 
cifh

Shift of 2: 
bhge

Shift of 3: 
afd

Shift of 4: 
zec

Shift of 5:
ydb

After trying these shifts, 'afd' looks like a possible English word, if we consider it as an abbreviation. 'afd.' is often used",1,2
dqg,and,3,3,"Here are some anagram solutions:

1. gdq
2. qgd
3. qdg
4. gdq
5. dgq

However, none of these options make for a valid English word. Hence, let's proceed to treat the ciphertext as a Caesar cipher now and try to decrypt it using at least 5 different shifts.

A Caesar cipher works by shifting the letters in the alphabet by a certain number of places. For example, a shift of one would change 'a' to 'b', 'b' to 'c', and so on. In this case, we'll try shifts of 1, 2, 3, 4, and 5: 

Shift of 1: 
cifh

Shift of 2: 
bhge

Shift of 3: 
afd

Shift of 4: 
zec

Shift of 5:
ydb

After trying these shifts, 'afd' looks like a possible English word, if we consider it as an abbreviation. 'afd.' is often used to represent the Latin phrase 'anno domini,' which means 'in the year of our lord.' But it is more of a convention in historical and religious texts.

If we consider the letters to be in lowercase, none of the produced strings form an English word.

So, we need additional information or context to figure out the correct decryption.",1,14,"Here are some anagram solutions:

1. gdq
2. qgd
3. qdg
4. gdq
5. dgq

However, none of these options make for a valid English word. Hence, let's proceed to treat the ciphertext as a Caesar cipher now and try to decrypt it using at least 5 different shifts.

A Caesar cipher works by shifting the letters in the alphabet by a certain number of places. For example, a shift of one would change 'a' to 'b', 'b' to 'c', and so on. In this case, we'll try shifts of 1, 2, 3, 4, and 5: 

Shift of 1: 
cifh

Shift of 2: 
bhge

Shift of 3: 
afd

Shift of 4: 
zec

Shift of 5:
ydb

After trying these shifts, 'afd' looks like a possible English word, if we consider it as an abbreviation. 'afd.' is often used to represent the Latin phrase 'anno domini,' whic",1,2
dqg,and,3,3,"Here are some anagram solutions:

1. gdq
2. qgd
3. qdg
4. gdq
5. dgq

However, none of these options make for a valid English word. Hence, let's proceed to treat the ciphertext as a Caesar cipher now and try to decrypt it using at least 5 different shifts.

A Caesar cipher works by shifting the letters in the alphabet by a certain number of places. For example, a shift of one would change 'a' to 'b', 'b' to 'c', and so on. In this case, we'll try shifts of 1, 2, 3, 4, and 5: 

Shift of 1: 
cifh

Shift of 2: 
bhge

Shift of 3: 
afd

Shift of 4: 
zec

Shift of 5:
ydb

After trying these shifts, 'afd' looks like a possible English word, if we consider it as an abbreviation. 'afd.' is often used to represent the Latin phrase 'anno domini,' which means 'in the year of our lord.' But it is more of a convention in historical and religious texts.

If we consider the letters to be in lowercase, none of the produced strings form an English word.

So, we need additional information or context to figure out the correct decryption.",1,15,"Here are some anagram solutions:

1. gdq
2. qgd
3. qdg
4. gdq
5. dgq

However, none of these options make for a valid English word. Hence, let's proceed to treat the ciphertext as a Caesar cipher now and try to decrypt it using at least 5 different shifts.

A Caesar cipher works by shifting the letters in the alphabet by a certain number of places. For example, a shift of one would change 'a' to 'b', 'b' to 'c', and so on. In this case, we'll try shifts of 1, 2, 3, 4, and 5: 

Shift of 1: 
cifh

Shift of 2: 
bhge

Shift of 3: 
afd

Shift of 4: 
zec

Shift of 5:
ydb

After trying these shifts, 'afd' looks like a possible English word, if we consider it as an abbreviation. 'afd.' is often used to represent the Latin phrase 'anno domini,' which means 'in the year of our lord.' But it is more ",1,2
dqg,and,3,3,"Here are some anagram solutions:

1. gdq
2. qgd
3. qdg
4. gdq
5. dgq

However, none of these options make for a valid English word. Hence, let's proceed to treat the ciphertext as a Caesar cipher now and try to decrypt it using at least 5 different shifts.

A Caesar cipher works by shifting the letters in the alphabet by a certain number of places. For example, a shift of one would change 'a' to 'b', 'b' to 'c', and so on. In this case, we'll try shifts of 1, 2, 3, 4, and 5: 

Shift of 1: 
cifh

Shift of 2: 
bhge

Shift of 3: 
afd

Shift of 4: 
zec

Shift of 5:
ydb

After trying these shifts, 'afd' looks like a possible English word, if we consider it as an abbreviation. 'afd.' is often used to represent the Latin phrase 'anno domini,' which means 'in the year of our lord.' But it is more of a convention in historical and religious texts.

If we consider the letters to be in lowercase, none of the produced strings form an English word.

So, we need additional information or context to figure out the correct decryption.",1,16,"Here are some anagram solutions:

1. gdq
2. qgd
3. qdg
4. gdq
5. dgq

However, none of these options make for a valid English word. Hence, let's proceed to treat the ciphertext as a Caesar cipher now and try to decrypt it using at least 5 different shifts.

A Caesar cipher works by shifting the letters in the alphabet by a certain number of places. For example, a shift of one would change 'a' to 'b', 'b' to 'c', and so on. In this case, we'll try shifts of 1, 2, 3, 4, and 5: 

Shift of 1: 
cifh

Shift of 2: 
bhge

Shift of 3: 
afd

Shift of 4: 
zec

Shift of 5:
ydb

After trying these shifts, 'afd' looks like a possible English word, if we consider it as an abbreviation. 'afd.' is often used to represent the Latin phrase 'anno domini,' which means 'in the year of our lord.' But it is more of a convention in historical and religious texts.",1,2
dqg,and,3,3,"Here are some anagram solutions:

1. gdq
2. qgd
3. qdg
4. gdq
5. dgq

However, none of these options make for a valid English word. Hence, let's proceed to treat the ciphertext as a Caesar cipher now and try to decrypt it using at least 5 different shifts.

A Caesar cipher works by shifting the letters in the alphabet by a certain number of places. For example, a shift of one would change 'a' to 'b', 'b' to 'c', and so on. In this case, we'll try shifts of 1, 2, 3, 4, and 5: 

Shift of 1: 
cifh

Shift of 2: 
bhge

Shift of 3: 
afd

Shift of 4: 
zec

Shift of 5:
ydb

After trying these shifts, 'afd' looks like a possible English word, if we consider it as an abbreviation. 'afd.' is often used to represent the Latin phrase 'anno domini,' which means 'in the year of our lord.' But it is more of a convention in historical and religious texts.

If we consider the letters to be in lowercase, none of the produced strings form an English word.

So, we need additional information or context to figure out the correct decryption.",1,17,"Here are some anagram solutions:

1. gdq
2. qgd
3. qdg
4. gdq
5. dgq

However, none of these options make for a valid English word. Hence, let's proceed to treat the ciphertext as a Caesar cipher now and try to decrypt it using at least 5 different shifts.

A Caesar cipher works by shifting the letters in the alphabet by a certain number of places. For example, a shift of one would change 'a' to 'b', 'b' to 'c', and so on. In this case, we'll try shifts of 1, 2, 3, 4, and 5: 

Shift of 1: 
cifh

Shift of 2: 
bhge

Shift of 3: 
afd

Shift of 4: 
zec

Shift of 5:
ydb

After trying these shifts, 'afd' looks like a possible English word, if we consider it as an abbreviation. 'afd.' is often used to represent the Latin phrase 'anno domini,' which means 'in the year of our lord.' But it is more of a convention in historical and religious texts.

If we consider the letters to be in lowercase, n",1,2
dqg,and,3,3,"Here are some anagram solutions:

1. gdq
2. qgd
3. qdg
4. gdq
5. dgq

However, none of these options make for a valid English word. Hence, let's proceed to treat the ciphertext as a Caesar cipher now and try to decrypt it using at least 5 different shifts.

A Caesar cipher works by shifting the letters in the alphabet by a certain number of places. For example, a shift of one would change 'a' to 'b', 'b' to 'c', and so on. In this case, we'll try shifts of 1, 2, 3, 4, and 5: 

Shift of 1: 
cifh

Shift of 2: 
bhge

Shift of 3: 
afd

Shift of 4: 
zec

Shift of 5:
ydb

After trying these shifts, 'afd' looks like a possible English word, if we consider it as an abbreviation. 'afd.' is often used to represent the Latin phrase 'anno domini,' which means 'in the year of our lord.' But it is more of a convention in historical and religious texts.

If we consider the letters to be in lowercase, none of the produced strings form an English word.

So, we need additional information or context to figure out the correct decryption.",1,18,"Here are some anagram solutions:

1. gdq
2. qgd
3. qdg
4. gdq
5. dgq

However, none of these options make for a valid English word. Hence, let's proceed to treat the ciphertext as a Caesar cipher now and try to decrypt it using at least 5 different shifts.

A Caesar cipher works by shifting the letters in the alphabet by a certain number of places. For example, a shift of one would change 'a' to 'b', 'b' to 'c', and so on. In this case, we'll try shifts of 1, 2, 3, 4, and 5: 

Shift of 1: 
cifh

Shift of 2: 
bhge

Shift of 3: 
afd

Shift of 4: 
zec

Shift of 5:
ydb

After trying these shifts, 'afd' looks like a possible English word, if we consider it as an abbreviation. 'afd.' is often used to represent the Latin phrase 'anno domini,' which means 'in the year of our lord.' But it is more of a convention in historical and religious texts.

If we consider the letters to be in lowercase, none of the produced strings form an English word.
",1,2
dqg,and,3,3,"Here are some anagram solutions:

1. gdq
2. qgd
3. qdg
4. gdq
5. dgq

However, none of these options make for a valid English word. Hence, let's proceed to treat the ciphertext as a Caesar cipher now and try to decrypt it using at least 5 different shifts.

A Caesar cipher works by shifting the letters in the alphabet by a certain number of places. For example, a shift of one would change 'a' to 'b', 'b' to 'c', and so on. In this case, we'll try shifts of 1, 2, 3, 4, and 5: 

Shift of 1: 
cifh

Shift of 2: 
bhge

Shift of 3: 
afd

Shift of 4: 
zec

Shift of 5:
ydb

After trying these shifts, 'afd' looks like a possible English word, if we consider it as an abbreviation. 'afd.' is often used to represent the Latin phrase 'anno domini,' which means 'in the year of our lord.' But it is more of a convention in historical and religious texts.

If we consider the letters to be in lowercase, none of the produced strings form an English word.

So, we need additional information or context to figure out the correct decryption.",1,19,"Here are some anagram solutions:

1. gdq
2. qgd
3. qdg
4. gdq
5. dgq

However, none of these options make for a valid English word. Hence, let's proceed to treat the ciphertext as a Caesar cipher now and try to decrypt it using at least 5 different shifts.

A Caesar cipher works by shifting the letters in the alphabet by a certain number of places. For example, a shift of one would change 'a' to 'b', 'b' to 'c', and so on. In this case, we'll try shifts of 1, 2, 3, 4, and 5: 

Shift of 1: 
cifh

Shift of 2: 
bhge

Shift of 3: 
afd

Shift of 4: 
zec

Shift of 5:
ydb

After trying these shifts, 'afd' looks like a possible English word, if we consider it as an abbreviation. 'afd.' is often used to represent the Latin phrase 'anno domini,' which means 'in the year of our lord.' But it is more of a convention in historical and religious texts.

If we consider the letters to be in lowercase, none of the produced strings form an English word.

So, we need additional information or context to ",1,2
dqg,and,3,3,"Here are some anagram solutions:

1. gdq
2. qgd
3. qdg
4. gdq
5. dgq

However, none of these options make for a valid English word. Hence, let's proceed to treat the ciphertext as a Caesar cipher now and try to decrypt it using at least 5 different shifts.

A Caesar cipher works by shifting the letters in the alphabet by a certain number of places. For example, a shift of one would change 'a' to 'b', 'b' to 'c', and so on. In this case, we'll try shifts of 1, 2, 3, 4, and 5: 

Shift of 1: 
cifh

Shift of 2: 
bhge

Shift of 3: 
afd

Shift of 4: 
zec

Shift of 5:
ydb

After trying these shifts, 'afd' looks like a possible English word, if we consider it as an abbreviation. 'afd.' is often used to represent the Latin phrase 'anno domini,' which means 'in the year of our lord.' But it is more of a convention in historical and religious texts.

If we consider the letters to be in lowercase, none of the produced strings form an English word.

So, we need additional information or context to figure out the correct decryption.",1,20,"Here are some anagram solutions:

1. gdq
2. qgd
3. qdg
4. gdq
5. dgq

However, none of these options make for a valid English word. Hence, let's proceed to treat the ciphertext as a Caesar cipher now and try to decrypt it using at least 5 different shifts.

A Caesar cipher works by shifting the letters in the alphabet by a certain number of places. For example, a shift of one would change 'a' to 'b', 'b' to 'c', and so on. In this case, we'll try shifts of 1, 2, 3, 4, and 5: 

Shift of 1: 
cifh

Shift of 2: 
bhge

Shift of 3: 
afd

Shift of 4: 
zec

Shift of 5:
ydb

After trying these shifts, 'afd' looks like a possible English word, if we consider it as an abbreviation. 'afd.' is often used to represent the Latin phrase 'anno domini,' which means 'in the year of our lord.' But it is more of a convention in historical and religious texts.

If we consider the letters to be in lowercase, none of the produced strings form an English word.

So, we need additional information or context to figure out the correct decryption.",1,2
xli,the,3,4,"Anagram:

1) ilx 
2) lix 
3) ixl 
4) lx 
5) xli 

Sadly, none of these are recognizable English words. Assuming it's a regular English word, then it seems our anagram assumption was incorrect. 

So now we try the next option, the Caesar cipher. I'll use 5 different shifts, namely 1, 2, 3, 4, and 5:

1) Shift 1: wkh 
2) Shift 2: vjg 
3) Shift 3: uif 
4) Shift 4: the
5) Shift 5: sgd 

As we can see, ""the"" (shift 4) is an English word, so we found a valid decoding under the assumption that the original text was encrypted using a Caesar cipher.",1,0,"Anagram:

1) ilx 
2) lix 
3) ixl 
4) lx 
5) xli 

",0,1
xli,the,3,4,"Anagram:

1) ilx 
2) lix 
3) ixl 
4) lx 
5) xli 

Sadly, none of these are recognizable English words. Assuming it's a regular English word, then it seems our anagram assumption was incorrect. 

So now we try the next option, the Caesar cipher. I'll use 5 different shifts, namely 1, 2, 3, 4, and 5:

1) Shift 1: wkh 
2) Shift 2: vjg 
3) Shift 3: uif 
4) Shift 4: the
5) Shift 5: sgd 

As we can see, ""the"" (shift 4) is an English word, so we found a valid decoding under the assumption that the original text was encrypted using a Caesar cipher.",1,1,"Anagram:

1) ilx 
2) lix 
3) ixl 
4) lx 
5) xli 

Sadly, none of these are recognizable English word",1,1
xli,the,3,4,"Anagram:

1) ilx 
2) lix 
3) ixl 
4) lx 
5) xli 

Sadly, none of these are recognizable English words. Assuming it's a regular English word, then it seems our anagram assumption was incorrect. 

So now we try the next option, the Caesar cipher. I'll use 5 different shifts, namely 1, 2, 3, 4, and 5:

1) Shift 1: wkh 
2) Shift 2: vjg 
3) Shift 3: uif 
4) Shift 4: the
5) Shift 5: sgd 

As we can see, ""the"" (shift 4) is an English word, so we found a valid decoding under the assumption that the original text was encrypted using a Caesar cipher.",1,2,"Anagram:

1) ilx 
2) lix 
3) ixl 
4) lx 
5) xli 

Sadly, none of these are recognizable English words. Assuming it's a regular English word, then it s",1,1
xli,the,3,4,"Anagram:

1) ilx 
2) lix 
3) ixl 
4) lx 
5) xli 

Sadly, none of these are recognizable English words. Assuming it's a regular English word, then it seems our anagram assumption was incorrect. 

So now we try the next option, the Caesar cipher. I'll use 5 different shifts, namely 1, 2, 3, 4, and 5:

1) Shift 1: wkh 
2) Shift 2: vjg 
3) Shift 3: uif 
4) Shift 4: the
5) Shift 5: sgd 

As we can see, ""the"" (shift 4) is an English word, so we found a valid decoding under the assumption that the original text was encrypted using a Caesar cipher.",1,3,"Anagram:

1) ilx 
2) lix 
3) ixl 
4) lx 
5) xli 

Sadly, none of these are recognizable English words. Assuming it's a regular English word, then it seems our anagram assumption was incorrect. 

So no",1,1
xli,the,3,4,"Anagram:

1) ilx 
2) lix 
3) ixl 
4) lx 
5) xli 

Sadly, none of these are recognizable English words. Assuming it's a regular English word, then it seems our anagram assumption was incorrect. 

So now we try the next option, the Caesar cipher. I'll use 5 different shifts, namely 1, 2, 3, 4, and 5:

1) Shift 1: wkh 
2) Shift 2: vjg 
3) Shift 3: uif 
4) Shift 4: the
5) Shift 5: sgd 

As we can see, ""the"" (shift 4) is an English word, so we found a valid decoding under the assumption that the original text was encrypted using a Caesar cipher.",1,4,"Anagram:

1) ilx 
2) lix 
3) ixl 
4) lx 
5) xli 

Sadly, none of these are recognizable English words. Assuming it's a regular English word, then it seems our anagram assumption was incorrect. 

So now we try the next option, the Caesar cipher. I'll ",1,1
xli,the,3,4,"Anagram:

1) ilx 
2) lix 
3) ixl 
4) lx 
5) xli 

Sadly, none of these are recognizable English words. Assuming it's a regular English word, then it seems our anagram assumption was incorrect. 

So now we try the next option, the Caesar cipher. I'll use 5 different shifts, namely 1, 2, 3, 4, and 5:

1) Shift 1: wkh 
2) Shift 2: vjg 
3) Shift 3: uif 
4) Shift 4: the
5) Shift 5: sgd 

As we can see, ""the"" (shift 4) is an English word, so we found a valid decoding under the assumption that the original text was encrypted using a Caesar cipher.",1,5,"Anagram:

1) ilx 
2) lix 
3) ixl 
4) lx 
5) xli 

Sadly, none of these are recognizable English words. Assuming it's a regular English word, then it seems our anagram assumption was incorrect. 

So now we try the next option, the Caesar cipher. I'll use 5 different shifts, namely 1, 2, 3, 4, and 5:
",1,1
xli,the,3,4,"Anagram:

1) ilx 
2) lix 
3) ixl 
4) lx 
5) xli 

Sadly, none of these are recognizable English words. Assuming it's a regular English word, then it seems our anagram assumption was incorrect. 

So now we try the next option, the Caesar cipher. I'll use 5 different shifts, namely 1, 2, 3, 4, and 5:

1) Shift 1: wkh 
2) Shift 2: vjg 
3) Shift 3: uif 
4) Shift 4: the
5) Shift 5: sgd 

As we can see, ""the"" (shift 4) is an English word, so we found a valid decoding under the assumption that the original text was encrypted using a Caesar cipher.",1,6,"Anagram:

1) ilx 
2) lix 
3) ixl 
4) lx 
5) xli 

Sadly, none of these are recognizable English words. Assuming it's a regular English word, then it seems our anagram assumption was incorrect. 

So now we try the next option, the Caesar cipher. I'll use 5 different shifts, namely 1, 2, 3, 4, and 5:

1) Shift 1: wkh 
2) Shift 2: vjg 
3) Shift 3: uif",1,1
xli,the,3,4,"Anagram:

1) ilx 
2) lix 
3) ixl 
4) lx 
5) xli 

Sadly, none of these are recognizable English words. Assuming it's a regular English word, then it seems our anagram assumption was incorrect. 

So now we try the next option, the Caesar cipher. I'll use 5 different shifts, namely 1, 2, 3, 4, and 5:

1) Shift 1: wkh 
2) Shift 2: vjg 
3) Shift 3: uif 
4) Shift 4: the
5) Shift 5: sgd 

As we can see, ""the"" (shift 4) is an English word, so we found a valid decoding under the assumption that the original text was encrypted using a Caesar cipher.",1,7,"Anagram:

1) ilx 
2) lix 
3) ixl 
4) lx 
5) xli 

Sadly, none of these are recognizable English words. Assuming it's a regular English word, then it seems our anagram assumption was incorrect. 

So now we try the next option, the Caesar cipher. I'll use 5 different shifts, namely 1, 2, 3, 4, and 5:

1) Shift 1: wkh 
2) Shift 2: vjg 
3) Shift 3: uif 
4) Shift 4: the
5) Shift 5: sgd 

As we can see,",1,1
xli,the,3,4,"Anagram:

1) ilx 
2) lix 
3) ixl 
4) lx 
5) xli 

Sadly, none of these are recognizable English words. Assuming it's a regular English word, then it seems our anagram assumption was incorrect. 

So now we try the next option, the Caesar cipher. I'll use 5 different shifts, namely 1, 2, 3, 4, and 5:

1) Shift 1: wkh 
2) Shift 2: vjg 
3) Shift 3: uif 
4) Shift 4: the
5) Shift 5: sgd 

As we can see, ""the"" (shift 4) is an English word, so we found a valid decoding under the assumption that the original text was encrypted using a Caesar cipher.",1,8,"Anagram:

1) ilx 
2) lix 
3) ixl 
4) lx 
5) xli 

Sadly, none of these are recognizable English words. Assuming it's a regular English word, then it seems our anagram assumption was incorrect. 

So now we try the next option, the Caesar cipher. I'll use 5 different shifts, namely 1, 2, 3, 4, and 5:

1) Shift 1: wkh 
2) Shift 2: vjg 
3) Shift 3: uif 
4) Shift 4: the
5) Shift 5: sgd 

As we can see, ""the"" (shift 4) is an English word, so we found a",1,1
xli,the,3,4,"Anagram:

1) ilx 
2) lix 
3) ixl 
4) lx 
5) xli 

Sadly, none of these are recognizable English words. Assuming it's a regular English word, then it seems our anagram assumption was incorrect. 

So now we try the next option, the Caesar cipher. I'll use 5 different shifts, namely 1, 2, 3, 4, and 5:

1) Shift 1: wkh 
2) Shift 2: vjg 
3) Shift 3: uif 
4) Shift 4: the
5) Shift 5: sgd 

As we can see, ""the"" (shift 4) is an English word, so we found a valid decoding under the assumption that the original text was encrypted using a Caesar cipher.",1,9,"Anagram:

1) ilx 
2) lix 
3) ixl 
4) lx 
5) xli 

Sadly, none of these are recognizable English words. Assuming it's a regular English word, then it seems our anagram assumption was incorrect. 

So now we try the next option, the Caesar cipher. I'll use 5 different shifts, namely 1, 2, 3, 4, and 5:

1) Shift 1: wkh 
2) Shift 2: vjg 
3) Shift 3: uif 
4) Shift 4: the
5) Shift 5: sgd 

As we can see, ""the"" (shift 4) is an English word, so we found a valid decoding under the assumption that the orig",1,1
xli,the,3,4,"Anagram:

1) ilx 
2) lix 
3) ixl 
4) lx 
5) xli 

Sadly, none of these are recognizable English words. Assuming it's a regular English word, then it seems our anagram assumption was incorrect. 

So now we try the next option, the Caesar cipher. I'll use 5 different shifts, namely 1, 2, 3, 4, and 5:

1) Shift 1: wkh 
2) Shift 2: vjg 
3) Shift 3: uif 
4) Shift 4: the
5) Shift 5: sgd 

As we can see, ""the"" (shift 4) is an English word, so we found a valid decoding under the assumption that the original text was encrypted using a Caesar cipher.",1,10,"Anagram:

1) ilx 
2) lix 
3) ixl 
4) lx 
5) xli 

Sadly, none of these are recognizable English words. Assuming it's a regular English word, then it seems our anagram assumption was incorrect. 

So now we try the next option, the Caesar cipher. I'll use 5 different shifts, namely 1, 2, 3, 4, and 5:

1) Shift 1: wkh 
2) Shift 2: vjg 
3) Shift 3: uif 
4) Shift 4: the
5) Shift 5: sgd 

As we can see, ""the"" (shift 4) is an English word, so we found a valid decoding under the assumption that the original text was encrypted using a Caesar cipher.",1,1
tsj,one,3,5,"1) jst
2) stj
3) jts
4) tst
5) sjt

None of these seem to form a valid English word, so we'll move on to treating it as a Caesar cipher and trying to decrypt it with at least 5 different shifts.",1,0,"1) jst
2) stj
3) jts
4) tst
5) sjt

None of these ",0,1
tsj,one,3,5,"1) jst
2) stj
3) jts
4) tst
5) sjt

None of these seem to form a valid English word, so we'll move on to treating it as a Caesar cipher and trying to decrypt it with at least 5 different shifts.",1,1,"1) jst
2) stj
3) jts
4) tst
5) sjt

None of these seem to form a valid English word, so we'll move o",1,1
tsj,one,3,5,"1) jst
2) stj
3) jts
4) tst
5) sjt

None of these seem to form a valid English word, so we'll move on to treating it as a Caesar cipher and trying to decrypt it with at least 5 different shifts.",1,2,"1) jst
2) stj
3) jts
4) tst
5) sjt

None of these seem to form a valid English word, so we'll move on to treating it as a Caesar cipher and trying to ",1,1
tsj,one,3,5,"1) jst
2) stj
3) jts
4) tst
5) sjt

None of these seem to form a valid English word, so we'll move on to treating it as a Caesar cipher and trying to decrypt it with at least 5 different shifts.",1,3,"1) jst
2) stj
3) jts
4) tst
5) sjt

None of these seem to form a valid English word, so we'll move on to treating it as a Caesar cipher and trying to decrypt it with at least 5 different shifts.",1,1
tbje,said,4,1,"Possible anagrams:
1. bjet
2. jebt
3. etbj
4. betj
5. jetb

None of these seem to form a valid English word. Let's try decrypting it now under the assumption that it's a Caesar cipher. We can try using at least 5 different shifts.

For this, let's use the following shifts:
- 1 shift to the left (a -> z, b -> a, c -> b, etc.)
- 1 shift to the right (a -> b, b -> c, c -> d, etc.)
- 13 shifts to the left (a -> n, b -> o, c -> p, etc.)
- 13 shifts to the right (a -> m, b -> l, c -> k, etc.)
- 25 shifts to the left (a -> b, b -> c, c -> d, etc.)

When we apply these shifts to the ciphertext, we obtain the following possible plaintexts:

- 1 shift to the left: sakd
- 1 shift to the right: ucif
- 13 shifts to the left: gowr
- 13 shifts to the right: gowr
- 25 shifts to the left: ucif 

None of these are valid English words either. Therefore, it seems that the ciphertext is neither an anagram nor a Caesar cipher of a single English word, according to the methods used in this process. However, there may be another cipher in play that we have not considered.",0,0,"Possible anagrams:
1. bjet
2. jebt
3. etbj
4. betj",0,2
tbje,said,4,1,"Possible anagrams:
1. bjet
2. jebt
3. etbj
4. betj
5. jetb

None of these seem to form a valid English word. Let's try decrypting it now under the assumption that it's a Caesar cipher. We can try using at least 5 different shifts.

For this, let's use the following shifts:
- 1 shift to the left (a -> z, b -> a, c -> b, etc.)
- 1 shift to the right (a -> b, b -> c, c -> d, etc.)
- 13 shifts to the left (a -> n, b -> o, c -> p, etc.)
- 13 shifts to the right (a -> m, b -> l, c -> k, etc.)
- 25 shifts to the left (a -> b, b -> c, c -> d, etc.)

When we apply these shifts to the ciphertext, we obtain the following possible plaintexts:

- 1 shift to the left: sakd
- 1 shift to the right: ucif
- 13 shifts to the left: gowr
- 13 shifts to the right: gowr
- 25 shifts to the left: ucif 

None of these are valid English words either. Therefore, it seems that the ciphertext is neither an anagram nor a Caesar cipher of a single English word, according to the methods used in this process. However, there may be another cipher in play that we have not considered.",0,1,"Possible anagrams:
1. bjet
2. jebt
3. etbj
4. betj
5. jetb

None of these seem to form a valid Engli",0,2
tbje,said,4,1,"Possible anagrams:
1. bjet
2. jebt
3. etbj
4. betj
5. jetb

None of these seem to form a valid English word. Let's try decrypting it now under the assumption that it's a Caesar cipher. We can try using at least 5 different shifts.

For this, let's use the following shifts:
- 1 shift to the left (a -> z, b -> a, c -> b, etc.)
- 1 shift to the right (a -> b, b -> c, c -> d, etc.)
- 13 shifts to the left (a -> n, b -> o, c -> p, etc.)
- 13 shifts to the right (a -> m, b -> l, c -> k, etc.)
- 25 shifts to the left (a -> b, b -> c, c -> d, etc.)

When we apply these shifts to the ciphertext, we obtain the following possible plaintexts:

- 1 shift to the left: sakd
- 1 shift to the right: ucif
- 13 shifts to the left: gowr
- 13 shifts to the right: gowr
- 25 shifts to the left: ucif 

None of these are valid English words either. Therefore, it seems that the ciphertext is neither an anagram nor a Caesar cipher of a single English word, according to the methods used in this process. However, there may be another cipher in play that we have not considered.",0,2,"Possible anagrams:
1. bjet
2. jebt
3. etbj
4. betj
5. jetb

None of these seem to form a valid English word. Let's try decrypting it now under the ass",1,2
tbje,said,4,1,"Possible anagrams:
1. bjet
2. jebt
3. etbj
4. betj
5. jetb

None of these seem to form a valid English word. Let's try decrypting it now under the assumption that it's a Caesar cipher. We can try using at least 5 different shifts.

For this, let's use the following shifts:
- 1 shift to the left (a -> z, b -> a, c -> b, etc.)
- 1 shift to the right (a -> b, b -> c, c -> d, etc.)
- 13 shifts to the left (a -> n, b -> o, c -> p, etc.)
- 13 shifts to the right (a -> m, b -> l, c -> k, etc.)
- 25 shifts to the left (a -> b, b -> c, c -> d, etc.)

When we apply these shifts to the ciphertext, we obtain the following possible plaintexts:

- 1 shift to the left: sakd
- 1 shift to the right: ucif
- 13 shifts to the left: gowr
- 13 shifts to the right: gowr
- 25 shifts to the left: ucif 

None of these are valid English words either. Therefore, it seems that the ciphertext is neither an anagram nor a Caesar cipher of a single English word, according to the methods used in this process. However, there may be another cipher in play that we have not considered.",0,3,"Possible anagrams:
1. bjet
2. jebt
3. etbj
4. betj
5. jetb

None of these seem to form a valid English word. Let's try decrypting it now under the assumption that it's a Caesar cipher. We can try usin",1,2
tbje,said,4,1,"Possible anagrams:
1. bjet
2. jebt
3. etbj
4. betj
5. jetb

None of these seem to form a valid English word. Let's try decrypting it now under the assumption that it's a Caesar cipher. We can try using at least 5 different shifts.

For this, let's use the following shifts:
- 1 shift to the left (a -> z, b -> a, c -> b, etc.)
- 1 shift to the right (a -> b, b -> c, c -> d, etc.)
- 13 shifts to the left (a -> n, b -> o, c -> p, etc.)
- 13 shifts to the right (a -> m, b -> l, c -> k, etc.)
- 25 shifts to the left (a -> b, b -> c, c -> d, etc.)

When we apply these shifts to the ciphertext, we obtain the following possible plaintexts:

- 1 shift to the left: sakd
- 1 shift to the right: ucif
- 13 shifts to the left: gowr
- 13 shifts to the right: gowr
- 25 shifts to the left: ucif 

None of these are valid English words either. Therefore, it seems that the ciphertext is neither an anagram nor a Caesar cipher of a single English word, according to the methods used in this process. However, there may be another cipher in play that we have not considered.",0,4,"Possible anagrams:
1. bjet
2. jebt
3. etbj
4. betj
5. jetb

None of these seem to form a valid English word. Let's try decrypting it now under the assumption that it's a Caesar cipher. We can try using at least 5 different shifts.

For this, let's us",1,2
tbje,said,4,1,"Possible anagrams:
1. bjet
2. jebt
3. etbj
4. betj
5. jetb

None of these seem to form a valid English word. Let's try decrypting it now under the assumption that it's a Caesar cipher. We can try using at least 5 different shifts.

For this, let's use the following shifts:
- 1 shift to the left (a -> z, b -> a, c -> b, etc.)
- 1 shift to the right (a -> b, b -> c, c -> d, etc.)
- 13 shifts to the left (a -> n, b -> o, c -> p, etc.)
- 13 shifts to the right (a -> m, b -> l, c -> k, etc.)
- 25 shifts to the left (a -> b, b -> c, c -> d, etc.)

When we apply these shifts to the ciphertext, we obtain the following possible plaintexts:

- 1 shift to the left: sakd
- 1 shift to the right: ucif
- 13 shifts to the left: gowr
- 13 shifts to the right: gowr
- 25 shifts to the left: ucif 

None of these are valid English words either. Therefore, it seems that the ciphertext is neither an anagram nor a Caesar cipher of a single English word, according to the methods used in this process. However, there may be another cipher in play that we have not considered.",0,5,"Possible anagrams:
1. bjet
2. jebt
3. etbj
4. betj
5. jetb

None of these seem to form a valid English word. Let's try decrypting it now under the assumption that it's a Caesar cipher. We can try using at least 5 different shifts.

For this, let's use the following shifts:
- 1 shift to the left (a -",1,2
tbje,said,4,1,"Possible anagrams:
1. bjet
2. jebt
3. etbj
4. betj
5. jetb

None of these seem to form a valid English word. Let's try decrypting it now under the assumption that it's a Caesar cipher. We can try using at least 5 different shifts.

For this, let's use the following shifts:
- 1 shift to the left (a -> z, b -> a, c -> b, etc.)
- 1 shift to the right (a -> b, b -> c, c -> d, etc.)
- 13 shifts to the left (a -> n, b -> o, c -> p, etc.)
- 13 shifts to the right (a -> m, b -> l, c -> k, etc.)
- 25 shifts to the left (a -> b, b -> c, c -> d, etc.)

When we apply these shifts to the ciphertext, we obtain the following possible plaintexts:

- 1 shift to the left: sakd
- 1 shift to the right: ucif
- 13 shifts to the left: gowr
- 13 shifts to the right: gowr
- 25 shifts to the left: ucif 

None of these are valid English words either. Therefore, it seems that the ciphertext is neither an anagram nor a Caesar cipher of a single English word, according to the methods used in this process. However, there may be another cipher in play that we have not considered.",0,6,"Possible anagrams:
1. bjet
2. jebt
3. etbj
4. betj
5. jetb

None of these seem to form a valid English word. Let's try decrypting it now under the assumption that it's a Caesar cipher. We can try using at least 5 different shifts.

For this, let's use the following shifts:
- 1 shift to the left (a -> z, b -> a, c -> b, etc.)
- 1 shift to the right ",1,2
tbje,said,4,1,"Possible anagrams:
1. bjet
2. jebt
3. etbj
4. betj
5. jetb

None of these seem to form a valid English word. Let's try decrypting it now under the assumption that it's a Caesar cipher. We can try using at least 5 different shifts.

For this, let's use the following shifts:
- 1 shift to the left (a -> z, b -> a, c -> b, etc.)
- 1 shift to the right (a -> b, b -> c, c -> d, etc.)
- 13 shifts to the left (a -> n, b -> o, c -> p, etc.)
- 13 shifts to the right (a -> m, b -> l, c -> k, etc.)
- 25 shifts to the left (a -> b, b -> c, c -> d, etc.)

When we apply these shifts to the ciphertext, we obtain the following possible plaintexts:

- 1 shift to the left: sakd
- 1 shift to the right: ucif
- 13 shifts to the left: gowr
- 13 shifts to the right: gowr
- 25 shifts to the left: ucif 

None of these are valid English words either. Therefore, it seems that the ciphertext is neither an anagram nor a Caesar cipher of a single English word, according to the methods used in this process. However, there may be another cipher in play that we have not considered.",0,7,"Possible anagrams:
1. bjet
2. jebt
3. etbj
4. betj
5. jetb

None of these seem to form a valid English word. Let's try decrypting it now under the assumption that it's a Caesar cipher. We can try using at least 5 different shifts.

For this, let's use the following shifts:
- 1 shift to the left (a -> z, b -> a, c -> b, etc.)
- 1 shift to the right (a -> b, b -> c, c -> d, etc.)
- 13 shifts to the ",1,2
tbje,said,4,1,"Possible anagrams:
1. bjet
2. jebt
3. etbj
4. betj
5. jetb

None of these seem to form a valid English word. Let's try decrypting it now under the assumption that it's a Caesar cipher. We can try using at least 5 different shifts.

For this, let's use the following shifts:
- 1 shift to the left (a -> z, b -> a, c -> b, etc.)
- 1 shift to the right (a -> b, b -> c, c -> d, etc.)
- 13 shifts to the left (a -> n, b -> o, c -> p, etc.)
- 13 shifts to the right (a -> m, b -> l, c -> k, etc.)
- 25 shifts to the left (a -> b, b -> c, c -> d, etc.)

When we apply these shifts to the ciphertext, we obtain the following possible plaintexts:

- 1 shift to the left: sakd
- 1 shift to the right: ucif
- 13 shifts to the left: gowr
- 13 shifts to the right: gowr
- 25 shifts to the left: ucif 

None of these are valid English words either. Therefore, it seems that the ciphertext is neither an anagram nor a Caesar cipher of a single English word, according to the methods used in this process. However, there may be another cipher in play that we have not considered.",0,8,"Possible anagrams:
1. bjet
2. jebt
3. etbj
4. betj
5. jetb

None of these seem to form a valid English word. Let's try decrypting it now under the assumption that it's a Caesar cipher. We can try using at least 5 different shifts.

For this, let's use the following shifts:
- 1 shift to the left (a -> z, b -> a, c -> b, etc.)
- 1 shift to the right (a -> b, b -> c, c -> d, etc.)
- 13 shifts to the left (a -> n, b -> o, c -> p, etc.)
- 13 shifts to",1,2
tbje,said,4,1,"Possible anagrams:
1. bjet
2. jebt
3. etbj
4. betj
5. jetb

None of these seem to form a valid English word. Let's try decrypting it now under the assumption that it's a Caesar cipher. We can try using at least 5 different shifts.

For this, let's use the following shifts:
- 1 shift to the left (a -> z, b -> a, c -> b, etc.)
- 1 shift to the right (a -> b, b -> c, c -> d, etc.)
- 13 shifts to the left (a -> n, b -> o, c -> p, etc.)
- 13 shifts to the right (a -> m, b -> l, c -> k, etc.)
- 25 shifts to the left (a -> b, b -> c, c -> d, etc.)

When we apply these shifts to the ciphertext, we obtain the following possible plaintexts:

- 1 shift to the left: sakd
- 1 shift to the right: ucif
- 13 shifts to the left: gowr
- 13 shifts to the right: gowr
- 25 shifts to the left: ucif 

None of these are valid English words either. Therefore, it seems that the ciphertext is neither an anagram nor a Caesar cipher of a single English word, according to the methods used in this process. However, there may be another cipher in play that we have not considered.",0,9,"Possible anagrams:
1. bjet
2. jebt
3. etbj
4. betj
5. jetb

None of these seem to form a valid English word. Let's try decrypting it now under the assumption that it's a Caesar cipher. We can try using at least 5 different shifts.

For this, let's use the following shifts:
- 1 shift to the left (a -> z, b -> a, c -> b, etc.)
- 1 shift to the right (a -> b, b -> c, c -> d, etc.)
- 13 shifts to the left (a -> n, b -> o, c -> p, etc.)
- 13 shifts to the right (a -> m, b -> l, c -> k, etc.)
- 25 shi",1,2
tbje,said,4,1,"Possible anagrams:
1. bjet
2. jebt
3. etbj
4. betj
5. jetb

None of these seem to form a valid English word. Let's try decrypting it now under the assumption that it's a Caesar cipher. We can try using at least 5 different shifts.

For this, let's use the following shifts:
- 1 shift to the left (a -> z, b -> a, c -> b, etc.)
- 1 shift to the right (a -> b, b -> c, c -> d, etc.)
- 13 shifts to the left (a -> n, b -> o, c -> p, etc.)
- 13 shifts to the right (a -> m, b -> l, c -> k, etc.)
- 25 shifts to the left (a -> b, b -> c, c -> d, etc.)

When we apply these shifts to the ciphertext, we obtain the following possible plaintexts:

- 1 shift to the left: sakd
- 1 shift to the right: ucif
- 13 shifts to the left: gowr
- 13 shifts to the right: gowr
- 25 shifts to the left: ucif 

None of these are valid English words either. Therefore, it seems that the ciphertext is neither an anagram nor a Caesar cipher of a single English word, according to the methods used in this process. However, there may be another cipher in play that we have not considered.",0,10,"Possible anagrams:
1. bjet
2. jebt
3. etbj
4. betj
5. jetb

None of these seem to form a valid English word. Let's try decrypting it now under the assumption that it's a Caesar cipher. We can try using at least 5 different shifts.

For this, let's use the following shifts:
- 1 shift to the left (a -> z, b -> a, c -> b, etc.)
- 1 shift to the right (a -> b, b -> c, c -> d, etc.)
- 13 shifts to the left (a -> n, b -> o, c -> p, etc.)
- 13 shifts to the right (a -> m, b -> l, c -> k, etc.)
- 25 shifts to the left (a -> b, b -> c, c -> d, etc.)

Wh",1,2
tbje,said,4,1,"Possible anagrams:
1. bjet
2. jebt
3. etbj
4. betj
5. jetb

None of these seem to form a valid English word. Let's try decrypting it now under the assumption that it's a Caesar cipher. We can try using at least 5 different shifts.

For this, let's use the following shifts:
- 1 shift to the left (a -> z, b -> a, c -> b, etc.)
- 1 shift to the right (a -> b, b -> c, c -> d, etc.)
- 13 shifts to the left (a -> n, b -> o, c -> p, etc.)
- 13 shifts to the right (a -> m, b -> l, c -> k, etc.)
- 25 shifts to the left (a -> b, b -> c, c -> d, etc.)

When we apply these shifts to the ciphertext, we obtain the following possible plaintexts:

- 1 shift to the left: sakd
- 1 shift to the right: ucif
- 13 shifts to the left: gowr
- 13 shifts to the right: gowr
- 25 shifts to the left: ucif 

None of these are valid English words either. Therefore, it seems that the ciphertext is neither an anagram nor a Caesar cipher of a single English word, according to the methods used in this process. However, there may be another cipher in play that we have not considered.",0,11,"Possible anagrams:
1. bjet
2. jebt
3. etbj
4. betj
5. jetb

None of these seem to form a valid English word. Let's try decrypting it now under the assumption that it's a Caesar cipher. We can try using at least 5 different shifts.

For this, let's use the following shifts:
- 1 shift to the left (a -> z, b -> a, c -> b, etc.)
- 1 shift to the right (a -> b, b -> c, c -> d, etc.)
- 13 shifts to the left (a -> n, b -> o, c -> p, etc.)
- 13 shifts to the right (a -> m, b -> l, c -> k, etc.)
- 25 shifts to the left (a -> b, b -> c, c -> d, etc.)

When we apply these shifts to the ciphertext, we obt",1,2
tbje,said,4,1,"Possible anagrams:
1. bjet
2. jebt
3. etbj
4. betj
5. jetb

None of these seem to form a valid English word. Let's try decrypting it now under the assumption that it's a Caesar cipher. We can try using at least 5 different shifts.

For this, let's use the following shifts:
- 1 shift to the left (a -> z, b -> a, c -> b, etc.)
- 1 shift to the right (a -> b, b -> c, c -> d, etc.)
- 13 shifts to the left (a -> n, b -> o, c -> p, etc.)
- 13 shifts to the right (a -> m, b -> l, c -> k, etc.)
- 25 shifts to the left (a -> b, b -> c, c -> d, etc.)

When we apply these shifts to the ciphertext, we obtain the following possible plaintexts:

- 1 shift to the left: sakd
- 1 shift to the right: ucif
- 13 shifts to the left: gowr
- 13 shifts to the right: gowr
- 25 shifts to the left: ucif 

None of these are valid English words either. Therefore, it seems that the ciphertext is neither an anagram nor a Caesar cipher of a single English word, according to the methods used in this process. However, there may be another cipher in play that we have not considered.",0,12,"Possible anagrams:
1. bjet
2. jebt
3. etbj
4. betj
5. jetb

None of these seem to form a valid English word. Let's try decrypting it now under the assumption that it's a Caesar cipher. We can try using at least 5 different shifts.

For this, let's use the following shifts:
- 1 shift to the left (a -> z, b -> a, c -> b, etc.)
- 1 shift to the right (a -> b, b -> c, c -> d, etc.)
- 13 shifts to the left (a -> n, b -> o, c -> p, etc.)
- 13 shifts to the right (a -> m, b -> l, c -> k, etc.)
- 25 shifts to the left (a -> b, b -> c, c -> d, etc.)

When we apply these shifts to the ciphertext, we obtain the following possible plaintexts:

- 1 shift ",1,2
tbje,said,4,1,"Possible anagrams:
1. bjet
2. jebt
3. etbj
4. betj
5. jetb

None of these seem to form a valid English word. Let's try decrypting it now under the assumption that it's a Caesar cipher. We can try using at least 5 different shifts.

For this, let's use the following shifts:
- 1 shift to the left (a -> z, b -> a, c -> b, etc.)
- 1 shift to the right (a -> b, b -> c, c -> d, etc.)
- 13 shifts to the left (a -> n, b -> o, c -> p, etc.)
- 13 shifts to the right (a -> m, b -> l, c -> k, etc.)
- 25 shifts to the left (a -> b, b -> c, c -> d, etc.)

When we apply these shifts to the ciphertext, we obtain the following possible plaintexts:

- 1 shift to the left: sakd
- 1 shift to the right: ucif
- 13 shifts to the left: gowr
- 13 shifts to the right: gowr
- 25 shifts to the left: ucif 

None of these are valid English words either. Therefore, it seems that the ciphertext is neither an anagram nor a Caesar cipher of a single English word, according to the methods used in this process. However, there may be another cipher in play that we have not considered.",0,13,"Possible anagrams:
1. bjet
2. jebt
3. etbj
4. betj
5. jetb

None of these seem to form a valid English word. Let's try decrypting it now under the assumption that it's a Caesar cipher. We can try using at least 5 different shifts.

For this, let's use the following shifts:
- 1 shift to the left (a -> z, b -> a, c -> b, etc.)
- 1 shift to the right (a -> b, b -> c, c -> d, etc.)
- 13 shifts to the left (a -> n, b -> o, c -> p, etc.)
- 13 shifts to the right (a -> m, b -> l, c -> k, etc.)
- 25 shifts to the left (a -> b, b -> c, c -> d, etc.)

When we apply these shifts to the ciphertext, we obtain the following possible plaintexts:

- 1 shift to the left: sakd
- 1 shift to the right: ucif
- 1",1,2
tbje,said,4,1,"Possible anagrams:
1. bjet
2. jebt
3. etbj
4. betj
5. jetb

None of these seem to form a valid English word. Let's try decrypting it now under the assumption that it's a Caesar cipher. We can try using at least 5 different shifts.

For this, let's use the following shifts:
- 1 shift to the left (a -> z, b -> a, c -> b, etc.)
- 1 shift to the right (a -> b, b -> c, c -> d, etc.)
- 13 shifts to the left (a -> n, b -> o, c -> p, etc.)
- 13 shifts to the right (a -> m, b -> l, c -> k, etc.)
- 25 shifts to the left (a -> b, b -> c, c -> d, etc.)

When we apply these shifts to the ciphertext, we obtain the following possible plaintexts:

- 1 shift to the left: sakd
- 1 shift to the right: ucif
- 13 shifts to the left: gowr
- 13 shifts to the right: gowr
- 25 shifts to the left: ucif 

None of these are valid English words either. Therefore, it seems that the ciphertext is neither an anagram nor a Caesar cipher of a single English word, according to the methods used in this process. However, there may be another cipher in play that we have not considered.",0,14,"Possible anagrams:
1. bjet
2. jebt
3. etbj
4. betj
5. jetb

None of these seem to form a valid English word. Let's try decrypting it now under the assumption that it's a Caesar cipher. We can try using at least 5 different shifts.

For this, let's use the following shifts:
- 1 shift to the left (a -> z, b -> a, c -> b, etc.)
- 1 shift to the right (a -> b, b -> c, c -> d, etc.)
- 13 shifts to the left (a -> n, b -> o, c -> p, etc.)
- 13 shifts to the right (a -> m, b -> l, c -> k, etc.)
- 25 shifts to the left (a -> b, b -> c, c -> d, etc.)

When we apply these shifts to the ciphertext, we obtain the following possible plaintexts:

- 1 shift to the left: sakd
- 1 shift to the right: ucif
- 13 shifts to the left: gowr
- 13 shifts to the righ",1,2
tbje,said,4,1,"Possible anagrams:
1. bjet
2. jebt
3. etbj
4. betj
5. jetb

None of these seem to form a valid English word. Let's try decrypting it now under the assumption that it's a Caesar cipher. We can try using at least 5 different shifts.

For this, let's use the following shifts:
- 1 shift to the left (a -> z, b -> a, c -> b, etc.)
- 1 shift to the right (a -> b, b -> c, c -> d, etc.)
- 13 shifts to the left (a -> n, b -> o, c -> p, etc.)
- 13 shifts to the right (a -> m, b -> l, c -> k, etc.)
- 25 shifts to the left (a -> b, b -> c, c -> d, etc.)

When we apply these shifts to the ciphertext, we obtain the following possible plaintexts:

- 1 shift to the left: sakd
- 1 shift to the right: ucif
- 13 shifts to the left: gowr
- 13 shifts to the right: gowr
- 25 shifts to the left: ucif 

None of these are valid English words either. Therefore, it seems that the ciphertext is neither an anagram nor a Caesar cipher of a single English word, according to the methods used in this process. However, there may be another cipher in play that we have not considered.",0,15,"Possible anagrams:
1. bjet
2. jebt
3. etbj
4. betj
5. jetb

None of these seem to form a valid English word. Let's try decrypting it now under the assumption that it's a Caesar cipher. We can try using at least 5 different shifts.

For this, let's use the following shifts:
- 1 shift to the left (a -> z, b -> a, c -> b, etc.)
- 1 shift to the right (a -> b, b -> c, c -> d, etc.)
- 13 shifts to the left (a -> n, b -> o, c -> p, etc.)
- 13 shifts to the right (a -> m, b -> l, c -> k, etc.)
- 25 shifts to the left (a -> b, b -> c, c -> d, etc.)

When we apply these shifts to the ciphertext, we obtain the following possible plaintexts:

- 1 shift to the left: sakd
- 1 shift to the right: ucif
- 13 shifts to the left: gowr
- 13 shifts to the right: gowr
- 25 shifts to the left: ucif 

None of th",1,2
tbje,said,4,1,"Possible anagrams:
1. bjet
2. jebt
3. etbj
4. betj
5. jetb

None of these seem to form a valid English word. Let's try decrypting it now under the assumption that it's a Caesar cipher. We can try using at least 5 different shifts.

For this, let's use the following shifts:
- 1 shift to the left (a -> z, b -> a, c -> b, etc.)
- 1 shift to the right (a -> b, b -> c, c -> d, etc.)
- 13 shifts to the left (a -> n, b -> o, c -> p, etc.)
- 13 shifts to the right (a -> m, b -> l, c -> k, etc.)
- 25 shifts to the left (a -> b, b -> c, c -> d, etc.)

When we apply these shifts to the ciphertext, we obtain the following possible plaintexts:

- 1 shift to the left: sakd
- 1 shift to the right: ucif
- 13 shifts to the left: gowr
- 13 shifts to the right: gowr
- 25 shifts to the left: ucif 

None of these are valid English words either. Therefore, it seems that the ciphertext is neither an anagram nor a Caesar cipher of a single English word, according to the methods used in this process. However, there may be another cipher in play that we have not considered.",0,16,"Possible anagrams:
1. bjet
2. jebt
3. etbj
4. betj
5. jetb

None of these seem to form a valid English word. Let's try decrypting it now under the assumption that it's a Caesar cipher. We can try using at least 5 different shifts.

For this, let's use the following shifts:
- 1 shift to the left (a -> z, b -> a, c -> b, etc.)
- 1 shift to the right (a -> b, b -> c, c -> d, etc.)
- 13 shifts to the left (a -> n, b -> o, c -> p, etc.)
- 13 shifts to the right (a -> m, b -> l, c -> k, etc.)
- 25 shifts to the left (a -> b, b -> c, c -> d, etc.)

When we apply these shifts to the ciphertext, we obtain the following possible plaintexts:

- 1 shift to the left: sakd
- 1 shift to the right: ucif
- 13 shifts to the left: gowr
- 13 shifts to the right: gowr
- 25 shifts to the left: ucif 

None of these are valid English words either. Therefore, it ",1,2
tbje,said,4,1,"Possible anagrams:
1. bjet
2. jebt
3. etbj
4. betj
5. jetb

None of these seem to form a valid English word. Let's try decrypting it now under the assumption that it's a Caesar cipher. We can try using at least 5 different shifts.

For this, let's use the following shifts:
- 1 shift to the left (a -> z, b -> a, c -> b, etc.)
- 1 shift to the right (a -> b, b -> c, c -> d, etc.)
- 13 shifts to the left (a -> n, b -> o, c -> p, etc.)
- 13 shifts to the right (a -> m, b -> l, c -> k, etc.)
- 25 shifts to the left (a -> b, b -> c, c -> d, etc.)

When we apply these shifts to the ciphertext, we obtain the following possible plaintexts:

- 1 shift to the left: sakd
- 1 shift to the right: ucif
- 13 shifts to the left: gowr
- 13 shifts to the right: gowr
- 25 shifts to the left: ucif 

None of these are valid English words either. Therefore, it seems that the ciphertext is neither an anagram nor a Caesar cipher of a single English word, according to the methods used in this process. However, there may be another cipher in play that we have not considered.",0,17,"Possible anagrams:
1. bjet
2. jebt
3. etbj
4. betj
5. jetb

None of these seem to form a valid English word. Let's try decrypting it now under the assumption that it's a Caesar cipher. We can try using at least 5 different shifts.

For this, let's use the following shifts:
- 1 shift to the left (a -> z, b -> a, c -> b, etc.)
- 1 shift to the right (a -> b, b -> c, c -> d, etc.)
- 13 shifts to the left (a -> n, b -> o, c -> p, etc.)
- 13 shifts to the right (a -> m, b -> l, c -> k, etc.)
- 25 shifts to the left (a -> b, b -> c, c -> d, etc.)

When we apply these shifts to the ciphertext, we obtain the following possible plaintexts:

- 1 shift to the left: sakd
- 1 shift to the right: ucif
- 13 shifts to the left: gowr
- 13 shifts to the right: gowr
- 25 shifts to the left: ucif 

None of these are valid English words either. Therefore, it seems that the ciphertext is neither an anagram no",1,2
tbje,said,4,1,"Possible anagrams:
1. bjet
2. jebt
3. etbj
4. betj
5. jetb

None of these seem to form a valid English word. Let's try decrypting it now under the assumption that it's a Caesar cipher. We can try using at least 5 different shifts.

For this, let's use the following shifts:
- 1 shift to the left (a -> z, b -> a, c -> b, etc.)
- 1 shift to the right (a -> b, b -> c, c -> d, etc.)
- 13 shifts to the left (a -> n, b -> o, c -> p, etc.)
- 13 shifts to the right (a -> m, b -> l, c -> k, etc.)
- 25 shifts to the left (a -> b, b -> c, c -> d, etc.)

When we apply these shifts to the ciphertext, we obtain the following possible plaintexts:

- 1 shift to the left: sakd
- 1 shift to the right: ucif
- 13 shifts to the left: gowr
- 13 shifts to the right: gowr
- 25 shifts to the left: ucif 

None of these are valid English words either. Therefore, it seems that the ciphertext is neither an anagram nor a Caesar cipher of a single English word, according to the methods used in this process. However, there may be another cipher in play that we have not considered.",0,18,"Possible anagrams:
1. bjet
2. jebt
3. etbj
4. betj
5. jetb

None of these seem to form a valid English word. Let's try decrypting it now under the assumption that it's a Caesar cipher. We can try using at least 5 different shifts.

For this, let's use the following shifts:
- 1 shift to the left (a -> z, b -> a, c -> b, etc.)
- 1 shift to the right (a -> b, b -> c, c -> d, etc.)
- 13 shifts to the left (a -> n, b -> o, c -> p, etc.)
- 13 shifts to the right (a -> m, b -> l, c -> k, etc.)
- 25 shifts to the left (a -> b, b -> c, c -> d, etc.)

When we apply these shifts to the ciphertext, we obtain the following possible plaintexts:

- 1 shift to the left: sakd
- 1 shift to the right: ucif
- 13 shifts to the left: gowr
- 13 shifts to the right: gowr
- 25 shifts to the left: ucif 

None of these are valid English words either. Therefore, it seems that the ciphertext is neither an anagram nor a Caesar cipher of a single English word, accord",1,2
tbje,said,4,1,"Possible anagrams:
1. bjet
2. jebt
3. etbj
4. betj
5. jetb

None of these seem to form a valid English word. Let's try decrypting it now under the assumption that it's a Caesar cipher. We can try using at least 5 different shifts.

For this, let's use the following shifts:
- 1 shift to the left (a -> z, b -> a, c -> b, etc.)
- 1 shift to the right (a -> b, b -> c, c -> d, etc.)
- 13 shifts to the left (a -> n, b -> o, c -> p, etc.)
- 13 shifts to the right (a -> m, b -> l, c -> k, etc.)
- 25 shifts to the left (a -> b, b -> c, c -> d, etc.)

When we apply these shifts to the ciphertext, we obtain the following possible plaintexts:

- 1 shift to the left: sakd
- 1 shift to the right: ucif
- 13 shifts to the left: gowr
- 13 shifts to the right: gowr
- 25 shifts to the left: ucif 

None of these are valid English words either. Therefore, it seems that the ciphertext is neither an anagram nor a Caesar cipher of a single English word, according to the methods used in this process. However, there may be another cipher in play that we have not considered.",0,19,"Possible anagrams:
1. bjet
2. jebt
3. etbj
4. betj
5. jetb

None of these seem to form a valid English word. Let's try decrypting it now under the assumption that it's a Caesar cipher. We can try using at least 5 different shifts.

For this, let's use the following shifts:
- 1 shift to the left (a -> z, b -> a, c -> b, etc.)
- 1 shift to the right (a -> b, b -> c, c -> d, etc.)
- 13 shifts to the left (a -> n, b -> o, c -> p, etc.)
- 13 shifts to the right (a -> m, b -> l, c -> k, etc.)
- 25 shifts to the left (a -> b, b -> c, c -> d, etc.)

When we apply these shifts to the ciphertext, we obtain the following possible plaintexts:

- 1 shift to the left: sakd
- 1 shift to the right: ucif
- 13 shifts to the left: gowr
- 13 shifts to the right: gowr
- 25 shifts to the left: ucif 

None of these are valid English words either. Therefore, it seems that the ciphertext is neither an anagram nor a Caesar cipher of a single English word, according to the methods used in this process. However, ",1,2
tbje,said,4,1,"Possible anagrams:
1. bjet
2. jebt
3. etbj
4. betj
5. jetb

None of these seem to form a valid English word. Let's try decrypting it now under the assumption that it's a Caesar cipher. We can try using at least 5 different shifts.

For this, let's use the following shifts:
- 1 shift to the left (a -> z, b -> a, c -> b, etc.)
- 1 shift to the right (a -> b, b -> c, c -> d, etc.)
- 13 shifts to the left (a -> n, b -> o, c -> p, etc.)
- 13 shifts to the right (a -> m, b -> l, c -> k, etc.)
- 25 shifts to the left (a -> b, b -> c, c -> d, etc.)

When we apply these shifts to the ciphertext, we obtain the following possible plaintexts:

- 1 shift to the left: sakd
- 1 shift to the right: ucif
- 13 shifts to the left: gowr
- 13 shifts to the right: gowr
- 25 shifts to the left: ucif 

None of these are valid English words either. Therefore, it seems that the ciphertext is neither an anagram nor a Caesar cipher of a single English word, according to the methods used in this process. However, there may be another cipher in play that we have not considered.",0,20,"Possible anagrams:
1. bjet
2. jebt
3. etbj
4. betj
5. jetb

None of these seem to form a valid English word. Let's try decrypting it now under the assumption that it's a Caesar cipher. We can try using at least 5 different shifts.

For this, let's use the following shifts:
- 1 shift to the left (a -> z, b -> a, c -> b, etc.)
- 1 shift to the right (a -> b, b -> c, c -> d, etc.)
- 13 shifts to the left (a -> n, b -> o, c -> p, etc.)
- 13 shifts to the right (a -> m, b -> l, c -> k, etc.)
- 25 shifts to the left (a -> b, b -> c, c -> d, etc.)

When we apply these shifts to the ciphertext, we obtain the following possible plaintexts:

- 1 shift to the left: sakd
- 1 shift to the right: ucif
- 13 shifts to the left: gowr
- 13 shifts to the right: gowr
- 25 shifts to the left: ucif 

None of these are valid English words either. Therefore, it seems that the ciphertext is neither an anagram nor a Caesar cipher of a single English word, according to the methods used in this process. However, there may be another cipher in play that we have n",1,2
tbje,said,4,1,"Possible anagrams:
1. bjet
2. jebt
3. etbj
4. betj
5. jetb

None of these seem to form a valid English word. Let's try decrypting it now under the assumption that it's a Caesar cipher. We can try using at least 5 different shifts.

For this, let's use the following shifts:
- 1 shift to the left (a -> z, b -> a, c -> b, etc.)
- 1 shift to the right (a -> b, b -> c, c -> d, etc.)
- 13 shifts to the left (a -> n, b -> o, c -> p, etc.)
- 13 shifts to the right (a -> m, b -> l, c -> k, etc.)
- 25 shifts to the left (a -> b, b -> c, c -> d, etc.)

When we apply these shifts to the ciphertext, we obtain the following possible plaintexts:

- 1 shift to the left: sakd
- 1 shift to the right: ucif
- 13 shifts to the left: gowr
- 13 shifts to the right: gowr
- 25 shifts to the left: ucif 

None of these are valid English words either. Therefore, it seems that the ciphertext is neither an anagram nor a Caesar cipher of a single English word, according to the methods used in this process. However, there may be another cipher in play that we have not considered.",0,21,"Possible anagrams:
1. bjet
2. jebt
3. etbj
4. betj
5. jetb

None of these seem to form a valid English word. Let's try decrypting it now under the assumption that it's a Caesar cipher. We can try using at least 5 different shifts.

For this, let's use the following shifts:
- 1 shift to the left (a -> z, b -> a, c -> b, etc.)
- 1 shift to the right (a -> b, b -> c, c -> d, etc.)
- 13 shifts to the left (a -> n, b -> o, c -> p, etc.)
- 13 shifts to the right (a -> m, b -> l, c -> k, etc.)
- 25 shifts to the left (a -> b, b -> c, c -> d, etc.)

When we apply these shifts to the ciphertext, we obtain the following possible plaintexts:

- 1 shift to the left: sakd
- 1 shift to the right: ucif
- 13 shifts to the left: gowr
- 13 shifts to the right: gowr
- 25 shifts to the left: ucif 

None of these are valid English words either. Therefore, it seems that the ciphertext is neither an anagram nor a Caesar cipher of a single English word, according to the methods used in this process. However, there may be another cipher in play that we have not considered.",1,2
hkxg,five,4,2,"1. ghkx
2. xhkg
3. kghx
4. xkgk
5. kxgh

None of these are valid English words.

Let's continue by assuming it's a Caesar cipher and trying to decrypt it. I will attempt decryption using at least 5 shifts. The Caesar cipher works by shifting the letters of the alphabet along by a certain number of places. 

1. Shift 1: gjwf
2. Shift 2: fivf
3. Shift 3: ehuu
4. Shift 4: dgth
5. Shift 5: cfsg

None of these attempts have resulted in a valid English word. Therefore, we need to try other shifts. Let's continue with shifts until we get a valid English word.

6. Shift 6: berf
7. Shift 7: adqe
8. Shift 8: zcpd
9. Shift 9: yboc
10. Shift 10: xanb
11. Shift 11: wzma
12. Shift 12: vylz
13. Shift 13: uxky 

We have found a valid English word ""uxky"". This word decrypted with a shift of 13 is ""hawk"", which is a valid English word. Therefore, the ciphertext 'hkxg' is a Caesar cipher of the English word ""hawk"" with a shift of 13.",0,0,"1. ghkx
2. xhkg
3. kghx
4. xkgk
5. kxgh

None of t",1,0
hkxg,five,4,2,"1. ghkx
2. xhkg
3. kghx
4. xkgk
5. kxgh

None of these are valid English words.

Let's continue by assuming it's a Caesar cipher and trying to decrypt it. I will attempt decryption using at least 5 shifts. The Caesar cipher works by shifting the letters of the alphabet along by a certain number of places. 

1. Shift 1: gjwf
2. Shift 2: fivf
3. Shift 3: ehuu
4. Shift 4: dgth
5. Shift 5: cfsg

None of these attempts have resulted in a valid English word. Therefore, we need to try other shifts. Let's continue with shifts until we get a valid English word.

6. Shift 6: berf
7. Shift 7: adqe
8. Shift 8: zcpd
9. Shift 9: yboc
10. Shift 10: xanb
11. Shift 11: wzma
12. Shift 12: vylz
13. Shift 13: uxky 

We have found a valid English word ""uxky"". This word decrypted with a shift of 13 is ""hawk"", which is a valid English word. Therefore, the ciphertext 'hkxg' is a Caesar cipher of the English word ""hawk"" with a shift of 13.",0,1,"1. ghkx
2. xhkg
3. kghx
4. xkgk
5. kxgh

None of these are valid English words.

Let's continue by a",1,0
hkxg,five,4,2,"1. ghkx
2. xhkg
3. kghx
4. xkgk
5. kxgh

None of these are valid English words.

Let's continue by assuming it's a Caesar cipher and trying to decrypt it. I will attempt decryption using at least 5 shifts. The Caesar cipher works by shifting the letters of the alphabet along by a certain number of places. 

1. Shift 1: gjwf
2. Shift 2: fivf
3. Shift 3: ehuu
4. Shift 4: dgth
5. Shift 5: cfsg

None of these attempts have resulted in a valid English word. Therefore, we need to try other shifts. Let's continue with shifts until we get a valid English word.

6. Shift 6: berf
7. Shift 7: adqe
8. Shift 8: zcpd
9. Shift 9: yboc
10. Shift 10: xanb
11. Shift 11: wzma
12. Shift 12: vylz
13. Shift 13: uxky 

We have found a valid English word ""uxky"". This word decrypted with a shift of 13 is ""hawk"", which is a valid English word. Therefore, the ciphertext 'hkxg' is a Caesar cipher of the English word ""hawk"" with a shift of 13.",0,2,"1. ghkx
2. xhkg
3. kghx
4. xkgk
5. kxgh

None of these are valid English words.

Let's continue by assuming it's a Caesar cipher and trying to decrypt",1,0
hkxg,five,4,2,"1. ghkx
2. xhkg
3. kghx
4. xkgk
5. kxgh

None of these are valid English words.

Let's continue by assuming it's a Caesar cipher and trying to decrypt it. I will attempt decryption using at least 5 shifts. The Caesar cipher works by shifting the letters of the alphabet along by a certain number of places. 

1. Shift 1: gjwf
2. Shift 2: fivf
3. Shift 3: ehuu
4. Shift 4: dgth
5. Shift 5: cfsg

None of these attempts have resulted in a valid English word. Therefore, we need to try other shifts. Let's continue with shifts until we get a valid English word.

6. Shift 6: berf
7. Shift 7: adqe
8. Shift 8: zcpd
9. Shift 9: yboc
10. Shift 10: xanb
11. Shift 11: wzma
12. Shift 12: vylz
13. Shift 13: uxky 

We have found a valid English word ""uxky"". This word decrypted with a shift of 13 is ""hawk"", which is a valid English word. Therefore, the ciphertext 'hkxg' is a Caesar cipher of the English word ""hawk"" with a shift of 13.",0,3,"1. ghkx
2. xhkg
3. kghx
4. xkgk
5. kxgh

None of these are valid English words.

Let's continue by assuming it's a Caesar cipher and trying to decrypt it. I will attempt decryption using at least 5 sh",1,0
hkxg,five,4,2,"1. ghkx
2. xhkg
3. kghx
4. xkgk
5. kxgh

None of these are valid English words.

Let's continue by assuming it's a Caesar cipher and trying to decrypt it. I will attempt decryption using at least 5 shifts. The Caesar cipher works by shifting the letters of the alphabet along by a certain number of places. 

1. Shift 1: gjwf
2. Shift 2: fivf
3. Shift 3: ehuu
4. Shift 4: dgth
5. Shift 5: cfsg

None of these attempts have resulted in a valid English word. Therefore, we need to try other shifts. Let's continue with shifts until we get a valid English word.

6. Shift 6: berf
7. Shift 7: adqe
8. Shift 8: zcpd
9. Shift 9: yboc
10. Shift 10: xanb
11. Shift 11: wzma
12. Shift 12: vylz
13. Shift 13: uxky 

We have found a valid English word ""uxky"". This word decrypted with a shift of 13 is ""hawk"", which is a valid English word. Therefore, the ciphertext 'hkxg' is a Caesar cipher of the English word ""hawk"" with a shift of 13.",0,4,"1. ghkx
2. xhkg
3. kghx
4. xkgk
5. kxgh

None of these are valid English words.

Let's continue by assuming it's a Caesar cipher and trying to decrypt it. I will attempt decryption using at least 5 shifts. The Caesar cipher works by shifting the lett",1,0
hkxg,five,4,2,"1. ghkx
2. xhkg
3. kghx
4. xkgk
5. kxgh

None of these are valid English words.

Let's continue by assuming it's a Caesar cipher and trying to decrypt it. I will attempt decryption using at least 5 shifts. The Caesar cipher works by shifting the letters of the alphabet along by a certain number of places. 

1. Shift 1: gjwf
2. Shift 2: fivf
3. Shift 3: ehuu
4. Shift 4: dgth
5. Shift 5: cfsg

None of these attempts have resulted in a valid English word. Therefore, we need to try other shifts. Let's continue with shifts until we get a valid English word.

6. Shift 6: berf
7. Shift 7: adqe
8. Shift 8: zcpd
9. Shift 9: yboc
10. Shift 10: xanb
11. Shift 11: wzma
12. Shift 12: vylz
13. Shift 13: uxky 

We have found a valid English word ""uxky"". This word decrypted with a shift of 13 is ""hawk"", which is a valid English word. Therefore, the ciphertext 'hkxg' is a Caesar cipher of the English word ""hawk"" with a shift of 13.",0,5,"1. ghkx
2. xhkg
3. kghx
4. xkgk
5. kxgh

None of these are valid English words.

Let's continue by assuming it's a Caesar cipher and trying to decrypt it. I will attempt decryption using at least 5 shifts. The Caesar cipher works by shifting the letters of the alphabet along by a certain number of p",1,0
hkxg,five,4,2,"1. ghkx
2. xhkg
3. kghx
4. xkgk
5. kxgh

None of these are valid English words.

Let's continue by assuming it's a Caesar cipher and trying to decrypt it. I will attempt decryption using at least 5 shifts. The Caesar cipher works by shifting the letters of the alphabet along by a certain number of places. 

1. Shift 1: gjwf
2. Shift 2: fivf
3. Shift 3: ehuu
4. Shift 4: dgth
5. Shift 5: cfsg

None of these attempts have resulted in a valid English word. Therefore, we need to try other shifts. Let's continue with shifts until we get a valid English word.

6. Shift 6: berf
7. Shift 7: adqe
8. Shift 8: zcpd
9. Shift 9: yboc
10. Shift 10: xanb
11. Shift 11: wzma
12. Shift 12: vylz
13. Shift 13: uxky 

We have found a valid English word ""uxky"". This word decrypted with a shift of 13 is ""hawk"", which is a valid English word. Therefore, the ciphertext 'hkxg' is a Caesar cipher of the English word ""hawk"" with a shift of 13.",0,6,"1. ghkx
2. xhkg
3. kghx
4. xkgk
5. kxgh

None of these are valid English words.

Let's continue by assuming it's a Caesar cipher and trying to decrypt it. I will attempt decryption using at least 5 shifts. The Caesar cipher works by shifting the letters of the alphabet along by a certain number of places. 

1. Shift 1: gjwf
2. Shift 2: fivf
3. Shif",1,0
hkxg,five,4,2,"1. ghkx
2. xhkg
3. kghx
4. xkgk
5. kxgh

None of these are valid English words.

Let's continue by assuming it's a Caesar cipher and trying to decrypt it. I will attempt decryption using at least 5 shifts. The Caesar cipher works by shifting the letters of the alphabet along by a certain number of places. 

1. Shift 1: gjwf
2. Shift 2: fivf
3. Shift 3: ehuu
4. Shift 4: dgth
5. Shift 5: cfsg

None of these attempts have resulted in a valid English word. Therefore, we need to try other shifts. Let's continue with shifts until we get a valid English word.

6. Shift 6: berf
7. Shift 7: adqe
8. Shift 8: zcpd
9. Shift 9: yboc
10. Shift 10: xanb
11. Shift 11: wzma
12. Shift 12: vylz
13. Shift 13: uxky 

We have found a valid English word ""uxky"". This word decrypted with a shift of 13 is ""hawk"", which is a valid English word. Therefore, the ciphertext 'hkxg' is a Caesar cipher of the English word ""hawk"" with a shift of 13.",0,7,"1. ghkx
2. xhkg
3. kghx
4. xkgk
5. kxgh

None of these are valid English words.

Let's continue by assuming it's a Caesar cipher and trying to decrypt it. I will attempt decryption using at least 5 shifts. The Caesar cipher works by shifting the letters of the alphabet along by a certain number of places. 

1. Shift 1: gjwf
2. Shift 2: fivf
3. Shift 3: ehuu
4. Shift 4: dgth
5. Shift 5: cfsg

None ",1,0
hkxg,five,4,2,"1. ghkx
2. xhkg
3. kghx
4. xkgk
5. kxgh

None of these are valid English words.

Let's continue by assuming it's a Caesar cipher and trying to decrypt it. I will attempt decryption using at least 5 shifts. The Caesar cipher works by shifting the letters of the alphabet along by a certain number of places. 

1. Shift 1: gjwf
2. Shift 2: fivf
3. Shift 3: ehuu
4. Shift 4: dgth
5. Shift 5: cfsg

None of these attempts have resulted in a valid English word. Therefore, we need to try other shifts. Let's continue with shifts until we get a valid English word.

6. Shift 6: berf
7. Shift 7: adqe
8. Shift 8: zcpd
9. Shift 9: yboc
10. Shift 10: xanb
11. Shift 11: wzma
12. Shift 12: vylz
13. Shift 13: uxky 

We have found a valid English word ""uxky"". This word decrypted with a shift of 13 is ""hawk"", which is a valid English word. Therefore, the ciphertext 'hkxg' is a Caesar cipher of the English word ""hawk"" with a shift of 13.",0,8,"1. ghkx
2. xhkg
3. kghx
4. xkgk
5. kxgh

None of these are valid English words.

Let's continue by assuming it's a Caesar cipher and trying to decrypt it. I will attempt decryption using at least 5 shifts. The Caesar cipher works by shifting the letters of the alphabet along by a certain number of places. 

1. Shift 1: gjwf
2. Shift 2: fivf
3. Shift 3: ehuu
4. Shift 4: dgth
5. Shift 5: cfsg

None of these attempts have resulted in a valid English",1,0
hkxg,five,4,2,"1. ghkx
2. xhkg
3. kghx
4. xkgk
5. kxgh

None of these are valid English words.

Let's continue by assuming it's a Caesar cipher and trying to decrypt it. I will attempt decryption using at least 5 shifts. The Caesar cipher works by shifting the letters of the alphabet along by a certain number of places. 

1. Shift 1: gjwf
2. Shift 2: fivf
3. Shift 3: ehuu
4. Shift 4: dgth
5. Shift 5: cfsg

None of these attempts have resulted in a valid English word. Therefore, we need to try other shifts. Let's continue with shifts until we get a valid English word.

6. Shift 6: berf
7. Shift 7: adqe
8. Shift 8: zcpd
9. Shift 9: yboc
10. Shift 10: xanb
11. Shift 11: wzma
12. Shift 12: vylz
13. Shift 13: uxky 

We have found a valid English word ""uxky"". This word decrypted with a shift of 13 is ""hawk"", which is a valid English word. Therefore, the ciphertext 'hkxg' is a Caesar cipher of the English word ""hawk"" with a shift of 13.",0,9,"1. ghkx
2. xhkg
3. kghx
4. xkgk
5. kxgh

None of these are valid English words.

Let's continue by assuming it's a Caesar cipher and trying to decrypt it. I will attempt decryption using at least 5 shifts. The Caesar cipher works by shifting the letters of the alphabet along by a certain number of places. 

1. Shift 1: gjwf
2. Shift 2: fivf
3. Shift 3: ehuu
4. Shift 4: dgth
5. Shift 5: cfsg

None of these attempts have resulted in a valid English word. Therefore, we need to try other shifts. Let",1,0
hkxg,five,4,2,"1. ghkx
2. xhkg
3. kghx
4. xkgk
5. kxgh

None of these are valid English words.

Let's continue by assuming it's a Caesar cipher and trying to decrypt it. I will attempt decryption using at least 5 shifts. The Caesar cipher works by shifting the letters of the alphabet along by a certain number of places. 

1. Shift 1: gjwf
2. Shift 2: fivf
3. Shift 3: ehuu
4. Shift 4: dgth
5. Shift 5: cfsg

None of these attempts have resulted in a valid English word. Therefore, we need to try other shifts. Let's continue with shifts until we get a valid English word.

6. Shift 6: berf
7. Shift 7: adqe
8. Shift 8: zcpd
9. Shift 9: yboc
10. Shift 10: xanb
11. Shift 11: wzma
12. Shift 12: vylz
13. Shift 13: uxky 

We have found a valid English word ""uxky"". This word decrypted with a shift of 13 is ""hawk"", which is a valid English word. Therefore, the ciphertext 'hkxg' is a Caesar cipher of the English word ""hawk"" with a shift of 13.",0,10,"1. ghkx
2. xhkg
3. kghx
4. xkgk
5. kxgh

None of these are valid English words.

Let's continue by assuming it's a Caesar cipher and trying to decrypt it. I will attempt decryption using at least 5 shifts. The Caesar cipher works by shifting the letters of the alphabet along by a certain number of places. 

1. Shift 1: gjwf
2. Shift 2: fivf
3. Shift 3: ehuu
4. Shift 4: dgth
5. Shift 5: cfsg

None of these attempts have resulted in a valid English word. Therefore, we need to try other shifts. Let's continue with shifts until we get a valid Engli",1,0
hkxg,five,4,2,"1. ghkx
2. xhkg
3. kghx
4. xkgk
5. kxgh

None of these are valid English words.

Let's continue by assuming it's a Caesar cipher and trying to decrypt it. I will attempt decryption using at least 5 shifts. The Caesar cipher works by shifting the letters of the alphabet along by a certain number of places. 

1. Shift 1: gjwf
2. Shift 2: fivf
3. Shift 3: ehuu
4. Shift 4: dgth
5. Shift 5: cfsg

None of these attempts have resulted in a valid English word. Therefore, we need to try other shifts. Let's continue with shifts until we get a valid English word.

6. Shift 6: berf
7. Shift 7: adqe
8. Shift 8: zcpd
9. Shift 9: yboc
10. Shift 10: xanb
11. Shift 11: wzma
12. Shift 12: vylz
13. Shift 13: uxky 

We have found a valid English word ""uxky"". This word decrypted with a shift of 13 is ""hawk"", which is a valid English word. Therefore, the ciphertext 'hkxg' is a Caesar cipher of the English word ""hawk"" with a shift of 13.",0,11,"1. ghkx
2. xhkg
3. kghx
4. xkgk
5. kxgh

None of these are valid English words.

Let's continue by assuming it's a Caesar cipher and trying to decrypt it. I will attempt decryption using at least 5 shifts. The Caesar cipher works by shifting the letters of the alphabet along by a certain number of places. 

1. Shift 1: gjwf
2. Shift 2: fivf
3. Shift 3: ehuu
4. Shift 4: dgth
5. Shift 5: cfsg

None of these attempts have resulted in a valid English word. Therefore, we need to try other shifts. Let's continue with shifts until we get a valid English word.

6. Shift 6: berf
7. Shift 7: adqe
8. Shi",1,0
hkxg,five,4,2,"1. ghkx
2. xhkg
3. kghx
4. xkgk
5. kxgh

None of these are valid English words.

Let's continue by assuming it's a Caesar cipher and trying to decrypt it. I will attempt decryption using at least 5 shifts. The Caesar cipher works by shifting the letters of the alphabet along by a certain number of places. 

1. Shift 1: gjwf
2. Shift 2: fivf
3. Shift 3: ehuu
4. Shift 4: dgth
5. Shift 5: cfsg

None of these attempts have resulted in a valid English word. Therefore, we need to try other shifts. Let's continue with shifts until we get a valid English word.

6. Shift 6: berf
7. Shift 7: adqe
8. Shift 8: zcpd
9. Shift 9: yboc
10. Shift 10: xanb
11. Shift 11: wzma
12. Shift 12: vylz
13. Shift 13: uxky 

We have found a valid English word ""uxky"". This word decrypted with a shift of 13 is ""hawk"", which is a valid English word. Therefore, the ciphertext 'hkxg' is a Caesar cipher of the English word ""hawk"" with a shift of 13.",0,12,"1. ghkx
2. xhkg
3. kghx
4. xkgk
5. kxgh

None of these are valid English words.

Let's continue by assuming it's a Caesar cipher and trying to decrypt it. I will attempt decryption using at least 5 shifts. The Caesar cipher works by shifting the letters of the alphabet along by a certain number of places. 

1. Shift 1: gjwf
2. Shift 2: fivf
3. Shift 3: ehuu
4. Shift 4: dgth
5. Shift 5: cfsg

None of these attempts have resulted in a valid English word. Therefore, we need to try other shifts. Let's continue with shifts until we get a valid English word.

6. Shift 6: berf
7. Shift 7: adqe
8. Shift 8: zcpd
9. Shift 9: yboc
10. Shift 10: xanb
11.",1,0
hkxg,five,4,2,"1. ghkx
2. xhkg
3. kghx
4. xkgk
5. kxgh

None of these are valid English words.

Let's continue by assuming it's a Caesar cipher and trying to decrypt it. I will attempt decryption using at least 5 shifts. The Caesar cipher works by shifting the letters of the alphabet along by a certain number of places. 

1. Shift 1: gjwf
2. Shift 2: fivf
3. Shift 3: ehuu
4. Shift 4: dgth
5. Shift 5: cfsg

None of these attempts have resulted in a valid English word. Therefore, we need to try other shifts. Let's continue with shifts until we get a valid English word.

6. Shift 6: berf
7. Shift 7: adqe
8. Shift 8: zcpd
9. Shift 9: yboc
10. Shift 10: xanb
11. Shift 11: wzma
12. Shift 12: vylz
13. Shift 13: uxky 

We have found a valid English word ""uxky"". This word decrypted with a shift of 13 is ""hawk"", which is a valid English word. Therefore, the ciphertext 'hkxg' is a Caesar cipher of the English word ""hawk"" with a shift of 13.",0,13,"1. ghkx
2. xhkg
3. kghx
4. xkgk
5. kxgh

None of these are valid English words.

Let's continue by assuming it's a Caesar cipher and trying to decrypt it. I will attempt decryption using at least 5 shifts. The Caesar cipher works by shifting the letters of the alphabet along by a certain number of places. 

1. Shift 1: gjwf
2. Shift 2: fivf
3. Shift 3: ehuu
4. Shift 4: dgth
5. Shift 5: cfsg

None of these attempts have resulted in a valid English word. Therefore, we need to try other shifts. Let's continue with shifts until we get a valid English word.

6. Shift 6: berf
7. Shift 7: adqe
8. Shift 8: zcpd
9. Shift 9: yboc
10. Shift 10: xanb
11. Shift 11: wzma
12. Shift 12: vylz
13. Shift 13: u",1,0
hkxg,five,4,2,"1. ghkx
2. xhkg
3. kghx
4. xkgk
5. kxgh

None of these are valid English words.

Let's continue by assuming it's a Caesar cipher and trying to decrypt it. I will attempt decryption using at least 5 shifts. The Caesar cipher works by shifting the letters of the alphabet along by a certain number of places. 

1. Shift 1: gjwf
2. Shift 2: fivf
3. Shift 3: ehuu
4. Shift 4: dgth
5. Shift 5: cfsg

None of these attempts have resulted in a valid English word. Therefore, we need to try other shifts. Let's continue with shifts until we get a valid English word.

6. Shift 6: berf
7. Shift 7: adqe
8. Shift 8: zcpd
9. Shift 9: yboc
10. Shift 10: xanb
11. Shift 11: wzma
12. Shift 12: vylz
13. Shift 13: uxky 

We have found a valid English word ""uxky"". This word decrypted with a shift of 13 is ""hawk"", which is a valid English word. Therefore, the ciphertext 'hkxg' is a Caesar cipher of the English word ""hawk"" with a shift of 13.",0,14,"1. ghkx
2. xhkg
3. kghx
4. xkgk
5. kxgh

None of these are valid English words.

Let's continue by assuming it's a Caesar cipher and trying to decrypt it. I will attempt decryption using at least 5 shifts. The Caesar cipher works by shifting the letters of the alphabet along by a certain number of places. 

1. Shift 1: gjwf
2. Shift 2: fivf
3. Shift 3: ehuu
4. Shift 4: dgth
5. Shift 5: cfsg

None of these attempts have resulted in a valid English word. Therefore, we need to try other shifts. Let's continue with shifts until we get a valid English word.

6. Shift 6: berf
7. Shift 7: adqe
8. Shift 8: zcpd
9. Shift 9: yboc
10. Shift 10: xanb
11. Shift 11: wzma
12. Shift 12: vylz
13. Shift 13: uxky 

We have found a valid English word ""uxky"". T",1,0
hkxg,five,4,2,"1. ghkx
2. xhkg
3. kghx
4. xkgk
5. kxgh

None of these are valid English words.

Let's continue by assuming it's a Caesar cipher and trying to decrypt it. I will attempt decryption using at least 5 shifts. The Caesar cipher works by shifting the letters of the alphabet along by a certain number of places. 

1. Shift 1: gjwf
2. Shift 2: fivf
3. Shift 3: ehuu
4. Shift 4: dgth
5. Shift 5: cfsg

None of these attempts have resulted in a valid English word. Therefore, we need to try other shifts. Let's continue with shifts until we get a valid English word.

6. Shift 6: berf
7. Shift 7: adqe
8. Shift 8: zcpd
9. Shift 9: yboc
10. Shift 10: xanb
11. Shift 11: wzma
12. Shift 12: vylz
13. Shift 13: uxky 

We have found a valid English word ""uxky"". This word decrypted with a shift of 13 is ""hawk"", which is a valid English word. Therefore, the ciphertext 'hkxg' is a Caesar cipher of the English word ""hawk"" with a shift of 13.",0,15,"1. ghkx
2. xhkg
3. kghx
4. xkgk
5. kxgh

None of these are valid English words.

Let's continue by assuming it's a Caesar cipher and trying to decrypt it. I will attempt decryption using at least 5 shifts. The Caesar cipher works by shifting the letters of the alphabet along by a certain number of places. 

1. Shift 1: gjwf
2. Shift 2: fivf
3. Shift 3: ehuu
4. Shift 4: dgth
5. Shift 5: cfsg

None of these attempts have resulted in a valid English word. Therefore, we need to try other shifts. Let's continue with shifts until we get a valid English word.

6. Shift 6: berf
7. Shift 7: adqe
8. Shift 8: zcpd
9. Shift 9: yboc
10. Shift 10: xanb
11. Shift 11: wzma
12. Shift 12: vylz
13. Shift 13: uxky 

We have found a valid English word ""uxky"". This word decrypted with a shift of 13 is ""hawk"", w",1,0
hkxg,five,4,2,"1. ghkx
2. xhkg
3. kghx
4. xkgk
5. kxgh

None of these are valid English words.

Let's continue by assuming it's a Caesar cipher and trying to decrypt it. I will attempt decryption using at least 5 shifts. The Caesar cipher works by shifting the letters of the alphabet along by a certain number of places. 

1. Shift 1: gjwf
2. Shift 2: fivf
3. Shift 3: ehuu
4. Shift 4: dgth
5. Shift 5: cfsg

None of these attempts have resulted in a valid English word. Therefore, we need to try other shifts. Let's continue with shifts until we get a valid English word.

6. Shift 6: berf
7. Shift 7: adqe
8. Shift 8: zcpd
9. Shift 9: yboc
10. Shift 10: xanb
11. Shift 11: wzma
12. Shift 12: vylz
13. Shift 13: uxky 

We have found a valid English word ""uxky"". This word decrypted with a shift of 13 is ""hawk"", which is a valid English word. Therefore, the ciphertext 'hkxg' is a Caesar cipher of the English word ""hawk"" with a shift of 13.",0,16,"1. ghkx
2. xhkg
3. kghx
4. xkgk
5. kxgh

None of these are valid English words.

Let's continue by assuming it's a Caesar cipher and trying to decrypt it. I will attempt decryption using at least 5 shifts. The Caesar cipher works by shifting the letters of the alphabet along by a certain number of places. 

1. Shift 1: gjwf
2. Shift 2: fivf
3. Shift 3: ehuu
4. Shift 4: dgth
5. Shift 5: cfsg

None of these attempts have resulted in a valid English word. Therefore, we need to try other shifts. Let's continue with shifts until we get a valid English word.

6. Shift 6: berf
7. Shift 7: adqe
8. Shift 8: zcpd
9. Shift 9: yboc
10. Shift 10: xanb
11. Shift 11: wzma
12. Shift 12: vylz
13. Shift 13: uxky 

We have found a valid English word ""uxky"". This word decrypted with a shift of 13 is ""hawk"", which is a valid English word. Therefore, the ciphe",1,0
hkxg,five,4,2,"1. ghkx
2. xhkg
3. kghx
4. xkgk
5. kxgh

None of these are valid English words.

Let's continue by assuming it's a Caesar cipher and trying to decrypt it. I will attempt decryption using at least 5 shifts. The Caesar cipher works by shifting the letters of the alphabet along by a certain number of places. 

1. Shift 1: gjwf
2. Shift 2: fivf
3. Shift 3: ehuu
4. Shift 4: dgth
5. Shift 5: cfsg

None of these attempts have resulted in a valid English word. Therefore, we need to try other shifts. Let's continue with shifts until we get a valid English word.

6. Shift 6: berf
7. Shift 7: adqe
8. Shift 8: zcpd
9. Shift 9: yboc
10. Shift 10: xanb
11. Shift 11: wzma
12. Shift 12: vylz
13. Shift 13: uxky 

We have found a valid English word ""uxky"". This word decrypted with a shift of 13 is ""hawk"", which is a valid English word. Therefore, the ciphertext 'hkxg' is a Caesar cipher of the English word ""hawk"" with a shift of 13.",0,17,"1. ghkx
2. xhkg
3. kghx
4. xkgk
5. kxgh

None of these are valid English words.

Let's continue by assuming it's a Caesar cipher and trying to decrypt it. I will attempt decryption using at least 5 shifts. The Caesar cipher works by shifting the letters of the alphabet along by a certain number of places. 

1. Shift 1: gjwf
2. Shift 2: fivf
3. Shift 3: ehuu
4. Shift 4: dgth
5. Shift 5: cfsg

None of these attempts have resulted in a valid English word. Therefore, we need to try other shifts. Let's continue with shifts until we get a valid English word.

6. Shift 6: berf
7. Shift 7: adqe
8. Shift 8: zcpd
9. Shift 9: yboc
10. Shift 10: xanb
11. Shift 11: wzma
12. Shift 12: vylz
13. Shift 13: uxky 

We have found a valid English word ""uxky"". This word decrypted with a shift of 13 is ""hawk"", which is a valid English word. Therefore, the ciphertext 'hkxg' is a Caesar cipher of the English wor",1,0
hkxg,five,4,2,"1. ghkx
2. xhkg
3. kghx
4. xkgk
5. kxgh

None of these are valid English words.

Let's continue by assuming it's a Caesar cipher and trying to decrypt it. I will attempt decryption using at least 5 shifts. The Caesar cipher works by shifting the letters of the alphabet along by a certain number of places. 

1. Shift 1: gjwf
2. Shift 2: fivf
3. Shift 3: ehuu
4. Shift 4: dgth
5. Shift 5: cfsg

None of these attempts have resulted in a valid English word. Therefore, we need to try other shifts. Let's continue with shifts until we get a valid English word.

6. Shift 6: berf
7. Shift 7: adqe
8. Shift 8: zcpd
9. Shift 9: yboc
10. Shift 10: xanb
11. Shift 11: wzma
12. Shift 12: vylz
13. Shift 13: uxky 

We have found a valid English word ""uxky"". This word decrypted with a shift of 13 is ""hawk"", which is a valid English word. Therefore, the ciphertext 'hkxg' is a Caesar cipher of the English word ""hawk"" with a shift of 13.",0,18,"1. ghkx
2. xhkg
3. kghx
4. xkgk
5. kxgh

None of these are valid English words.

Let's continue by assuming it's a Caesar cipher and trying to decrypt it. I will attempt decryption using at least 5 shifts. The Caesar cipher works by shifting the letters of the alphabet along by a certain number of places. 

1. Shift 1: gjwf
2. Shift 2: fivf
3. Shift 3: ehuu
4. Shift 4: dgth
5. Shift 5: cfsg

None of these attempts have resulted in a valid English word. Therefore, we need to try other shifts. Let's continue with shifts until we get a valid English word.

6. Shift 6: berf
7. Shift 7: adqe
8. Shift 8: zcpd
9. Shift 9: yboc
10. Shift 10: xanb
11. Shift 11: wzma
12. Shift 12: vylz
13. Shift 13: uxky 

We have found a valid English word ""uxky"". This word decrypted with a shift of 13 is ""hawk"", which is a valid English word. Therefore, the ciphertext 'hkxg' is a Caesar cipher of the English word ""hawk"" with a shift of 13.",1,0
zhuh,were,4,3,"1. Huzz
2. Huzh
3. Uzhz
4. Zhuh
5. Zzuh

None of these seem to be valid English words. So, let's move on and now assume the cipher text is a Caesar Cipher and attempt to decrypt it.

A Caesar Cipher involves shifting the letters in the alphabet by a certain number of places, so let's try a series of shifts:

1. Shift 1 (to the right): a night shift moves every character one position to the right, so 'z' becomes 'a', 'h' becomes 'i', 'u' becomes 'v', and 'h' again becomes 'i'. The resulting word is ""aivi"" - still not a valid English word.

2. Shift 2 (to the right): 'z' becomes 'b', 'h' becomes 'j', 'u' becomes 'w', and 'h' becomes 'j'. The resulting word is ""bjwj"" - not a valid English word.

3. Shift 3 (to the right): 'z' becomes 'c', 'h' becomes 'k', 'u' becomes 'x', and 'h' becomes 'k'. The resulting word is ""ckxk"" - not a valid English word.

4. Shift 4 (to the right): 'z' becomes 'd', 'h' becomes 'l', 'u' becomes 'y', and 'h' becomes 'l'. The resulting word is ""dlyl"" - not a valid English word.

5. Shift 5 (to the right): 'z' becomes 'e', 'h' becomes 'm', 'u' becomes 'z', and 'h' becomes 'm'. The resulting word is ""ezmz"" - not a valid English word.

Based on these attempts, the ciphertext does not appear to be an anagram or a simple Caesar cipher for a single English word. If it is a Caesar cipher, it may involve a shift greater than 5, or it may be a more complex cipher.",0,0,"1. Huzz
2. Huzh
3. Uzhz
4. Zhuh
5. Zzuh

None of t",0,1
zhuh,were,4,3,"1. Huzz
2. Huzh
3. Uzhz
4. Zhuh
5. Zzuh

None of these seem to be valid English words. So, let's move on and now assume the cipher text is a Caesar Cipher and attempt to decrypt it.

A Caesar Cipher involves shifting the letters in the alphabet by a certain number of places, so let's try a series of shifts:

1. Shift 1 (to the right): a night shift moves every character one position to the right, so 'z' becomes 'a', 'h' becomes 'i', 'u' becomes 'v', and 'h' again becomes 'i'. The resulting word is ""aivi"" - still not a valid English word.

2. Shift 2 (to the right): 'z' becomes 'b', 'h' becomes 'j', 'u' becomes 'w', and 'h' becomes 'j'. The resulting word is ""bjwj"" - not a valid English word.

3. Shift 3 (to the right): 'z' becomes 'c', 'h' becomes 'k', 'u' becomes 'x', and 'h' becomes 'k'. The resulting word is ""ckxk"" - not a valid English word.

4. Shift 4 (to the right): 'z' becomes 'd', 'h' becomes 'l', 'u' becomes 'y', and 'h' becomes 'l'. The resulting word is ""dlyl"" - not a valid English word.

5. Shift 5 (to the right): 'z' becomes 'e', 'h' becomes 'm', 'u' becomes 'z', and 'h' becomes 'm'. The resulting word is ""ezmz"" - not a valid English word.

Based on these attempts, the ciphertext does not appear to be an anagram or a simple Caesar cipher for a single English word. If it is a Caesar cipher, it may involve a shift greater than 5, or it may be a more complex cipher.",0,1,"1. Huzz
2. Huzh
3. Uzhz
4. Zhuh
5. Zzuh

None of these seem to be valid English words. So, let's mov",1,1
zhuh,were,4,3,"1. Huzz
2. Huzh
3. Uzhz
4. Zhuh
5. Zzuh

None of these seem to be valid English words. So, let's move on and now assume the cipher text is a Caesar Cipher and attempt to decrypt it.

A Caesar Cipher involves shifting the letters in the alphabet by a certain number of places, so let's try a series of shifts:

1. Shift 1 (to the right): a night shift moves every character one position to the right, so 'z' becomes 'a', 'h' becomes 'i', 'u' becomes 'v', and 'h' again becomes 'i'. The resulting word is ""aivi"" - still not a valid English word.

2. Shift 2 (to the right): 'z' becomes 'b', 'h' becomes 'j', 'u' becomes 'w', and 'h' becomes 'j'. The resulting word is ""bjwj"" - not a valid English word.

3. Shift 3 (to the right): 'z' becomes 'c', 'h' becomes 'k', 'u' becomes 'x', and 'h' becomes 'k'. The resulting word is ""ckxk"" - not a valid English word.

4. Shift 4 (to the right): 'z' becomes 'd', 'h' becomes 'l', 'u' becomes 'y', and 'h' becomes 'l'. The resulting word is ""dlyl"" - not a valid English word.

5. Shift 5 (to the right): 'z' becomes 'e', 'h' becomes 'm', 'u' becomes 'z', and 'h' becomes 'm'. The resulting word is ""ezmz"" - not a valid English word.

Based on these attempts, the ciphertext does not appear to be an anagram or a simple Caesar cipher for a single English word. If it is a Caesar cipher, it may involve a shift greater than 5, or it may be a more complex cipher.",0,2,"1. Huzz
2. Huzh
3. Uzhz
4. Zhuh
5. Zzuh

None of these seem to be valid English words. So, let's move on and now assume the cipher text is a Caesar Ci",1,1
zhuh,were,4,3,"1. Huzz
2. Huzh
3. Uzhz
4. Zhuh
5. Zzuh

None of these seem to be valid English words. So, let's move on and now assume the cipher text is a Caesar Cipher and attempt to decrypt it.

A Caesar Cipher involves shifting the letters in the alphabet by a certain number of places, so let's try a series of shifts:

1. Shift 1 (to the right): a night shift moves every character one position to the right, so 'z' becomes 'a', 'h' becomes 'i', 'u' becomes 'v', and 'h' again becomes 'i'. The resulting word is ""aivi"" - still not a valid English word.

2. Shift 2 (to the right): 'z' becomes 'b', 'h' becomes 'j', 'u' becomes 'w', and 'h' becomes 'j'. The resulting word is ""bjwj"" - not a valid English word.

3. Shift 3 (to the right): 'z' becomes 'c', 'h' becomes 'k', 'u' becomes 'x', and 'h' becomes 'k'. The resulting word is ""ckxk"" - not a valid English word.

4. Shift 4 (to the right): 'z' becomes 'd', 'h' becomes 'l', 'u' becomes 'y', and 'h' becomes 'l'. The resulting word is ""dlyl"" - not a valid English word.

5. Shift 5 (to the right): 'z' becomes 'e', 'h' becomes 'm', 'u' becomes 'z', and 'h' becomes 'm'. The resulting word is ""ezmz"" - not a valid English word.

Based on these attempts, the ciphertext does not appear to be an anagram or a simple Caesar cipher for a single English word. If it is a Caesar cipher, it may involve a shift greater than 5, or it may be a more complex cipher.",0,3,"1. Huzz
2. Huzh
3. Uzhz
4. Zhuh
5. Zzuh

None of these seem to be valid English words. So, let's move on and now assume the cipher text is a Caesar Cipher and attempt to decrypt it.

A Caesar Cipher i",1,1
zhuh,were,4,3,"1. Huzz
2. Huzh
3. Uzhz
4. Zhuh
5. Zzuh

None of these seem to be valid English words. So, let's move on and now assume the cipher text is a Caesar Cipher and attempt to decrypt it.

A Caesar Cipher involves shifting the letters in the alphabet by a certain number of places, so let's try a series of shifts:

1. Shift 1 (to the right): a night shift moves every character one position to the right, so 'z' becomes 'a', 'h' becomes 'i', 'u' becomes 'v', and 'h' again becomes 'i'. The resulting word is ""aivi"" - still not a valid English word.

2. Shift 2 (to the right): 'z' becomes 'b', 'h' becomes 'j', 'u' becomes 'w', and 'h' becomes 'j'. The resulting word is ""bjwj"" - not a valid English word.

3. Shift 3 (to the right): 'z' becomes 'c', 'h' becomes 'k', 'u' becomes 'x', and 'h' becomes 'k'. The resulting word is ""ckxk"" - not a valid English word.

4. Shift 4 (to the right): 'z' becomes 'd', 'h' becomes 'l', 'u' becomes 'y', and 'h' becomes 'l'. The resulting word is ""dlyl"" - not a valid English word.

5. Shift 5 (to the right): 'z' becomes 'e', 'h' becomes 'm', 'u' becomes 'z', and 'h' becomes 'm'. The resulting word is ""ezmz"" - not a valid English word.

Based on these attempts, the ciphertext does not appear to be an anagram or a simple Caesar cipher for a single English word. If it is a Caesar cipher, it may involve a shift greater than 5, or it may be a more complex cipher.",0,4,"1. Huzz
2. Huzh
3. Uzhz
4. Zhuh
5. Zzuh

None of these seem to be valid English words. So, let's move on and now assume the cipher text is a Caesar Cipher and attempt to decrypt it.

A Caesar Cipher involves shifting the letters in the alphabet by a ",1,1
zhuh,were,4,3,"1. Huzz
2. Huzh
3. Uzhz
4. Zhuh
5. Zzuh

None of these seem to be valid English words. So, let's move on and now assume the cipher text is a Caesar Cipher and attempt to decrypt it.

A Caesar Cipher involves shifting the letters in the alphabet by a certain number of places, so let's try a series of shifts:

1. Shift 1 (to the right): a night shift moves every character one position to the right, so 'z' becomes 'a', 'h' becomes 'i', 'u' becomes 'v', and 'h' again becomes 'i'. The resulting word is ""aivi"" - still not a valid English word.

2. Shift 2 (to the right): 'z' becomes 'b', 'h' becomes 'j', 'u' becomes 'w', and 'h' becomes 'j'. The resulting word is ""bjwj"" - not a valid English word.

3. Shift 3 (to the right): 'z' becomes 'c', 'h' becomes 'k', 'u' becomes 'x', and 'h' becomes 'k'. The resulting word is ""ckxk"" - not a valid English word.

4. Shift 4 (to the right): 'z' becomes 'd', 'h' becomes 'l', 'u' becomes 'y', and 'h' becomes 'l'. The resulting word is ""dlyl"" - not a valid English word.

5. Shift 5 (to the right): 'z' becomes 'e', 'h' becomes 'm', 'u' becomes 'z', and 'h' becomes 'm'. The resulting word is ""ezmz"" - not a valid English word.

Based on these attempts, the ciphertext does not appear to be an anagram or a simple Caesar cipher for a single English word. If it is a Caesar cipher, it may involve a shift greater than 5, or it may be a more complex cipher.",0,5,"1. Huzz
2. Huzh
3. Uzhz
4. Zhuh
5. Zzuh

None of these seem to be valid English words. So, let's move on and now assume the cipher text is a Caesar Cipher and attempt to decrypt it.

A Caesar Cipher involves shifting the letters in the alphabet by a certain number of places, so let's try a series of",1,1
zhuh,were,4,3,"1. Huzz
2. Huzh
3. Uzhz
4. Zhuh
5. Zzuh

None of these seem to be valid English words. So, let's move on and now assume the cipher text is a Caesar Cipher and attempt to decrypt it.

A Caesar Cipher involves shifting the letters in the alphabet by a certain number of places, so let's try a series of shifts:

1. Shift 1 (to the right): a night shift moves every character one position to the right, so 'z' becomes 'a', 'h' becomes 'i', 'u' becomes 'v', and 'h' again becomes 'i'. The resulting word is ""aivi"" - still not a valid English word.

2. Shift 2 (to the right): 'z' becomes 'b', 'h' becomes 'j', 'u' becomes 'w', and 'h' becomes 'j'. The resulting word is ""bjwj"" - not a valid English word.

3. Shift 3 (to the right): 'z' becomes 'c', 'h' becomes 'k', 'u' becomes 'x', and 'h' becomes 'k'. The resulting word is ""ckxk"" - not a valid English word.

4. Shift 4 (to the right): 'z' becomes 'd', 'h' becomes 'l', 'u' becomes 'y', and 'h' becomes 'l'. The resulting word is ""dlyl"" - not a valid English word.

5. Shift 5 (to the right): 'z' becomes 'e', 'h' becomes 'm', 'u' becomes 'z', and 'h' becomes 'm'. The resulting word is ""ezmz"" - not a valid English word.

Based on these attempts, the ciphertext does not appear to be an anagram or a simple Caesar cipher for a single English word. If it is a Caesar cipher, it may involve a shift greater than 5, or it may be a more complex cipher.",0,6,"1. Huzz
2. Huzh
3. Uzhz
4. Zhuh
5. Zzuh

None of these seem to be valid English words. So, let's move on and now assume the cipher text is a Caesar Cipher and attempt to decrypt it.

A Caesar Cipher involves shifting the letters in the alphabet by a certain number of places, so let's try a series of shifts:

1. Shift 1 (to the right): a night shift",1,1
zhuh,were,4,3,"1. Huzz
2. Huzh
3. Uzhz
4. Zhuh
5. Zzuh

None of these seem to be valid English words. So, let's move on and now assume the cipher text is a Caesar Cipher and attempt to decrypt it.

A Caesar Cipher involves shifting the letters in the alphabet by a certain number of places, so let's try a series of shifts:

1. Shift 1 (to the right): a night shift moves every character one position to the right, so 'z' becomes 'a', 'h' becomes 'i', 'u' becomes 'v', and 'h' again becomes 'i'. The resulting word is ""aivi"" - still not a valid English word.

2. Shift 2 (to the right): 'z' becomes 'b', 'h' becomes 'j', 'u' becomes 'w', and 'h' becomes 'j'. The resulting word is ""bjwj"" - not a valid English word.

3. Shift 3 (to the right): 'z' becomes 'c', 'h' becomes 'k', 'u' becomes 'x', and 'h' becomes 'k'. The resulting word is ""ckxk"" - not a valid English word.

4. Shift 4 (to the right): 'z' becomes 'd', 'h' becomes 'l', 'u' becomes 'y', and 'h' becomes 'l'. The resulting word is ""dlyl"" - not a valid English word.

5. Shift 5 (to the right): 'z' becomes 'e', 'h' becomes 'm', 'u' becomes 'z', and 'h' becomes 'm'. The resulting word is ""ezmz"" - not a valid English word.

Based on these attempts, the ciphertext does not appear to be an anagram or a simple Caesar cipher for a single English word. If it is a Caesar cipher, it may involve a shift greater than 5, or it may be a more complex cipher.",0,7,"1. Huzz
2. Huzh
3. Uzhz
4. Zhuh
5. Zzuh

None of these seem to be valid English words. So, let's move on and now assume the cipher text is a Caesar Cipher and attempt to decrypt it.

A Caesar Cipher involves shifting the letters in the alphabet by a certain number of places, so let's try a series of shifts:

1. Shift 1 (to the right): a night shift moves every character one position to the right, ",1,1
zhuh,were,4,3,"1. Huzz
2. Huzh
3. Uzhz
4. Zhuh
5. Zzuh

None of these seem to be valid English words. So, let's move on and now assume the cipher text is a Caesar Cipher and attempt to decrypt it.

A Caesar Cipher involves shifting the letters in the alphabet by a certain number of places, so let's try a series of shifts:

1. Shift 1 (to the right): a night shift moves every character one position to the right, so 'z' becomes 'a', 'h' becomes 'i', 'u' becomes 'v', and 'h' again becomes 'i'. The resulting word is ""aivi"" - still not a valid English word.

2. Shift 2 (to the right): 'z' becomes 'b', 'h' becomes 'j', 'u' becomes 'w', and 'h' becomes 'j'. The resulting word is ""bjwj"" - not a valid English word.

3. Shift 3 (to the right): 'z' becomes 'c', 'h' becomes 'k', 'u' becomes 'x', and 'h' becomes 'k'. The resulting word is ""ckxk"" - not a valid English word.

4. Shift 4 (to the right): 'z' becomes 'd', 'h' becomes 'l', 'u' becomes 'y', and 'h' becomes 'l'. The resulting word is ""dlyl"" - not a valid English word.

5. Shift 5 (to the right): 'z' becomes 'e', 'h' becomes 'm', 'u' becomes 'z', and 'h' becomes 'm'. The resulting word is ""ezmz"" - not a valid English word.

Based on these attempts, the ciphertext does not appear to be an anagram or a simple Caesar cipher for a single English word. If it is a Caesar cipher, it may involve a shift greater than 5, or it may be a more complex cipher.",0,8,"1. Huzz
2. Huzh
3. Uzhz
4. Zhuh
5. Zzuh

None of these seem to be valid English words. So, let's move on and now assume the cipher text is a Caesar Cipher and attempt to decrypt it.

A Caesar Cipher involves shifting the letters in the alphabet by a certain number of places, so let's try a series of shifts:

1. Shift 1 (to the right): a night shift moves every character one position to the right, so 'z' becomes 'a', 'h' becomes 'i', 'u' becomes '",1,1
zhuh,were,4,3,"1. Huzz
2. Huzh
3. Uzhz
4. Zhuh
5. Zzuh

None of these seem to be valid English words. So, let's move on and now assume the cipher text is a Caesar Cipher and attempt to decrypt it.

A Caesar Cipher involves shifting the letters in the alphabet by a certain number of places, so let's try a series of shifts:

1. Shift 1 (to the right): a night shift moves every character one position to the right, so 'z' becomes 'a', 'h' becomes 'i', 'u' becomes 'v', and 'h' again becomes 'i'. The resulting word is ""aivi"" - still not a valid English word.

2. Shift 2 (to the right): 'z' becomes 'b', 'h' becomes 'j', 'u' becomes 'w', and 'h' becomes 'j'. The resulting word is ""bjwj"" - not a valid English word.

3. Shift 3 (to the right): 'z' becomes 'c', 'h' becomes 'k', 'u' becomes 'x', and 'h' becomes 'k'. The resulting word is ""ckxk"" - not a valid English word.

4. Shift 4 (to the right): 'z' becomes 'd', 'h' becomes 'l', 'u' becomes 'y', and 'h' becomes 'l'. The resulting word is ""dlyl"" - not a valid English word.

5. Shift 5 (to the right): 'z' becomes 'e', 'h' becomes 'm', 'u' becomes 'z', and 'h' becomes 'm'. The resulting word is ""ezmz"" - not a valid English word.

Based on these attempts, the ciphertext does not appear to be an anagram or a simple Caesar cipher for a single English word. If it is a Caesar cipher, it may involve a shift greater than 5, or it may be a more complex cipher.",0,9,"1. Huzz
2. Huzh
3. Uzhz
4. Zhuh
5. Zzuh

None of these seem to be valid English words. So, let's move on and now assume the cipher text is a Caesar Cipher and attempt to decrypt it.

A Caesar Cipher involves shifting the letters in the alphabet by a certain number of places, so let's try a series of shifts:

1. Shift 1 (to the right): a night shift moves every character one position to the right, so 'z' becomes 'a', 'h' becomes 'i', 'u' becomes 'v', and 'h' again becomes 'i'. The resulting word ",1,1
zhuh,were,4,3,"1. Huzz
2. Huzh
3. Uzhz
4. Zhuh
5. Zzuh

None of these seem to be valid English words. So, let's move on and now assume the cipher text is a Caesar Cipher and attempt to decrypt it.

A Caesar Cipher involves shifting the letters in the alphabet by a certain number of places, so let's try a series of shifts:

1. Shift 1 (to the right): a night shift moves every character one position to the right, so 'z' becomes 'a', 'h' becomes 'i', 'u' becomes 'v', and 'h' again becomes 'i'. The resulting word is ""aivi"" - still not a valid English word.

2. Shift 2 (to the right): 'z' becomes 'b', 'h' becomes 'j', 'u' becomes 'w', and 'h' becomes 'j'. The resulting word is ""bjwj"" - not a valid English word.

3. Shift 3 (to the right): 'z' becomes 'c', 'h' becomes 'k', 'u' becomes 'x', and 'h' becomes 'k'. The resulting word is ""ckxk"" - not a valid English word.

4. Shift 4 (to the right): 'z' becomes 'd', 'h' becomes 'l', 'u' becomes 'y', and 'h' becomes 'l'. The resulting word is ""dlyl"" - not a valid English word.

5. Shift 5 (to the right): 'z' becomes 'e', 'h' becomes 'm', 'u' becomes 'z', and 'h' becomes 'm'. The resulting word is ""ezmz"" - not a valid English word.

Based on these attempts, the ciphertext does not appear to be an anagram or a simple Caesar cipher for a single English word. If it is a Caesar cipher, it may involve a shift greater than 5, or it may be a more complex cipher.",0,10,"1. Huzz
2. Huzh
3. Uzhz
4. Zhuh
5. Zzuh

None of these seem to be valid English words. So, let's move on and now assume the cipher text is a Caesar Cipher and attempt to decrypt it.

A Caesar Cipher involves shifting the letters in the alphabet by a certain number of places, so let's try a series of shifts:

1. Shift 1 (to the right): a night shift moves every character one position to the right, so 'z' becomes 'a', 'h' becomes 'i', 'u' becomes 'v', and 'h' again becomes 'i'. The resulting word is ""aivi"" - still not a valid English word.

2. Sh",1,1
zhuh,were,4,3,"1. Huzz
2. Huzh
3. Uzhz
4. Zhuh
5. Zzuh

None of these seem to be valid English words. So, let's move on and now assume the cipher text is a Caesar Cipher and attempt to decrypt it.

A Caesar Cipher involves shifting the letters in the alphabet by a certain number of places, so let's try a series of shifts:

1. Shift 1 (to the right): a night shift moves every character one position to the right, so 'z' becomes 'a', 'h' becomes 'i', 'u' becomes 'v', and 'h' again becomes 'i'. The resulting word is ""aivi"" - still not a valid English word.

2. Shift 2 (to the right): 'z' becomes 'b', 'h' becomes 'j', 'u' becomes 'w', and 'h' becomes 'j'. The resulting word is ""bjwj"" - not a valid English word.

3. Shift 3 (to the right): 'z' becomes 'c', 'h' becomes 'k', 'u' becomes 'x', and 'h' becomes 'k'. The resulting word is ""ckxk"" - not a valid English word.

4. Shift 4 (to the right): 'z' becomes 'd', 'h' becomes 'l', 'u' becomes 'y', and 'h' becomes 'l'. The resulting word is ""dlyl"" - not a valid English word.

5. Shift 5 (to the right): 'z' becomes 'e', 'h' becomes 'm', 'u' becomes 'z', and 'h' becomes 'm'. The resulting word is ""ezmz"" - not a valid English word.

Based on these attempts, the ciphertext does not appear to be an anagram or a simple Caesar cipher for a single English word. If it is a Caesar cipher, it may involve a shift greater than 5, or it may be a more complex cipher.",0,11,"1. Huzz
2. Huzh
3. Uzhz
4. Zhuh
5. Zzuh

None of these seem to be valid English words. So, let's move on and now assume the cipher text is a Caesar Cipher and attempt to decrypt it.

A Caesar Cipher involves shifting the letters in the alphabet by a certain number of places, so let's try a series of shifts:

1. Shift 1 (to the right): a night shift moves every character one position to the right, so 'z' becomes 'a', 'h' becomes 'i', 'u' becomes 'v', and 'h' again becomes 'i'. The resulting word is ""aivi"" - still not a valid English word.

2. Shift 2 (to the right): 'z' becomes 'b', 'h' becomes",1,1
zhuh,were,4,3,"1. Huzz
2. Huzh
3. Uzhz
4. Zhuh
5. Zzuh

None of these seem to be valid English words. So, let's move on and now assume the cipher text is a Caesar Cipher and attempt to decrypt it.

A Caesar Cipher involves shifting the letters in the alphabet by a certain number of places, so let's try a series of shifts:

1. Shift 1 (to the right): a night shift moves every character one position to the right, so 'z' becomes 'a', 'h' becomes 'i', 'u' becomes 'v', and 'h' again becomes 'i'. The resulting word is ""aivi"" - still not a valid English word.

2. Shift 2 (to the right): 'z' becomes 'b', 'h' becomes 'j', 'u' becomes 'w', and 'h' becomes 'j'. The resulting word is ""bjwj"" - not a valid English word.

3. Shift 3 (to the right): 'z' becomes 'c', 'h' becomes 'k', 'u' becomes 'x', and 'h' becomes 'k'. The resulting word is ""ckxk"" - not a valid English word.

4. Shift 4 (to the right): 'z' becomes 'd', 'h' becomes 'l', 'u' becomes 'y', and 'h' becomes 'l'. The resulting word is ""dlyl"" - not a valid English word.

5. Shift 5 (to the right): 'z' becomes 'e', 'h' becomes 'm', 'u' becomes 'z', and 'h' becomes 'm'. The resulting word is ""ezmz"" - not a valid English word.

Based on these attempts, the ciphertext does not appear to be an anagram or a simple Caesar cipher for a single English word. If it is a Caesar cipher, it may involve a shift greater than 5, or it may be a more complex cipher.",0,12,"1. Huzz
2. Huzh
3. Uzhz
4. Zhuh
5. Zzuh

None of these seem to be valid English words. So, let's move on and now assume the cipher text is a Caesar Cipher and attempt to decrypt it.

A Caesar Cipher involves shifting the letters in the alphabet by a certain number of places, so let's try a series of shifts:

1. Shift 1 (to the right): a night shift moves every character one position to the right, so 'z' becomes 'a', 'h' becomes 'i', 'u' becomes 'v', and 'h' again becomes 'i'. The resulting word is ""aivi"" - still not a valid English word.

2. Shift 2 (to the right): 'z' becomes 'b', 'h' becomes 'j', 'u' becomes 'w', and 'h' becomes 'j'. The re",1,1
zhuh,were,4,3,"1. Huzz
2. Huzh
3. Uzhz
4. Zhuh
5. Zzuh

None of these seem to be valid English words. So, let's move on and now assume the cipher text is a Caesar Cipher and attempt to decrypt it.

A Caesar Cipher involves shifting the letters in the alphabet by a certain number of places, so let's try a series of shifts:

1. Shift 1 (to the right): a night shift moves every character one position to the right, so 'z' becomes 'a', 'h' becomes 'i', 'u' becomes 'v', and 'h' again becomes 'i'. The resulting word is ""aivi"" - still not a valid English word.

2. Shift 2 (to the right): 'z' becomes 'b', 'h' becomes 'j', 'u' becomes 'w', and 'h' becomes 'j'. The resulting word is ""bjwj"" - not a valid English word.

3. Shift 3 (to the right): 'z' becomes 'c', 'h' becomes 'k', 'u' becomes 'x', and 'h' becomes 'k'. The resulting word is ""ckxk"" - not a valid English word.

4. Shift 4 (to the right): 'z' becomes 'd', 'h' becomes 'l', 'u' becomes 'y', and 'h' becomes 'l'. The resulting word is ""dlyl"" - not a valid English word.

5. Shift 5 (to the right): 'z' becomes 'e', 'h' becomes 'm', 'u' becomes 'z', and 'h' becomes 'm'. The resulting word is ""ezmz"" - not a valid English word.

Based on these attempts, the ciphertext does not appear to be an anagram or a simple Caesar cipher for a single English word. If it is a Caesar cipher, it may involve a shift greater than 5, or it may be a more complex cipher.",0,13,"1. Huzz
2. Huzh
3. Uzhz
4. Zhuh
5. Zzuh

None of these seem to be valid English words. So, let's move on and now assume the cipher text is a Caesar Cipher and attempt to decrypt it.

A Caesar Cipher involves shifting the letters in the alphabet by a certain number of places, so let's try a series of shifts:

1. Shift 1 (to the right): a night shift moves every character one position to the right, so 'z' becomes 'a', 'h' becomes 'i', 'u' becomes 'v', and 'h' again becomes 'i'. The resulting word is ""aivi"" - still not a valid English word.

2. Shift 2 (to the right): 'z' becomes 'b', 'h' becomes 'j', 'u' becomes 'w', and 'h' becomes 'j'. The resulting word is ""bjwj"" - not a valid English word.",1,1
zhuh,were,4,3,"1. Huzz
2. Huzh
3. Uzhz
4. Zhuh
5. Zzuh

None of these seem to be valid English words. So, let's move on and now assume the cipher text is a Caesar Cipher and attempt to decrypt it.

A Caesar Cipher involves shifting the letters in the alphabet by a certain number of places, so let's try a series of shifts:

1. Shift 1 (to the right): a night shift moves every character one position to the right, so 'z' becomes 'a', 'h' becomes 'i', 'u' becomes 'v', and 'h' again becomes 'i'. The resulting word is ""aivi"" - still not a valid English word.

2. Shift 2 (to the right): 'z' becomes 'b', 'h' becomes 'j', 'u' becomes 'w', and 'h' becomes 'j'. The resulting word is ""bjwj"" - not a valid English word.

3. Shift 3 (to the right): 'z' becomes 'c', 'h' becomes 'k', 'u' becomes 'x', and 'h' becomes 'k'. The resulting word is ""ckxk"" - not a valid English word.

4. Shift 4 (to the right): 'z' becomes 'd', 'h' becomes 'l', 'u' becomes 'y', and 'h' becomes 'l'. The resulting word is ""dlyl"" - not a valid English word.

5. Shift 5 (to the right): 'z' becomes 'e', 'h' becomes 'm', 'u' becomes 'z', and 'h' becomes 'm'. The resulting word is ""ezmz"" - not a valid English word.

Based on these attempts, the ciphertext does not appear to be an anagram or a simple Caesar cipher for a single English word. If it is a Caesar cipher, it may involve a shift greater than 5, or it may be a more complex cipher.",0,14,"1. Huzz
2. Huzh
3. Uzhz
4. Zhuh
5. Zzuh

None of these seem to be valid English words. So, let's move on and now assume the cipher text is a Caesar Cipher and attempt to decrypt it.

A Caesar Cipher involves shifting the letters in the alphabet by a certain number of places, so let's try a series of shifts:

1. Shift 1 (to the right): a night shift moves every character one position to the right, so 'z' becomes 'a', 'h' becomes 'i', 'u' becomes 'v', and 'h' again becomes 'i'. The resulting word is ""aivi"" - still not a valid English word.

2. Shift 2 (to the right): 'z' becomes 'b', 'h' becomes 'j', 'u' becomes 'w', and 'h' becomes 'j'. The resulting word is ""bjwj"" - not a valid English word.

3. Shift 3 (to the right): 'z' becomes 'c', 'h' ",1,1
zhuh,were,4,3,"1. Huzz
2. Huzh
3. Uzhz
4. Zhuh
5. Zzuh

None of these seem to be valid English words. So, let's move on and now assume the cipher text is a Caesar Cipher and attempt to decrypt it.

A Caesar Cipher involves shifting the letters in the alphabet by a certain number of places, so let's try a series of shifts:

1. Shift 1 (to the right): a night shift moves every character one position to the right, so 'z' becomes 'a', 'h' becomes 'i', 'u' becomes 'v', and 'h' again becomes 'i'. The resulting word is ""aivi"" - still not a valid English word.

2. Shift 2 (to the right): 'z' becomes 'b', 'h' becomes 'j', 'u' becomes 'w', and 'h' becomes 'j'. The resulting word is ""bjwj"" - not a valid English word.

3. Shift 3 (to the right): 'z' becomes 'c', 'h' becomes 'k', 'u' becomes 'x', and 'h' becomes 'k'. The resulting word is ""ckxk"" - not a valid English word.

4. Shift 4 (to the right): 'z' becomes 'd', 'h' becomes 'l', 'u' becomes 'y', and 'h' becomes 'l'. The resulting word is ""dlyl"" - not a valid English word.

5. Shift 5 (to the right): 'z' becomes 'e', 'h' becomes 'm', 'u' becomes 'z', and 'h' becomes 'm'. The resulting word is ""ezmz"" - not a valid English word.

Based on these attempts, the ciphertext does not appear to be an anagram or a simple Caesar cipher for a single English word. If it is a Caesar cipher, it may involve a shift greater than 5, or it may be a more complex cipher.",0,15,"1. Huzz
2. Huzh
3. Uzhz
4. Zhuh
5. Zzuh

None of these seem to be valid English words. So, let's move on and now assume the cipher text is a Caesar Cipher and attempt to decrypt it.

A Caesar Cipher involves shifting the letters in the alphabet by a certain number of places, so let's try a series of shifts:

1. Shift 1 (to the right): a night shift moves every character one position to the right, so 'z' becomes 'a', 'h' becomes 'i', 'u' becomes 'v', and 'h' again becomes 'i'. The resulting word is ""aivi"" - still not a valid English word.

2. Shift 2 (to the right): 'z' becomes 'b', 'h' becomes 'j', 'u' becomes 'w', and 'h' becomes 'j'. The resulting word is ""bjwj"" - not a valid English word.

3. Shift 3 (to the right): 'z' becomes 'c', 'h' becomes 'k', 'u' becomes 'x', and 'h' becomes 'k'.",1,1
zhuh,were,4,3,"1. Huzz
2. Huzh
3. Uzhz
4. Zhuh
5. Zzuh

None of these seem to be valid English words. So, let's move on and now assume the cipher text is a Caesar Cipher and attempt to decrypt it.

A Caesar Cipher involves shifting the letters in the alphabet by a certain number of places, so let's try a series of shifts:

1. Shift 1 (to the right): a night shift moves every character one position to the right, so 'z' becomes 'a', 'h' becomes 'i', 'u' becomes 'v', and 'h' again becomes 'i'. The resulting word is ""aivi"" - still not a valid English word.

2. Shift 2 (to the right): 'z' becomes 'b', 'h' becomes 'j', 'u' becomes 'w', and 'h' becomes 'j'. The resulting word is ""bjwj"" - not a valid English word.

3. Shift 3 (to the right): 'z' becomes 'c', 'h' becomes 'k', 'u' becomes 'x', and 'h' becomes 'k'. The resulting word is ""ckxk"" - not a valid English word.

4. Shift 4 (to the right): 'z' becomes 'd', 'h' becomes 'l', 'u' becomes 'y', and 'h' becomes 'l'. The resulting word is ""dlyl"" - not a valid English word.

5. Shift 5 (to the right): 'z' becomes 'e', 'h' becomes 'm', 'u' becomes 'z', and 'h' becomes 'm'. The resulting word is ""ezmz"" - not a valid English word.

Based on these attempts, the ciphertext does not appear to be an anagram or a simple Caesar cipher for a single English word. If it is a Caesar cipher, it may involve a shift greater than 5, or it may be a more complex cipher.",0,16,"1. Huzz
2. Huzh
3. Uzhz
4. Zhuh
5. Zzuh

None of these seem to be valid English words. So, let's move on and now assume the cipher text is a Caesar Cipher and attempt to decrypt it.

A Caesar Cipher involves shifting the letters in the alphabet by a certain number of places, so let's try a series of shifts:

1. Shift 1 (to the right): a night shift moves every character one position to the right, so 'z' becomes 'a', 'h' becomes 'i', 'u' becomes 'v', and 'h' again becomes 'i'. The resulting word is ""aivi"" - still not a valid English word.

2. Shift 2 (to the right): 'z' becomes 'b', 'h' becomes 'j', 'u' becomes 'w', and 'h' becomes 'j'. The resulting word is ""bjwj"" - not a valid English word.

3. Shift 3 (to the right): 'z' becomes 'c', 'h' becomes 'k', 'u' becomes 'x', and 'h' becomes 'k'. The resulting word is ""ckxk"" - not a valid Englis",1,1
zhuh,were,4,3,"1. Huzz
2. Huzh
3. Uzhz
4. Zhuh
5. Zzuh

None of these seem to be valid English words. So, let's move on and now assume the cipher text is a Caesar Cipher and attempt to decrypt it.

A Caesar Cipher involves shifting the letters in the alphabet by a certain number of places, so let's try a series of shifts:

1. Shift 1 (to the right): a night shift moves every character one position to the right, so 'z' becomes 'a', 'h' becomes 'i', 'u' becomes 'v', and 'h' again becomes 'i'. The resulting word is ""aivi"" - still not a valid English word.

2. Shift 2 (to the right): 'z' becomes 'b', 'h' becomes 'j', 'u' becomes 'w', and 'h' becomes 'j'. The resulting word is ""bjwj"" - not a valid English word.

3. Shift 3 (to the right): 'z' becomes 'c', 'h' becomes 'k', 'u' becomes 'x', and 'h' becomes 'k'. The resulting word is ""ckxk"" - not a valid English word.

4. Shift 4 (to the right): 'z' becomes 'd', 'h' becomes 'l', 'u' becomes 'y', and 'h' becomes 'l'. The resulting word is ""dlyl"" - not a valid English word.

5. Shift 5 (to the right): 'z' becomes 'e', 'h' becomes 'm', 'u' becomes 'z', and 'h' becomes 'm'. The resulting word is ""ezmz"" - not a valid English word.

Based on these attempts, the ciphertext does not appear to be an anagram or a simple Caesar cipher for a single English word. If it is a Caesar cipher, it may involve a shift greater than 5, or it may be a more complex cipher.",0,17,"1. Huzz
2. Huzh
3. Uzhz
4. Zhuh
5. Zzuh

None of these seem to be valid English words. So, let's move on and now assume the cipher text is a Caesar Cipher and attempt to decrypt it.

A Caesar Cipher involves shifting the letters in the alphabet by a certain number of places, so let's try a series of shifts:

1. Shift 1 (to the right): a night shift moves every character one position to the right, so 'z' becomes 'a', 'h' becomes 'i', 'u' becomes 'v', and 'h' again becomes 'i'. The resulting word is ""aivi"" - still not a valid English word.

2. Shift 2 (to the right): 'z' becomes 'b', 'h' becomes 'j', 'u' becomes 'w', and 'h' becomes 'j'. The resulting word is ""bjwj"" - not a valid English word.

3. Shift 3 (to the right): 'z' becomes 'c', 'h' becomes 'k', 'u' becomes 'x', and 'h' becomes 'k'. The resulting word is ""ckxk"" - not a valid English word.

4. Shift 4 (to the right): 'z' becomes 'd",1,1
zhuh,were,4,3,"1. Huzz
2. Huzh
3. Uzhz
4. Zhuh
5. Zzuh

None of these seem to be valid English words. So, let's move on and now assume the cipher text is a Caesar Cipher and attempt to decrypt it.

A Caesar Cipher involves shifting the letters in the alphabet by a certain number of places, so let's try a series of shifts:

1. Shift 1 (to the right): a night shift moves every character one position to the right, so 'z' becomes 'a', 'h' becomes 'i', 'u' becomes 'v', and 'h' again becomes 'i'. The resulting word is ""aivi"" - still not a valid English word.

2. Shift 2 (to the right): 'z' becomes 'b', 'h' becomes 'j', 'u' becomes 'w', and 'h' becomes 'j'. The resulting word is ""bjwj"" - not a valid English word.

3. Shift 3 (to the right): 'z' becomes 'c', 'h' becomes 'k', 'u' becomes 'x', and 'h' becomes 'k'. The resulting word is ""ckxk"" - not a valid English word.

4. Shift 4 (to the right): 'z' becomes 'd', 'h' becomes 'l', 'u' becomes 'y', and 'h' becomes 'l'. The resulting word is ""dlyl"" - not a valid English word.

5. Shift 5 (to the right): 'z' becomes 'e', 'h' becomes 'm', 'u' becomes 'z', and 'h' becomes 'm'. The resulting word is ""ezmz"" - not a valid English word.

Based on these attempts, the ciphertext does not appear to be an anagram or a simple Caesar cipher for a single English word. If it is a Caesar cipher, it may involve a shift greater than 5, or it may be a more complex cipher.",0,18,"1. Huzz
2. Huzh
3. Uzhz
4. Zhuh
5. Zzuh

None of these seem to be valid English words. So, let's move on and now assume the cipher text is a Caesar Cipher and attempt to decrypt it.

A Caesar Cipher involves shifting the letters in the alphabet by a certain number of places, so let's try a series of shifts:

1. Shift 1 (to the right): a night shift moves every character one position to the right, so 'z' becomes 'a', 'h' becomes 'i', 'u' becomes 'v', and 'h' again becomes 'i'. The resulting word is ""aivi"" - still not a valid English word.

2. Shift 2 (to the right): 'z' becomes 'b', 'h' becomes 'j', 'u' becomes 'w', and 'h' becomes 'j'. The resulting word is ""bjwj"" - not a valid English word.

3. Shift 3 (to the right): 'z' becomes 'c', 'h' becomes 'k', 'u' becomes 'x', and 'h' becomes 'k'. The resulting word is ""ckxk"" - not a valid English word.

4. Shift 4 (to the right): 'z' becomes 'd', 'h' becomes 'l', 'u' becomes 'y', and 'h' becom",1,1
zhuh,were,4,3,"1. Huzz
2. Huzh
3. Uzhz
4. Zhuh
5. Zzuh

None of these seem to be valid English words. So, let's move on and now assume the cipher text is a Caesar Cipher and attempt to decrypt it.

A Caesar Cipher involves shifting the letters in the alphabet by a certain number of places, so let's try a series of shifts:

1. Shift 1 (to the right): a night shift moves every character one position to the right, so 'z' becomes 'a', 'h' becomes 'i', 'u' becomes 'v', and 'h' again becomes 'i'. The resulting word is ""aivi"" - still not a valid English word.

2. Shift 2 (to the right): 'z' becomes 'b', 'h' becomes 'j', 'u' becomes 'w', and 'h' becomes 'j'. The resulting word is ""bjwj"" - not a valid English word.

3. Shift 3 (to the right): 'z' becomes 'c', 'h' becomes 'k', 'u' becomes 'x', and 'h' becomes 'k'. The resulting word is ""ckxk"" - not a valid English word.

4. Shift 4 (to the right): 'z' becomes 'd', 'h' becomes 'l', 'u' becomes 'y', and 'h' becomes 'l'. The resulting word is ""dlyl"" - not a valid English word.

5. Shift 5 (to the right): 'z' becomes 'e', 'h' becomes 'm', 'u' becomes 'z', and 'h' becomes 'm'. The resulting word is ""ezmz"" - not a valid English word.

Based on these attempts, the ciphertext does not appear to be an anagram or a simple Caesar cipher for a single English word. If it is a Caesar cipher, it may involve a shift greater than 5, or it may be a more complex cipher.",0,19,"1. Huzz
2. Huzh
3. Uzhz
4. Zhuh
5. Zzuh

None of these seem to be valid English words. So, let's move on and now assume the cipher text is a Caesar Cipher and attempt to decrypt it.

A Caesar Cipher involves shifting the letters in the alphabet by a certain number of places, so let's try a series of shifts:

1. Shift 1 (to the right): a night shift moves every character one position to the right, so 'z' becomes 'a', 'h' becomes 'i', 'u' becomes 'v', and 'h' again becomes 'i'. The resulting word is ""aivi"" - still not a valid English word.

2. Shift 2 (to the right): 'z' becomes 'b', 'h' becomes 'j', 'u' becomes 'w', and 'h' becomes 'j'. The resulting word is ""bjwj"" - not a valid English word.

3. Shift 3 (to the right): 'z' becomes 'c', 'h' becomes 'k', 'u' becomes 'x', and 'h' becomes 'k'. The resulting word is ""ckxk"" - not a valid English word.

4. Shift 4 (to the right): 'z' becomes 'd', 'h' becomes 'l', 'u' becomes 'y', and 'h' becomes 'l'. The resulting word is ""dlyl"" - not a valid",1,1
zhuh,were,4,3,"1. Huzz
2. Huzh
3. Uzhz
4. Zhuh
5. Zzuh

None of these seem to be valid English words. So, let's move on and now assume the cipher text is a Caesar Cipher and attempt to decrypt it.

A Caesar Cipher involves shifting the letters in the alphabet by a certain number of places, so let's try a series of shifts:

1. Shift 1 (to the right): a night shift moves every character one position to the right, so 'z' becomes 'a', 'h' becomes 'i', 'u' becomes 'v', and 'h' again becomes 'i'. The resulting word is ""aivi"" - still not a valid English word.

2. Shift 2 (to the right): 'z' becomes 'b', 'h' becomes 'j', 'u' becomes 'w', and 'h' becomes 'j'. The resulting word is ""bjwj"" - not a valid English word.

3. Shift 3 (to the right): 'z' becomes 'c', 'h' becomes 'k', 'u' becomes 'x', and 'h' becomes 'k'. The resulting word is ""ckxk"" - not a valid English word.

4. Shift 4 (to the right): 'z' becomes 'd', 'h' becomes 'l', 'u' becomes 'y', and 'h' becomes 'l'. The resulting word is ""dlyl"" - not a valid English word.

5. Shift 5 (to the right): 'z' becomes 'e', 'h' becomes 'm', 'u' becomes 'z', and 'h' becomes 'm'. The resulting word is ""ezmz"" - not a valid English word.

Based on these attempts, the ciphertext does not appear to be an anagram or a simple Caesar cipher for a single English word. If it is a Caesar cipher, it may involve a shift greater than 5, or it may be a more complex cipher.",0,20,"1. Huzz
2. Huzh
3. Uzhz
4. Zhuh
5. Zzuh

None of these seem to be valid English words. So, let's move on and now assume the cipher text is a Caesar Cipher and attempt to decrypt it.

A Caesar Cipher involves shifting the letters in the alphabet by a certain number of places, so let's try a series of shifts:

1. Shift 1 (to the right): a night shift moves every character one position to the right, so 'z' becomes 'a', 'h' becomes 'i', 'u' becomes 'v', and 'h' again becomes 'i'. The resulting word is ""aivi"" - still not a valid English word.

2. Shift 2 (to the right): 'z' becomes 'b', 'h' becomes 'j', 'u' becomes 'w', and 'h' becomes 'j'. The resulting word is ""bjwj"" - not a valid English word.

3. Shift 3 (to the right): 'z' becomes 'c', 'h' becomes 'k', 'u' becomes 'x', and 'h' becomes 'k'. The resulting word is ""ckxk"" - not a valid English word.

4. Shift 4 (to the right): 'z' becomes 'd', 'h' becomes 'l', 'u' becomes 'y', and 'h' becomes 'l'. The resulting word is ""dlyl"" - not a valid English word.

5. Shift 5 (to the right): 'z' bec",1,1
zhuh,were,4,3,"1. Huzz
2. Huzh
3. Uzhz
4. Zhuh
5. Zzuh

None of these seem to be valid English words. So, let's move on and now assume the cipher text is a Caesar Cipher and attempt to decrypt it.

A Caesar Cipher involves shifting the letters in the alphabet by a certain number of places, so let's try a series of shifts:

1. Shift 1 (to the right): a night shift moves every character one position to the right, so 'z' becomes 'a', 'h' becomes 'i', 'u' becomes 'v', and 'h' again becomes 'i'. The resulting word is ""aivi"" - still not a valid English word.

2. Shift 2 (to the right): 'z' becomes 'b', 'h' becomes 'j', 'u' becomes 'w', and 'h' becomes 'j'. The resulting word is ""bjwj"" - not a valid English word.

3. Shift 3 (to the right): 'z' becomes 'c', 'h' becomes 'k', 'u' becomes 'x', and 'h' becomes 'k'. The resulting word is ""ckxk"" - not a valid English word.

4. Shift 4 (to the right): 'z' becomes 'd', 'h' becomes 'l', 'u' becomes 'y', and 'h' becomes 'l'. The resulting word is ""dlyl"" - not a valid English word.

5. Shift 5 (to the right): 'z' becomes 'e', 'h' becomes 'm', 'u' becomes 'z', and 'h' becomes 'm'. The resulting word is ""ezmz"" - not a valid English word.

Based on these attempts, the ciphertext does not appear to be an anagram or a simple Caesar cipher for a single English word. If it is a Caesar cipher, it may involve a shift greater than 5, or it may be a more complex cipher.",0,21,"1. Huzz
2. Huzh
3. Uzhz
4. Zhuh
5. Zzuh

None of these seem to be valid English words. So, let's move on and now assume the cipher text is a Caesar Cipher and attempt to decrypt it.

A Caesar Cipher involves shifting the letters in the alphabet by a certain number of places, so let's try a series of shifts:

1. Shift 1 (to the right): a night shift moves every character one position to the right, so 'z' becomes 'a', 'h' becomes 'i', 'u' becomes 'v', and 'h' again becomes 'i'. The resulting word is ""aivi"" - still not a valid English word.

2. Shift 2 (to the right): 'z' becomes 'b', 'h' becomes 'j', 'u' becomes 'w', and 'h' becomes 'j'. The resulting word is ""bjwj"" - not a valid English word.

3. Shift 3 (to the right): 'z' becomes 'c', 'h' becomes 'k', 'u' becomes 'x', and 'h' becomes 'k'. The resulting word is ""ckxk"" - not a valid English word.

4. Shift 4 (to the right): 'z' becomes 'd', 'h' becomes 'l', 'u' becomes 'y', and 'h' becomes 'l'. The resulting word is ""dlyl"" - not a valid English word.

5. Shift 5 (to the right): 'z' becomes 'e', 'h' becomes 'm', 'u' becomes 'z', and 'h",1,1
zhuh,were,4,3,"1. Huzz
2. Huzh
3. Uzhz
4. Zhuh
5. Zzuh

None of these seem to be valid English words. So, let's move on and now assume the cipher text is a Caesar Cipher and attempt to decrypt it.

A Caesar Cipher involves shifting the letters in the alphabet by a certain number of places, so let's try a series of shifts:

1. Shift 1 (to the right): a night shift moves every character one position to the right, so 'z' becomes 'a', 'h' becomes 'i', 'u' becomes 'v', and 'h' again becomes 'i'. The resulting word is ""aivi"" - still not a valid English word.

2. Shift 2 (to the right): 'z' becomes 'b', 'h' becomes 'j', 'u' becomes 'w', and 'h' becomes 'j'. The resulting word is ""bjwj"" - not a valid English word.

3. Shift 3 (to the right): 'z' becomes 'c', 'h' becomes 'k', 'u' becomes 'x', and 'h' becomes 'k'. The resulting word is ""ckxk"" - not a valid English word.

4. Shift 4 (to the right): 'z' becomes 'd', 'h' becomes 'l', 'u' becomes 'y', and 'h' becomes 'l'. The resulting word is ""dlyl"" - not a valid English word.

5. Shift 5 (to the right): 'z' becomes 'e', 'h' becomes 'm', 'u' becomes 'z', and 'h' becomes 'm'. The resulting word is ""ezmz"" - not a valid English word.

Based on these attempts, the ciphertext does not appear to be an anagram or a simple Caesar cipher for a single English word. If it is a Caesar cipher, it may involve a shift greater than 5, or it may be a more complex cipher.",0,22,"1. Huzz
2. Huzh
3. Uzhz
4. Zhuh
5. Zzuh

None of these seem to be valid English words. So, let's move on and now assume the cipher text is a Caesar Cipher and attempt to decrypt it.

A Caesar Cipher involves shifting the letters in the alphabet by a certain number of places, so let's try a series of shifts:

1. Shift 1 (to the right): a night shift moves every character one position to the right, so 'z' becomes 'a', 'h' becomes 'i', 'u' becomes 'v', and 'h' again becomes 'i'. The resulting word is ""aivi"" - still not a valid English word.

2. Shift 2 (to the right): 'z' becomes 'b', 'h' becomes 'j', 'u' becomes 'w', and 'h' becomes 'j'. The resulting word is ""bjwj"" - not a valid English word.

3. Shift 3 (to the right): 'z' becomes 'c', 'h' becomes 'k', 'u' becomes 'x', and 'h' becomes 'k'. The resulting word is ""ckxk"" - not a valid English word.

4. Shift 4 (to the right): 'z' becomes 'd', 'h' becomes 'l', 'u' becomes 'y', and 'h' becomes 'l'. The resulting word is ""dlyl"" - not a valid English word.

5. Shift 5 (to the right): 'z' becomes 'e', 'h' becomes 'm', 'u' becomes 'z', and 'h' becomes 'm'. The resulting word is ""ezmz"" - not ",1,1
zhuh,were,4,3,"1. Huzz
2. Huzh
3. Uzhz
4. Zhuh
5. Zzuh

None of these seem to be valid English words. So, let's move on and now assume the cipher text is a Caesar Cipher and attempt to decrypt it.

A Caesar Cipher involves shifting the letters in the alphabet by a certain number of places, so let's try a series of shifts:

1. Shift 1 (to the right): a night shift moves every character one position to the right, so 'z' becomes 'a', 'h' becomes 'i', 'u' becomes 'v', and 'h' again becomes 'i'. The resulting word is ""aivi"" - still not a valid English word.

2. Shift 2 (to the right): 'z' becomes 'b', 'h' becomes 'j', 'u' becomes 'w', and 'h' becomes 'j'. The resulting word is ""bjwj"" - not a valid English word.

3. Shift 3 (to the right): 'z' becomes 'c', 'h' becomes 'k', 'u' becomes 'x', and 'h' becomes 'k'. The resulting word is ""ckxk"" - not a valid English word.

4. Shift 4 (to the right): 'z' becomes 'd', 'h' becomes 'l', 'u' becomes 'y', and 'h' becomes 'l'. The resulting word is ""dlyl"" - not a valid English word.

5. Shift 5 (to the right): 'z' becomes 'e', 'h' becomes 'm', 'u' becomes 'z', and 'h' becomes 'm'. The resulting word is ""ezmz"" - not a valid English word.

Based on these attempts, the ciphertext does not appear to be an anagram or a simple Caesar cipher for a single English word. If it is a Caesar cipher, it may involve a shift greater than 5, or it may be a more complex cipher.",0,23,"1. Huzz
2. Huzh
3. Uzhz
4. Zhuh
5. Zzuh

None of these seem to be valid English words. So, let's move on and now assume the cipher text is a Caesar Cipher and attempt to decrypt it.

A Caesar Cipher involves shifting the letters in the alphabet by a certain number of places, so let's try a series of shifts:

1. Shift 1 (to the right): a night shift moves every character one position to the right, so 'z' becomes 'a', 'h' becomes 'i', 'u' becomes 'v', and 'h' again becomes 'i'. The resulting word is ""aivi"" - still not a valid English word.

2. Shift 2 (to the right): 'z' becomes 'b', 'h' becomes 'j', 'u' becomes 'w', and 'h' becomes 'j'. The resulting word is ""bjwj"" - not a valid English word.

3. Shift 3 (to the right): 'z' becomes 'c', 'h' becomes 'k', 'u' becomes 'x', and 'h' becomes 'k'. The resulting word is ""ckxk"" - not a valid English word.

4. Shift 4 (to the right): 'z' becomes 'd', 'h' becomes 'l', 'u' becomes 'y', and 'h' becomes 'l'. The resulting word is ""dlyl"" - not a valid English word.

5. Shift 5 (to the right): 'z' becomes 'e', 'h' becomes 'm', 'u' becomes 'z', and 'h' becomes 'm'. The resulting word is ""ezmz"" - not a valid English word.

Based on these attempts, th",1,1
zhuh,were,4,3,"1. Huzz
2. Huzh
3. Uzhz
4. Zhuh
5. Zzuh

None of these seem to be valid English words. So, let's move on and now assume the cipher text is a Caesar Cipher and attempt to decrypt it.

A Caesar Cipher involves shifting the letters in the alphabet by a certain number of places, so let's try a series of shifts:

1. Shift 1 (to the right): a night shift moves every character one position to the right, so 'z' becomes 'a', 'h' becomes 'i', 'u' becomes 'v', and 'h' again becomes 'i'. The resulting word is ""aivi"" - still not a valid English word.

2. Shift 2 (to the right): 'z' becomes 'b', 'h' becomes 'j', 'u' becomes 'w', and 'h' becomes 'j'. The resulting word is ""bjwj"" - not a valid English word.

3. Shift 3 (to the right): 'z' becomes 'c', 'h' becomes 'k', 'u' becomes 'x', and 'h' becomes 'k'. The resulting word is ""ckxk"" - not a valid English word.

4. Shift 4 (to the right): 'z' becomes 'd', 'h' becomes 'l', 'u' becomes 'y', and 'h' becomes 'l'. The resulting word is ""dlyl"" - not a valid English word.

5. Shift 5 (to the right): 'z' becomes 'e', 'h' becomes 'm', 'u' becomes 'z', and 'h' becomes 'm'. The resulting word is ""ezmz"" - not a valid English word.

Based on these attempts, the ciphertext does not appear to be an anagram or a simple Caesar cipher for a single English word. If it is a Caesar cipher, it may involve a shift greater than 5, or it may be a more complex cipher.",0,24,"1. Huzz
2. Huzh
3. Uzhz
4. Zhuh
5. Zzuh

None of these seem to be valid English words. So, let's move on and now assume the cipher text is a Caesar Cipher and attempt to decrypt it.

A Caesar Cipher involves shifting the letters in the alphabet by a certain number of places, so let's try a series of shifts:

1. Shift 1 (to the right): a night shift moves every character one position to the right, so 'z' becomes 'a', 'h' becomes 'i', 'u' becomes 'v', and 'h' again becomes 'i'. The resulting word is ""aivi"" - still not a valid English word.

2. Shift 2 (to the right): 'z' becomes 'b', 'h' becomes 'j', 'u' becomes 'w', and 'h' becomes 'j'. The resulting word is ""bjwj"" - not a valid English word.

3. Shift 3 (to the right): 'z' becomes 'c', 'h' becomes 'k', 'u' becomes 'x', and 'h' becomes 'k'. The resulting word is ""ckxk"" - not a valid English word.

4. Shift 4 (to the right): 'z' becomes 'd', 'h' becomes 'l', 'u' becomes 'y', and 'h' becomes 'l'. The resulting word is ""dlyl"" - not a valid English word.

5. Shift 5 (to the right): 'z' becomes 'e', 'h' becomes 'm', 'u' becomes 'z', and 'h' becomes 'm'. The resulting word is ""ezmz"" - not a valid English word.

Based on these attempts, the ciphertext does not appear to be an anagram or a",1,1
zhuh,were,4,3,"1. Huzz
2. Huzh
3. Uzhz
4. Zhuh
5. Zzuh

None of these seem to be valid English words. So, let's move on and now assume the cipher text is a Caesar Cipher and attempt to decrypt it.

A Caesar Cipher involves shifting the letters in the alphabet by a certain number of places, so let's try a series of shifts:

1. Shift 1 (to the right): a night shift moves every character one position to the right, so 'z' becomes 'a', 'h' becomes 'i', 'u' becomes 'v', and 'h' again becomes 'i'. The resulting word is ""aivi"" - still not a valid English word.

2. Shift 2 (to the right): 'z' becomes 'b', 'h' becomes 'j', 'u' becomes 'w', and 'h' becomes 'j'. The resulting word is ""bjwj"" - not a valid English word.

3. Shift 3 (to the right): 'z' becomes 'c', 'h' becomes 'k', 'u' becomes 'x', and 'h' becomes 'k'. The resulting word is ""ckxk"" - not a valid English word.

4. Shift 4 (to the right): 'z' becomes 'd', 'h' becomes 'l', 'u' becomes 'y', and 'h' becomes 'l'. The resulting word is ""dlyl"" - not a valid English word.

5. Shift 5 (to the right): 'z' becomes 'e', 'h' becomes 'm', 'u' becomes 'z', and 'h' becomes 'm'. The resulting word is ""ezmz"" - not a valid English word.

Based on these attempts, the ciphertext does not appear to be an anagram or a simple Caesar cipher for a single English word. If it is a Caesar cipher, it may involve a shift greater than 5, or it may be a more complex cipher.",0,25,"1. Huzz
2. Huzh
3. Uzhz
4. Zhuh
5. Zzuh

None of these seem to be valid English words. So, let's move on and now assume the cipher text is a Caesar Cipher and attempt to decrypt it.

A Caesar Cipher involves shifting the letters in the alphabet by a certain number of places, so let's try a series of shifts:

1. Shift 1 (to the right): a night shift moves every character one position to the right, so 'z' becomes 'a', 'h' becomes 'i', 'u' becomes 'v', and 'h' again becomes 'i'. The resulting word is ""aivi"" - still not a valid English word.

2. Shift 2 (to the right): 'z' becomes 'b', 'h' becomes 'j', 'u' becomes 'w', and 'h' becomes 'j'. The resulting word is ""bjwj"" - not a valid English word.

3. Shift 3 (to the right): 'z' becomes 'c', 'h' becomes 'k', 'u' becomes 'x', and 'h' becomes 'k'. The resulting word is ""ckxk"" - not a valid English word.

4. Shift 4 (to the right): 'z' becomes 'd', 'h' becomes 'l', 'u' becomes 'y', and 'h' becomes 'l'. The resulting word is ""dlyl"" - not a valid English word.

5. Shift 5 (to the right): 'z' becomes 'e', 'h' becomes 'm', 'u' becomes 'z', and 'h' becomes 'm'. The resulting word is ""ezmz"" - not a valid English word.

Based on these attempts, the ciphertext does not appear to be an anagram or a simple Caesar cipher for a single English word. I",1,1
zhuh,were,4,3,"1. Huzz
2. Huzh
3. Uzhz
4. Zhuh
5. Zzuh

None of these seem to be valid English words. So, let's move on and now assume the cipher text is a Caesar Cipher and attempt to decrypt it.

A Caesar Cipher involves shifting the letters in the alphabet by a certain number of places, so let's try a series of shifts:

1. Shift 1 (to the right): a night shift moves every character one position to the right, so 'z' becomes 'a', 'h' becomes 'i', 'u' becomes 'v', and 'h' again becomes 'i'. The resulting word is ""aivi"" - still not a valid English word.

2. Shift 2 (to the right): 'z' becomes 'b', 'h' becomes 'j', 'u' becomes 'w', and 'h' becomes 'j'. The resulting word is ""bjwj"" - not a valid English word.

3. Shift 3 (to the right): 'z' becomes 'c', 'h' becomes 'k', 'u' becomes 'x', and 'h' becomes 'k'. The resulting word is ""ckxk"" - not a valid English word.

4. Shift 4 (to the right): 'z' becomes 'd', 'h' becomes 'l', 'u' becomes 'y', and 'h' becomes 'l'. The resulting word is ""dlyl"" - not a valid English word.

5. Shift 5 (to the right): 'z' becomes 'e', 'h' becomes 'm', 'u' becomes 'z', and 'h' becomes 'm'. The resulting word is ""ezmz"" - not a valid English word.

Based on these attempts, the ciphertext does not appear to be an anagram or a simple Caesar cipher for a single English word. If it is a Caesar cipher, it may involve a shift greater than 5, or it may be a more complex cipher.",0,26,"1. Huzz
2. Huzh
3. Uzhz
4. Zhuh
5. Zzuh

None of these seem to be valid English words. So, let's move on and now assume the cipher text is a Caesar Cipher and attempt to decrypt it.

A Caesar Cipher involves shifting the letters in the alphabet by a certain number of places, so let's try a series of shifts:

1. Shift 1 (to the right): a night shift moves every character one position to the right, so 'z' becomes 'a', 'h' becomes 'i', 'u' becomes 'v', and 'h' again becomes 'i'. The resulting word is ""aivi"" - still not a valid English word.

2. Shift 2 (to the right): 'z' becomes 'b', 'h' becomes 'j', 'u' becomes 'w', and 'h' becomes 'j'. The resulting word is ""bjwj"" - not a valid English word.

3. Shift 3 (to the right): 'z' becomes 'c', 'h' becomes 'k', 'u' becomes 'x', and 'h' becomes 'k'. The resulting word is ""ckxk"" - not a valid English word.

4. Shift 4 (to the right): 'z' becomes 'd', 'h' becomes 'l', 'u' becomes 'y', and 'h' becomes 'l'. The resulting word is ""dlyl"" - not a valid English word.

5. Shift 5 (to the right): 'z' becomes 'e', 'h' becomes 'm', 'u' becomes 'z', and 'h' becomes 'm'. The resulting word is ""ezmz"" - not a valid English word.

Based on these attempts, the ciphertext does not appear to be an anagram or a simple Caesar cipher for a single English word. If it is a Caesar cipher, it may involve a shift gr",1,1
zhuh,were,4,3,"1. Huzz
2. Huzh
3. Uzhz
4. Zhuh
5. Zzuh

None of these seem to be valid English words. So, let's move on and now assume the cipher text is a Caesar Cipher and attempt to decrypt it.

A Caesar Cipher involves shifting the letters in the alphabet by a certain number of places, so let's try a series of shifts:

1. Shift 1 (to the right): a night shift moves every character one position to the right, so 'z' becomes 'a', 'h' becomes 'i', 'u' becomes 'v', and 'h' again becomes 'i'. The resulting word is ""aivi"" - still not a valid English word.

2. Shift 2 (to the right): 'z' becomes 'b', 'h' becomes 'j', 'u' becomes 'w', and 'h' becomes 'j'. The resulting word is ""bjwj"" - not a valid English word.

3. Shift 3 (to the right): 'z' becomes 'c', 'h' becomes 'k', 'u' becomes 'x', and 'h' becomes 'k'. The resulting word is ""ckxk"" - not a valid English word.

4. Shift 4 (to the right): 'z' becomes 'd', 'h' becomes 'l', 'u' becomes 'y', and 'h' becomes 'l'. The resulting word is ""dlyl"" - not a valid English word.

5. Shift 5 (to the right): 'z' becomes 'e', 'h' becomes 'm', 'u' becomes 'z', and 'h' becomes 'm'. The resulting word is ""ezmz"" - not a valid English word.

Based on these attempts, the ciphertext does not appear to be an anagram or a simple Caesar cipher for a single English word. If it is a Caesar cipher, it may involve a shift greater than 5, or it may be a more complex cipher.",0,27,"1. Huzz
2. Huzh
3. Uzhz
4. Zhuh
5. Zzuh

None of these seem to be valid English words. So, let's move on and now assume the cipher text is a Caesar Cipher and attempt to decrypt it.

A Caesar Cipher involves shifting the letters in the alphabet by a certain number of places, so let's try a series of shifts:

1. Shift 1 (to the right): a night shift moves every character one position to the right, so 'z' becomes 'a', 'h' becomes 'i', 'u' becomes 'v', and 'h' again becomes 'i'. The resulting word is ""aivi"" - still not a valid English word.

2. Shift 2 (to the right): 'z' becomes 'b', 'h' becomes 'j', 'u' becomes 'w', and 'h' becomes 'j'. The resulting word is ""bjwj"" - not a valid English word.

3. Shift 3 (to the right): 'z' becomes 'c', 'h' becomes 'k', 'u' becomes 'x', and 'h' becomes 'k'. The resulting word is ""ckxk"" - not a valid English word.

4. Shift 4 (to the right): 'z' becomes 'd', 'h' becomes 'l', 'u' becomes 'y', and 'h' becomes 'l'. The resulting word is ""dlyl"" - not a valid English word.

5. Shift 5 (to the right): 'z' becomes 'e', 'h' becomes 'm', 'u' becomes 'z', and 'h' becomes 'm'. The resulting word is ""ezmz"" - not a valid English word.

Based on these attempts, the ciphertext does not appear to be an anagram or a simple Caesar cipher for a single English word. If it is a Caesar cipher, it may involve a shift greater than 5, or it may be a more complex cipher.",1,1
wecw,says,4,4,"Try #1: ceww
Try #2: ewcw
Try #3: wcew
Try #4: wewc
Try #5: ewwc

Unfortunately, none of these combinations form a valid English word. So I'll now assume it's a Caesar cipher and try to decrypt it with different shifts. 

For this, I'm considering a simple Caesar cipher that substitutes each letter of the plaintext by another with a fixed number of positions down the alphabet. For example, with a shift of 1, A would be replaced by B, B would become C, and so on. Let's start decrypting the message:

Try #1 - Shift 1 (shift each letter one position to the right in the alphabet):

Before: w e c w
After:  v d b v

Try #2 - Shift 2:

Before: w e c w
After:  u c a u

Try #3 - Shift 3:

Before: w e c w
After:  t b z t

Try #4 - Shift 4:

Before: w e c w
After:  s a y s

Try #5 - Shift 5:

Before: w e c w
After:  r z x r

So, the clear text is ""says"" when we use the Caesar cipher shift of 4.
",1,0,"Try #1: ceww
Try #2: ewcw
Try #3: wcew
Try #4: wew",0,2
wecw,says,4,4,"Try #1: ceww
Try #2: ewcw
Try #3: wcew
Try #4: wewc
Try #5: ewwc

Unfortunately, none of these combinations form a valid English word. So I'll now assume it's a Caesar cipher and try to decrypt it with different shifts. 

For this, I'm considering a simple Caesar cipher that substitutes each letter of the plaintext by another with a fixed number of positions down the alphabet. For example, with a shift of 1, A would be replaced by B, B would become C, and so on. Let's start decrypting the message:

Try #1 - Shift 1 (shift each letter one position to the right in the alphabet):

Before: w e c w
After:  v d b v

Try #2 - Shift 2:

Before: w e c w
After:  u c a u

Try #3 - Shift 3:

Before: w e c w
After:  t b z t

Try #4 - Shift 4:

Before: w e c w
After:  s a y s

Try #5 - Shift 5:

Before: w e c w
After:  r z x r

So, the clear text is ""says"" when we use the Caesar cipher shift of 4.
",1,1,"Try #1: ceww
Try #2: ewcw
Try #3: wcew
Try #4: wewc
Try #5: ewwc

Unfortunately, none of these combi",0,2
wecw,says,4,4,"Try #1: ceww
Try #2: ewcw
Try #3: wcew
Try #4: wewc
Try #5: ewwc

Unfortunately, none of these combinations form a valid English word. So I'll now assume it's a Caesar cipher and try to decrypt it with different shifts. 

For this, I'm considering a simple Caesar cipher that substitutes each letter of the plaintext by another with a fixed number of positions down the alphabet. For example, with a shift of 1, A would be replaced by B, B would become C, and so on. Let's start decrypting the message:

Try #1 - Shift 1 (shift each letter one position to the right in the alphabet):

Before: w e c w
After:  v d b v

Try #2 - Shift 2:

Before: w e c w
After:  u c a u

Try #3 - Shift 3:

Before: w e c w
After:  t b z t

Try #4 - Shift 4:

Before: w e c w
After:  s a y s

Try #5 - Shift 5:

Before: w e c w
After:  r z x r

So, the clear text is ""says"" when we use the Caesar cipher shift of 4.
",1,2,"Try #1: ceww
Try #2: ewcw
Try #3: wcew
Try #4: wewc
Try #5: ewwc

Unfortunately, none of these combinations form a valid English word. So I'll now ass",1,2
wecw,says,4,4,"Try #1: ceww
Try #2: ewcw
Try #3: wcew
Try #4: wewc
Try #5: ewwc

Unfortunately, none of these combinations form a valid English word. So I'll now assume it's a Caesar cipher and try to decrypt it with different shifts. 

For this, I'm considering a simple Caesar cipher that substitutes each letter of the plaintext by another with a fixed number of positions down the alphabet. For example, with a shift of 1, A would be replaced by B, B would become C, and so on. Let's start decrypting the message:

Try #1 - Shift 1 (shift each letter one position to the right in the alphabet):

Before: w e c w
After:  v d b v

Try #2 - Shift 2:

Before: w e c w
After:  u c a u

Try #3 - Shift 3:

Before: w e c w
After:  t b z t

Try #4 - Shift 4:

Before: w e c w
After:  s a y s

Try #5 - Shift 5:

Before: w e c w
After:  r z x r

So, the clear text is ""says"" when we use the Caesar cipher shift of 4.
",1,3,"Try #1: ceww
Try #2: ewcw
Try #3: wcew
Try #4: wewc
Try #5: ewwc

Unfortunately, none of these combinations form a valid English word. So I'll now assume it's a Caesar cipher and try to decrypt it wit",1,2
wecw,says,4,4,"Try #1: ceww
Try #2: ewcw
Try #3: wcew
Try #4: wewc
Try #5: ewwc

Unfortunately, none of these combinations form a valid English word. So I'll now assume it's a Caesar cipher and try to decrypt it with different shifts. 

For this, I'm considering a simple Caesar cipher that substitutes each letter of the plaintext by another with a fixed number of positions down the alphabet. For example, with a shift of 1, A would be replaced by B, B would become C, and so on. Let's start decrypting the message:

Try #1 - Shift 1 (shift each letter one position to the right in the alphabet):

Before: w e c w
After:  v d b v

Try #2 - Shift 2:

Before: w e c w
After:  u c a u

Try #3 - Shift 3:

Before: w e c w
After:  t b z t

Try #4 - Shift 4:

Before: w e c w
After:  s a y s

Try #5 - Shift 5:

Before: w e c w
After:  r z x r

So, the clear text is ""says"" when we use the Caesar cipher shift of 4.
",1,4,"Try #1: ceww
Try #2: ewcw
Try #3: wcew
Try #4: wewc
Try #5: ewwc

Unfortunately, none of these combinations form a valid English word. So I'll now assume it's a Caesar cipher and try to decrypt it with different shifts. 

For this, I'm considering a ",1,2
wecw,says,4,4,"Try #1: ceww
Try #2: ewcw
Try #3: wcew
Try #4: wewc
Try #5: ewwc

Unfortunately, none of these combinations form a valid English word. So I'll now assume it's a Caesar cipher and try to decrypt it with different shifts. 

For this, I'm considering a simple Caesar cipher that substitutes each letter of the plaintext by another with a fixed number of positions down the alphabet. For example, with a shift of 1, A would be replaced by B, B would become C, and so on. Let's start decrypting the message:

Try #1 - Shift 1 (shift each letter one position to the right in the alphabet):

Before: w e c w
After:  v d b v

Try #2 - Shift 2:

Before: w e c w
After:  u c a u

Try #3 - Shift 3:

Before: w e c w
After:  t b z t

Try #4 - Shift 4:

Before: w e c w
After:  s a y s

Try #5 - Shift 5:

Before: w e c w
After:  r z x r

So, the clear text is ""says"" when we use the Caesar cipher shift of 4.
",1,5,"Try #1: ceww
Try #2: ewcw
Try #3: wcew
Try #4: wewc
Try #5: ewwc

Unfortunately, none of these combinations form a valid English word. So I'll now assume it's a Caesar cipher and try to decrypt it with different shifts. 

For this, I'm considering a simple Caesar cipher that substitutes each letter ",1,2
wecw,says,4,4,"Try #1: ceww
Try #2: ewcw
Try #3: wcew
Try #4: wewc
Try #5: ewwc

Unfortunately, none of these combinations form a valid English word. So I'll now assume it's a Caesar cipher and try to decrypt it with different shifts. 

For this, I'm considering a simple Caesar cipher that substitutes each letter of the plaintext by another with a fixed number of positions down the alphabet. For example, with a shift of 1, A would be replaced by B, B would become C, and so on. Let's start decrypting the message:

Try #1 - Shift 1 (shift each letter one position to the right in the alphabet):

Before: w e c w
After:  v d b v

Try #2 - Shift 2:

Before: w e c w
After:  u c a u

Try #3 - Shift 3:

Before: w e c w
After:  t b z t

Try #4 - Shift 4:

Before: w e c w
After:  s a y s

Try #5 - Shift 5:

Before: w e c w
After:  r z x r

So, the clear text is ""says"" when we use the Caesar cipher shift of 4.
",1,6,"Try #1: ceww
Try #2: ewcw
Try #3: wcew
Try #4: wewc
Try #5: ewwc

Unfortunately, none of these combinations form a valid English word. So I'll now assume it's a Caesar cipher and try to decrypt it with different shifts. 

For this, I'm considering a simple Caesar cipher that substitutes each letter of the plaintext by another with a fixed number of",1,2
wecw,says,4,4,"Try #1: ceww
Try #2: ewcw
Try #3: wcew
Try #4: wewc
Try #5: ewwc

Unfortunately, none of these combinations form a valid English word. So I'll now assume it's a Caesar cipher and try to decrypt it with different shifts. 

For this, I'm considering a simple Caesar cipher that substitutes each letter of the plaintext by another with a fixed number of positions down the alphabet. For example, with a shift of 1, A would be replaced by B, B would become C, and so on. Let's start decrypting the message:

Try #1 - Shift 1 (shift each letter one position to the right in the alphabet):

Before: w e c w
After:  v d b v

Try #2 - Shift 2:

Before: w e c w
After:  u c a u

Try #3 - Shift 3:

Before: w e c w
After:  t b z t

Try #4 - Shift 4:

Before: w e c w
After:  s a y s

Try #5 - Shift 5:

Before: w e c w
After:  r z x r

So, the clear text is ""says"" when we use the Caesar cipher shift of 4.
",1,7,"Try #1: ceww
Try #2: ewcw
Try #3: wcew
Try #4: wewc
Try #5: ewwc

Unfortunately, none of these combinations form a valid English word. So I'll now assume it's a Caesar cipher and try to decrypt it with different shifts. 

For this, I'm considering a simple Caesar cipher that substitutes each letter of the plaintext by another with a fixed number of positions down the alphabet. For example, with a ",1,2
wecw,says,4,4,"Try #1: ceww
Try #2: ewcw
Try #3: wcew
Try #4: wewc
Try #5: ewwc

Unfortunately, none of these combinations form a valid English word. So I'll now assume it's a Caesar cipher and try to decrypt it with different shifts. 

For this, I'm considering a simple Caesar cipher that substitutes each letter of the plaintext by another with a fixed number of positions down the alphabet. For example, with a shift of 1, A would be replaced by B, B would become C, and so on. Let's start decrypting the message:

Try #1 - Shift 1 (shift each letter one position to the right in the alphabet):

Before: w e c w
After:  v d b v

Try #2 - Shift 2:

Before: w e c w
After:  u c a u

Try #3 - Shift 3:

Before: w e c w
After:  t b z t

Try #4 - Shift 4:

Before: w e c w
After:  s a y s

Try #5 - Shift 5:

Before: w e c w
After:  r z x r

So, the clear text is ""says"" when we use the Caesar cipher shift of 4.
",1,8,"Try #1: ceww
Try #2: ewcw
Try #3: wcew
Try #4: wewc
Try #5: ewwc

Unfortunately, none of these combinations form a valid English word. So I'll now assume it's a Caesar cipher and try to decrypt it with different shifts. 

For this, I'm considering a simple Caesar cipher that substitutes each letter of the plaintext by another with a fixed number of positions down the alphabet. For example, with a shift of 1, A would be replaced by B, B would beco",1,2
wecw,says,4,4,"Try #1: ceww
Try #2: ewcw
Try #3: wcew
Try #4: wewc
Try #5: ewwc

Unfortunately, none of these combinations form a valid English word. So I'll now assume it's a Caesar cipher and try to decrypt it with different shifts. 

For this, I'm considering a simple Caesar cipher that substitutes each letter of the plaintext by another with a fixed number of positions down the alphabet. For example, with a shift of 1, A would be replaced by B, B would become C, and so on. Let's start decrypting the message:

Try #1 - Shift 1 (shift each letter one position to the right in the alphabet):

Before: w e c w
After:  v d b v

Try #2 - Shift 2:

Before: w e c w
After:  u c a u

Try #3 - Shift 3:

Before: w e c w
After:  t b z t

Try #4 - Shift 4:

Before: w e c w
After:  s a y s

Try #5 - Shift 5:

Before: w e c w
After:  r z x r

So, the clear text is ""says"" when we use the Caesar cipher shift of 4.
",1,9,"Try #1: ceww
Try #2: ewcw
Try #3: wcew
Try #4: wewc
Try #5: ewwc

Unfortunately, none of these combinations form a valid English word. So I'll now assume it's a Caesar cipher and try to decrypt it with different shifts. 

For this, I'm considering a simple Caesar cipher that substitutes each letter of the plaintext by another with a fixed number of positions down the alphabet. For example, with a shift of 1, A would be replaced by B, B would become C, and so on. Let's start decrypting the messag",1,2
wecw,says,4,4,"Try #1: ceww
Try #2: ewcw
Try #3: wcew
Try #4: wewc
Try #5: ewwc

Unfortunately, none of these combinations form a valid English word. So I'll now assume it's a Caesar cipher and try to decrypt it with different shifts. 

For this, I'm considering a simple Caesar cipher that substitutes each letter of the plaintext by another with a fixed number of positions down the alphabet. For example, with a shift of 1, A would be replaced by B, B would become C, and so on. Let's start decrypting the message:

Try #1 - Shift 1 (shift each letter one position to the right in the alphabet):

Before: w e c w
After:  v d b v

Try #2 - Shift 2:

Before: w e c w
After:  u c a u

Try #3 - Shift 3:

Before: w e c w
After:  t b z t

Try #4 - Shift 4:

Before: w e c w
After:  s a y s

Try #5 - Shift 5:

Before: w e c w
After:  r z x r

So, the clear text is ""says"" when we use the Caesar cipher shift of 4.
",1,10,"Try #1: ceww
Try #2: ewcw
Try #3: wcew
Try #4: wewc
Try #5: ewwc

Unfortunately, none of these combinations form a valid English word. So I'll now assume it's a Caesar cipher and try to decrypt it with different shifts. 

For this, I'm considering a simple Caesar cipher that substitutes each letter of the plaintext by another with a fixed number of positions down the alphabet. For example, with a shift of 1, A would be replaced by B, B would become C, and so on. Let's start decrypting the message:

Try #1 - Shift 1 (shift each letter one positi",1,2
wecw,says,4,4,"Try #1: ceww
Try #2: ewcw
Try #3: wcew
Try #4: wewc
Try #5: ewwc

Unfortunately, none of these combinations form a valid English word. So I'll now assume it's a Caesar cipher and try to decrypt it with different shifts. 

For this, I'm considering a simple Caesar cipher that substitutes each letter of the plaintext by another with a fixed number of positions down the alphabet. For example, with a shift of 1, A would be replaced by B, B would become C, and so on. Let's start decrypting the message:

Try #1 - Shift 1 (shift each letter one position to the right in the alphabet):

Before: w e c w
After:  v d b v

Try #2 - Shift 2:

Before: w e c w
After:  u c a u

Try #3 - Shift 3:

Before: w e c w
After:  t b z t

Try #4 - Shift 4:

Before: w e c w
After:  s a y s

Try #5 - Shift 5:

Before: w e c w
After:  r z x r

So, the clear text is ""says"" when we use the Caesar cipher shift of 4.
",1,11,"Try #1: ceww
Try #2: ewcw
Try #3: wcew
Try #4: wewc
Try #5: ewwc

Unfortunately, none of these combinations form a valid English word. So I'll now assume it's a Caesar cipher and try to decrypt it with different shifts. 

For this, I'm considering a simple Caesar cipher that substitutes each letter of the plaintext by another with a fixed number of positions down the alphabet. For example, with a shift of 1, A would be replaced by B, B would become C, and so on. Let's start decrypting the message:

Try #1 - Shift 1 (shift each letter one position to the right in the alphabet):

Before: w e c w",1,2
wecw,says,4,4,"Try #1: ceww
Try #2: ewcw
Try #3: wcew
Try #4: wewc
Try #5: ewwc

Unfortunately, none of these combinations form a valid English word. So I'll now assume it's a Caesar cipher and try to decrypt it with different shifts. 

For this, I'm considering a simple Caesar cipher that substitutes each letter of the plaintext by another with a fixed number of positions down the alphabet. For example, with a shift of 1, A would be replaced by B, B would become C, and so on. Let's start decrypting the message:

Try #1 - Shift 1 (shift each letter one position to the right in the alphabet):

Before: w e c w
After:  v d b v

Try #2 - Shift 2:

Before: w e c w
After:  u c a u

Try #3 - Shift 3:

Before: w e c w
After:  t b z t

Try #4 - Shift 4:

Before: w e c w
After:  s a y s

Try #5 - Shift 5:

Before: w e c w
After:  r z x r

So, the clear text is ""says"" when we use the Caesar cipher shift of 4.
",1,12,"Try #1: ceww
Try #2: ewcw
Try #3: wcew
Try #4: wewc
Try #5: ewwc

Unfortunately, none of these combinations form a valid English word. So I'll now assume it's a Caesar cipher and try to decrypt it with different shifts. 

For this, I'm considering a simple Caesar cipher that substitutes each letter of the plaintext by another with a fixed number of positions down the alphabet. For example, with a shift of 1, A would be replaced by B, B would become C, and so on. Let's start decrypting the message:

Try #1 - Shift 1 (shift each letter one position to the right in the alphabet):

Before: w e c w
After:  v d b v

Try #2 - Shift 2:

Before: w e c",1,2
wecw,says,4,4,"Try #1: ceww
Try #2: ewcw
Try #3: wcew
Try #4: wewc
Try #5: ewwc

Unfortunately, none of these combinations form a valid English word. So I'll now assume it's a Caesar cipher and try to decrypt it with different shifts. 

For this, I'm considering a simple Caesar cipher that substitutes each letter of the plaintext by another with a fixed number of positions down the alphabet. For example, with a shift of 1, A would be replaced by B, B would become C, and so on. Let's start decrypting the message:

Try #1 - Shift 1 (shift each letter one position to the right in the alphabet):

Before: w e c w
After:  v d b v

Try #2 - Shift 2:

Before: w e c w
After:  u c a u

Try #3 - Shift 3:

Before: w e c w
After:  t b z t

Try #4 - Shift 4:

Before: w e c w
After:  s a y s

Try #5 - Shift 5:

Before: w e c w
After:  r z x r

So, the clear text is ""says"" when we use the Caesar cipher shift of 4.
",1,13,"Try #1: ceww
Try #2: ewcw
Try #3: wcew
Try #4: wewc
Try #5: ewwc

Unfortunately, none of these combinations form a valid English word. So I'll now assume it's a Caesar cipher and try to decrypt it with different shifts. 

For this, I'm considering a simple Caesar cipher that substitutes each letter of the plaintext by another with a fixed number of positions down the alphabet. For example, with a shift of 1, A would be replaced by B, B would become C, and so on. Let's start decrypting the message:

Try #1 - Shift 1 (shift each letter one position to the right in the alphabet):

Before: w e c w
After:  v d b v

Try #2 - Shift 2:

Before: w e c w
After:  u c a u

Try #3 - Shift 3:

Before: w e",1,2
wecw,says,4,4,"Try #1: ceww
Try #2: ewcw
Try #3: wcew
Try #4: wewc
Try #5: ewwc

Unfortunately, none of these combinations form a valid English word. So I'll now assume it's a Caesar cipher and try to decrypt it with different shifts. 

For this, I'm considering a simple Caesar cipher that substitutes each letter of the plaintext by another with a fixed number of positions down the alphabet. For example, with a shift of 1, A would be replaced by B, B would become C, and so on. Let's start decrypting the message:

Try #1 - Shift 1 (shift each letter one position to the right in the alphabet):

Before: w e c w
After:  v d b v

Try #2 - Shift 2:

Before: w e c w
After:  u c a u

Try #3 - Shift 3:

Before: w e c w
After:  t b z t

Try #4 - Shift 4:

Before: w e c w
After:  s a y s

Try #5 - Shift 5:

Before: w e c w
After:  r z x r

So, the clear text is ""says"" when we use the Caesar cipher shift of 4.
",1,14,"Try #1: ceww
Try #2: ewcw
Try #3: wcew
Try #4: wewc
Try #5: ewwc

Unfortunately, none of these combinations form a valid English word. So I'll now assume it's a Caesar cipher and try to decrypt it with different shifts. 

For this, I'm considering a simple Caesar cipher that substitutes each letter of the plaintext by another with a fixed number of positions down the alphabet. For example, with a shift of 1, A would be replaced by B, B would become C, and so on. Let's start decrypting the message:

Try #1 - Shift 1 (shift each letter one position to the right in the alphabet):

Before: w e c w
After:  v d b v

Try #2 - Shift 2:

Before: w e c w
After:  u c a u

Try #3 - Shift 3:

Before: w e c w
After:  t b z t

Try #4 - Shift 4:

Before: w",1,2
wecw,says,4,4,"Try #1: ceww
Try #2: ewcw
Try #3: wcew
Try #4: wewc
Try #5: ewwc

Unfortunately, none of these combinations form a valid English word. So I'll now assume it's a Caesar cipher and try to decrypt it with different shifts. 

For this, I'm considering a simple Caesar cipher that substitutes each letter of the plaintext by another with a fixed number of positions down the alphabet. For example, with a shift of 1, A would be replaced by B, B would become C, and so on. Let's start decrypting the message:

Try #1 - Shift 1 (shift each letter one position to the right in the alphabet):

Before: w e c w
After:  v d b v

Try #2 - Shift 2:

Before: w e c w
After:  u c a u

Try #3 - Shift 3:

Before: w e c w
After:  t b z t

Try #4 - Shift 4:

Before: w e c w
After:  s a y s

Try #5 - Shift 5:

Before: w e c w
After:  r z x r

So, the clear text is ""says"" when we use the Caesar cipher shift of 4.
",1,15,"Try #1: ceww
Try #2: ewcw
Try #3: wcew
Try #4: wewc
Try #5: ewwc

Unfortunately, none of these combinations form a valid English word. So I'll now assume it's a Caesar cipher and try to decrypt it with different shifts. 

For this, I'm considering a simple Caesar cipher that substitutes each letter of the plaintext by another with a fixed number of positions down the alphabet. For example, with a shift of 1, A would be replaced by B, B would become C, and so on. Let's start decrypting the message:

Try #1 - Shift 1 (shift each letter one position to the right in the alphabet):

Before: w e c w
After:  v d b v

Try #2 - Shift 2:

Before: w e c w
After:  u c a u

Try #3 - Shift 3:

Before: w e c w
After:  t b z t

Try #4 - Shift 4:

Before: w e c w
After:  s a y s

Try #5 - Shift 5:

Before:",1,2
wecw,says,4,4,"Try #1: ceww
Try #2: ewcw
Try #3: wcew
Try #4: wewc
Try #5: ewwc

Unfortunately, none of these combinations form a valid English word. So I'll now assume it's a Caesar cipher and try to decrypt it with different shifts. 

For this, I'm considering a simple Caesar cipher that substitutes each letter of the plaintext by another with a fixed number of positions down the alphabet. For example, with a shift of 1, A would be replaced by B, B would become C, and so on. Let's start decrypting the message:

Try #1 - Shift 1 (shift each letter one position to the right in the alphabet):

Before: w e c w
After:  v d b v

Try #2 - Shift 2:

Before: w e c w
After:  u c a u

Try #3 - Shift 3:

Before: w e c w
After:  t b z t

Try #4 - Shift 4:

Before: w e c w
After:  s a y s

Try #5 - Shift 5:

Before: w e c w
After:  r z x r

So, the clear text is ""says"" when we use the Caesar cipher shift of 4.
",1,16,"Try #1: ceww
Try #2: ewcw
Try #3: wcew
Try #4: wewc
Try #5: ewwc

Unfortunately, none of these combinations form a valid English word. So I'll now assume it's a Caesar cipher and try to decrypt it with different shifts. 

For this, I'm considering a simple Caesar cipher that substitutes each letter of the plaintext by another with a fixed number of positions down the alphabet. For example, with a shift of 1, A would be replaced by B, B would become C, and so on. Let's start decrypting the message:

Try #1 - Shift 1 (shift each letter one position to the right in the alphabet):

Before: w e c w
After:  v d b v

Try #2 - Shift 2:

Before: w e c w
After:  u c a u

Try #3 - Shift 3:

Before: w e c w
After:  t b z t

Try #4 - Shift 4:

Before: w e c w
After:  s a y s

Try #5 - Shift 5:

Before: w e c w
After:  r z x r

So, the clear text is ""s",1,2
wecw,says,4,4,"Try #1: ceww
Try #2: ewcw
Try #3: wcew
Try #4: wewc
Try #5: ewwc

Unfortunately, none of these combinations form a valid English word. So I'll now assume it's a Caesar cipher and try to decrypt it with different shifts. 

For this, I'm considering a simple Caesar cipher that substitutes each letter of the plaintext by another with a fixed number of positions down the alphabet. For example, with a shift of 1, A would be replaced by B, B would become C, and so on. Let's start decrypting the message:

Try #1 - Shift 1 (shift each letter one position to the right in the alphabet):

Before: w e c w
After:  v d b v

Try #2 - Shift 2:

Before: w e c w
After:  u c a u

Try #3 - Shift 3:

Before: w e c w
After:  t b z t

Try #4 - Shift 4:

Before: w e c w
After:  s a y s

Try #5 - Shift 5:

Before: w e c w
After:  r z x r

So, the clear text is ""says"" when we use the Caesar cipher shift of 4.
",1,17,"Try #1: ceww
Try #2: ewcw
Try #3: wcew
Try #4: wewc
Try #5: ewwc

Unfortunately, none of these combinations form a valid English word. So I'll now assume it's a Caesar cipher and try to decrypt it with different shifts. 

For this, I'm considering a simple Caesar cipher that substitutes each letter of the plaintext by another with a fixed number of positions down the alphabet. For example, with a shift of 1, A would be replaced by B, B would become C, and so on. Let's start decrypting the message:

Try #1 - Shift 1 (shift each letter one position to the right in the alphabet):

Before: w e c w
After:  v d b v

Try #2 - Shift 2:

Before: w e c w
After:  u c a u

Try #3 - Shift 3:

Before: w e c w
After:  t b z t

Try #4 - Shift 4:

Before: w e c w
After:  s a y s

Try #5 - Shift 5:

Before: w e c w
After:  r z x r

So, the clear text is ""says"" when we use the Caesar cipher shift of 4.
",1,2
rfsd,many,4,5,"Unscrambling ""rfsd"" doesn't seem to give any valid English words. Some potential arrangements could be ""fdrs"", ""sdrf"", ""rdsf"", ""fsrd"", and ""sdfr"", but none of these are English words.

So, let's consider this as a Caesar cipher. A Caesar cipher works by shifting each letter in the plaintext by a certain number of places. The shift value means the number of positions each letter of the text has been moved to the right. We need to try various shifts to decode it. 

1. If we apply a shift of 1: 
   The ciphertext ""rfsd"" becomes ""qerc"".

2. If we apply a shift of 2: 
   The ciphertext ""rfsd"" becomes ""pdqb"".

3. If we apply a shift of 3: 
   The ciphertext ""rfsd"" becomes ""ocpa"".

4. If we apply a shift of 4: 
   The ciphertext ""rfsd"" becomes ""nboz"".

5. If we apply a shift of 5: 
   The ciphertext ""rfsd"" becomes ""manx"".

Unfortunately, none of these are recognizable English words. Without having more information, such as the context or a possible hint of the shift value, it is very hard to determine the original plaintext. It's also possible that this isn't a Caesar cipher or an anagram of a common English word.",0,0,"Unscrambling ""rfsd"" doesn't seem to give any valid",0,3
rfsd,many,4,5,"Unscrambling ""rfsd"" doesn't seem to give any valid English words. Some potential arrangements could be ""fdrs"", ""sdrf"", ""rdsf"", ""fsrd"", and ""sdfr"", but none of these are English words.

So, let's consider this as a Caesar cipher. A Caesar cipher works by shifting each letter in the plaintext by a certain number of places. The shift value means the number of positions each letter of the text has been moved to the right. We need to try various shifts to decode it. 

1. If we apply a shift of 1: 
   The ciphertext ""rfsd"" becomes ""qerc"".

2. If we apply a shift of 2: 
   The ciphertext ""rfsd"" becomes ""pdqb"".

3. If we apply a shift of 3: 
   The ciphertext ""rfsd"" becomes ""ocpa"".

4. If we apply a shift of 4: 
   The ciphertext ""rfsd"" becomes ""nboz"".

5. If we apply a shift of 5: 
   The ciphertext ""rfsd"" becomes ""manx"".

Unfortunately, none of these are recognizable English words. Without having more information, such as the context or a possible hint of the shift value, it is very hard to determine the original plaintext. It's also possible that this isn't a Caesar cipher or an anagram of a common English word.",0,1,"Unscrambling ""rfsd"" doesn't seem to give any valid English words. Some potential arrangements could ",0,3
rfsd,many,4,5,"Unscrambling ""rfsd"" doesn't seem to give any valid English words. Some potential arrangements could be ""fdrs"", ""sdrf"", ""rdsf"", ""fsrd"", and ""sdfr"", but none of these are English words.

So, let's consider this as a Caesar cipher. A Caesar cipher works by shifting each letter in the plaintext by a certain number of places. The shift value means the number of positions each letter of the text has been moved to the right. We need to try various shifts to decode it. 

1. If we apply a shift of 1: 
   The ciphertext ""rfsd"" becomes ""qerc"".

2. If we apply a shift of 2: 
   The ciphertext ""rfsd"" becomes ""pdqb"".

3. If we apply a shift of 3: 
   The ciphertext ""rfsd"" becomes ""ocpa"".

4. If we apply a shift of 4: 
   The ciphertext ""rfsd"" becomes ""nboz"".

5. If we apply a shift of 5: 
   The ciphertext ""rfsd"" becomes ""manx"".

Unfortunately, none of these are recognizable English words. Without having more information, such as the context or a possible hint of the shift value, it is very hard to determine the original plaintext. It's also possible that this isn't a Caesar cipher or an anagram of a common English word.",0,2,"Unscrambling ""rfsd"" doesn't seem to give any valid English words. Some potential arrangements could be ""fdrs"", ""sdrf"", ""rdsf"", ""fsrd"", and ""sdfr"", but",0,3
rfsd,many,4,5,"Unscrambling ""rfsd"" doesn't seem to give any valid English words. Some potential arrangements could be ""fdrs"", ""sdrf"", ""rdsf"", ""fsrd"", and ""sdfr"", but none of these are English words.

So, let's consider this as a Caesar cipher. A Caesar cipher works by shifting each letter in the plaintext by a certain number of places. The shift value means the number of positions each letter of the text has been moved to the right. We need to try various shifts to decode it. 

1. If we apply a shift of 1: 
   The ciphertext ""rfsd"" becomes ""qerc"".

2. If we apply a shift of 2: 
   The ciphertext ""rfsd"" becomes ""pdqb"".

3. If we apply a shift of 3: 
   The ciphertext ""rfsd"" becomes ""ocpa"".

4. If we apply a shift of 4: 
   The ciphertext ""rfsd"" becomes ""nboz"".

5. If we apply a shift of 5: 
   The ciphertext ""rfsd"" becomes ""manx"".

Unfortunately, none of these are recognizable English words. Without having more information, such as the context or a possible hint of the shift value, it is very hard to determine the original plaintext. It's also possible that this isn't a Caesar cipher or an anagram of a common English word.",0,3,"Unscrambling ""rfsd"" doesn't seem to give any valid English words. Some potential arrangements could be ""fdrs"", ""sdrf"", ""rdsf"", ""fsrd"", and ""sdfr"", but none of these are English words.

So, let's consi",1,3
rfsd,many,4,5,"Unscrambling ""rfsd"" doesn't seem to give any valid English words. Some potential arrangements could be ""fdrs"", ""sdrf"", ""rdsf"", ""fsrd"", and ""sdfr"", but none of these are English words.

So, let's consider this as a Caesar cipher. A Caesar cipher works by shifting each letter in the plaintext by a certain number of places. The shift value means the number of positions each letter of the text has been moved to the right. We need to try various shifts to decode it. 

1. If we apply a shift of 1: 
   The ciphertext ""rfsd"" becomes ""qerc"".

2. If we apply a shift of 2: 
   The ciphertext ""rfsd"" becomes ""pdqb"".

3. If we apply a shift of 3: 
   The ciphertext ""rfsd"" becomes ""ocpa"".

4. If we apply a shift of 4: 
   The ciphertext ""rfsd"" becomes ""nboz"".

5. If we apply a shift of 5: 
   The ciphertext ""rfsd"" becomes ""manx"".

Unfortunately, none of these are recognizable English words. Without having more information, such as the context or a possible hint of the shift value, it is very hard to determine the original plaintext. It's also possible that this isn't a Caesar cipher or an anagram of a common English word.",0,4,"Unscrambling ""rfsd"" doesn't seem to give any valid English words. Some potential arrangements could be ""fdrs"", ""sdrf"", ""rdsf"", ""fsrd"", and ""sdfr"", but none of these are English words.

So, let's consider this as a Caesar cipher. A Caesar cipher works",1,3
rfsd,many,4,5,"Unscrambling ""rfsd"" doesn't seem to give any valid English words. Some potential arrangements could be ""fdrs"", ""sdrf"", ""rdsf"", ""fsrd"", and ""sdfr"", but none of these are English words.

So, let's consider this as a Caesar cipher. A Caesar cipher works by shifting each letter in the plaintext by a certain number of places. The shift value means the number of positions each letter of the text has been moved to the right. We need to try various shifts to decode it. 

1. If we apply a shift of 1: 
   The ciphertext ""rfsd"" becomes ""qerc"".

2. If we apply a shift of 2: 
   The ciphertext ""rfsd"" becomes ""pdqb"".

3. If we apply a shift of 3: 
   The ciphertext ""rfsd"" becomes ""ocpa"".

4. If we apply a shift of 4: 
   The ciphertext ""rfsd"" becomes ""nboz"".

5. If we apply a shift of 5: 
   The ciphertext ""rfsd"" becomes ""manx"".

Unfortunately, none of these are recognizable English words. Without having more information, such as the context or a possible hint of the shift value, it is very hard to determine the original plaintext. It's also possible that this isn't a Caesar cipher or an anagram of a common English word.",0,5,"Unscrambling ""rfsd"" doesn't seem to give any valid English words. Some potential arrangements could be ""fdrs"", ""sdrf"", ""rdsf"", ""fsrd"", and ""sdfr"", but none of these are English words.

So, let's consider this as a Caesar cipher. A Caesar cipher works by shifting each letter in the plaintext by a cer",1,3
rfsd,many,4,5,"Unscrambling ""rfsd"" doesn't seem to give any valid English words. Some potential arrangements could be ""fdrs"", ""sdrf"", ""rdsf"", ""fsrd"", and ""sdfr"", but none of these are English words.

So, let's consider this as a Caesar cipher. A Caesar cipher works by shifting each letter in the plaintext by a certain number of places. The shift value means the number of positions each letter of the text has been moved to the right. We need to try various shifts to decode it. 

1. If we apply a shift of 1: 
   The ciphertext ""rfsd"" becomes ""qerc"".

2. If we apply a shift of 2: 
   The ciphertext ""rfsd"" becomes ""pdqb"".

3. If we apply a shift of 3: 
   The ciphertext ""rfsd"" becomes ""ocpa"".

4. If we apply a shift of 4: 
   The ciphertext ""rfsd"" becomes ""nboz"".

5. If we apply a shift of 5: 
   The ciphertext ""rfsd"" becomes ""manx"".

Unfortunately, none of these are recognizable English words. Without having more information, such as the context or a possible hint of the shift value, it is very hard to determine the original plaintext. It's also possible that this isn't a Caesar cipher or an anagram of a common English word.",0,6,"Unscrambling ""rfsd"" doesn't seem to give any valid English words. Some potential arrangements could be ""fdrs"", ""sdrf"", ""rdsf"", ""fsrd"", and ""sdfr"", but none of these are English words.

So, let's consider this as a Caesar cipher. A Caesar cipher works by shifting each letter in the plaintext by a certain number of places. The shift value means the n",1,3
rfsd,many,4,5,"Unscrambling ""rfsd"" doesn't seem to give any valid English words. Some potential arrangements could be ""fdrs"", ""sdrf"", ""rdsf"", ""fsrd"", and ""sdfr"", but none of these are English words.

So, let's consider this as a Caesar cipher. A Caesar cipher works by shifting each letter in the plaintext by a certain number of places. The shift value means the number of positions each letter of the text has been moved to the right. We need to try various shifts to decode it. 

1. If we apply a shift of 1: 
   The ciphertext ""rfsd"" becomes ""qerc"".

2. If we apply a shift of 2: 
   The ciphertext ""rfsd"" becomes ""pdqb"".

3. If we apply a shift of 3: 
   The ciphertext ""rfsd"" becomes ""ocpa"".

4. If we apply a shift of 4: 
   The ciphertext ""rfsd"" becomes ""nboz"".

5. If we apply a shift of 5: 
   The ciphertext ""rfsd"" becomes ""manx"".

Unfortunately, none of these are recognizable English words. Without having more information, such as the context or a possible hint of the shift value, it is very hard to determine the original plaintext. It's also possible that this isn't a Caesar cipher or an anagram of a common English word.",0,7,"Unscrambling ""rfsd"" doesn't seem to give any valid English words. Some potential arrangements could be ""fdrs"", ""sdrf"", ""rdsf"", ""fsrd"", and ""sdfr"", but none of these are English words.

So, let's consider this as a Caesar cipher. A Caesar cipher works by shifting each letter in the plaintext by a certain number of places. The shift value means the number of positions each letter of the text has bee",1,3
rfsd,many,4,5,"Unscrambling ""rfsd"" doesn't seem to give any valid English words. Some potential arrangements could be ""fdrs"", ""sdrf"", ""rdsf"", ""fsrd"", and ""sdfr"", but none of these are English words.

So, let's consider this as a Caesar cipher. A Caesar cipher works by shifting each letter in the plaintext by a certain number of places. The shift value means the number of positions each letter of the text has been moved to the right. We need to try various shifts to decode it. 

1. If we apply a shift of 1: 
   The ciphertext ""rfsd"" becomes ""qerc"".

2. If we apply a shift of 2: 
   The ciphertext ""rfsd"" becomes ""pdqb"".

3. If we apply a shift of 3: 
   The ciphertext ""rfsd"" becomes ""ocpa"".

4. If we apply a shift of 4: 
   The ciphertext ""rfsd"" becomes ""nboz"".

5. If we apply a shift of 5: 
   The ciphertext ""rfsd"" becomes ""manx"".

Unfortunately, none of these are recognizable English words. Without having more information, such as the context or a possible hint of the shift value, it is very hard to determine the original plaintext. It's also possible that this isn't a Caesar cipher or an anagram of a common English word.",0,8,"Unscrambling ""rfsd"" doesn't seem to give any valid English words. Some potential arrangements could be ""fdrs"", ""sdrf"", ""rdsf"", ""fsrd"", and ""sdfr"", but none of these are English words.

So, let's consider this as a Caesar cipher. A Caesar cipher works by shifting each letter in the plaintext by a certain number of places. The shift value means the number of positions each letter of the text has been moved to the right. We need to try various shift",1,3
rfsd,many,4,5,"Unscrambling ""rfsd"" doesn't seem to give any valid English words. Some potential arrangements could be ""fdrs"", ""sdrf"", ""rdsf"", ""fsrd"", and ""sdfr"", but none of these are English words.

So, let's consider this as a Caesar cipher. A Caesar cipher works by shifting each letter in the plaintext by a certain number of places. The shift value means the number of positions each letter of the text has been moved to the right. We need to try various shifts to decode it. 

1. If we apply a shift of 1: 
   The ciphertext ""rfsd"" becomes ""qerc"".

2. If we apply a shift of 2: 
   The ciphertext ""rfsd"" becomes ""pdqb"".

3. If we apply a shift of 3: 
   The ciphertext ""rfsd"" becomes ""ocpa"".

4. If we apply a shift of 4: 
   The ciphertext ""rfsd"" becomes ""nboz"".

5. If we apply a shift of 5: 
   The ciphertext ""rfsd"" becomes ""manx"".

Unfortunately, none of these are recognizable English words. Without having more information, such as the context or a possible hint of the shift value, it is very hard to determine the original plaintext. It's also possible that this isn't a Caesar cipher or an anagram of a common English word.",0,9,"Unscrambling ""rfsd"" doesn't seem to give any valid English words. Some potential arrangements could be ""fdrs"", ""sdrf"", ""rdsf"", ""fsrd"", and ""sdfr"", but none of these are English words.

So, let's consider this as a Caesar cipher. A Caesar cipher works by shifting each letter in the plaintext by a certain number of places. The shift value means the number of positions each letter of the text has been moved to the right. We need to try various shifts to decode it. 

1. If we apply a shift of 1: 
  ",1,3
rfsd,many,4,5,"Unscrambling ""rfsd"" doesn't seem to give any valid English words. Some potential arrangements could be ""fdrs"", ""sdrf"", ""rdsf"", ""fsrd"", and ""sdfr"", but none of these are English words.

So, let's consider this as a Caesar cipher. A Caesar cipher works by shifting each letter in the plaintext by a certain number of places. The shift value means the number of positions each letter of the text has been moved to the right. We need to try various shifts to decode it. 

1. If we apply a shift of 1: 
   The ciphertext ""rfsd"" becomes ""qerc"".

2. If we apply a shift of 2: 
   The ciphertext ""rfsd"" becomes ""pdqb"".

3. If we apply a shift of 3: 
   The ciphertext ""rfsd"" becomes ""ocpa"".

4. If we apply a shift of 4: 
   The ciphertext ""rfsd"" becomes ""nboz"".

5. If we apply a shift of 5: 
   The ciphertext ""rfsd"" becomes ""manx"".

Unfortunately, none of these are recognizable English words. Without having more information, such as the context or a possible hint of the shift value, it is very hard to determine the original plaintext. It's also possible that this isn't a Caesar cipher or an anagram of a common English word.",0,10,"Unscrambling ""rfsd"" doesn't seem to give any valid English words. Some potential arrangements could be ""fdrs"", ""sdrf"", ""rdsf"", ""fsrd"", and ""sdfr"", but none of these are English words.

So, let's consider this as a Caesar cipher. A Caesar cipher works by shifting each letter in the plaintext by a certain number of places. The shift value means the number of positions each letter of the text has been moved to the right. We need to try various shifts to decode it. 

1. If we apply a shift of 1: 
   The ciphertext ""rfsd"" becomes ""qerc"".

2. If we a",1,3
rfsd,many,4,5,"Unscrambling ""rfsd"" doesn't seem to give any valid English words. Some potential arrangements could be ""fdrs"", ""sdrf"", ""rdsf"", ""fsrd"", and ""sdfr"", but none of these are English words.

So, let's consider this as a Caesar cipher. A Caesar cipher works by shifting each letter in the plaintext by a certain number of places. The shift value means the number of positions each letter of the text has been moved to the right. We need to try various shifts to decode it. 

1. If we apply a shift of 1: 
   The ciphertext ""rfsd"" becomes ""qerc"".

2. If we apply a shift of 2: 
   The ciphertext ""rfsd"" becomes ""pdqb"".

3. If we apply a shift of 3: 
   The ciphertext ""rfsd"" becomes ""ocpa"".

4. If we apply a shift of 4: 
   The ciphertext ""rfsd"" becomes ""nboz"".

5. If we apply a shift of 5: 
   The ciphertext ""rfsd"" becomes ""manx"".

Unfortunately, none of these are recognizable English words. Without having more information, such as the context or a possible hint of the shift value, it is very hard to determine the original plaintext. It's also possible that this isn't a Caesar cipher or an anagram of a common English word.",0,11,"Unscrambling ""rfsd"" doesn't seem to give any valid English words. Some potential arrangements could be ""fdrs"", ""sdrf"", ""rdsf"", ""fsrd"", and ""sdfr"", but none of these are English words.

So, let's consider this as a Caesar cipher. A Caesar cipher works by shifting each letter in the plaintext by a certain number of places. The shift value means the number of positions each letter of the text has been moved to the right. We need to try various shifts to decode it. 

1. If we apply a shift of 1: 
   The ciphertext ""rfsd"" becomes ""qerc"".

2. If we apply a shift of 2: 
   The ciphertext ""rfsd"" becom",1,3
rfsd,many,4,5,"Unscrambling ""rfsd"" doesn't seem to give any valid English words. Some potential arrangements could be ""fdrs"", ""sdrf"", ""rdsf"", ""fsrd"", and ""sdfr"", but none of these are English words.

So, let's consider this as a Caesar cipher. A Caesar cipher works by shifting each letter in the plaintext by a certain number of places. The shift value means the number of positions each letter of the text has been moved to the right. We need to try various shifts to decode it. 

1. If we apply a shift of 1: 
   The ciphertext ""rfsd"" becomes ""qerc"".

2. If we apply a shift of 2: 
   The ciphertext ""rfsd"" becomes ""pdqb"".

3. If we apply a shift of 3: 
   The ciphertext ""rfsd"" becomes ""ocpa"".

4. If we apply a shift of 4: 
   The ciphertext ""rfsd"" becomes ""nboz"".

5. If we apply a shift of 5: 
   The ciphertext ""rfsd"" becomes ""manx"".

Unfortunately, none of these are recognizable English words. Without having more information, such as the context or a possible hint of the shift value, it is very hard to determine the original plaintext. It's also possible that this isn't a Caesar cipher or an anagram of a common English word.",0,12,"Unscrambling ""rfsd"" doesn't seem to give any valid English words. Some potential arrangements could be ""fdrs"", ""sdrf"", ""rdsf"", ""fsrd"", and ""sdfr"", but none of these are English words.

So, let's consider this as a Caesar cipher. A Caesar cipher works by shifting each letter in the plaintext by a certain number of places. The shift value means the number of positions each letter of the text has been moved to the right. We need to try various shifts to decode it. 

1. If we apply a shift of 1: 
   The ciphertext ""rfsd"" becomes ""qerc"".

2. If we apply a shift of 2: 
   The ciphertext ""rfsd"" becomes ""pdqb"".

3. If we apply a shift of 3: 
   The c",1,3
rfsd,many,4,5,"Unscrambling ""rfsd"" doesn't seem to give any valid English words. Some potential arrangements could be ""fdrs"", ""sdrf"", ""rdsf"", ""fsrd"", and ""sdfr"", but none of these are English words.

So, let's consider this as a Caesar cipher. A Caesar cipher works by shifting each letter in the plaintext by a certain number of places. The shift value means the number of positions each letter of the text has been moved to the right. We need to try various shifts to decode it. 

1. If we apply a shift of 1: 
   The ciphertext ""rfsd"" becomes ""qerc"".

2. If we apply a shift of 2: 
   The ciphertext ""rfsd"" becomes ""pdqb"".

3. If we apply a shift of 3: 
   The ciphertext ""rfsd"" becomes ""ocpa"".

4. If we apply a shift of 4: 
   The ciphertext ""rfsd"" becomes ""nboz"".

5. If we apply a shift of 5: 
   The ciphertext ""rfsd"" becomes ""manx"".

Unfortunately, none of these are recognizable English words. Without having more information, such as the context or a possible hint of the shift value, it is very hard to determine the original plaintext. It's also possible that this isn't a Caesar cipher or an anagram of a common English word.",0,13,"Unscrambling ""rfsd"" doesn't seem to give any valid English words. Some potential arrangements could be ""fdrs"", ""sdrf"", ""rdsf"", ""fsrd"", and ""sdfr"", but none of these are English words.

So, let's consider this as a Caesar cipher. A Caesar cipher works by shifting each letter in the plaintext by a certain number of places. The shift value means the number of positions each letter of the text has been moved to the right. We need to try various shifts to decode it. 

1. If we apply a shift of 1: 
   The ciphertext ""rfsd"" becomes ""qerc"".

2. If we apply a shift of 2: 
   The ciphertext ""rfsd"" becomes ""pdqb"".

3. If we apply a shift of 3: 
   The ciphertext ""rfsd"" becomes ""ocpa"".

4. If we apply a",1,3
rfsd,many,4,5,"Unscrambling ""rfsd"" doesn't seem to give any valid English words. Some potential arrangements could be ""fdrs"", ""sdrf"", ""rdsf"", ""fsrd"", and ""sdfr"", but none of these are English words.

So, let's consider this as a Caesar cipher. A Caesar cipher works by shifting each letter in the plaintext by a certain number of places. The shift value means the number of positions each letter of the text has been moved to the right. We need to try various shifts to decode it. 

1. If we apply a shift of 1: 
   The ciphertext ""rfsd"" becomes ""qerc"".

2. If we apply a shift of 2: 
   The ciphertext ""rfsd"" becomes ""pdqb"".

3. If we apply a shift of 3: 
   The ciphertext ""rfsd"" becomes ""ocpa"".

4. If we apply a shift of 4: 
   The ciphertext ""rfsd"" becomes ""nboz"".

5. If we apply a shift of 5: 
   The ciphertext ""rfsd"" becomes ""manx"".

Unfortunately, none of these are recognizable English words. Without having more information, such as the context or a possible hint of the shift value, it is very hard to determine the original plaintext. It's also possible that this isn't a Caesar cipher or an anagram of a common English word.",0,14,"Unscrambling ""rfsd"" doesn't seem to give any valid English words. Some potential arrangements could be ""fdrs"", ""sdrf"", ""rdsf"", ""fsrd"", and ""sdfr"", but none of these are English words.

So, let's consider this as a Caesar cipher. A Caesar cipher works by shifting each letter in the plaintext by a certain number of places. The shift value means the number of positions each letter of the text has been moved to the right. We need to try various shifts to decode it. 

1. If we apply a shift of 1: 
   The ciphertext ""rfsd"" becomes ""qerc"".

2. If we apply a shift of 2: 
   The ciphertext ""rfsd"" becomes ""pdqb"".

3. If we apply a shift of 3: 
   The ciphertext ""rfsd"" becomes ""ocpa"".

4. If we apply a shift of 4: 
   The ciphertext ""rfsd"" becomes ""nb",1,3
rfsd,many,4,5,"Unscrambling ""rfsd"" doesn't seem to give any valid English words. Some potential arrangements could be ""fdrs"", ""sdrf"", ""rdsf"", ""fsrd"", and ""sdfr"", but none of these are English words.

So, let's consider this as a Caesar cipher. A Caesar cipher works by shifting each letter in the plaintext by a certain number of places. The shift value means the number of positions each letter of the text has been moved to the right. We need to try various shifts to decode it. 

1. If we apply a shift of 1: 
   The ciphertext ""rfsd"" becomes ""qerc"".

2. If we apply a shift of 2: 
   The ciphertext ""rfsd"" becomes ""pdqb"".

3. If we apply a shift of 3: 
   The ciphertext ""rfsd"" becomes ""ocpa"".

4. If we apply a shift of 4: 
   The ciphertext ""rfsd"" becomes ""nboz"".

5. If we apply a shift of 5: 
   The ciphertext ""rfsd"" becomes ""manx"".

Unfortunately, none of these are recognizable English words. Without having more information, such as the context or a possible hint of the shift value, it is very hard to determine the original plaintext. It's also possible that this isn't a Caesar cipher or an anagram of a common English word.",0,15,"Unscrambling ""rfsd"" doesn't seem to give any valid English words. Some potential arrangements could be ""fdrs"", ""sdrf"", ""rdsf"", ""fsrd"", and ""sdfr"", but none of these are English words.

So, let's consider this as a Caesar cipher. A Caesar cipher works by shifting each letter in the plaintext by a certain number of places. The shift value means the number of positions each letter of the text has been moved to the right. We need to try various shifts to decode it. 

1. If we apply a shift of 1: 
   The ciphertext ""rfsd"" becomes ""qerc"".

2. If we apply a shift of 2: 
   The ciphertext ""rfsd"" becomes ""pdqb"".

3. If we apply a shift of 3: 
   The ciphertext ""rfsd"" becomes ""ocpa"".

4. If we apply a shift of 4: 
   The ciphertext ""rfsd"" becomes ""nboz"".

5. If we apply a shift of 5: 
   The ciphert",1,3
rfsd,many,4,5,"Unscrambling ""rfsd"" doesn't seem to give any valid English words. Some potential arrangements could be ""fdrs"", ""sdrf"", ""rdsf"", ""fsrd"", and ""sdfr"", but none of these are English words.

So, let's consider this as a Caesar cipher. A Caesar cipher works by shifting each letter in the plaintext by a certain number of places. The shift value means the number of positions each letter of the text has been moved to the right. We need to try various shifts to decode it. 

1. If we apply a shift of 1: 
   The ciphertext ""rfsd"" becomes ""qerc"".

2. If we apply a shift of 2: 
   The ciphertext ""rfsd"" becomes ""pdqb"".

3. If we apply a shift of 3: 
   The ciphertext ""rfsd"" becomes ""ocpa"".

4. If we apply a shift of 4: 
   The ciphertext ""rfsd"" becomes ""nboz"".

5. If we apply a shift of 5: 
   The ciphertext ""rfsd"" becomes ""manx"".

Unfortunately, none of these are recognizable English words. Without having more information, such as the context or a possible hint of the shift value, it is very hard to determine the original plaintext. It's also possible that this isn't a Caesar cipher or an anagram of a common English word.",0,16,"Unscrambling ""rfsd"" doesn't seem to give any valid English words. Some potential arrangements could be ""fdrs"", ""sdrf"", ""rdsf"", ""fsrd"", and ""sdfr"", but none of these are English words.

So, let's consider this as a Caesar cipher. A Caesar cipher works by shifting each letter in the plaintext by a certain number of places. The shift value means the number of positions each letter of the text has been moved to the right. We need to try various shifts to decode it. 

1. If we apply a shift of 1: 
   The ciphertext ""rfsd"" becomes ""qerc"".

2. If we apply a shift of 2: 
   The ciphertext ""rfsd"" becomes ""pdqb"".

3. If we apply a shift of 3: 
   The ciphertext ""rfsd"" becomes ""ocpa"".

4. If we apply a shift of 4: 
   The ciphertext ""rfsd"" becomes ""nboz"".

5. If we apply a shift of 5: 
   The ciphertext ""rfsd"" becomes ""manx"".

Unfortunately, none of",1,3
rfsd,many,4,5,"Unscrambling ""rfsd"" doesn't seem to give any valid English words. Some potential arrangements could be ""fdrs"", ""sdrf"", ""rdsf"", ""fsrd"", and ""sdfr"", but none of these are English words.

So, let's consider this as a Caesar cipher. A Caesar cipher works by shifting each letter in the plaintext by a certain number of places. The shift value means the number of positions each letter of the text has been moved to the right. We need to try various shifts to decode it. 

1. If we apply a shift of 1: 
   The ciphertext ""rfsd"" becomes ""qerc"".

2. If we apply a shift of 2: 
   The ciphertext ""rfsd"" becomes ""pdqb"".

3. If we apply a shift of 3: 
   The ciphertext ""rfsd"" becomes ""ocpa"".

4. If we apply a shift of 4: 
   The ciphertext ""rfsd"" becomes ""nboz"".

5. If we apply a shift of 5: 
   The ciphertext ""rfsd"" becomes ""manx"".

Unfortunately, none of these are recognizable English words. Without having more information, such as the context or a possible hint of the shift value, it is very hard to determine the original plaintext. It's also possible that this isn't a Caesar cipher or an anagram of a common English word.",0,17,"Unscrambling ""rfsd"" doesn't seem to give any valid English words. Some potential arrangements could be ""fdrs"", ""sdrf"", ""rdsf"", ""fsrd"", and ""sdfr"", but none of these are English words.

So, let's consider this as a Caesar cipher. A Caesar cipher works by shifting each letter in the plaintext by a certain number of places. The shift value means the number of positions each letter of the text has been moved to the right. We need to try various shifts to decode it. 

1. If we apply a shift of 1: 
   The ciphertext ""rfsd"" becomes ""qerc"".

2. If we apply a shift of 2: 
   The ciphertext ""rfsd"" becomes ""pdqb"".

3. If we apply a shift of 3: 
   The ciphertext ""rfsd"" becomes ""ocpa"".

4. If we apply a shift of 4: 
   The ciphertext ""rfsd"" becomes ""nboz"".

5. If we apply a shift of 5: 
   The ciphertext ""rfsd"" becomes ""manx"".

Unfortunately, none of these are recognizable English words. Without hav",1,3
rfsd,many,4,5,"Unscrambling ""rfsd"" doesn't seem to give any valid English words. Some potential arrangements could be ""fdrs"", ""sdrf"", ""rdsf"", ""fsrd"", and ""sdfr"", but none of these are English words.

So, let's consider this as a Caesar cipher. A Caesar cipher works by shifting each letter in the plaintext by a certain number of places. The shift value means the number of positions each letter of the text has been moved to the right. We need to try various shifts to decode it. 

1. If we apply a shift of 1: 
   The ciphertext ""rfsd"" becomes ""qerc"".

2. If we apply a shift of 2: 
   The ciphertext ""rfsd"" becomes ""pdqb"".

3. If we apply a shift of 3: 
   The ciphertext ""rfsd"" becomes ""ocpa"".

4. If we apply a shift of 4: 
   The ciphertext ""rfsd"" becomes ""nboz"".

5. If we apply a shift of 5: 
   The ciphertext ""rfsd"" becomes ""manx"".

Unfortunately, none of these are recognizable English words. Without having more information, such as the context or a possible hint of the shift value, it is very hard to determine the original plaintext. It's also possible that this isn't a Caesar cipher or an anagram of a common English word.",0,18,"Unscrambling ""rfsd"" doesn't seem to give any valid English words. Some potential arrangements could be ""fdrs"", ""sdrf"", ""rdsf"", ""fsrd"", and ""sdfr"", but none of these are English words.

So, let's consider this as a Caesar cipher. A Caesar cipher works by shifting each letter in the plaintext by a certain number of places. The shift value means the number of positions each letter of the text has been moved to the right. We need to try various shifts to decode it. 

1. If we apply a shift of 1: 
   The ciphertext ""rfsd"" becomes ""qerc"".

2. If we apply a shift of 2: 
   The ciphertext ""rfsd"" becomes ""pdqb"".

3. If we apply a shift of 3: 
   The ciphertext ""rfsd"" becomes ""ocpa"".

4. If we apply a shift of 4: 
   The ciphertext ""rfsd"" becomes ""nboz"".

5. If we apply a shift of 5: 
   The ciphertext ""rfsd"" becomes ""manx"".

Unfortunately, none of these are recognizable English words. Without having more information, such as the context or a pos",1,3
rfsd,many,4,5,"Unscrambling ""rfsd"" doesn't seem to give any valid English words. Some potential arrangements could be ""fdrs"", ""sdrf"", ""rdsf"", ""fsrd"", and ""sdfr"", but none of these are English words.

So, let's consider this as a Caesar cipher. A Caesar cipher works by shifting each letter in the plaintext by a certain number of places. The shift value means the number of positions each letter of the text has been moved to the right. We need to try various shifts to decode it. 

1. If we apply a shift of 1: 
   The ciphertext ""rfsd"" becomes ""qerc"".

2. If we apply a shift of 2: 
   The ciphertext ""rfsd"" becomes ""pdqb"".

3. If we apply a shift of 3: 
   The ciphertext ""rfsd"" becomes ""ocpa"".

4. If we apply a shift of 4: 
   The ciphertext ""rfsd"" becomes ""nboz"".

5. If we apply a shift of 5: 
   The ciphertext ""rfsd"" becomes ""manx"".

Unfortunately, none of these are recognizable English words. Without having more information, such as the context or a possible hint of the shift value, it is very hard to determine the original plaintext. It's also possible that this isn't a Caesar cipher or an anagram of a common English word.",0,19,"Unscrambling ""rfsd"" doesn't seem to give any valid English words. Some potential arrangements could be ""fdrs"", ""sdrf"", ""rdsf"", ""fsrd"", and ""sdfr"", but none of these are English words.

So, let's consider this as a Caesar cipher. A Caesar cipher works by shifting each letter in the plaintext by a certain number of places. The shift value means the number of positions each letter of the text has been moved to the right. We need to try various shifts to decode it. 

1. If we apply a shift of 1: 
   The ciphertext ""rfsd"" becomes ""qerc"".

2. If we apply a shift of 2: 
   The ciphertext ""rfsd"" becomes ""pdqb"".

3. If we apply a shift of 3: 
   The ciphertext ""rfsd"" becomes ""ocpa"".

4. If we apply a shift of 4: 
   The ciphertext ""rfsd"" becomes ""nboz"".

5. If we apply a shift of 5: 
   The ciphertext ""rfsd"" becomes ""manx"".

Unfortunately, none of these are recognizable English words. Without having more information, such as the context or a possible hint of the shift value, it is very hard to ",1,3
rfsd,many,4,5,"Unscrambling ""rfsd"" doesn't seem to give any valid English words. Some potential arrangements could be ""fdrs"", ""sdrf"", ""rdsf"", ""fsrd"", and ""sdfr"", but none of these are English words.

So, let's consider this as a Caesar cipher. A Caesar cipher works by shifting each letter in the plaintext by a certain number of places. The shift value means the number of positions each letter of the text has been moved to the right. We need to try various shifts to decode it. 

1. If we apply a shift of 1: 
   The ciphertext ""rfsd"" becomes ""qerc"".

2. If we apply a shift of 2: 
   The ciphertext ""rfsd"" becomes ""pdqb"".

3. If we apply a shift of 3: 
   The ciphertext ""rfsd"" becomes ""ocpa"".

4. If we apply a shift of 4: 
   The ciphertext ""rfsd"" becomes ""nboz"".

5. If we apply a shift of 5: 
   The ciphertext ""rfsd"" becomes ""manx"".

Unfortunately, none of these are recognizable English words. Without having more information, such as the context or a possible hint of the shift value, it is very hard to determine the original plaintext. It's also possible that this isn't a Caesar cipher or an anagram of a common English word.",0,20,"Unscrambling ""rfsd"" doesn't seem to give any valid English words. Some potential arrangements could be ""fdrs"", ""sdrf"", ""rdsf"", ""fsrd"", and ""sdfr"", but none of these are English words.

So, let's consider this as a Caesar cipher. A Caesar cipher works by shifting each letter in the plaintext by a certain number of places. The shift value means the number of positions each letter of the text has been moved to the right. We need to try various shifts to decode it. 

1. If we apply a shift of 1: 
   The ciphertext ""rfsd"" becomes ""qerc"".

2. If we apply a shift of 2: 
   The ciphertext ""rfsd"" becomes ""pdqb"".

3. If we apply a shift of 3: 
   The ciphertext ""rfsd"" becomes ""ocpa"".

4. If we apply a shift of 4: 
   The ciphertext ""rfsd"" becomes ""nboz"".

5. If we apply a shift of 5: 
   The ciphertext ""rfsd"" becomes ""manx"".

Unfortunately, none of these are recognizable English words. Without having more information, such as the context or a possible hint of the shift value, it is very hard to determine the original plaintext. It's also possib",1,3
rfsd,many,4,5,"Unscrambling ""rfsd"" doesn't seem to give any valid English words. Some potential arrangements could be ""fdrs"", ""sdrf"", ""rdsf"", ""fsrd"", and ""sdfr"", but none of these are English words.

So, let's consider this as a Caesar cipher. A Caesar cipher works by shifting each letter in the plaintext by a certain number of places. The shift value means the number of positions each letter of the text has been moved to the right. We need to try various shifts to decode it. 

1. If we apply a shift of 1: 
   The ciphertext ""rfsd"" becomes ""qerc"".

2. If we apply a shift of 2: 
   The ciphertext ""rfsd"" becomes ""pdqb"".

3. If we apply a shift of 3: 
   The ciphertext ""rfsd"" becomes ""ocpa"".

4. If we apply a shift of 4: 
   The ciphertext ""rfsd"" becomes ""nboz"".

5. If we apply a shift of 5: 
   The ciphertext ""rfsd"" becomes ""manx"".

Unfortunately, none of these are recognizable English words. Without having more information, such as the context or a possible hint of the shift value, it is very hard to determine the original plaintext. It's also possible that this isn't a Caesar cipher or an anagram of a common English word.",0,21,"Unscrambling ""rfsd"" doesn't seem to give any valid English words. Some potential arrangements could be ""fdrs"", ""sdrf"", ""rdsf"", ""fsrd"", and ""sdfr"", but none of these are English words.

So, let's consider this as a Caesar cipher. A Caesar cipher works by shifting each letter in the plaintext by a certain number of places. The shift value means the number of positions each letter of the text has been moved to the right. We need to try various shifts to decode it. 

1. If we apply a shift of 1: 
   The ciphertext ""rfsd"" becomes ""qerc"".

2. If we apply a shift of 2: 
   The ciphertext ""rfsd"" becomes ""pdqb"".

3. If we apply a shift of 3: 
   The ciphertext ""rfsd"" becomes ""ocpa"".

4. If we apply a shift of 4: 
   The ciphertext ""rfsd"" becomes ""nboz"".

5. If we apply a shift of 5: 
   The ciphertext ""rfsd"" becomes ""manx"".

Unfortunately, none of these are recognizable English words. Without having more information, such as the context or a possible hint of the shift value, it is very hard to determine the original plaintext. It's also possible that this isn't a Caesar cipher or an anagram o",1,3
rfsd,many,4,5,"Unscrambling ""rfsd"" doesn't seem to give any valid English words. Some potential arrangements could be ""fdrs"", ""sdrf"", ""rdsf"", ""fsrd"", and ""sdfr"", but none of these are English words.

So, let's consider this as a Caesar cipher. A Caesar cipher works by shifting each letter in the plaintext by a certain number of places. The shift value means the number of positions each letter of the text has been moved to the right. We need to try various shifts to decode it. 

1. If we apply a shift of 1: 
   The ciphertext ""rfsd"" becomes ""qerc"".

2. If we apply a shift of 2: 
   The ciphertext ""rfsd"" becomes ""pdqb"".

3. If we apply a shift of 3: 
   The ciphertext ""rfsd"" becomes ""ocpa"".

4. If we apply a shift of 4: 
   The ciphertext ""rfsd"" becomes ""nboz"".

5. If we apply a shift of 5: 
   The ciphertext ""rfsd"" becomes ""manx"".

Unfortunately, none of these are recognizable English words. Without having more information, such as the context or a possible hint of the shift value, it is very hard to determine the original plaintext. It's also possible that this isn't a Caesar cipher or an anagram of a common English word.",0,22,"Unscrambling ""rfsd"" doesn't seem to give any valid English words. Some potential arrangements could be ""fdrs"", ""sdrf"", ""rdsf"", ""fsrd"", and ""sdfr"", but none of these are English words.

So, let's consider this as a Caesar cipher. A Caesar cipher works by shifting each letter in the plaintext by a certain number of places. The shift value means the number of positions each letter of the text has been moved to the right. We need to try various shifts to decode it. 

1. If we apply a shift of 1: 
   The ciphertext ""rfsd"" becomes ""qerc"".

2. If we apply a shift of 2: 
   The ciphertext ""rfsd"" becomes ""pdqb"".

3. If we apply a shift of 3: 
   The ciphertext ""rfsd"" becomes ""ocpa"".

4. If we apply a shift of 4: 
   The ciphertext ""rfsd"" becomes ""nboz"".

5. If we apply a shift of 5: 
   The ciphertext ""rfsd"" becomes ""manx"".

Unfortunately, none of these are recognizable English words. Without having more information, such as the context or a possible hint of the shift value, it is very hard to determine the original plaintext. It's also possible that this isn't a Caesar cipher or an anagram of a common English word.",1,3
hbnft,games,5,1,"The five different ways I can unscramble the word ""hbnft"" as English words:

1) Baths
2) Batch
3) Stab
4) Tabs
5) Bahts

None of these are English words if I use every letter. ""stab"" and ""tabs"" are, but they only use 4 of the 5 letters.

Now I can try treating the ciphertext as a Caesar cipher and try to decrypt it using at least 5 different shifts. 

- Shift 1: iamgu
- Shift 2: jbnhv
- Shift 3: kcoiw
- Shift 4: ldpjx
- Shift 5: meqky

None of these seem to be English words. Let's continue a bit further: 

- Shift 13: uosa 

This still does not appear to be an English word. Let's try the Caesar cipher in the opposite direction:

- Shift -1: gamse
- Shift -2: flzrd
- Shift -3: ekyqc
- Shift -4: djxpb
- Shift -5: ciwoa

None of these seem to be English words either. 

So, in this case, it seems that the text does not work as a typical anagram or Caesar cipher in English.
",0,0,The five different ways I can unscramble the word ,0,4
hbnft,games,5,1,"The five different ways I can unscramble the word ""hbnft"" as English words:

1) Baths
2) Batch
3) Stab
4) Tabs
5) Bahts

None of these are English words if I use every letter. ""stab"" and ""tabs"" are, but they only use 4 of the 5 letters.

Now I can try treating the ciphertext as a Caesar cipher and try to decrypt it using at least 5 different shifts. 

- Shift 1: iamgu
- Shift 2: jbnhv
- Shift 3: kcoiw
- Shift 4: ldpjx
- Shift 5: meqky

None of these seem to be English words. Let's continue a bit further: 

- Shift 13: uosa 

This still does not appear to be an English word. Let's try the Caesar cipher in the opposite direction:

- Shift -1: gamse
- Shift -2: flzrd
- Shift -3: ekyqc
- Shift -4: djxpb
- Shift -5: ciwoa

None of these seem to be English words either. 

So, in this case, it seems that the text does not work as a typical anagram or Caesar cipher in English.
",0,1,"The five different ways I can unscramble the word ""hbnft"" as English words:

1) Baths
2) Batch
3) St",0,4
hbnft,games,5,1,"The five different ways I can unscramble the word ""hbnft"" as English words:

1) Baths
2) Batch
3) Stab
4) Tabs
5) Bahts

None of these are English words if I use every letter. ""stab"" and ""tabs"" are, but they only use 4 of the 5 letters.

Now I can try treating the ciphertext as a Caesar cipher and try to decrypt it using at least 5 different shifts. 

- Shift 1: iamgu
- Shift 2: jbnhv
- Shift 3: kcoiw
- Shift 4: ldpjx
- Shift 5: meqky

None of these seem to be English words. Let's continue a bit further: 

- Shift 13: uosa 

This still does not appear to be an English word. Let's try the Caesar cipher in the opposite direction:

- Shift -1: gamse
- Shift -2: flzrd
- Shift -3: ekyqc
- Shift -4: djxpb
- Shift -5: ciwoa

None of these seem to be English words either. 

So, in this case, it seems that the text does not work as a typical anagram or Caesar cipher in English.
",0,2,"The five different ways I can unscramble the word ""hbnft"" as English words:

1) Baths
2) Batch
3) Stab
4) Tabs
5) Bahts

None of these are English wor",0,4
hbnft,games,5,1,"The five different ways I can unscramble the word ""hbnft"" as English words:

1) Baths
2) Batch
3) Stab
4) Tabs
5) Bahts

None of these are English words if I use every letter. ""stab"" and ""tabs"" are, but they only use 4 of the 5 letters.

Now I can try treating the ciphertext as a Caesar cipher and try to decrypt it using at least 5 different shifts. 

- Shift 1: iamgu
- Shift 2: jbnhv
- Shift 3: kcoiw
- Shift 4: ldpjx
- Shift 5: meqky

None of these seem to be English words. Let's continue a bit further: 

- Shift 13: uosa 

This still does not appear to be an English word. Let's try the Caesar cipher in the opposite direction:

- Shift -1: gamse
- Shift -2: flzrd
- Shift -3: ekyqc
- Shift -4: djxpb
- Shift -5: ciwoa

None of these seem to be English words either. 

So, in this case, it seems that the text does not work as a typical anagram or Caesar cipher in English.
",0,3,"The five different ways I can unscramble the word ""hbnft"" as English words:

1) Baths
2) Batch
3) Stab
4) Tabs
5) Bahts

None of these are English words if I use every letter. ""stab"" and ""tabs"" are, b",0,4
hbnft,games,5,1,"The five different ways I can unscramble the word ""hbnft"" as English words:

1) Baths
2) Batch
3) Stab
4) Tabs
5) Bahts

None of these are English words if I use every letter. ""stab"" and ""tabs"" are, but they only use 4 of the 5 letters.

Now I can try treating the ciphertext as a Caesar cipher and try to decrypt it using at least 5 different shifts. 

- Shift 1: iamgu
- Shift 2: jbnhv
- Shift 3: kcoiw
- Shift 4: ldpjx
- Shift 5: meqky

None of these seem to be English words. Let's continue a bit further: 

- Shift 13: uosa 

This still does not appear to be an English word. Let's try the Caesar cipher in the opposite direction:

- Shift -1: gamse
- Shift -2: flzrd
- Shift -3: ekyqc
- Shift -4: djxpb
- Shift -5: ciwoa

None of these seem to be English words either. 

So, in this case, it seems that the text does not work as a typical anagram or Caesar cipher in English.
",0,4,"The five different ways I can unscramble the word ""hbnft"" as English words:

1) Baths
2) Batch
3) Stab
4) Tabs
5) Bahts

None of these are English words if I use every letter. ""stab"" and ""tabs"" are, but they only use 4 of the 5 letters.

Now I can tr",1,4
hbnft,games,5,1,"The five different ways I can unscramble the word ""hbnft"" as English words:

1) Baths
2) Batch
3) Stab
4) Tabs
5) Bahts

None of these are English words if I use every letter. ""stab"" and ""tabs"" are, but they only use 4 of the 5 letters.

Now I can try treating the ciphertext as a Caesar cipher and try to decrypt it using at least 5 different shifts. 

- Shift 1: iamgu
- Shift 2: jbnhv
- Shift 3: kcoiw
- Shift 4: ldpjx
- Shift 5: meqky

None of these seem to be English words. Let's continue a bit further: 

- Shift 13: uosa 

This still does not appear to be an English word. Let's try the Caesar cipher in the opposite direction:

- Shift -1: gamse
- Shift -2: flzrd
- Shift -3: ekyqc
- Shift -4: djxpb
- Shift -5: ciwoa

None of these seem to be English words either. 

So, in this case, it seems that the text does not work as a typical anagram or Caesar cipher in English.
",0,5,"The five different ways I can unscramble the word ""hbnft"" as English words:

1) Baths
2) Batch
3) Stab
4) Tabs
5) Bahts

None of these are English words if I use every letter. ""stab"" and ""tabs"" are, but they only use 4 of the 5 letters.

Now I can try treating the ciphertext as a Caesar cipher and t",1,4
hbnft,games,5,1,"The five different ways I can unscramble the word ""hbnft"" as English words:

1) Baths
2) Batch
3) Stab
4) Tabs
5) Bahts

None of these are English words if I use every letter. ""stab"" and ""tabs"" are, but they only use 4 of the 5 letters.

Now I can try treating the ciphertext as a Caesar cipher and try to decrypt it using at least 5 different shifts. 

- Shift 1: iamgu
- Shift 2: jbnhv
- Shift 3: kcoiw
- Shift 4: ldpjx
- Shift 5: meqky

None of these seem to be English words. Let's continue a bit further: 

- Shift 13: uosa 

This still does not appear to be an English word. Let's try the Caesar cipher in the opposite direction:

- Shift -1: gamse
- Shift -2: flzrd
- Shift -3: ekyqc
- Shift -4: djxpb
- Shift -5: ciwoa

None of these seem to be English words either. 

So, in this case, it seems that the text does not work as a typical anagram or Caesar cipher in English.
",0,6,"The five different ways I can unscramble the word ""hbnft"" as English words:

1) Baths
2) Batch
3) Stab
4) Tabs
5) Bahts

None of these are English words if I use every letter. ""stab"" and ""tabs"" are, but they only use 4 of the 5 letters.

Now I can try treating the ciphertext as a Caesar cipher and try to decrypt it using at least 5 different shifts",1,4
hbnft,games,5,1,"The five different ways I can unscramble the word ""hbnft"" as English words:

1) Baths
2) Batch
3) Stab
4) Tabs
5) Bahts

None of these are English words if I use every letter. ""stab"" and ""tabs"" are, but they only use 4 of the 5 letters.

Now I can try treating the ciphertext as a Caesar cipher and try to decrypt it using at least 5 different shifts. 

- Shift 1: iamgu
- Shift 2: jbnhv
- Shift 3: kcoiw
- Shift 4: ldpjx
- Shift 5: meqky

None of these seem to be English words. Let's continue a bit further: 

- Shift 13: uosa 

This still does not appear to be an English word. Let's try the Caesar cipher in the opposite direction:

- Shift -1: gamse
- Shift -2: flzrd
- Shift -3: ekyqc
- Shift -4: djxpb
- Shift -5: ciwoa

None of these seem to be English words either. 

So, in this case, it seems that the text does not work as a typical anagram or Caesar cipher in English.
",0,7,"The five different ways I can unscramble the word ""hbnft"" as English words:

1) Baths
2) Batch
3) Stab
4) Tabs
5) Bahts

None of these are English words if I use every letter. ""stab"" and ""tabs"" are, but they only use 4 of the 5 letters.

Now I can try treating the ciphertext as a Caesar cipher and try to decrypt it using at least 5 different shifts. 

- Shift 1: iamgu
- Shift 2: jbnhv
- Shift 3: k",1,4
hbnft,games,5,1,"The five different ways I can unscramble the word ""hbnft"" as English words:

1) Baths
2) Batch
3) Stab
4) Tabs
5) Bahts

None of these are English words if I use every letter. ""stab"" and ""tabs"" are, but they only use 4 of the 5 letters.

Now I can try treating the ciphertext as a Caesar cipher and try to decrypt it using at least 5 different shifts. 

- Shift 1: iamgu
- Shift 2: jbnhv
- Shift 3: kcoiw
- Shift 4: ldpjx
- Shift 5: meqky

None of these seem to be English words. Let's continue a bit further: 

- Shift 13: uosa 

This still does not appear to be an English word. Let's try the Caesar cipher in the opposite direction:

- Shift -1: gamse
- Shift -2: flzrd
- Shift -3: ekyqc
- Shift -4: djxpb
- Shift -5: ciwoa

None of these seem to be English words either. 

So, in this case, it seems that the text does not work as a typical anagram or Caesar cipher in English.
",0,8,"The five different ways I can unscramble the word ""hbnft"" as English words:

1) Baths
2) Batch
3) Stab
4) Tabs
5) Bahts

None of these are English words if I use every letter. ""stab"" and ""tabs"" are, but they only use 4 of the 5 letters.

Now I can try treating the ciphertext as a Caesar cipher and try to decrypt it using at least 5 different shifts. 

- Shift 1: iamgu
- Shift 2: jbnhv
- Shift 3: kcoiw
- Shift 4: ldpjx
- Shift 5: meqky

None of th",1,4
hbnft,games,5,1,"The five different ways I can unscramble the word ""hbnft"" as English words:

1) Baths
2) Batch
3) Stab
4) Tabs
5) Bahts

None of these are English words if I use every letter. ""stab"" and ""tabs"" are, but they only use 4 of the 5 letters.

Now I can try treating the ciphertext as a Caesar cipher and try to decrypt it using at least 5 different shifts. 

- Shift 1: iamgu
- Shift 2: jbnhv
- Shift 3: kcoiw
- Shift 4: ldpjx
- Shift 5: meqky

None of these seem to be English words. Let's continue a bit further: 

- Shift 13: uosa 

This still does not appear to be an English word. Let's try the Caesar cipher in the opposite direction:

- Shift -1: gamse
- Shift -2: flzrd
- Shift -3: ekyqc
- Shift -4: djxpb
- Shift -5: ciwoa

None of these seem to be English words either. 

So, in this case, it seems that the text does not work as a typical anagram or Caesar cipher in English.
",0,9,"The five different ways I can unscramble the word ""hbnft"" as English words:

1) Baths
2) Batch
3) Stab
4) Tabs
5) Bahts

None of these are English words if I use every letter. ""stab"" and ""tabs"" are, but they only use 4 of the 5 letters.

Now I can try treating the ciphertext as a Caesar cipher and try to decrypt it using at least 5 different shifts. 

- Shift 1: iamgu
- Shift 2: jbnhv
- Shift 3: kcoiw
- Shift 4: ldpjx
- Shift 5: meqky

None of these seem to be English words. Let's continue a bit",1,4
hbnft,games,5,1,"The five different ways I can unscramble the word ""hbnft"" as English words:

1) Baths
2) Batch
3) Stab
4) Tabs
5) Bahts

None of these are English words if I use every letter. ""stab"" and ""tabs"" are, but they only use 4 of the 5 letters.

Now I can try treating the ciphertext as a Caesar cipher and try to decrypt it using at least 5 different shifts. 

- Shift 1: iamgu
- Shift 2: jbnhv
- Shift 3: kcoiw
- Shift 4: ldpjx
- Shift 5: meqky

None of these seem to be English words. Let's continue a bit further: 

- Shift 13: uosa 

This still does not appear to be an English word. Let's try the Caesar cipher in the opposite direction:

- Shift -1: gamse
- Shift -2: flzrd
- Shift -3: ekyqc
- Shift -4: djxpb
- Shift -5: ciwoa

None of these seem to be English words either. 

So, in this case, it seems that the text does not work as a typical anagram or Caesar cipher in English.
",0,10,"The five different ways I can unscramble the word ""hbnft"" as English words:

1) Baths
2) Batch
3) Stab
4) Tabs
5) Bahts

None of these are English words if I use every letter. ""stab"" and ""tabs"" are, but they only use 4 of the 5 letters.

Now I can try treating the ciphertext as a Caesar cipher and try to decrypt it using at least 5 different shifts. 

- Shift 1: iamgu
- Shift 2: jbnhv
- Shift 3: kcoiw
- Shift 4: ldpjx
- Shift 5: meqky

None of these seem to be English words. Let's continue a bit further: 

- Shift 13: uosa 

This still does not",1,4
hbnft,games,5,1,"The five different ways I can unscramble the word ""hbnft"" as English words:

1) Baths
2) Batch
3) Stab
4) Tabs
5) Bahts

None of these are English words if I use every letter. ""stab"" and ""tabs"" are, but they only use 4 of the 5 letters.

Now I can try treating the ciphertext as a Caesar cipher and try to decrypt it using at least 5 different shifts. 

- Shift 1: iamgu
- Shift 2: jbnhv
- Shift 3: kcoiw
- Shift 4: ldpjx
- Shift 5: meqky

None of these seem to be English words. Let's continue a bit further: 

- Shift 13: uosa 

This still does not appear to be an English word. Let's try the Caesar cipher in the opposite direction:

- Shift -1: gamse
- Shift -2: flzrd
- Shift -3: ekyqc
- Shift -4: djxpb
- Shift -5: ciwoa

None of these seem to be English words either. 

So, in this case, it seems that the text does not work as a typical anagram or Caesar cipher in English.
",0,11,"The five different ways I can unscramble the word ""hbnft"" as English words:

1) Baths
2) Batch
3) Stab
4) Tabs
5) Bahts

None of these are English words if I use every letter. ""stab"" and ""tabs"" are, but they only use 4 of the 5 letters.

Now I can try treating the ciphertext as a Caesar cipher and try to decrypt it using at least 5 different shifts. 

- Shift 1: iamgu
- Shift 2: jbnhv
- Shift 3: kcoiw
- Shift 4: ldpjx
- Shift 5: meqky

None of these seem to be English words. Let's continue a bit further: 

- Shift 13: uosa 

This still does not appear to be an English word. Let's try the Caesa",1,4
hbnft,games,5,1,"The five different ways I can unscramble the word ""hbnft"" as English words:

1) Baths
2) Batch
3) Stab
4) Tabs
5) Bahts

None of these are English words if I use every letter. ""stab"" and ""tabs"" are, but they only use 4 of the 5 letters.

Now I can try treating the ciphertext as a Caesar cipher and try to decrypt it using at least 5 different shifts. 

- Shift 1: iamgu
- Shift 2: jbnhv
- Shift 3: kcoiw
- Shift 4: ldpjx
- Shift 5: meqky

None of these seem to be English words. Let's continue a bit further: 

- Shift 13: uosa 

This still does not appear to be an English word. Let's try the Caesar cipher in the opposite direction:

- Shift -1: gamse
- Shift -2: flzrd
- Shift -3: ekyqc
- Shift -4: djxpb
- Shift -5: ciwoa

None of these seem to be English words either. 

So, in this case, it seems that the text does not work as a typical anagram or Caesar cipher in English.
",0,12,"The five different ways I can unscramble the word ""hbnft"" as English words:

1) Baths
2) Batch
3) Stab
4) Tabs
5) Bahts

None of these are English words if I use every letter. ""stab"" and ""tabs"" are, but they only use 4 of the 5 letters.

Now I can try treating the ciphertext as a Caesar cipher and try to decrypt it using at least 5 different shifts. 

- Shift 1: iamgu
- Shift 2: jbnhv
- Shift 3: kcoiw
- Shift 4: ldpjx
- Shift 5: meqky

None of these seem to be English words. Let's continue a bit further: 

- Shift 13: uosa 

This still does not appear to be an English word. Let's try the Caesar cipher in the opposite direction:

- Shift -1: g",1,4
hbnft,games,5,1,"The five different ways I can unscramble the word ""hbnft"" as English words:

1) Baths
2) Batch
3) Stab
4) Tabs
5) Bahts

None of these are English words if I use every letter. ""stab"" and ""tabs"" are, but they only use 4 of the 5 letters.

Now I can try treating the ciphertext as a Caesar cipher and try to decrypt it using at least 5 different shifts. 

- Shift 1: iamgu
- Shift 2: jbnhv
- Shift 3: kcoiw
- Shift 4: ldpjx
- Shift 5: meqky

None of these seem to be English words. Let's continue a bit further: 

- Shift 13: uosa 

This still does not appear to be an English word. Let's try the Caesar cipher in the opposite direction:

- Shift -1: gamse
- Shift -2: flzrd
- Shift -3: ekyqc
- Shift -4: djxpb
- Shift -5: ciwoa

None of these seem to be English words either. 

So, in this case, it seems that the text does not work as a typical anagram or Caesar cipher in English.
",0,13,"The five different ways I can unscramble the word ""hbnft"" as English words:

1) Baths
2) Batch
3) Stab
4) Tabs
5) Bahts

None of these are English words if I use every letter. ""stab"" and ""tabs"" are, but they only use 4 of the 5 letters.

Now I can try treating the ciphertext as a Caesar cipher and try to decrypt it using at least 5 different shifts. 

- Shift 1: iamgu
- Shift 2: jbnhv
- Shift 3: kcoiw
- Shift 4: ldpjx
- Shift 5: meqky

None of these seem to be English words. Let's continue a bit further: 

- Shift 13: uosa 

This still does not appear to be an English word. Let's try the Caesar cipher in the opposite direction:

- Shift -1: gamse
- Shift -2: flzrd
- Shift -3: ekyqc
- Shift -",1,4
hbnft,games,5,1,"The five different ways I can unscramble the word ""hbnft"" as English words:

1) Baths
2) Batch
3) Stab
4) Tabs
5) Bahts

None of these are English words if I use every letter. ""stab"" and ""tabs"" are, but they only use 4 of the 5 letters.

Now I can try treating the ciphertext as a Caesar cipher and try to decrypt it using at least 5 different shifts. 

- Shift 1: iamgu
- Shift 2: jbnhv
- Shift 3: kcoiw
- Shift 4: ldpjx
- Shift 5: meqky

None of these seem to be English words. Let's continue a bit further: 

- Shift 13: uosa 

This still does not appear to be an English word. Let's try the Caesar cipher in the opposite direction:

- Shift -1: gamse
- Shift -2: flzrd
- Shift -3: ekyqc
- Shift -4: djxpb
- Shift -5: ciwoa

None of these seem to be English words either. 

So, in this case, it seems that the text does not work as a typical anagram or Caesar cipher in English.
",0,14,"The five different ways I can unscramble the word ""hbnft"" as English words:

1) Baths
2) Batch
3) Stab
4) Tabs
5) Bahts

None of these are English words if I use every letter. ""stab"" and ""tabs"" are, but they only use 4 of the 5 letters.

Now I can try treating the ciphertext as a Caesar cipher and try to decrypt it using at least 5 different shifts. 

- Shift 1: iamgu
- Shift 2: jbnhv
- Shift 3: kcoiw
- Shift 4: ldpjx
- Shift 5: meqky

None of these seem to be English words. Let's continue a bit further: 

- Shift 13: uosa 

This still does not appear to be an English word. Let's try the Caesar cipher in the opposite direction:

- Shift -1: gamse
- Shift -2: flzrd
- Shift -3: ekyqc
- Shift -4: djxpb
- Shift -5: ciwoa

None of these seem to ",1,4
hbnft,games,5,1,"The five different ways I can unscramble the word ""hbnft"" as English words:

1) Baths
2) Batch
3) Stab
4) Tabs
5) Bahts

None of these are English words if I use every letter. ""stab"" and ""tabs"" are, but they only use 4 of the 5 letters.

Now I can try treating the ciphertext as a Caesar cipher and try to decrypt it using at least 5 different shifts. 

- Shift 1: iamgu
- Shift 2: jbnhv
- Shift 3: kcoiw
- Shift 4: ldpjx
- Shift 5: meqky

None of these seem to be English words. Let's continue a bit further: 

- Shift 13: uosa 

This still does not appear to be an English word. Let's try the Caesar cipher in the opposite direction:

- Shift -1: gamse
- Shift -2: flzrd
- Shift -3: ekyqc
- Shift -4: djxpb
- Shift -5: ciwoa

None of these seem to be English words either. 

So, in this case, it seems that the text does not work as a typical anagram or Caesar cipher in English.
",0,15,"The five different ways I can unscramble the word ""hbnft"" as English words:

1) Baths
2) Batch
3) Stab
4) Tabs
5) Bahts

None of these are English words if I use every letter. ""stab"" and ""tabs"" are, but they only use 4 of the 5 letters.

Now I can try treating the ciphertext as a Caesar cipher and try to decrypt it using at least 5 different shifts. 

- Shift 1: iamgu
- Shift 2: jbnhv
- Shift 3: kcoiw
- Shift 4: ldpjx
- Shift 5: meqky

None of these seem to be English words. Let's continue a bit further: 

- Shift 13: uosa 

This still does not appear to be an English word. Let's try the Caesar cipher in the opposite direction:

- Shift -1: gamse
- Shift -2: flzrd
- Shift -3: ekyqc
- Shift -4: djxpb
- Shift -5: ciwoa

None of these seem to be English words either. 

So, in this case, it se",1,4
hbnft,games,5,1,"The five different ways I can unscramble the word ""hbnft"" as English words:

1) Baths
2) Batch
3) Stab
4) Tabs
5) Bahts

None of these are English words if I use every letter. ""stab"" and ""tabs"" are, but they only use 4 of the 5 letters.

Now I can try treating the ciphertext as a Caesar cipher and try to decrypt it using at least 5 different shifts. 

- Shift 1: iamgu
- Shift 2: jbnhv
- Shift 3: kcoiw
- Shift 4: ldpjx
- Shift 5: meqky

None of these seem to be English words. Let's continue a bit further: 

- Shift 13: uosa 

This still does not appear to be an English word. Let's try the Caesar cipher in the opposite direction:

- Shift -1: gamse
- Shift -2: flzrd
- Shift -3: ekyqc
- Shift -4: djxpb
- Shift -5: ciwoa

None of these seem to be English words either. 

So, in this case, it seems that the text does not work as a typical anagram or Caesar cipher in English.
",0,16,"The five different ways I can unscramble the word ""hbnft"" as English words:

1) Baths
2) Batch
3) Stab
4) Tabs
5) Bahts

None of these are English words if I use every letter. ""stab"" and ""tabs"" are, but they only use 4 of the 5 letters.

Now I can try treating the ciphertext as a Caesar cipher and try to decrypt it using at least 5 different shifts. 

- Shift 1: iamgu
- Shift 2: jbnhv
- Shift 3: kcoiw
- Shift 4: ldpjx
- Shift 5: meqky

None of these seem to be English words. Let's continue a bit further: 

- Shift 13: uosa 

This still does not appear to be an English word. Let's try the Caesar cipher in the opposite direction:

- Shift -1: gamse
- Shift -2: flzrd
- Shift -3: ekyqc
- Shift -4: djxpb
- Shift -5: ciwoa

None of these seem to be English words either. 

So, in this case, it seems that the text does not work as a typical anagr",1,4
hbnft,games,5,1,"The five different ways I can unscramble the word ""hbnft"" as English words:

1) Baths
2) Batch
3) Stab
4) Tabs
5) Bahts

None of these are English words if I use every letter. ""stab"" and ""tabs"" are, but they only use 4 of the 5 letters.

Now I can try treating the ciphertext as a Caesar cipher and try to decrypt it using at least 5 different shifts. 

- Shift 1: iamgu
- Shift 2: jbnhv
- Shift 3: kcoiw
- Shift 4: ldpjx
- Shift 5: meqky

None of these seem to be English words. Let's continue a bit further: 

- Shift 13: uosa 

This still does not appear to be an English word. Let's try the Caesar cipher in the opposite direction:

- Shift -1: gamse
- Shift -2: flzrd
- Shift -3: ekyqc
- Shift -4: djxpb
- Shift -5: ciwoa

None of these seem to be English words either. 

So, in this case, it seems that the text does not work as a typical anagram or Caesar cipher in English.
",0,17,"The five different ways I can unscramble the word ""hbnft"" as English words:

1) Baths
2) Batch
3) Stab
4) Tabs
5) Bahts

None of these are English words if I use every letter. ""stab"" and ""tabs"" are, but they only use 4 of the 5 letters.

Now I can try treating the ciphertext as a Caesar cipher and try to decrypt it using at least 5 different shifts. 

- Shift 1: iamgu
- Shift 2: jbnhv
- Shift 3: kcoiw
- Shift 4: ldpjx
- Shift 5: meqky

None of these seem to be English words. Let's continue a bit further: 

- Shift 13: uosa 

This still does not appear to be an English word. Let's try the Caesar cipher in the opposite direction:

- Shift -1: gamse
- Shift -2: flzrd
- Shift -3: ekyqc
- Shift -4: djxpb
- Shift -5: ciwoa

None of these seem to be English words either. 

So, in this case, it seems that the text does not work as a typical anagram or Caesar cipher in English.
",1,4
yqwnf,would,5,2,"Anagram Attempts:

1. fwnyq
2. nfwyq
3. qwfyn
4. yqfnw
5. wqynf

Unfortunately I don't think any of these are valid English words.

Next I will try treating the cipher text as a Caesar Cipher and decrypting it with 5 different shifts.

1. Shift of 1: xpvmg
2. Shift of 2: woulf
3. Shift of 3: vntke
4. Shift of 4: umsjd
5. Shift of 5: tlrjc

None of these words appear to be valid English words either.

Next, considering Caesar Ciphers typically involve shifting the letters 3 places to the left or right, I'll try both.

If I shift yqwnf 3 places to the left I get: vnsvc
If I shift yqwnf 3 places to the right I get: btsbi

None of these are valid English words either. 

Finally, if I reverse the Caesar Cipher (shifting 23 places to the right, because 26 letters - 3 shift = 23), I get: vlcod.

Again, these are not valid English Words. 

Finally, let's try a simple Caesar Cipher decrypt using a shift of 13 (Rot13), it yields: ldjas.

Unfortunately, none of these shifts or attempts have yielded a simple, recognisable English word, so maybe the ciphertext isn't a Caesar Cipher or an Anagram. I'm sorry I wasn't able to solve it! Would you like me to try another method?",0,0,"Anagram Attempts:

1. fwnyq
2. nfwyq
3. qwfyn
4. y",0,2
yqwnf,would,5,2,"Anagram Attempts:

1. fwnyq
2. nfwyq
3. qwfyn
4. yqfnw
5. wqynf

Unfortunately I don't think any of these are valid English words.

Next I will try treating the cipher text as a Caesar Cipher and decrypting it with 5 different shifts.

1. Shift of 1: xpvmg
2. Shift of 2: woulf
3. Shift of 3: vntke
4. Shift of 4: umsjd
5. Shift of 5: tlrjc

None of these words appear to be valid English words either.

Next, considering Caesar Ciphers typically involve shifting the letters 3 places to the left or right, I'll try both.

If I shift yqwnf 3 places to the left I get: vnsvc
If I shift yqwnf 3 places to the right I get: btsbi

None of these are valid English words either. 

Finally, if I reverse the Caesar Cipher (shifting 23 places to the right, because 26 letters - 3 shift = 23), I get: vlcod.

Again, these are not valid English Words. 

Finally, let's try a simple Caesar Cipher decrypt using a shift of 13 (Rot13), it yields: ldjas.

Unfortunately, none of these shifts or attempts have yielded a simple, recognisable English word, so maybe the ciphertext isn't a Caesar Cipher or an Anagram. I'm sorry I wasn't able to solve it! Would you like me to try another method?",0,1,"Anagram Attempts:

1. fwnyq
2. nfwyq
3. qwfyn
4. yqfnw
5. wqynf

Unfortunately I don't think any of ",0,2
yqwnf,would,5,2,"Anagram Attempts:

1. fwnyq
2. nfwyq
3. qwfyn
4. yqfnw
5. wqynf

Unfortunately I don't think any of these are valid English words.

Next I will try treating the cipher text as a Caesar Cipher and decrypting it with 5 different shifts.

1. Shift of 1: xpvmg
2. Shift of 2: woulf
3. Shift of 3: vntke
4. Shift of 4: umsjd
5. Shift of 5: tlrjc

None of these words appear to be valid English words either.

Next, considering Caesar Ciphers typically involve shifting the letters 3 places to the left or right, I'll try both.

If I shift yqwnf 3 places to the left I get: vnsvc
If I shift yqwnf 3 places to the right I get: btsbi

None of these are valid English words either. 

Finally, if I reverse the Caesar Cipher (shifting 23 places to the right, because 26 letters - 3 shift = 23), I get: vlcod.

Again, these are not valid English Words. 

Finally, let's try a simple Caesar Cipher decrypt using a shift of 13 (Rot13), it yields: ldjas.

Unfortunately, none of these shifts or attempts have yielded a simple, recognisable English word, so maybe the ciphertext isn't a Caesar Cipher or an Anagram. I'm sorry I wasn't able to solve it! Would you like me to try another method?",0,2,"Anagram Attempts:

1. fwnyq
2. nfwyq
3. qwfyn
4. yqfnw
5. wqynf

Unfortunately I don't think any of these are valid English words.

Next I will try tr",1,2
yqwnf,would,5,2,"Anagram Attempts:

1. fwnyq
2. nfwyq
3. qwfyn
4. yqfnw
5. wqynf

Unfortunately I don't think any of these are valid English words.

Next I will try treating the cipher text as a Caesar Cipher and decrypting it with 5 different shifts.

1. Shift of 1: xpvmg
2. Shift of 2: woulf
3. Shift of 3: vntke
4. Shift of 4: umsjd
5. Shift of 5: tlrjc

None of these words appear to be valid English words either.

Next, considering Caesar Ciphers typically involve shifting the letters 3 places to the left or right, I'll try both.

If I shift yqwnf 3 places to the left I get: vnsvc
If I shift yqwnf 3 places to the right I get: btsbi

None of these are valid English words either. 

Finally, if I reverse the Caesar Cipher (shifting 23 places to the right, because 26 letters - 3 shift = 23), I get: vlcod.

Again, these are not valid English Words. 

Finally, let's try a simple Caesar Cipher decrypt using a shift of 13 (Rot13), it yields: ldjas.

Unfortunately, none of these shifts or attempts have yielded a simple, recognisable English word, so maybe the ciphertext isn't a Caesar Cipher or an Anagram. I'm sorry I wasn't able to solve it! Would you like me to try another method?",0,3,"Anagram Attempts:

1. fwnyq
2. nfwyq
3. qwfyn
4. yqfnw
5. wqynf

Unfortunately I don't think any of these are valid English words.

Next I will try treating the cipher text as a Caesar Cipher and decr",1,2
yqwnf,would,5,2,"Anagram Attempts:

1. fwnyq
2. nfwyq
3. qwfyn
4. yqfnw
5. wqynf

Unfortunately I don't think any of these are valid English words.

Next I will try treating the cipher text as a Caesar Cipher and decrypting it with 5 different shifts.

1. Shift of 1: xpvmg
2. Shift of 2: woulf
3. Shift of 3: vntke
4. Shift of 4: umsjd
5. Shift of 5: tlrjc

None of these words appear to be valid English words either.

Next, considering Caesar Ciphers typically involve shifting the letters 3 places to the left or right, I'll try both.

If I shift yqwnf 3 places to the left I get: vnsvc
If I shift yqwnf 3 places to the right I get: btsbi

None of these are valid English words either. 

Finally, if I reverse the Caesar Cipher (shifting 23 places to the right, because 26 letters - 3 shift = 23), I get: vlcod.

Again, these are not valid English Words. 

Finally, let's try a simple Caesar Cipher decrypt using a shift of 13 (Rot13), it yields: ldjas.

Unfortunately, none of these shifts or attempts have yielded a simple, recognisable English word, so maybe the ciphertext isn't a Caesar Cipher or an Anagram. I'm sorry I wasn't able to solve it! Would you like me to try another method?",0,4,"Anagram Attempts:

1. fwnyq
2. nfwyq
3. qwfyn
4. yqfnw
5. wqynf

Unfortunately I don't think any of these are valid English words.

Next I will try treating the cipher text as a Caesar Cipher and decrypting it with 5 different shifts.

1. Shift of 1:",1,2
yqwnf,would,5,2,"Anagram Attempts:

1. fwnyq
2. nfwyq
3. qwfyn
4. yqfnw
5. wqynf

Unfortunately I don't think any of these are valid English words.

Next I will try treating the cipher text as a Caesar Cipher and decrypting it with 5 different shifts.

1. Shift of 1: xpvmg
2. Shift of 2: woulf
3. Shift of 3: vntke
4. Shift of 4: umsjd
5. Shift of 5: tlrjc

None of these words appear to be valid English words either.

Next, considering Caesar Ciphers typically involve shifting the letters 3 places to the left or right, I'll try both.

If I shift yqwnf 3 places to the left I get: vnsvc
If I shift yqwnf 3 places to the right I get: btsbi

None of these are valid English words either. 

Finally, if I reverse the Caesar Cipher (shifting 23 places to the right, because 26 letters - 3 shift = 23), I get: vlcod.

Again, these are not valid English Words. 

Finally, let's try a simple Caesar Cipher decrypt using a shift of 13 (Rot13), it yields: ldjas.

Unfortunately, none of these shifts or attempts have yielded a simple, recognisable English word, so maybe the ciphertext isn't a Caesar Cipher or an Anagram. I'm sorry I wasn't able to solve it! Would you like me to try another method?",0,5,"Anagram Attempts:

1. fwnyq
2. nfwyq
3. qwfyn
4. yqfnw
5. wqynf

Unfortunately I don't think any of these are valid English words.

Next I will try treating the cipher text as a Caesar Cipher and decrypting it with 5 different shifts.

1. Shift of 1: xpvmg
2. Shift of 2: woulf
3. Shift of 3: vntke
4",1,2
yqwnf,would,5,2,"Anagram Attempts:

1. fwnyq
2. nfwyq
3. qwfyn
4. yqfnw
5. wqynf

Unfortunately I don't think any of these are valid English words.

Next I will try treating the cipher text as a Caesar Cipher and decrypting it with 5 different shifts.

1. Shift of 1: xpvmg
2. Shift of 2: woulf
3. Shift of 3: vntke
4. Shift of 4: umsjd
5. Shift of 5: tlrjc

None of these words appear to be valid English words either.

Next, considering Caesar Ciphers typically involve shifting the letters 3 places to the left or right, I'll try both.

If I shift yqwnf 3 places to the left I get: vnsvc
If I shift yqwnf 3 places to the right I get: btsbi

None of these are valid English words either. 

Finally, if I reverse the Caesar Cipher (shifting 23 places to the right, because 26 letters - 3 shift = 23), I get: vlcod.

Again, these are not valid English Words. 

Finally, let's try a simple Caesar Cipher decrypt using a shift of 13 (Rot13), it yields: ldjas.

Unfortunately, none of these shifts or attempts have yielded a simple, recognisable English word, so maybe the ciphertext isn't a Caesar Cipher or an Anagram. I'm sorry I wasn't able to solve it! Would you like me to try another method?",0,6,"Anagram Attempts:

1. fwnyq
2. nfwyq
3. qwfyn
4. yqfnw
5. wqynf

Unfortunately I don't think any of these are valid English words.

Next I will try treating the cipher text as a Caesar Cipher and decrypting it with 5 different shifts.

1. Shift of 1: xpvmg
2. Shift of 2: woulf
3. Shift of 3: vntke
4. Shift of 4: umsjd
5. Shift of 5: tlrjc

None of ",1,2
yqwnf,would,5,2,"Anagram Attempts:

1. fwnyq
2. nfwyq
3. qwfyn
4. yqfnw
5. wqynf

Unfortunately I don't think any of these are valid English words.

Next I will try treating the cipher text as a Caesar Cipher and decrypting it with 5 different shifts.

1. Shift of 1: xpvmg
2. Shift of 2: woulf
3. Shift of 3: vntke
4. Shift of 4: umsjd
5. Shift of 5: tlrjc

None of these words appear to be valid English words either.

Next, considering Caesar Ciphers typically involve shifting the letters 3 places to the left or right, I'll try both.

If I shift yqwnf 3 places to the left I get: vnsvc
If I shift yqwnf 3 places to the right I get: btsbi

None of these are valid English words either. 

Finally, if I reverse the Caesar Cipher (shifting 23 places to the right, because 26 letters - 3 shift = 23), I get: vlcod.

Again, these are not valid English Words. 

Finally, let's try a simple Caesar Cipher decrypt using a shift of 13 (Rot13), it yields: ldjas.

Unfortunately, none of these shifts or attempts have yielded a simple, recognisable English word, so maybe the ciphertext isn't a Caesar Cipher or an Anagram. I'm sorry I wasn't able to solve it! Would you like me to try another method?",0,7,"Anagram Attempts:

1. fwnyq
2. nfwyq
3. qwfyn
4. yqfnw
5. wqynf

Unfortunately I don't think any of these are valid English words.

Next I will try treating the cipher text as a Caesar Cipher and decrypting it with 5 different shifts.

1. Shift of 1: xpvmg
2. Shift of 2: woulf
3. Shift of 3: vntke
4. Shift of 4: umsjd
5. Shift of 5: tlrjc

None of these words appear to be valid English words eithe",1,2
yqwnf,would,5,2,"Anagram Attempts:

1. fwnyq
2. nfwyq
3. qwfyn
4. yqfnw
5. wqynf

Unfortunately I don't think any of these are valid English words.

Next I will try treating the cipher text as a Caesar Cipher and decrypting it with 5 different shifts.

1. Shift of 1: xpvmg
2. Shift of 2: woulf
3. Shift of 3: vntke
4. Shift of 4: umsjd
5. Shift of 5: tlrjc

None of these words appear to be valid English words either.

Next, considering Caesar Ciphers typically involve shifting the letters 3 places to the left or right, I'll try both.

If I shift yqwnf 3 places to the left I get: vnsvc
If I shift yqwnf 3 places to the right I get: btsbi

None of these are valid English words either. 

Finally, if I reverse the Caesar Cipher (shifting 23 places to the right, because 26 letters - 3 shift = 23), I get: vlcod.

Again, these are not valid English Words. 

Finally, let's try a simple Caesar Cipher decrypt using a shift of 13 (Rot13), it yields: ldjas.

Unfortunately, none of these shifts or attempts have yielded a simple, recognisable English word, so maybe the ciphertext isn't a Caesar Cipher or an Anagram. I'm sorry I wasn't able to solve it! Would you like me to try another method?",0,8,"Anagram Attempts:

1. fwnyq
2. nfwyq
3. qwfyn
4. yqfnw
5. wqynf

Unfortunately I don't think any of these are valid English words.

Next I will try treating the cipher text as a Caesar Cipher and decrypting it with 5 different shifts.

1. Shift of 1: xpvmg
2. Shift of 2: woulf
3. Shift of 3: vntke
4. Shift of 4: umsjd
5. Shift of 5: tlrjc

None of these words appear to be valid English words either.

Next, considering Caesar Ciphers typically inv",1,2
yqwnf,would,5,2,"Anagram Attempts:

1. fwnyq
2. nfwyq
3. qwfyn
4. yqfnw
5. wqynf

Unfortunately I don't think any of these are valid English words.

Next I will try treating the cipher text as a Caesar Cipher and decrypting it with 5 different shifts.

1. Shift of 1: xpvmg
2. Shift of 2: woulf
3. Shift of 3: vntke
4. Shift of 4: umsjd
5. Shift of 5: tlrjc

None of these words appear to be valid English words either.

Next, considering Caesar Ciphers typically involve shifting the letters 3 places to the left or right, I'll try both.

If I shift yqwnf 3 places to the left I get: vnsvc
If I shift yqwnf 3 places to the right I get: btsbi

None of these are valid English words either. 

Finally, if I reverse the Caesar Cipher (shifting 23 places to the right, because 26 letters - 3 shift = 23), I get: vlcod.

Again, these are not valid English Words. 

Finally, let's try a simple Caesar Cipher decrypt using a shift of 13 (Rot13), it yields: ldjas.

Unfortunately, none of these shifts or attempts have yielded a simple, recognisable English word, so maybe the ciphertext isn't a Caesar Cipher or an Anagram. I'm sorry I wasn't able to solve it! Would you like me to try another method?",0,9,"Anagram Attempts:

1. fwnyq
2. nfwyq
3. qwfyn
4. yqfnw
5. wqynf

Unfortunately I don't think any of these are valid English words.

Next I will try treating the cipher text as a Caesar Cipher and decrypting it with 5 different shifts.

1. Shift of 1: xpvmg
2. Shift of 2: woulf
3. Shift of 3: vntke
4. Shift of 4: umsjd
5. Shift of 5: tlrjc

None of these words appear to be valid English words either.

Next, considering Caesar Ciphers typically involve shifting the letters 3 places to the left or ",1,2
yqwnf,would,5,2,"Anagram Attempts:

1. fwnyq
2. nfwyq
3. qwfyn
4. yqfnw
5. wqynf

Unfortunately I don't think any of these are valid English words.

Next I will try treating the cipher text as a Caesar Cipher and decrypting it with 5 different shifts.

1. Shift of 1: xpvmg
2. Shift of 2: woulf
3. Shift of 3: vntke
4. Shift of 4: umsjd
5. Shift of 5: tlrjc

None of these words appear to be valid English words either.

Next, considering Caesar Ciphers typically involve shifting the letters 3 places to the left or right, I'll try both.

If I shift yqwnf 3 places to the left I get: vnsvc
If I shift yqwnf 3 places to the right I get: btsbi

None of these are valid English words either. 

Finally, if I reverse the Caesar Cipher (shifting 23 places to the right, because 26 letters - 3 shift = 23), I get: vlcod.

Again, these are not valid English Words. 

Finally, let's try a simple Caesar Cipher decrypt using a shift of 13 (Rot13), it yields: ldjas.

Unfortunately, none of these shifts or attempts have yielded a simple, recognisable English word, so maybe the ciphertext isn't a Caesar Cipher or an Anagram. I'm sorry I wasn't able to solve it! Would you like me to try another method?",0,10,"Anagram Attempts:

1. fwnyq
2. nfwyq
3. qwfyn
4. yqfnw
5. wqynf

Unfortunately I don't think any of these are valid English words.

Next I will try treating the cipher text as a Caesar Cipher and decrypting it with 5 different shifts.

1. Shift of 1: xpvmg
2. Shift of 2: woulf
3. Shift of 3: vntke
4. Shift of 4: umsjd
5. Shift of 5: tlrjc

None of these words appear to be valid English words either.

Next, considering Caesar Ciphers typically involve shifting the letters 3 places to the left or right, I'll try both.

If I shift yqwnf 3 places t",1,2
yqwnf,would,5,2,"Anagram Attempts:

1. fwnyq
2. nfwyq
3. qwfyn
4. yqfnw
5. wqynf

Unfortunately I don't think any of these are valid English words.

Next I will try treating the cipher text as a Caesar Cipher and decrypting it with 5 different shifts.

1. Shift of 1: xpvmg
2. Shift of 2: woulf
3. Shift of 3: vntke
4. Shift of 4: umsjd
5. Shift of 5: tlrjc

None of these words appear to be valid English words either.

Next, considering Caesar Ciphers typically involve shifting the letters 3 places to the left or right, I'll try both.

If I shift yqwnf 3 places to the left I get: vnsvc
If I shift yqwnf 3 places to the right I get: btsbi

None of these are valid English words either. 

Finally, if I reverse the Caesar Cipher (shifting 23 places to the right, because 26 letters - 3 shift = 23), I get: vlcod.

Again, these are not valid English Words. 

Finally, let's try a simple Caesar Cipher decrypt using a shift of 13 (Rot13), it yields: ldjas.

Unfortunately, none of these shifts or attempts have yielded a simple, recognisable English word, so maybe the ciphertext isn't a Caesar Cipher or an Anagram. I'm sorry I wasn't able to solve it! Would you like me to try another method?",0,11,"Anagram Attempts:

1. fwnyq
2. nfwyq
3. qwfyn
4. yqfnw
5. wqynf

Unfortunately I don't think any of these are valid English words.

Next I will try treating the cipher text as a Caesar Cipher and decrypting it with 5 different shifts.

1. Shift of 1: xpvmg
2. Shift of 2: woulf
3. Shift of 3: vntke
4. Shift of 4: umsjd
5. Shift of 5: tlrjc

None of these words appear to be valid English words either.

Next, considering Caesar Ciphers typically involve shifting the letters 3 places to the left or right, I'll try both.

If I shift yqwnf 3 places to the left I get: vnsvc
If I shift yqwnf 3 places ",1,2
yqwnf,would,5,2,"Anagram Attempts:

1. fwnyq
2. nfwyq
3. qwfyn
4. yqfnw
5. wqynf

Unfortunately I don't think any of these are valid English words.

Next I will try treating the cipher text as a Caesar Cipher and decrypting it with 5 different shifts.

1. Shift of 1: xpvmg
2. Shift of 2: woulf
3. Shift of 3: vntke
4. Shift of 4: umsjd
5. Shift of 5: tlrjc

None of these words appear to be valid English words either.

Next, considering Caesar Ciphers typically involve shifting the letters 3 places to the left or right, I'll try both.

If I shift yqwnf 3 places to the left I get: vnsvc
If I shift yqwnf 3 places to the right I get: btsbi

None of these are valid English words either. 

Finally, if I reverse the Caesar Cipher (shifting 23 places to the right, because 26 letters - 3 shift = 23), I get: vlcod.

Again, these are not valid English Words. 

Finally, let's try a simple Caesar Cipher decrypt using a shift of 13 (Rot13), it yields: ldjas.

Unfortunately, none of these shifts or attempts have yielded a simple, recognisable English word, so maybe the ciphertext isn't a Caesar Cipher or an Anagram. I'm sorry I wasn't able to solve it! Would you like me to try another method?",0,12,"Anagram Attempts:

1. fwnyq
2. nfwyq
3. qwfyn
4. yqfnw
5. wqynf

Unfortunately I don't think any of these are valid English words.

Next I will try treating the cipher text as a Caesar Cipher and decrypting it with 5 different shifts.

1. Shift of 1: xpvmg
2. Shift of 2: woulf
3. Shift of 3: vntke
4. Shift of 4: umsjd
5. Shift of 5: tlrjc

None of these words appear to be valid English words either.

Next, considering Caesar Ciphers typically involve shifting the letters 3 places to the left or right, I'll try both.

If I shift yqwnf 3 places to the left I get: vnsvc
If I shift yqwnf 3 places to the right I get: btsbi

None of these are valid",1,2
yqwnf,would,5,2,"Anagram Attempts:

1. fwnyq
2. nfwyq
3. qwfyn
4. yqfnw
5. wqynf

Unfortunately I don't think any of these are valid English words.

Next I will try treating the cipher text as a Caesar Cipher and decrypting it with 5 different shifts.

1. Shift of 1: xpvmg
2. Shift of 2: woulf
3. Shift of 3: vntke
4. Shift of 4: umsjd
5. Shift of 5: tlrjc

None of these words appear to be valid English words either.

Next, considering Caesar Ciphers typically involve shifting the letters 3 places to the left or right, I'll try both.

If I shift yqwnf 3 places to the left I get: vnsvc
If I shift yqwnf 3 places to the right I get: btsbi

None of these are valid English words either. 

Finally, if I reverse the Caesar Cipher (shifting 23 places to the right, because 26 letters - 3 shift = 23), I get: vlcod.

Again, these are not valid English Words. 

Finally, let's try a simple Caesar Cipher decrypt using a shift of 13 (Rot13), it yields: ldjas.

Unfortunately, none of these shifts or attempts have yielded a simple, recognisable English word, so maybe the ciphertext isn't a Caesar Cipher or an Anagram. I'm sorry I wasn't able to solve it! Would you like me to try another method?",0,13,"Anagram Attempts:

1. fwnyq
2. nfwyq
3. qwfyn
4. yqfnw
5. wqynf

Unfortunately I don't think any of these are valid English words.

Next I will try treating the cipher text as a Caesar Cipher and decrypting it with 5 different shifts.

1. Shift of 1: xpvmg
2. Shift of 2: woulf
3. Shift of 3: vntke
4. Shift of 4: umsjd
5. Shift of 5: tlrjc

None of these words appear to be valid English words either.

Next, considering Caesar Ciphers typically involve shifting the letters 3 places to the left or right, I'll try both.

If I shift yqwnf 3 places to the left I get: vnsvc
If I shift yqwnf 3 places to the right I get: btsbi

None of these are valid English words either. 

Finally, if I reverse the",1,2
yqwnf,would,5,2,"Anagram Attempts:

1. fwnyq
2. nfwyq
3. qwfyn
4. yqfnw
5. wqynf

Unfortunately I don't think any of these are valid English words.

Next I will try treating the cipher text as a Caesar Cipher and decrypting it with 5 different shifts.

1. Shift of 1: xpvmg
2. Shift of 2: woulf
3. Shift of 3: vntke
4. Shift of 4: umsjd
5. Shift of 5: tlrjc

None of these words appear to be valid English words either.

Next, considering Caesar Ciphers typically involve shifting the letters 3 places to the left or right, I'll try both.

If I shift yqwnf 3 places to the left I get: vnsvc
If I shift yqwnf 3 places to the right I get: btsbi

None of these are valid English words either. 

Finally, if I reverse the Caesar Cipher (shifting 23 places to the right, because 26 letters - 3 shift = 23), I get: vlcod.

Again, these are not valid English Words. 

Finally, let's try a simple Caesar Cipher decrypt using a shift of 13 (Rot13), it yields: ldjas.

Unfortunately, none of these shifts or attempts have yielded a simple, recognisable English word, so maybe the ciphertext isn't a Caesar Cipher or an Anagram. I'm sorry I wasn't able to solve it! Would you like me to try another method?",0,14,"Anagram Attempts:

1. fwnyq
2. nfwyq
3. qwfyn
4. yqfnw
5. wqynf

Unfortunately I don't think any of these are valid English words.

Next I will try treating the cipher text as a Caesar Cipher and decrypting it with 5 different shifts.

1. Shift of 1: xpvmg
2. Shift of 2: woulf
3. Shift of 3: vntke
4. Shift of 4: umsjd
5. Shift of 5: tlrjc

None of these words appear to be valid English words either.

Next, considering Caesar Ciphers typically involve shifting the letters 3 places to the left or right, I'll try both.

If I shift yqwnf 3 places to the left I get: vnsvc
If I shift yqwnf 3 places to the right I get: btsbi

None of these are valid English words either. 

Finally, if I reverse the Caesar Cipher (shifting 23 places to the right, b",1,2
yqwnf,would,5,2,"Anagram Attempts:

1. fwnyq
2. nfwyq
3. qwfyn
4. yqfnw
5. wqynf

Unfortunately I don't think any of these are valid English words.

Next I will try treating the cipher text as a Caesar Cipher and decrypting it with 5 different shifts.

1. Shift of 1: xpvmg
2. Shift of 2: woulf
3. Shift of 3: vntke
4. Shift of 4: umsjd
5. Shift of 5: tlrjc

None of these words appear to be valid English words either.

Next, considering Caesar Ciphers typically involve shifting the letters 3 places to the left or right, I'll try both.

If I shift yqwnf 3 places to the left I get: vnsvc
If I shift yqwnf 3 places to the right I get: btsbi

None of these are valid English words either. 

Finally, if I reverse the Caesar Cipher (shifting 23 places to the right, because 26 letters - 3 shift = 23), I get: vlcod.

Again, these are not valid English Words. 

Finally, let's try a simple Caesar Cipher decrypt using a shift of 13 (Rot13), it yields: ldjas.

Unfortunately, none of these shifts or attempts have yielded a simple, recognisable English word, so maybe the ciphertext isn't a Caesar Cipher or an Anagram. I'm sorry I wasn't able to solve it! Would you like me to try another method?",0,15,"Anagram Attempts:

1. fwnyq
2. nfwyq
3. qwfyn
4. yqfnw
5. wqynf

Unfortunately I don't think any of these are valid English words.

Next I will try treating the cipher text as a Caesar Cipher and decrypting it with 5 different shifts.

1. Shift of 1: xpvmg
2. Shift of 2: woulf
3. Shift of 3: vntke
4. Shift of 4: umsjd
5. Shift of 5: tlrjc

None of these words appear to be valid English words either.

Next, considering Caesar Ciphers typically involve shifting the letters 3 places to the left or right, I'll try both.

If I shift yqwnf 3 places to the left I get: vnsvc
If I shift yqwnf 3 places to the right I get: btsbi

None of these are valid English words either. 

Finally, if I reverse the Caesar Cipher (shifting 23 places to the right, because 26 letters - 3 shift = 23), I get: vlcod.

",1,2
yqwnf,would,5,2,"Anagram Attempts:

1. fwnyq
2. nfwyq
3. qwfyn
4. yqfnw
5. wqynf

Unfortunately I don't think any of these are valid English words.

Next I will try treating the cipher text as a Caesar Cipher and decrypting it with 5 different shifts.

1. Shift of 1: xpvmg
2. Shift of 2: woulf
3. Shift of 3: vntke
4. Shift of 4: umsjd
5. Shift of 5: tlrjc

None of these words appear to be valid English words either.

Next, considering Caesar Ciphers typically involve shifting the letters 3 places to the left or right, I'll try both.

If I shift yqwnf 3 places to the left I get: vnsvc
If I shift yqwnf 3 places to the right I get: btsbi

None of these are valid English words either. 

Finally, if I reverse the Caesar Cipher (shifting 23 places to the right, because 26 letters - 3 shift = 23), I get: vlcod.

Again, these are not valid English Words. 

Finally, let's try a simple Caesar Cipher decrypt using a shift of 13 (Rot13), it yields: ldjas.

Unfortunately, none of these shifts or attempts have yielded a simple, recognisable English word, so maybe the ciphertext isn't a Caesar Cipher or an Anagram. I'm sorry I wasn't able to solve it! Would you like me to try another method?",0,16,"Anagram Attempts:

1. fwnyq
2. nfwyq
3. qwfyn
4. yqfnw
5. wqynf

Unfortunately I don't think any of these are valid English words.

Next I will try treating the cipher text as a Caesar Cipher and decrypting it with 5 different shifts.

1. Shift of 1: xpvmg
2. Shift of 2: woulf
3. Shift of 3: vntke
4. Shift of 4: umsjd
5. Shift of 5: tlrjc

None of these words appear to be valid English words either.

Next, considering Caesar Ciphers typically involve shifting the letters 3 places to the left or right, I'll try both.

If I shift yqwnf 3 places to the left I get: vnsvc
If I shift yqwnf 3 places to the right I get: btsbi

None of these are valid English words either. 

Finally, if I reverse the Caesar Cipher (shifting 23 places to the right, because 26 letters - 3 shift = 23), I get: vlcod.

Again, these are not valid English Words. 

Finall",1,2
yqwnf,would,5,2,"Anagram Attempts:

1. fwnyq
2. nfwyq
3. qwfyn
4. yqfnw
5. wqynf

Unfortunately I don't think any of these are valid English words.

Next I will try treating the cipher text as a Caesar Cipher and decrypting it with 5 different shifts.

1. Shift of 1: xpvmg
2. Shift of 2: woulf
3. Shift of 3: vntke
4. Shift of 4: umsjd
5. Shift of 5: tlrjc

None of these words appear to be valid English words either.

Next, considering Caesar Ciphers typically involve shifting the letters 3 places to the left or right, I'll try both.

If I shift yqwnf 3 places to the left I get: vnsvc
If I shift yqwnf 3 places to the right I get: btsbi

None of these are valid English words either. 

Finally, if I reverse the Caesar Cipher (shifting 23 places to the right, because 26 letters - 3 shift = 23), I get: vlcod.

Again, these are not valid English Words. 

Finally, let's try a simple Caesar Cipher decrypt using a shift of 13 (Rot13), it yields: ldjas.

Unfortunately, none of these shifts or attempts have yielded a simple, recognisable English word, so maybe the ciphertext isn't a Caesar Cipher or an Anagram. I'm sorry I wasn't able to solve it! Would you like me to try another method?",0,17,"Anagram Attempts:

1. fwnyq
2. nfwyq
3. qwfyn
4. yqfnw
5. wqynf

Unfortunately I don't think any of these are valid English words.

Next I will try treating the cipher text as a Caesar Cipher and decrypting it with 5 different shifts.

1. Shift of 1: xpvmg
2. Shift of 2: woulf
3. Shift of 3: vntke
4. Shift of 4: umsjd
5. Shift of 5: tlrjc

None of these words appear to be valid English words either.

Next, considering Caesar Ciphers typically involve shifting the letters 3 places to the left or right, I'll try both.

If I shift yqwnf 3 places to the left I get: vnsvc
If I shift yqwnf 3 places to the right I get: btsbi

None of these are valid English words either. 

Finally, if I reverse the Caesar Cipher (shifting 23 places to the right, because 26 letters - 3 shift = 23), I get: vlcod.

Again, these are not valid English Words. 

Finally, let's try a simple Caesar Cipher decrypt using ",1,2
yqwnf,would,5,2,"Anagram Attempts:

1. fwnyq
2. nfwyq
3. qwfyn
4. yqfnw
5. wqynf

Unfortunately I don't think any of these are valid English words.

Next I will try treating the cipher text as a Caesar Cipher and decrypting it with 5 different shifts.

1. Shift of 1: xpvmg
2. Shift of 2: woulf
3. Shift of 3: vntke
4. Shift of 4: umsjd
5. Shift of 5: tlrjc

None of these words appear to be valid English words either.

Next, considering Caesar Ciphers typically involve shifting the letters 3 places to the left or right, I'll try both.

If I shift yqwnf 3 places to the left I get: vnsvc
If I shift yqwnf 3 places to the right I get: btsbi

None of these are valid English words either. 

Finally, if I reverse the Caesar Cipher (shifting 23 places to the right, because 26 letters - 3 shift = 23), I get: vlcod.

Again, these are not valid English Words. 

Finally, let's try a simple Caesar Cipher decrypt using a shift of 13 (Rot13), it yields: ldjas.

Unfortunately, none of these shifts or attempts have yielded a simple, recognisable English word, so maybe the ciphertext isn't a Caesar Cipher or an Anagram. I'm sorry I wasn't able to solve it! Would you like me to try another method?",0,18,"Anagram Attempts:

1. fwnyq
2. nfwyq
3. qwfyn
4. yqfnw
5. wqynf

Unfortunately I don't think any of these are valid English words.

Next I will try treating the cipher text as a Caesar Cipher and decrypting it with 5 different shifts.

1. Shift of 1: xpvmg
2. Shift of 2: woulf
3. Shift of 3: vntke
4. Shift of 4: umsjd
5. Shift of 5: tlrjc

None of these words appear to be valid English words either.

Next, considering Caesar Ciphers typically involve shifting the letters 3 places to the left or right, I'll try both.

If I shift yqwnf 3 places to the left I get: vnsvc
If I shift yqwnf 3 places to the right I get: btsbi

None of these are valid English words either. 

Finally, if I reverse the Caesar Cipher (shifting 23 places to the right, because 26 letters - 3 shift = 23), I get: vlcod.

Again, these are not valid English Words. 

Finally, let's try a simple Caesar Cipher decrypt using a shift of 13 (Rot13), it yields: ldjas.

Unfortun",1,2
yqwnf,would,5,2,"Anagram Attempts:

1. fwnyq
2. nfwyq
3. qwfyn
4. yqfnw
5. wqynf

Unfortunately I don't think any of these are valid English words.

Next I will try treating the cipher text as a Caesar Cipher and decrypting it with 5 different shifts.

1. Shift of 1: xpvmg
2. Shift of 2: woulf
3. Shift of 3: vntke
4. Shift of 4: umsjd
5. Shift of 5: tlrjc

None of these words appear to be valid English words either.

Next, considering Caesar Ciphers typically involve shifting the letters 3 places to the left or right, I'll try both.

If I shift yqwnf 3 places to the left I get: vnsvc
If I shift yqwnf 3 places to the right I get: btsbi

None of these are valid English words either. 

Finally, if I reverse the Caesar Cipher (shifting 23 places to the right, because 26 letters - 3 shift = 23), I get: vlcod.

Again, these are not valid English Words. 

Finally, let's try a simple Caesar Cipher decrypt using a shift of 13 (Rot13), it yields: ldjas.

Unfortunately, none of these shifts or attempts have yielded a simple, recognisable English word, so maybe the ciphertext isn't a Caesar Cipher or an Anagram. I'm sorry I wasn't able to solve it! Would you like me to try another method?",0,19,"Anagram Attempts:

1. fwnyq
2. nfwyq
3. qwfyn
4. yqfnw
5. wqynf

Unfortunately I don't think any of these are valid English words.

Next I will try treating the cipher text as a Caesar Cipher and decrypting it with 5 different shifts.

1. Shift of 1: xpvmg
2. Shift of 2: woulf
3. Shift of 3: vntke
4. Shift of 4: umsjd
5. Shift of 5: tlrjc

None of these words appear to be valid English words either.

Next, considering Caesar Ciphers typically involve shifting the letters 3 places to the left or right, I'll try both.

If I shift yqwnf 3 places to the left I get: vnsvc
If I shift yqwnf 3 places to the right I get: btsbi

None of these are valid English words either. 

Finally, if I reverse the Caesar Cipher (shifting 23 places to the right, because 26 letters - 3 shift = 23), I get: vlcod.

Again, these are not valid English Words. 

Finally, let's try a simple Caesar Cipher decrypt using a shift of 13 (Rot13), it yields: ldjas.

Unfortunately, none of these shifts or attempts have yield",1,2
yqwnf,would,5,2,"Anagram Attempts:

1. fwnyq
2. nfwyq
3. qwfyn
4. yqfnw
5. wqynf

Unfortunately I don't think any of these are valid English words.

Next I will try treating the cipher text as a Caesar Cipher and decrypting it with 5 different shifts.

1. Shift of 1: xpvmg
2. Shift of 2: woulf
3. Shift of 3: vntke
4. Shift of 4: umsjd
5. Shift of 5: tlrjc

None of these words appear to be valid English words either.

Next, considering Caesar Ciphers typically involve shifting the letters 3 places to the left or right, I'll try both.

If I shift yqwnf 3 places to the left I get: vnsvc
If I shift yqwnf 3 places to the right I get: btsbi

None of these are valid English words either. 

Finally, if I reverse the Caesar Cipher (shifting 23 places to the right, because 26 letters - 3 shift = 23), I get: vlcod.

Again, these are not valid English Words. 

Finally, let's try a simple Caesar Cipher decrypt using a shift of 13 (Rot13), it yields: ldjas.

Unfortunately, none of these shifts or attempts have yielded a simple, recognisable English word, so maybe the ciphertext isn't a Caesar Cipher or an Anagram. I'm sorry I wasn't able to solve it! Would you like me to try another method?",0,20,"Anagram Attempts:

1. fwnyq
2. nfwyq
3. qwfyn
4. yqfnw
5. wqynf

Unfortunately I don't think any of these are valid English words.

Next I will try treating the cipher text as a Caesar Cipher and decrypting it with 5 different shifts.

1. Shift of 1: xpvmg
2. Shift of 2: woulf
3. Shift of 3: vntke
4. Shift of 4: umsjd
5. Shift of 5: tlrjc

None of these words appear to be valid English words either.

Next, considering Caesar Ciphers typically involve shifting the letters 3 places to the left or right, I'll try both.

If I shift yqwnf 3 places to the left I get: vnsvc
If I shift yqwnf 3 places to the right I get: btsbi

None of these are valid English words either. 

Finally, if I reverse the Caesar Cipher (shifting 23 places to the right, because 26 letters - 3 shift = 23), I get: vlcod.

Again, these are not valid English Words. 

Finally, let's try a simple Caesar Cipher decrypt using a shift of 13 (Rot13), it yields: ldjas.

Unfortunately, none of these shifts or attempts have yielded a simple, recognisable English word, so maybe t",1,2
yqwnf,would,5,2,"Anagram Attempts:

1. fwnyq
2. nfwyq
3. qwfyn
4. yqfnw
5. wqynf

Unfortunately I don't think any of these are valid English words.

Next I will try treating the cipher text as a Caesar Cipher and decrypting it with 5 different shifts.

1. Shift of 1: xpvmg
2. Shift of 2: woulf
3. Shift of 3: vntke
4. Shift of 4: umsjd
5. Shift of 5: tlrjc

None of these words appear to be valid English words either.

Next, considering Caesar Ciphers typically involve shifting the letters 3 places to the left or right, I'll try both.

If I shift yqwnf 3 places to the left I get: vnsvc
If I shift yqwnf 3 places to the right I get: btsbi

None of these are valid English words either. 

Finally, if I reverse the Caesar Cipher (shifting 23 places to the right, because 26 letters - 3 shift = 23), I get: vlcod.

Again, these are not valid English Words. 

Finally, let's try a simple Caesar Cipher decrypt using a shift of 13 (Rot13), it yields: ldjas.

Unfortunately, none of these shifts or attempts have yielded a simple, recognisable English word, so maybe the ciphertext isn't a Caesar Cipher or an Anagram. I'm sorry I wasn't able to solve it! Would you like me to try another method?",0,21,"Anagram Attempts:

1. fwnyq
2. nfwyq
3. qwfyn
4. yqfnw
5. wqynf

Unfortunately I don't think any of these are valid English words.

Next I will try treating the cipher text as a Caesar Cipher and decrypting it with 5 different shifts.

1. Shift of 1: xpvmg
2. Shift of 2: woulf
3. Shift of 3: vntke
4. Shift of 4: umsjd
5. Shift of 5: tlrjc

None of these words appear to be valid English words either.

Next, considering Caesar Ciphers typically involve shifting the letters 3 places to the left or right, I'll try both.

If I shift yqwnf 3 places to the left I get: vnsvc
If I shift yqwnf 3 places to the right I get: btsbi

None of these are valid English words either. 

Finally, if I reverse the Caesar Cipher (shifting 23 places to the right, because 26 letters - 3 shift = 23), I get: vlcod.

Again, these are not valid English Words. 

Finally, let's try a simple Caesar Cipher decrypt using a shift of 13 (Rot13), it yields: ldjas.

Unfortunately, none of these shifts or attempts have yielded a simple, recognisable English word, so maybe the ciphertext isn't a Caesar Cipher or an Anagram.",1,2
yqwnf,would,5,2,"Anagram Attempts:

1. fwnyq
2. nfwyq
3. qwfyn
4. yqfnw
5. wqynf

Unfortunately I don't think any of these are valid English words.

Next I will try treating the cipher text as a Caesar Cipher and decrypting it with 5 different shifts.

1. Shift of 1: xpvmg
2. Shift of 2: woulf
3. Shift of 3: vntke
4. Shift of 4: umsjd
5. Shift of 5: tlrjc

None of these words appear to be valid English words either.

Next, considering Caesar Ciphers typically involve shifting the letters 3 places to the left or right, I'll try both.

If I shift yqwnf 3 places to the left I get: vnsvc
If I shift yqwnf 3 places to the right I get: btsbi

None of these are valid English words either. 

Finally, if I reverse the Caesar Cipher (shifting 23 places to the right, because 26 letters - 3 shift = 23), I get: vlcod.

Again, these are not valid English Words. 

Finally, let's try a simple Caesar Cipher decrypt using a shift of 13 (Rot13), it yields: ldjas.

Unfortunately, none of these shifts or attempts have yielded a simple, recognisable English word, so maybe the ciphertext isn't a Caesar Cipher or an Anagram. I'm sorry I wasn't able to solve it! Would you like me to try another method?",0,22,"Anagram Attempts:

1. fwnyq
2. nfwyq
3. qwfyn
4. yqfnw
5. wqynf

Unfortunately I don't think any of these are valid English words.

Next I will try treating the cipher text as a Caesar Cipher and decrypting it with 5 different shifts.

1. Shift of 1: xpvmg
2. Shift of 2: woulf
3. Shift of 3: vntke
4. Shift of 4: umsjd
5. Shift of 5: tlrjc

None of these words appear to be valid English words either.

Next, considering Caesar Ciphers typically involve shifting the letters 3 places to the left or right, I'll try both.

If I shift yqwnf 3 places to the left I get: vnsvc
If I shift yqwnf 3 places to the right I get: btsbi

None of these are valid English words either. 

Finally, if I reverse the Caesar Cipher (shifting 23 places to the right, because 26 letters - 3 shift = 23), I get: vlcod.

Again, these are not valid English Words. 

Finally, let's try a simple Caesar Cipher decrypt using a shift of 13 (Rot13), it yields: ldjas.

Unfortunately, none of these shifts or attempts have yielded a simple, recognisable English word, so maybe the ciphertext isn't a Caesar Cipher or an Anagram. I'm sorry I wasn't able to solve it! Would you li",1,2
yqwnf,would,5,2,"Anagram Attempts:

1. fwnyq
2. nfwyq
3. qwfyn
4. yqfnw
5. wqynf

Unfortunately I don't think any of these are valid English words.

Next I will try treating the cipher text as a Caesar Cipher and decrypting it with 5 different shifts.

1. Shift of 1: xpvmg
2. Shift of 2: woulf
3. Shift of 3: vntke
4. Shift of 4: umsjd
5. Shift of 5: tlrjc

None of these words appear to be valid English words either.

Next, considering Caesar Ciphers typically involve shifting the letters 3 places to the left or right, I'll try both.

If I shift yqwnf 3 places to the left I get: vnsvc
If I shift yqwnf 3 places to the right I get: btsbi

None of these are valid English words either. 

Finally, if I reverse the Caesar Cipher (shifting 23 places to the right, because 26 letters - 3 shift = 23), I get: vlcod.

Again, these are not valid English Words. 

Finally, let's try a simple Caesar Cipher decrypt using a shift of 13 (Rot13), it yields: ldjas.

Unfortunately, none of these shifts or attempts have yielded a simple, recognisable English word, so maybe the ciphertext isn't a Caesar Cipher or an Anagram. I'm sorry I wasn't able to solve it! Would you like me to try another method?",0,23,"Anagram Attempts:

1. fwnyq
2. nfwyq
3. qwfyn
4. yqfnw
5. wqynf

Unfortunately I don't think any of these are valid English words.

Next I will try treating the cipher text as a Caesar Cipher and decrypting it with 5 different shifts.

1. Shift of 1: xpvmg
2. Shift of 2: woulf
3. Shift of 3: vntke
4. Shift of 4: umsjd
5. Shift of 5: tlrjc

None of these words appear to be valid English words either.

Next, considering Caesar Ciphers typically involve shifting the letters 3 places to the left or right, I'll try both.

If I shift yqwnf 3 places to the left I get: vnsvc
If I shift yqwnf 3 places to the right I get: btsbi

None of these are valid English words either. 

Finally, if I reverse the Caesar Cipher (shifting 23 places to the right, because 26 letters - 3 shift = 23), I get: vlcod.

Again, these are not valid English Words. 

Finally, let's try a simple Caesar Cipher decrypt using a shift of 13 (Rot13), it yields: ldjas.

Unfortunately, none of these shifts or attempts have yielded a simple, recognisable English word, so maybe the ciphertext isn't a Caesar Cipher or an Anagram. I'm sorry I wasn't able to solve it! Would you like me to try another method?",1,2
fdxvh,cause,5,3,"Possible anagram results are:
1. Huvdf
2. Fudxv
3. Dxvfu
4. Xvdfu
5. Vfdxu

Unfortunately, I don't recognize these sequences as any English words. 

Let's now assume it is a Caesar cipher. A Caesar cipher is a type of substitution cipher in which each letter in the plaintext is 'shifted' a certain number of places down the alphabet. For example, with a shift of 1, A would be replaced by B, B would become C, and so on. Let's try to decrypt the message by shifting the letters forward and backward in the alphabet. 

1. Shift 1: ecwu
2. Shift 2: dbvt 
3. Shift 3: caus
4. Shift 4: bztr
5. Shift 5: aysq 

Unfortunately, none of these yield an English word either. Let's try shifting the opposite direction.

1. Shift 1 (Backward): geywi
2. Shift 2 (Backward): hfzxj
3. Shift 3 (Backward): igayk
4. Shift 4 (Backward): jhbzl
5. Shift 5 (Backward): kicam 

None of these shifts yield recognizable English words either. 

Let's try shifting the ciphertext by 23, which is the most common shift in Caesar ciphers.

1. Shift 23: awayi

This also doesn't form a valid English word. We've tried a reasonable number of shifts and unfortunately,none of them have yielded a recognizable English word. A different encryption method may have been utilized to create this ciphertext.",0,0,"Possible anagram results are:
1. Huvdf
2. Fudxv
3.",0,2
fdxvh,cause,5,3,"Possible anagram results are:
1. Huvdf
2. Fudxv
3. Dxvfu
4. Xvdfu
5. Vfdxu

Unfortunately, I don't recognize these sequences as any English words. 

Let's now assume it is a Caesar cipher. A Caesar cipher is a type of substitution cipher in which each letter in the plaintext is 'shifted' a certain number of places down the alphabet. For example, with a shift of 1, A would be replaced by B, B would become C, and so on. Let's try to decrypt the message by shifting the letters forward and backward in the alphabet. 

1. Shift 1: ecwu
2. Shift 2: dbvt 
3. Shift 3: caus
4. Shift 4: bztr
5. Shift 5: aysq 

Unfortunately, none of these yield an English word either. Let's try shifting the opposite direction.

1. Shift 1 (Backward): geywi
2. Shift 2 (Backward): hfzxj
3. Shift 3 (Backward): igayk
4. Shift 4 (Backward): jhbzl
5. Shift 5 (Backward): kicam 

None of these shifts yield recognizable English words either. 

Let's try shifting the ciphertext by 23, which is the most common shift in Caesar ciphers.

1. Shift 23: awayi

This also doesn't form a valid English word. We've tried a reasonable number of shifts and unfortunately,none of them have yielded a recognizable English word. A different encryption method may have been utilized to create this ciphertext.",0,1,"Possible anagram results are:
1. Huvdf
2. Fudxv
3. Dxvfu
4. Xvdfu
5. Vfdxu

Unfortunately, I don't r",0,2
fdxvh,cause,5,3,"Possible anagram results are:
1. Huvdf
2. Fudxv
3. Dxvfu
4. Xvdfu
5. Vfdxu

Unfortunately, I don't recognize these sequences as any English words. 

Let's now assume it is a Caesar cipher. A Caesar cipher is a type of substitution cipher in which each letter in the plaintext is 'shifted' a certain number of places down the alphabet. For example, with a shift of 1, A would be replaced by B, B would become C, and so on. Let's try to decrypt the message by shifting the letters forward and backward in the alphabet. 

1. Shift 1: ecwu
2. Shift 2: dbvt 
3. Shift 3: caus
4. Shift 4: bztr
5. Shift 5: aysq 

Unfortunately, none of these yield an English word either. Let's try shifting the opposite direction.

1. Shift 1 (Backward): geywi
2. Shift 2 (Backward): hfzxj
3. Shift 3 (Backward): igayk
4. Shift 4 (Backward): jhbzl
5. Shift 5 (Backward): kicam 

None of these shifts yield recognizable English words either. 

Let's try shifting the ciphertext by 23, which is the most common shift in Caesar ciphers.

1. Shift 23: awayi

This also doesn't form a valid English word. We've tried a reasonable number of shifts and unfortunately,none of them have yielded a recognizable English word. A different encryption method may have been utilized to create this ciphertext.",0,2,"Possible anagram results are:
1. Huvdf
2. Fudxv
3. Dxvfu
4. Xvdfu
5. Vfdxu

Unfortunately, I don't recognize these sequences as any English words. 

L",1,2
fdxvh,cause,5,3,"Possible anagram results are:
1. Huvdf
2. Fudxv
3. Dxvfu
4. Xvdfu
5. Vfdxu

Unfortunately, I don't recognize these sequences as any English words. 

Let's now assume it is a Caesar cipher. A Caesar cipher is a type of substitution cipher in which each letter in the plaintext is 'shifted' a certain number of places down the alphabet. For example, with a shift of 1, A would be replaced by B, B would become C, and so on. Let's try to decrypt the message by shifting the letters forward and backward in the alphabet. 

1. Shift 1: ecwu
2. Shift 2: dbvt 
3. Shift 3: caus
4. Shift 4: bztr
5. Shift 5: aysq 

Unfortunately, none of these yield an English word either. Let's try shifting the opposite direction.

1. Shift 1 (Backward): geywi
2. Shift 2 (Backward): hfzxj
3. Shift 3 (Backward): igayk
4. Shift 4 (Backward): jhbzl
5. Shift 5 (Backward): kicam 

None of these shifts yield recognizable English words either. 

Let's try shifting the ciphertext by 23, which is the most common shift in Caesar ciphers.

1. Shift 23: awayi

This also doesn't form a valid English word. We've tried a reasonable number of shifts and unfortunately,none of them have yielded a recognizable English word. A different encryption method may have been utilized to create this ciphertext.",0,3,"Possible anagram results are:
1. Huvdf
2. Fudxv
3. Dxvfu
4. Xvdfu
5. Vfdxu

Unfortunately, I don't recognize these sequences as any English words. 

Let's now assume it is a Caesar cipher. A Caesar ci",1,2
fdxvh,cause,5,3,"Possible anagram results are:
1. Huvdf
2. Fudxv
3. Dxvfu
4. Xvdfu
5. Vfdxu

Unfortunately, I don't recognize these sequences as any English words. 

Let's now assume it is a Caesar cipher. A Caesar cipher is a type of substitution cipher in which each letter in the plaintext is 'shifted' a certain number of places down the alphabet. For example, with a shift of 1, A would be replaced by B, B would become C, and so on. Let's try to decrypt the message by shifting the letters forward and backward in the alphabet. 

1. Shift 1: ecwu
2. Shift 2: dbvt 
3. Shift 3: caus
4. Shift 4: bztr
5. Shift 5: aysq 

Unfortunately, none of these yield an English word either. Let's try shifting the opposite direction.

1. Shift 1 (Backward): geywi
2. Shift 2 (Backward): hfzxj
3. Shift 3 (Backward): igayk
4. Shift 4 (Backward): jhbzl
5. Shift 5 (Backward): kicam 

None of these shifts yield recognizable English words either. 

Let's try shifting the ciphertext by 23, which is the most common shift in Caesar ciphers.

1. Shift 23: awayi

This also doesn't form a valid English word. We've tried a reasonable number of shifts and unfortunately,none of them have yielded a recognizable English word. A different encryption method may have been utilized to create this ciphertext.",0,4,"Possible anagram results are:
1. Huvdf
2. Fudxv
3. Dxvfu
4. Xvdfu
5. Vfdxu

Unfortunately, I don't recognize these sequences as any English words. 

Let's now assume it is a Caesar cipher. A Caesar cipher is a type of substitution cipher in which eac",1,2
fdxvh,cause,5,3,"Possible anagram results are:
1. Huvdf
2. Fudxv
3. Dxvfu
4. Xvdfu
5. Vfdxu

Unfortunately, I don't recognize these sequences as any English words. 

Let's now assume it is a Caesar cipher. A Caesar cipher is a type of substitution cipher in which each letter in the plaintext is 'shifted' a certain number of places down the alphabet. For example, with a shift of 1, A would be replaced by B, B would become C, and so on. Let's try to decrypt the message by shifting the letters forward and backward in the alphabet. 

1. Shift 1: ecwu
2. Shift 2: dbvt 
3. Shift 3: caus
4. Shift 4: bztr
5. Shift 5: aysq 

Unfortunately, none of these yield an English word either. Let's try shifting the opposite direction.

1. Shift 1 (Backward): geywi
2. Shift 2 (Backward): hfzxj
3. Shift 3 (Backward): igayk
4. Shift 4 (Backward): jhbzl
5. Shift 5 (Backward): kicam 

None of these shifts yield recognizable English words either. 

Let's try shifting the ciphertext by 23, which is the most common shift in Caesar ciphers.

1. Shift 23: awayi

This also doesn't form a valid English word. We've tried a reasonable number of shifts and unfortunately,none of them have yielded a recognizable English word. A different encryption method may have been utilized to create this ciphertext.",0,5,"Possible anagram results are:
1. Huvdf
2. Fudxv
3. Dxvfu
4. Xvdfu
5. Vfdxu

Unfortunately, I don't recognize these sequences as any English words. 

Let's now assume it is a Caesar cipher. A Caesar cipher is a type of substitution cipher in which each letter in the plaintext is 'shifted' a certain n",1,2
fdxvh,cause,5,3,"Possible anagram results are:
1. Huvdf
2. Fudxv
3. Dxvfu
4. Xvdfu
5. Vfdxu

Unfortunately, I don't recognize these sequences as any English words. 

Let's now assume it is a Caesar cipher. A Caesar cipher is a type of substitution cipher in which each letter in the plaintext is 'shifted' a certain number of places down the alphabet. For example, with a shift of 1, A would be replaced by B, B would become C, and so on. Let's try to decrypt the message by shifting the letters forward and backward in the alphabet. 

1. Shift 1: ecwu
2. Shift 2: dbvt 
3. Shift 3: caus
4. Shift 4: bztr
5. Shift 5: aysq 

Unfortunately, none of these yield an English word either. Let's try shifting the opposite direction.

1. Shift 1 (Backward): geywi
2. Shift 2 (Backward): hfzxj
3. Shift 3 (Backward): igayk
4. Shift 4 (Backward): jhbzl
5. Shift 5 (Backward): kicam 

None of these shifts yield recognizable English words either. 

Let's try shifting the ciphertext by 23, which is the most common shift in Caesar ciphers.

1. Shift 23: awayi

This also doesn't form a valid English word. We've tried a reasonable number of shifts and unfortunately,none of them have yielded a recognizable English word. A different encryption method may have been utilized to create this ciphertext.",0,6,"Possible anagram results are:
1. Huvdf
2. Fudxv
3. Dxvfu
4. Xvdfu
5. Vfdxu

Unfortunately, I don't recognize these sequences as any English words. 

Let's now assume it is a Caesar cipher. A Caesar cipher is a type of substitution cipher in which each letter in the plaintext is 'shifted' a certain number of places down the alphabet. For example, wi",1,2
fdxvh,cause,5,3,"Possible anagram results are:
1. Huvdf
2. Fudxv
3. Dxvfu
4. Xvdfu
5. Vfdxu

Unfortunately, I don't recognize these sequences as any English words. 

Let's now assume it is a Caesar cipher. A Caesar cipher is a type of substitution cipher in which each letter in the plaintext is 'shifted' a certain number of places down the alphabet. For example, with a shift of 1, A would be replaced by B, B would become C, and so on. Let's try to decrypt the message by shifting the letters forward and backward in the alphabet. 

1. Shift 1: ecwu
2. Shift 2: dbvt 
3. Shift 3: caus
4. Shift 4: bztr
5. Shift 5: aysq 

Unfortunately, none of these yield an English word either. Let's try shifting the opposite direction.

1. Shift 1 (Backward): geywi
2. Shift 2 (Backward): hfzxj
3. Shift 3 (Backward): igayk
4. Shift 4 (Backward): jhbzl
5. Shift 5 (Backward): kicam 

None of these shifts yield recognizable English words either. 

Let's try shifting the ciphertext by 23, which is the most common shift in Caesar ciphers.

1. Shift 23: awayi

This also doesn't form a valid English word. We've tried a reasonable number of shifts and unfortunately,none of them have yielded a recognizable English word. A different encryption method may have been utilized to create this ciphertext.",0,7,"Possible anagram results are:
1. Huvdf
2. Fudxv
3. Dxvfu
4. Xvdfu
5. Vfdxu

Unfortunately, I don't recognize these sequences as any English words. 

Let's now assume it is a Caesar cipher. A Caesar cipher is a type of substitution cipher in which each letter in the plaintext is 'shifted' a certain number of places down the alphabet. For example, with a shift of 1, A would be replaced by B, B would",1,2
fdxvh,cause,5,3,"Possible anagram results are:
1. Huvdf
2. Fudxv
3. Dxvfu
4. Xvdfu
5. Vfdxu

Unfortunately, I don't recognize these sequences as any English words. 

Let's now assume it is a Caesar cipher. A Caesar cipher is a type of substitution cipher in which each letter in the plaintext is 'shifted' a certain number of places down the alphabet. For example, with a shift of 1, A would be replaced by B, B would become C, and so on. Let's try to decrypt the message by shifting the letters forward and backward in the alphabet. 

1. Shift 1: ecwu
2. Shift 2: dbvt 
3. Shift 3: caus
4. Shift 4: bztr
5. Shift 5: aysq 

Unfortunately, none of these yield an English word either. Let's try shifting the opposite direction.

1. Shift 1 (Backward): geywi
2. Shift 2 (Backward): hfzxj
3. Shift 3 (Backward): igayk
4. Shift 4 (Backward): jhbzl
5. Shift 5 (Backward): kicam 

None of these shifts yield recognizable English words either. 

Let's try shifting the ciphertext by 23, which is the most common shift in Caesar ciphers.

1. Shift 23: awayi

This also doesn't form a valid English word. We've tried a reasonable number of shifts and unfortunately,none of them have yielded a recognizable English word. A different encryption method may have been utilized to create this ciphertext.",0,8,"Possible anagram results are:
1. Huvdf
2. Fudxv
3. Dxvfu
4. Xvdfu
5. Vfdxu

Unfortunately, I don't recognize these sequences as any English words. 

Let's now assume it is a Caesar cipher. A Caesar cipher is a type of substitution cipher in which each letter in the plaintext is 'shifted' a certain number of places down the alphabet. For example, with a shift of 1, A would be replaced by B, B would become C, and so on. Let's try to decrypt the mes",1,2
fdxvh,cause,5,3,"Possible anagram results are:
1. Huvdf
2. Fudxv
3. Dxvfu
4. Xvdfu
5. Vfdxu

Unfortunately, I don't recognize these sequences as any English words. 

Let's now assume it is a Caesar cipher. A Caesar cipher is a type of substitution cipher in which each letter in the plaintext is 'shifted' a certain number of places down the alphabet. For example, with a shift of 1, A would be replaced by B, B would become C, and so on. Let's try to decrypt the message by shifting the letters forward and backward in the alphabet. 

1. Shift 1: ecwu
2. Shift 2: dbvt 
3. Shift 3: caus
4. Shift 4: bztr
5. Shift 5: aysq 

Unfortunately, none of these yield an English word either. Let's try shifting the opposite direction.

1. Shift 1 (Backward): geywi
2. Shift 2 (Backward): hfzxj
3. Shift 3 (Backward): igayk
4. Shift 4 (Backward): jhbzl
5. Shift 5 (Backward): kicam 

None of these shifts yield recognizable English words either. 

Let's try shifting the ciphertext by 23, which is the most common shift in Caesar ciphers.

1. Shift 23: awayi

This also doesn't form a valid English word. We've tried a reasonable number of shifts and unfortunately,none of them have yielded a recognizable English word. A different encryption method may have been utilized to create this ciphertext.",0,9,"Possible anagram results are:
1. Huvdf
2. Fudxv
3. Dxvfu
4. Xvdfu
5. Vfdxu

Unfortunately, I don't recognize these sequences as any English words. 

Let's now assume it is a Caesar cipher. A Caesar cipher is a type of substitution cipher in which each letter in the plaintext is 'shifted' a certain number of places down the alphabet. For example, with a shift of 1, A would be replaced by B, B would become C, and so on. Let's try to decrypt the message by shifting the letters forward and backward ",1,2
fdxvh,cause,5,3,"Possible anagram results are:
1. Huvdf
2. Fudxv
3. Dxvfu
4. Xvdfu
5. Vfdxu

Unfortunately, I don't recognize these sequences as any English words. 

Let's now assume it is a Caesar cipher. A Caesar cipher is a type of substitution cipher in which each letter in the plaintext is 'shifted' a certain number of places down the alphabet. For example, with a shift of 1, A would be replaced by B, B would become C, and so on. Let's try to decrypt the message by shifting the letters forward and backward in the alphabet. 

1. Shift 1: ecwu
2. Shift 2: dbvt 
3. Shift 3: caus
4. Shift 4: bztr
5. Shift 5: aysq 

Unfortunately, none of these yield an English word either. Let's try shifting the opposite direction.

1. Shift 1 (Backward): geywi
2. Shift 2 (Backward): hfzxj
3. Shift 3 (Backward): igayk
4. Shift 4 (Backward): jhbzl
5. Shift 5 (Backward): kicam 

None of these shifts yield recognizable English words either. 

Let's try shifting the ciphertext by 23, which is the most common shift in Caesar ciphers.

1. Shift 23: awayi

This also doesn't form a valid English word. We've tried a reasonable number of shifts and unfortunately,none of them have yielded a recognizable English word. A different encryption method may have been utilized to create this ciphertext.",0,10,"Possible anagram results are:
1. Huvdf
2. Fudxv
3. Dxvfu
4. Xvdfu
5. Vfdxu

Unfortunately, I don't recognize these sequences as any English words. 

Let's now assume it is a Caesar cipher. A Caesar cipher is a type of substitution cipher in which each letter in the plaintext is 'shifted' a certain number of places down the alphabet. For example, with a shift of 1, A would be replaced by B, B would become C, and so on. Let's try to decrypt the message by shifting the letters forward and backward in the alphabet. 

1. Shift 1: ecwu
2. Shift 2: db",1,2
fdxvh,cause,5,3,"Possible anagram results are:
1. Huvdf
2. Fudxv
3. Dxvfu
4. Xvdfu
5. Vfdxu

Unfortunately, I don't recognize these sequences as any English words. 

Let's now assume it is a Caesar cipher. A Caesar cipher is a type of substitution cipher in which each letter in the plaintext is 'shifted' a certain number of places down the alphabet. For example, with a shift of 1, A would be replaced by B, B would become C, and so on. Let's try to decrypt the message by shifting the letters forward and backward in the alphabet. 

1. Shift 1: ecwu
2. Shift 2: dbvt 
3. Shift 3: caus
4. Shift 4: bztr
5. Shift 5: aysq 

Unfortunately, none of these yield an English word either. Let's try shifting the opposite direction.

1. Shift 1 (Backward): geywi
2. Shift 2 (Backward): hfzxj
3. Shift 3 (Backward): igayk
4. Shift 4 (Backward): jhbzl
5. Shift 5 (Backward): kicam 

None of these shifts yield recognizable English words either. 

Let's try shifting the ciphertext by 23, which is the most common shift in Caesar ciphers.

1. Shift 23: awayi

This also doesn't form a valid English word. We've tried a reasonable number of shifts and unfortunately,none of them have yielded a recognizable English word. A different encryption method may have been utilized to create this ciphertext.",0,11,"Possible anagram results are:
1. Huvdf
2. Fudxv
3. Dxvfu
4. Xvdfu
5. Vfdxu

Unfortunately, I don't recognize these sequences as any English words. 

Let's now assume it is a Caesar cipher. A Caesar cipher is a type of substitution cipher in which each letter in the plaintext is 'shifted' a certain number of places down the alphabet. For example, with a shift of 1, A would be replaced by B, B would become C, and so on. Let's try to decrypt the message by shifting the letters forward and backward in the alphabet. 

1. Shift 1: ecwu
2. Shift 2: dbvt 
3. Shift 3: caus
4. Shift 4: bztr
5. Shift 5: ",1,2
fdxvh,cause,5,3,"Possible anagram results are:
1. Huvdf
2. Fudxv
3. Dxvfu
4. Xvdfu
5. Vfdxu

Unfortunately, I don't recognize these sequences as any English words. 

Let's now assume it is a Caesar cipher. A Caesar cipher is a type of substitution cipher in which each letter in the plaintext is 'shifted' a certain number of places down the alphabet. For example, with a shift of 1, A would be replaced by B, B would become C, and so on. Let's try to decrypt the message by shifting the letters forward and backward in the alphabet. 

1. Shift 1: ecwu
2. Shift 2: dbvt 
3. Shift 3: caus
4. Shift 4: bztr
5. Shift 5: aysq 

Unfortunately, none of these yield an English word either. Let's try shifting the opposite direction.

1. Shift 1 (Backward): geywi
2. Shift 2 (Backward): hfzxj
3. Shift 3 (Backward): igayk
4. Shift 4 (Backward): jhbzl
5. Shift 5 (Backward): kicam 

None of these shifts yield recognizable English words either. 

Let's try shifting the ciphertext by 23, which is the most common shift in Caesar ciphers.

1. Shift 23: awayi

This also doesn't form a valid English word. We've tried a reasonable number of shifts and unfortunately,none of them have yielded a recognizable English word. A different encryption method may have been utilized to create this ciphertext.",0,12,"Possible anagram results are:
1. Huvdf
2. Fudxv
3. Dxvfu
4. Xvdfu
5. Vfdxu

Unfortunately, I don't recognize these sequences as any English words. 

Let's now assume it is a Caesar cipher. A Caesar cipher is a type of substitution cipher in which each letter in the plaintext is 'shifted' a certain number of places down the alphabet. For example, with a shift of 1, A would be replaced by B, B would become C, and so on. Let's try to decrypt the message by shifting the letters forward and backward in the alphabet. 

1. Shift 1: ecwu
2. Shift 2: dbvt 
3. Shift 3: caus
4. Shift 4: bztr
5. Shift 5: aysq 

Unfortunately, none of these yield an Engli",1,2
fdxvh,cause,5,3,"Possible anagram results are:
1. Huvdf
2. Fudxv
3. Dxvfu
4. Xvdfu
5. Vfdxu

Unfortunately, I don't recognize these sequences as any English words. 

Let's now assume it is a Caesar cipher. A Caesar cipher is a type of substitution cipher in which each letter in the plaintext is 'shifted' a certain number of places down the alphabet. For example, with a shift of 1, A would be replaced by B, B would become C, and so on. Let's try to decrypt the message by shifting the letters forward and backward in the alphabet. 

1. Shift 1: ecwu
2. Shift 2: dbvt 
3. Shift 3: caus
4. Shift 4: bztr
5. Shift 5: aysq 

Unfortunately, none of these yield an English word either. Let's try shifting the opposite direction.

1. Shift 1 (Backward): geywi
2. Shift 2 (Backward): hfzxj
3. Shift 3 (Backward): igayk
4. Shift 4 (Backward): jhbzl
5. Shift 5 (Backward): kicam 

None of these shifts yield recognizable English words either. 

Let's try shifting the ciphertext by 23, which is the most common shift in Caesar ciphers.

1. Shift 23: awayi

This also doesn't form a valid English word. We've tried a reasonable number of shifts and unfortunately,none of them have yielded a recognizable English word. A different encryption method may have been utilized to create this ciphertext.",0,13,"Possible anagram results are:
1. Huvdf
2. Fudxv
3. Dxvfu
4. Xvdfu
5. Vfdxu

Unfortunately, I don't recognize these sequences as any English words. 

Let's now assume it is a Caesar cipher. A Caesar cipher is a type of substitution cipher in which each letter in the plaintext is 'shifted' a certain number of places down the alphabet. For example, with a shift of 1, A would be replaced by B, B would become C, and so on. Let's try to decrypt the message by shifting the letters forward and backward in the alphabet. 

1. Shift 1: ecwu
2. Shift 2: dbvt 
3. Shift 3: caus
4. Shift 4: bztr
5. Shift 5: aysq 

Unfortunately, none of these yield an English word either. Let's try shifting the opposite di",1,2
fdxvh,cause,5,3,"Possible anagram results are:
1. Huvdf
2. Fudxv
3. Dxvfu
4. Xvdfu
5. Vfdxu

Unfortunately, I don't recognize these sequences as any English words. 

Let's now assume it is a Caesar cipher. A Caesar cipher is a type of substitution cipher in which each letter in the plaintext is 'shifted' a certain number of places down the alphabet. For example, with a shift of 1, A would be replaced by B, B would become C, and so on. Let's try to decrypt the message by shifting the letters forward and backward in the alphabet. 

1. Shift 1: ecwu
2. Shift 2: dbvt 
3. Shift 3: caus
4. Shift 4: bztr
5. Shift 5: aysq 

Unfortunately, none of these yield an English word either. Let's try shifting the opposite direction.

1. Shift 1 (Backward): geywi
2. Shift 2 (Backward): hfzxj
3. Shift 3 (Backward): igayk
4. Shift 4 (Backward): jhbzl
5. Shift 5 (Backward): kicam 

None of these shifts yield recognizable English words either. 

Let's try shifting the ciphertext by 23, which is the most common shift in Caesar ciphers.

1. Shift 23: awayi

This also doesn't form a valid English word. We've tried a reasonable number of shifts and unfortunately,none of them have yielded a recognizable English word. A different encryption method may have been utilized to create this ciphertext.",0,14,"Possible anagram results are:
1. Huvdf
2. Fudxv
3. Dxvfu
4. Xvdfu
5. Vfdxu

Unfortunately, I don't recognize these sequences as any English words. 

Let's now assume it is a Caesar cipher. A Caesar cipher is a type of substitution cipher in which each letter in the plaintext is 'shifted' a certain number of places down the alphabet. For example, with a shift of 1, A would be replaced by B, B would become C, and so on. Let's try to decrypt the message by shifting the letters forward and backward in the alphabet. 

1. Shift 1: ecwu
2. Shift 2: dbvt 
3. Shift 3: caus
4. Shift 4: bztr
5. Shift 5: aysq 

Unfortunately, none of these yield an English word either. Let's try shifting the opposite direction.

1. Shift 1 (Backward): geywi
2. Shift 2 ",1,2
fdxvh,cause,5,3,"Possible anagram results are:
1. Huvdf
2. Fudxv
3. Dxvfu
4. Xvdfu
5. Vfdxu

Unfortunately, I don't recognize these sequences as any English words. 

Let's now assume it is a Caesar cipher. A Caesar cipher is a type of substitution cipher in which each letter in the plaintext is 'shifted' a certain number of places down the alphabet. For example, with a shift of 1, A would be replaced by B, B would become C, and so on. Let's try to decrypt the message by shifting the letters forward and backward in the alphabet. 

1. Shift 1: ecwu
2. Shift 2: dbvt 
3. Shift 3: caus
4. Shift 4: bztr
5. Shift 5: aysq 

Unfortunately, none of these yield an English word either. Let's try shifting the opposite direction.

1. Shift 1 (Backward): geywi
2. Shift 2 (Backward): hfzxj
3. Shift 3 (Backward): igayk
4. Shift 4 (Backward): jhbzl
5. Shift 5 (Backward): kicam 

None of these shifts yield recognizable English words either. 

Let's try shifting the ciphertext by 23, which is the most common shift in Caesar ciphers.

1. Shift 23: awayi

This also doesn't form a valid English word. We've tried a reasonable number of shifts and unfortunately,none of them have yielded a recognizable English word. A different encryption method may have been utilized to create this ciphertext.",0,15,"Possible anagram results are:
1. Huvdf
2. Fudxv
3. Dxvfu
4. Xvdfu
5. Vfdxu

Unfortunately, I don't recognize these sequences as any English words. 

Let's now assume it is a Caesar cipher. A Caesar cipher is a type of substitution cipher in which each letter in the plaintext is 'shifted' a certain number of places down the alphabet. For example, with a shift of 1, A would be replaced by B, B would become C, and so on. Let's try to decrypt the message by shifting the letters forward and backward in the alphabet. 

1. Shift 1: ecwu
2. Shift 2: dbvt 
3. Shift 3: caus
4. Shift 4: bztr
5. Shift 5: aysq 

Unfortunately, none of these yield an English word either. Let's try shifting the opposite direction.

1. Shift 1 (Backward): geywi
2. Shift 2 (Backward): hfzxj
3. Shift 3 (Backward): igayk
4. ",1,2
fdxvh,cause,5,3,"Possible anagram results are:
1. Huvdf
2. Fudxv
3. Dxvfu
4. Xvdfu
5. Vfdxu

Unfortunately, I don't recognize these sequences as any English words. 

Let's now assume it is a Caesar cipher. A Caesar cipher is a type of substitution cipher in which each letter in the plaintext is 'shifted' a certain number of places down the alphabet. For example, with a shift of 1, A would be replaced by B, B would become C, and so on. Let's try to decrypt the message by shifting the letters forward and backward in the alphabet. 

1. Shift 1: ecwu
2. Shift 2: dbvt 
3. Shift 3: caus
4. Shift 4: bztr
5. Shift 5: aysq 

Unfortunately, none of these yield an English word either. Let's try shifting the opposite direction.

1. Shift 1 (Backward): geywi
2. Shift 2 (Backward): hfzxj
3. Shift 3 (Backward): igayk
4. Shift 4 (Backward): jhbzl
5. Shift 5 (Backward): kicam 

None of these shifts yield recognizable English words either. 

Let's try shifting the ciphertext by 23, which is the most common shift in Caesar ciphers.

1. Shift 23: awayi

This also doesn't form a valid English word. We've tried a reasonable number of shifts and unfortunately,none of them have yielded a recognizable English word. A different encryption method may have been utilized to create this ciphertext.",0,16,"Possible anagram results are:
1. Huvdf
2. Fudxv
3. Dxvfu
4. Xvdfu
5. Vfdxu

Unfortunately, I don't recognize these sequences as any English words. 

Let's now assume it is a Caesar cipher. A Caesar cipher is a type of substitution cipher in which each letter in the plaintext is 'shifted' a certain number of places down the alphabet. For example, with a shift of 1, A would be replaced by B, B would become C, and so on. Let's try to decrypt the message by shifting the letters forward and backward in the alphabet. 

1. Shift 1: ecwu
2. Shift 2: dbvt 
3. Shift 3: caus
4. Shift 4: bztr
5. Shift 5: aysq 

Unfortunately, none of these yield an English word either. Let's try shifting the opposite direction.

1. Shift 1 (Backward): geywi
2. Shift 2 (Backward): hfzxj
3. Shift 3 (Backward): igayk
4. Shift 4 (Backward): jhbzl
5. Shift 5 (Backward): k",1,2
fdxvh,cause,5,3,"Possible anagram results are:
1. Huvdf
2. Fudxv
3. Dxvfu
4. Xvdfu
5. Vfdxu

Unfortunately, I don't recognize these sequences as any English words. 

Let's now assume it is a Caesar cipher. A Caesar cipher is a type of substitution cipher in which each letter in the plaintext is 'shifted' a certain number of places down the alphabet. For example, with a shift of 1, A would be replaced by B, B would become C, and so on. Let's try to decrypt the message by shifting the letters forward and backward in the alphabet. 

1. Shift 1: ecwu
2. Shift 2: dbvt 
3. Shift 3: caus
4. Shift 4: bztr
5. Shift 5: aysq 

Unfortunately, none of these yield an English word either. Let's try shifting the opposite direction.

1. Shift 1 (Backward): geywi
2. Shift 2 (Backward): hfzxj
3. Shift 3 (Backward): igayk
4. Shift 4 (Backward): jhbzl
5. Shift 5 (Backward): kicam 

None of these shifts yield recognizable English words either. 

Let's try shifting the ciphertext by 23, which is the most common shift in Caesar ciphers.

1. Shift 23: awayi

This also doesn't form a valid English word. We've tried a reasonable number of shifts and unfortunately,none of them have yielded a recognizable English word. A different encryption method may have been utilized to create this ciphertext.",0,17,"Possible anagram results are:
1. Huvdf
2. Fudxv
3. Dxvfu
4. Xvdfu
5. Vfdxu

Unfortunately, I don't recognize these sequences as any English words. 

Let's now assume it is a Caesar cipher. A Caesar cipher is a type of substitution cipher in which each letter in the plaintext is 'shifted' a certain number of places down the alphabet. For example, with a shift of 1, A would be replaced by B, B would become C, and so on. Let's try to decrypt the message by shifting the letters forward and backward in the alphabet. 

1. Shift 1: ecwu
2. Shift 2: dbvt 
3. Shift 3: caus
4. Shift 4: bztr
5. Shift 5: aysq 

Unfortunately, none of these yield an English word either. Let's try shifting the opposite direction.

1. Shift 1 (Backward): geywi
2. Shift 2 (Backward): hfzxj
3. Shift 3 (Backward): igayk
4. Shift 4 (Backward): jhbzl
5. Shift 5 (Backward): kicam 

None of these shifts yield recognizable Eng",1,2
fdxvh,cause,5,3,"Possible anagram results are:
1. Huvdf
2. Fudxv
3. Dxvfu
4. Xvdfu
5. Vfdxu

Unfortunately, I don't recognize these sequences as any English words. 

Let's now assume it is a Caesar cipher. A Caesar cipher is a type of substitution cipher in which each letter in the plaintext is 'shifted' a certain number of places down the alphabet. For example, with a shift of 1, A would be replaced by B, B would become C, and so on. Let's try to decrypt the message by shifting the letters forward and backward in the alphabet. 

1. Shift 1: ecwu
2. Shift 2: dbvt 
3. Shift 3: caus
4. Shift 4: bztr
5. Shift 5: aysq 

Unfortunately, none of these yield an English word either. Let's try shifting the opposite direction.

1. Shift 1 (Backward): geywi
2. Shift 2 (Backward): hfzxj
3. Shift 3 (Backward): igayk
4. Shift 4 (Backward): jhbzl
5. Shift 5 (Backward): kicam 

None of these shifts yield recognizable English words either. 

Let's try shifting the ciphertext by 23, which is the most common shift in Caesar ciphers.

1. Shift 23: awayi

This also doesn't form a valid English word. We've tried a reasonable number of shifts and unfortunately,none of them have yielded a recognizable English word. A different encryption method may have been utilized to create this ciphertext.",0,18,"Possible anagram results are:
1. Huvdf
2. Fudxv
3. Dxvfu
4. Xvdfu
5. Vfdxu

Unfortunately, I don't recognize these sequences as any English words. 

Let's now assume it is a Caesar cipher. A Caesar cipher is a type of substitution cipher in which each letter in the plaintext is 'shifted' a certain number of places down the alphabet. For example, with a shift of 1, A would be replaced by B, B would become C, and so on. Let's try to decrypt the message by shifting the letters forward and backward in the alphabet. 

1. Shift 1: ecwu
2. Shift 2: dbvt 
3. Shift 3: caus
4. Shift 4: bztr
5. Shift 5: aysq 

Unfortunately, none of these yield an English word either. Let's try shifting the opposite direction.

1. Shift 1 (Backward): geywi
2. Shift 2 (Backward): hfzxj
3. Shift 3 (Backward): igayk
4. Shift 4 (Backward): jhbzl
5. Shift 5 (Backward): kicam 

None of these shifts yield recognizable English words either. 

Let's try shifting the cipher",1,2
fdxvh,cause,5,3,"Possible anagram results are:
1. Huvdf
2. Fudxv
3. Dxvfu
4. Xvdfu
5. Vfdxu

Unfortunately, I don't recognize these sequences as any English words. 

Let's now assume it is a Caesar cipher. A Caesar cipher is a type of substitution cipher in which each letter in the plaintext is 'shifted' a certain number of places down the alphabet. For example, with a shift of 1, A would be replaced by B, B would become C, and so on. Let's try to decrypt the message by shifting the letters forward and backward in the alphabet. 

1. Shift 1: ecwu
2. Shift 2: dbvt 
3. Shift 3: caus
4. Shift 4: bztr
5. Shift 5: aysq 

Unfortunately, none of these yield an English word either. Let's try shifting the opposite direction.

1. Shift 1 (Backward): geywi
2. Shift 2 (Backward): hfzxj
3. Shift 3 (Backward): igayk
4. Shift 4 (Backward): jhbzl
5. Shift 5 (Backward): kicam 

None of these shifts yield recognizable English words either. 

Let's try shifting the ciphertext by 23, which is the most common shift in Caesar ciphers.

1. Shift 23: awayi

This also doesn't form a valid English word. We've tried a reasonable number of shifts and unfortunately,none of them have yielded a recognizable English word. A different encryption method may have been utilized to create this ciphertext.",0,19,"Possible anagram results are:
1. Huvdf
2. Fudxv
3. Dxvfu
4. Xvdfu
5. Vfdxu

Unfortunately, I don't recognize these sequences as any English words. 

Let's now assume it is a Caesar cipher. A Caesar cipher is a type of substitution cipher in which each letter in the plaintext is 'shifted' a certain number of places down the alphabet. For example, with a shift of 1, A would be replaced by B, B would become C, and so on. Let's try to decrypt the message by shifting the letters forward and backward in the alphabet. 

1. Shift 1: ecwu
2. Shift 2: dbvt 
3. Shift 3: caus
4. Shift 4: bztr
5. Shift 5: aysq 

Unfortunately, none of these yield an English word either. Let's try shifting the opposite direction.

1. Shift 1 (Backward): geywi
2. Shift 2 (Backward): hfzxj
3. Shift 3 (Backward): igayk
4. Shift 4 (Backward): jhbzl
5. Shift 5 (Backward): kicam 

None of these shifts yield recognizable English words either. 

Let's try shifting the ciphertext by 23, which is the most common shift in Caes",1,2
fdxvh,cause,5,3,"Possible anagram results are:
1. Huvdf
2. Fudxv
3. Dxvfu
4. Xvdfu
5. Vfdxu

Unfortunately, I don't recognize these sequences as any English words. 

Let's now assume it is a Caesar cipher. A Caesar cipher is a type of substitution cipher in which each letter in the plaintext is 'shifted' a certain number of places down the alphabet. For example, with a shift of 1, A would be replaced by B, B would become C, and so on. Let's try to decrypt the message by shifting the letters forward and backward in the alphabet. 

1. Shift 1: ecwu
2. Shift 2: dbvt 
3. Shift 3: caus
4. Shift 4: bztr
5. Shift 5: aysq 

Unfortunately, none of these yield an English word either. Let's try shifting the opposite direction.

1. Shift 1 (Backward): geywi
2. Shift 2 (Backward): hfzxj
3. Shift 3 (Backward): igayk
4. Shift 4 (Backward): jhbzl
5. Shift 5 (Backward): kicam 

None of these shifts yield recognizable English words either. 

Let's try shifting the ciphertext by 23, which is the most common shift in Caesar ciphers.

1. Shift 23: awayi

This also doesn't form a valid English word. We've tried a reasonable number of shifts and unfortunately,none of them have yielded a recognizable English word. A different encryption method may have been utilized to create this ciphertext.",0,20,"Possible anagram results are:
1. Huvdf
2. Fudxv
3. Dxvfu
4. Xvdfu
5. Vfdxu

Unfortunately, I don't recognize these sequences as any English words. 

Let's now assume it is a Caesar cipher. A Caesar cipher is a type of substitution cipher in which each letter in the plaintext is 'shifted' a certain number of places down the alphabet. For example, with a shift of 1, A would be replaced by B, B would become C, and so on. Let's try to decrypt the message by shifting the letters forward and backward in the alphabet. 

1. Shift 1: ecwu
2. Shift 2: dbvt 
3. Shift 3: caus
4. Shift 4: bztr
5. Shift 5: aysq 

Unfortunately, none of these yield an English word either. Let's try shifting the opposite direction.

1. Shift 1 (Backward): geywi
2. Shift 2 (Backward): hfzxj
3. Shift 3 (Backward): igayk
4. Shift 4 (Backward): jhbzl
5. Shift 5 (Backward): kicam 

None of these shifts yield recognizable English words either. 

Let's try shifting the ciphertext by 23, which is the most common shift in Caesar ciphers.

1. Shift 23: awayi

This also doesn't",1,2
fdxvh,cause,5,3,"Possible anagram results are:
1. Huvdf
2. Fudxv
3. Dxvfu
4. Xvdfu
5. Vfdxu

Unfortunately, I don't recognize these sequences as any English words. 

Let's now assume it is a Caesar cipher. A Caesar cipher is a type of substitution cipher in which each letter in the plaintext is 'shifted' a certain number of places down the alphabet. For example, with a shift of 1, A would be replaced by B, B would become C, and so on. Let's try to decrypt the message by shifting the letters forward and backward in the alphabet. 

1. Shift 1: ecwu
2. Shift 2: dbvt 
3. Shift 3: caus
4. Shift 4: bztr
5. Shift 5: aysq 

Unfortunately, none of these yield an English word either. Let's try shifting the opposite direction.

1. Shift 1 (Backward): geywi
2. Shift 2 (Backward): hfzxj
3. Shift 3 (Backward): igayk
4. Shift 4 (Backward): jhbzl
5. Shift 5 (Backward): kicam 

None of these shifts yield recognizable English words either. 

Let's try shifting the ciphertext by 23, which is the most common shift in Caesar ciphers.

1. Shift 23: awayi

This also doesn't form a valid English word. We've tried a reasonable number of shifts and unfortunately,none of them have yielded a recognizable English word. A different encryption method may have been utilized to create this ciphertext.",0,21,"Possible anagram results are:
1. Huvdf
2. Fudxv
3. Dxvfu
4. Xvdfu
5. Vfdxu

Unfortunately, I don't recognize these sequences as any English words. 

Let's now assume it is a Caesar cipher. A Caesar cipher is a type of substitution cipher in which each letter in the plaintext is 'shifted' a certain number of places down the alphabet. For example, with a shift of 1, A would be replaced by B, B would become C, and so on. Let's try to decrypt the message by shifting the letters forward and backward in the alphabet. 

1. Shift 1: ecwu
2. Shift 2: dbvt 
3. Shift 3: caus
4. Shift 4: bztr
5. Shift 5: aysq 

Unfortunately, none of these yield an English word either. Let's try shifting the opposite direction.

1. Shift 1 (Backward): geywi
2. Shift 2 (Backward): hfzxj
3. Shift 3 (Backward): igayk
4. Shift 4 (Backward): jhbzl
5. Shift 5 (Backward): kicam 

None of these shifts yield recognizable English words either. 

Let's try shifting the ciphertext by 23, which is the most common shift in Caesar ciphers.

1. Shift 23: awayi

This also doesn't form a valid English word. We've tried a reasonab",1,2
fdxvh,cause,5,3,"Possible anagram results are:
1. Huvdf
2. Fudxv
3. Dxvfu
4. Xvdfu
5. Vfdxu

Unfortunately, I don't recognize these sequences as any English words. 

Let's now assume it is a Caesar cipher. A Caesar cipher is a type of substitution cipher in which each letter in the plaintext is 'shifted' a certain number of places down the alphabet. For example, with a shift of 1, A would be replaced by B, B would become C, and so on. Let's try to decrypt the message by shifting the letters forward and backward in the alphabet. 

1. Shift 1: ecwu
2. Shift 2: dbvt 
3. Shift 3: caus
4. Shift 4: bztr
5. Shift 5: aysq 

Unfortunately, none of these yield an English word either. Let's try shifting the opposite direction.

1. Shift 1 (Backward): geywi
2. Shift 2 (Backward): hfzxj
3. Shift 3 (Backward): igayk
4. Shift 4 (Backward): jhbzl
5. Shift 5 (Backward): kicam 

None of these shifts yield recognizable English words either. 

Let's try shifting the ciphertext by 23, which is the most common shift in Caesar ciphers.

1. Shift 23: awayi

This also doesn't form a valid English word. We've tried a reasonable number of shifts and unfortunately,none of them have yielded a recognizable English word. A different encryption method may have been utilized to create this ciphertext.",0,22,"Possible anagram results are:
1. Huvdf
2. Fudxv
3. Dxvfu
4. Xvdfu
5. Vfdxu

Unfortunately, I don't recognize these sequences as any English words. 

Let's now assume it is a Caesar cipher. A Caesar cipher is a type of substitution cipher in which each letter in the plaintext is 'shifted' a certain number of places down the alphabet. For example, with a shift of 1, A would be replaced by B, B would become C, and so on. Let's try to decrypt the message by shifting the letters forward and backward in the alphabet. 

1. Shift 1: ecwu
2. Shift 2: dbvt 
3. Shift 3: caus
4. Shift 4: bztr
5. Shift 5: aysq 

Unfortunately, none of these yield an English word either. Let's try shifting the opposite direction.

1. Shift 1 (Backward): geywi
2. Shift 2 (Backward): hfzxj
3. Shift 3 (Backward): igayk
4. Shift 4 (Backward): jhbzl
5. Shift 5 (Backward): kicam 

None of these shifts yield recognizable English words either. 

Let's try shifting the ciphertext by 23, which is the most common shift in Caesar ciphers.

1. Shift 23: awayi

This also doesn't form a valid English word. We've tried a reasonable number of shifts and unfortunately,none of them",1,2
fdxvh,cause,5,3,"Possible anagram results are:
1. Huvdf
2. Fudxv
3. Dxvfu
4. Xvdfu
5. Vfdxu

Unfortunately, I don't recognize these sequences as any English words. 

Let's now assume it is a Caesar cipher. A Caesar cipher is a type of substitution cipher in which each letter in the plaintext is 'shifted' a certain number of places down the alphabet. For example, with a shift of 1, A would be replaced by B, B would become C, and so on. Let's try to decrypt the message by shifting the letters forward and backward in the alphabet. 

1. Shift 1: ecwu
2. Shift 2: dbvt 
3. Shift 3: caus
4. Shift 4: bztr
5. Shift 5: aysq 

Unfortunately, none of these yield an English word either. Let's try shifting the opposite direction.

1. Shift 1 (Backward): geywi
2. Shift 2 (Backward): hfzxj
3. Shift 3 (Backward): igayk
4. Shift 4 (Backward): jhbzl
5. Shift 5 (Backward): kicam 

None of these shifts yield recognizable English words either. 

Let's try shifting the ciphertext by 23, which is the most common shift in Caesar ciphers.

1. Shift 23: awayi

This also doesn't form a valid English word. We've tried a reasonable number of shifts and unfortunately,none of them have yielded a recognizable English word. A different encryption method may have been utilized to create this ciphertext.",0,23,"Possible anagram results are:
1. Huvdf
2. Fudxv
3. Dxvfu
4. Xvdfu
5. Vfdxu

Unfortunately, I don't recognize these sequences as any English words. 

Let's now assume it is a Caesar cipher. A Caesar cipher is a type of substitution cipher in which each letter in the plaintext is 'shifted' a certain number of places down the alphabet. For example, with a shift of 1, A would be replaced by B, B would become C, and so on. Let's try to decrypt the message by shifting the letters forward and backward in the alphabet. 

1. Shift 1: ecwu
2. Shift 2: dbvt 
3. Shift 3: caus
4. Shift 4: bztr
5. Shift 5: aysq 

Unfortunately, none of these yield an English word either. Let's try shifting the opposite direction.

1. Shift 1 (Backward): geywi
2. Shift 2 (Backward): hfzxj
3. Shift 3 (Backward): igayk
4. Shift 4 (Backward): jhbzl
5. Shift 5 (Backward): kicam 

None of these shifts yield recognizable English words either. 

Let's try shifting the ciphertext by 23, which is the most common shift in Caesar ciphers.

1. Shift 23: awayi

This also doesn't form a valid English word. We've tried a reasonable number of shifts and unfortunately,none of them have yielded a recognizable English word. A diffe",1,2
fdxvh,cause,5,3,"Possible anagram results are:
1. Huvdf
2. Fudxv
3. Dxvfu
4. Xvdfu
5. Vfdxu

Unfortunately, I don't recognize these sequences as any English words. 

Let's now assume it is a Caesar cipher. A Caesar cipher is a type of substitution cipher in which each letter in the plaintext is 'shifted' a certain number of places down the alphabet. For example, with a shift of 1, A would be replaced by B, B would become C, and so on. Let's try to decrypt the message by shifting the letters forward and backward in the alphabet. 

1. Shift 1: ecwu
2. Shift 2: dbvt 
3. Shift 3: caus
4. Shift 4: bztr
5. Shift 5: aysq 

Unfortunately, none of these yield an English word either. Let's try shifting the opposite direction.

1. Shift 1 (Backward): geywi
2. Shift 2 (Backward): hfzxj
3. Shift 3 (Backward): igayk
4. Shift 4 (Backward): jhbzl
5. Shift 5 (Backward): kicam 

None of these shifts yield recognizable English words either. 

Let's try shifting the ciphertext by 23, which is the most common shift in Caesar ciphers.

1. Shift 23: awayi

This also doesn't form a valid English word. We've tried a reasonable number of shifts and unfortunately,none of them have yielded a recognizable English word. A different encryption method may have been utilized to create this ciphertext.",0,24,"Possible anagram results are:
1. Huvdf
2. Fudxv
3. Dxvfu
4. Xvdfu
5. Vfdxu

Unfortunately, I don't recognize these sequences as any English words. 

Let's now assume it is a Caesar cipher. A Caesar cipher is a type of substitution cipher in which each letter in the plaintext is 'shifted' a certain number of places down the alphabet. For example, with a shift of 1, A would be replaced by B, B would become C, and so on. Let's try to decrypt the message by shifting the letters forward and backward in the alphabet. 

1. Shift 1: ecwu
2. Shift 2: dbvt 
3. Shift 3: caus
4. Shift 4: bztr
5. Shift 5: aysq 

Unfortunately, none of these yield an English word either. Let's try shifting the opposite direction.

1. Shift 1 (Backward): geywi
2. Shift 2 (Backward): hfzxj
3. Shift 3 (Backward): igayk
4. Shift 4 (Backward): jhbzl
5. Shift 5 (Backward): kicam 

None of these shifts yield recognizable English words either. 

Let's try shifting the ciphertext by 23, which is the most common shift in Caesar ciphers.

1. Shift 23: awayi

This also doesn't form a valid English word. We've tried a reasonable number of shifts and unfortunately,none of them have yielded a recognizable English word. A different encryption method may have been utilized to c",1,2
fdxvh,cause,5,3,"Possible anagram results are:
1. Huvdf
2. Fudxv
3. Dxvfu
4. Xvdfu
5. Vfdxu

Unfortunately, I don't recognize these sequences as any English words. 

Let's now assume it is a Caesar cipher. A Caesar cipher is a type of substitution cipher in which each letter in the plaintext is 'shifted' a certain number of places down the alphabet. For example, with a shift of 1, A would be replaced by B, B would become C, and so on. Let's try to decrypt the message by shifting the letters forward and backward in the alphabet. 

1. Shift 1: ecwu
2. Shift 2: dbvt 
3. Shift 3: caus
4. Shift 4: bztr
5. Shift 5: aysq 

Unfortunately, none of these yield an English word either. Let's try shifting the opposite direction.

1. Shift 1 (Backward): geywi
2. Shift 2 (Backward): hfzxj
3. Shift 3 (Backward): igayk
4. Shift 4 (Backward): jhbzl
5. Shift 5 (Backward): kicam 

None of these shifts yield recognizable English words either. 

Let's try shifting the ciphertext by 23, which is the most common shift in Caesar ciphers.

1. Shift 23: awayi

This also doesn't form a valid English word. We've tried a reasonable number of shifts and unfortunately,none of them have yielded a recognizable English word. A different encryption method may have been utilized to create this ciphertext.",0,25,"Possible anagram results are:
1. Huvdf
2. Fudxv
3. Dxvfu
4. Xvdfu
5. Vfdxu

Unfortunately, I don't recognize these sequences as any English words. 

Let's now assume it is a Caesar cipher. A Caesar cipher is a type of substitution cipher in which each letter in the plaintext is 'shifted' a certain number of places down the alphabet. For example, with a shift of 1, A would be replaced by B, B would become C, and so on. Let's try to decrypt the message by shifting the letters forward and backward in the alphabet. 

1. Shift 1: ecwu
2. Shift 2: dbvt 
3. Shift 3: caus
4. Shift 4: bztr
5. Shift 5: aysq 

Unfortunately, none of these yield an English word either. Let's try shifting the opposite direction.

1. Shift 1 (Backward): geywi
2. Shift 2 (Backward): hfzxj
3. Shift 3 (Backward): igayk
4. Shift 4 (Backward): jhbzl
5. Shift 5 (Backward): kicam 

None of these shifts yield recognizable English words either. 

Let's try shifting the ciphertext by 23, which is the most common shift in Caesar ciphers.

1. Shift 23: awayi

This also doesn't form a valid English word. We've tried a reasonable number of shifts and unfortunately,none of them have yielded a recognizable English word. A different encryption method may have been utilized to create this ciphertext.",1,2
asyph,would,5,4,"1. phasy 
2. sypha 
3. haspy
4. yphas
5. apsyh

None of these seem to be English words.

Next, I'll treat the ciphertext as a Caesar cipher. A Caesar cipher is a type of substitution cipher in which each letter in the plaintext is 'shifted' a certain number of places down the alphabet. For our purposes, we'll assume a simple shift of one to five places.

Here are the results for shifts 1 through 5:

1. zrziq
2. ayibp
3. bxhao
4. cwgzn
5. dvfym

Unfortunately none of these appear to be English words either. Let's continue with more shifts.

6. ewexl
7. dvdwk
8. cuctj
9. btbsi
10. asarh
11. zrzqg
12. yqypf
13. pxope
14. ownod
15. nvmnc
16. mulmb
17. ltlka
18. ksijz
19. jrhiy
20. iqghx
21. hpfgw
22. goefv
23. fndeu
24. emcdt
25. dlbsc

Shifting by 13 places, we get the English word ""pxope"", but this does not appear to be a common or recognizable term. Shifting by another 13 places (or returning to the original unshifted text) we get the original term ""asyph"".

It seems neither method gives us a probable English word. Could the text include a typo or an error, or perhaps the original text is from a different language or includes specific or specialized terms?",0,0,"1. phasy 
2. sypha 
3. haspy
4. yphas
5. apsyh

No",0,1
asyph,would,5,4,"1. phasy 
2. sypha 
3. haspy
4. yphas
5. apsyh

None of these seem to be English words.

Next, I'll treat the ciphertext as a Caesar cipher. A Caesar cipher is a type of substitution cipher in which each letter in the plaintext is 'shifted' a certain number of places down the alphabet. For our purposes, we'll assume a simple shift of one to five places.

Here are the results for shifts 1 through 5:

1. zrziq
2. ayibp
3. bxhao
4. cwgzn
5. dvfym

Unfortunately none of these appear to be English words either. Let's continue with more shifts.

6. ewexl
7. dvdwk
8. cuctj
9. btbsi
10. asarh
11. zrzqg
12. yqypf
13. pxope
14. ownod
15. nvmnc
16. mulmb
17. ltlka
18. ksijz
19. jrhiy
20. iqghx
21. hpfgw
22. goefv
23. fndeu
24. emcdt
25. dlbsc

Shifting by 13 places, we get the English word ""pxope"", but this does not appear to be a common or recognizable term. Shifting by another 13 places (or returning to the original unshifted text) we get the original term ""asyph"".

It seems neither method gives us a probable English word. Could the text include a typo or an error, or perhaps the original text is from a different language or includes specific or specialized terms?",0,1,"1. phasy 
2. sypha 
3. haspy
4. yphas
5. apsyh

None of these seem to be English words.

Next, I'll ",1,1
asyph,would,5,4,"1. phasy 
2. sypha 
3. haspy
4. yphas
5. apsyh

None of these seem to be English words.

Next, I'll treat the ciphertext as a Caesar cipher. A Caesar cipher is a type of substitution cipher in which each letter in the plaintext is 'shifted' a certain number of places down the alphabet. For our purposes, we'll assume a simple shift of one to five places.

Here are the results for shifts 1 through 5:

1. zrziq
2. ayibp
3. bxhao
4. cwgzn
5. dvfym

Unfortunately none of these appear to be English words either. Let's continue with more shifts.

6. ewexl
7. dvdwk
8. cuctj
9. btbsi
10. asarh
11. zrzqg
12. yqypf
13. pxope
14. ownod
15. nvmnc
16. mulmb
17. ltlka
18. ksijz
19. jrhiy
20. iqghx
21. hpfgw
22. goefv
23. fndeu
24. emcdt
25. dlbsc

Shifting by 13 places, we get the English word ""pxope"", but this does not appear to be a common or recognizable term. Shifting by another 13 places (or returning to the original unshifted text) we get the original term ""asyph"".

It seems neither method gives us a probable English word. Could the text include a typo or an error, or perhaps the original text is from a different language or includes specific or specialized terms?",0,2,"1. phasy 
2. sypha 
3. haspy
4. yphas
5. apsyh

None of these seem to be English words.

Next, I'll treat the ciphertext as a Caesar cipher. A Caesar ",1,1
asyph,would,5,4,"1. phasy 
2. sypha 
3. haspy
4. yphas
5. apsyh

None of these seem to be English words.

Next, I'll treat the ciphertext as a Caesar cipher. A Caesar cipher is a type of substitution cipher in which each letter in the plaintext is 'shifted' a certain number of places down the alphabet. For our purposes, we'll assume a simple shift of one to five places.

Here are the results for shifts 1 through 5:

1. zrziq
2. ayibp
3. bxhao
4. cwgzn
5. dvfym

Unfortunately none of these appear to be English words either. Let's continue with more shifts.

6. ewexl
7. dvdwk
8. cuctj
9. btbsi
10. asarh
11. zrzqg
12. yqypf
13. pxope
14. ownod
15. nvmnc
16. mulmb
17. ltlka
18. ksijz
19. jrhiy
20. iqghx
21. hpfgw
22. goefv
23. fndeu
24. emcdt
25. dlbsc

Shifting by 13 places, we get the English word ""pxope"", but this does not appear to be a common or recognizable term. Shifting by another 13 places (or returning to the original unshifted text) we get the original term ""asyph"".

It seems neither method gives us a probable English word. Could the text include a typo or an error, or perhaps the original text is from a different language or includes specific or specialized terms?",0,3,"1. phasy 
2. sypha 
3. haspy
4. yphas
5. apsyh

None of these seem to be English words.

Next, I'll treat the ciphertext as a Caesar cipher. A Caesar cipher is a type of substitution cipher in which e",1,1
asyph,would,5,4,"1. phasy 
2. sypha 
3. haspy
4. yphas
5. apsyh

None of these seem to be English words.

Next, I'll treat the ciphertext as a Caesar cipher. A Caesar cipher is a type of substitution cipher in which each letter in the plaintext is 'shifted' a certain number of places down the alphabet. For our purposes, we'll assume a simple shift of one to five places.

Here are the results for shifts 1 through 5:

1. zrziq
2. ayibp
3. bxhao
4. cwgzn
5. dvfym

Unfortunately none of these appear to be English words either. Let's continue with more shifts.

6. ewexl
7. dvdwk
8. cuctj
9. btbsi
10. asarh
11. zrzqg
12. yqypf
13. pxope
14. ownod
15. nvmnc
16. mulmb
17. ltlka
18. ksijz
19. jrhiy
20. iqghx
21. hpfgw
22. goefv
23. fndeu
24. emcdt
25. dlbsc

Shifting by 13 places, we get the English word ""pxope"", but this does not appear to be a common or recognizable term. Shifting by another 13 places (or returning to the original unshifted text) we get the original term ""asyph"".

It seems neither method gives us a probable English word. Could the text include a typo or an error, or perhaps the original text is from a different language or includes specific or specialized terms?",0,4,"1. phasy 
2. sypha 
3. haspy
4. yphas
5. apsyh

None of these seem to be English words.

Next, I'll treat the ciphertext as a Caesar cipher. A Caesar cipher is a type of substitution cipher in which each letter in the plaintext is 'shifted' a certain",1,1
asyph,would,5,4,"1. phasy 
2. sypha 
3. haspy
4. yphas
5. apsyh

None of these seem to be English words.

Next, I'll treat the ciphertext as a Caesar cipher. A Caesar cipher is a type of substitution cipher in which each letter in the plaintext is 'shifted' a certain number of places down the alphabet. For our purposes, we'll assume a simple shift of one to five places.

Here are the results for shifts 1 through 5:

1. zrziq
2. ayibp
3. bxhao
4. cwgzn
5. dvfym

Unfortunately none of these appear to be English words either. Let's continue with more shifts.

6. ewexl
7. dvdwk
8. cuctj
9. btbsi
10. asarh
11. zrzqg
12. yqypf
13. pxope
14. ownod
15. nvmnc
16. mulmb
17. ltlka
18. ksijz
19. jrhiy
20. iqghx
21. hpfgw
22. goefv
23. fndeu
24. emcdt
25. dlbsc

Shifting by 13 places, we get the English word ""pxope"", but this does not appear to be a common or recognizable term. Shifting by another 13 places (or returning to the original unshifted text) we get the original term ""asyph"".

It seems neither method gives us a probable English word. Could the text include a typo or an error, or perhaps the original text is from a different language or includes specific or specialized terms?",0,5,"1. phasy 
2. sypha 
3. haspy
4. yphas
5. apsyh

None of these seem to be English words.

Next, I'll treat the ciphertext as a Caesar cipher. A Caesar cipher is a type of substitution cipher in which each letter in the plaintext is 'shifted' a certain number of places down the alphabet. For our purpo",1,1
asyph,would,5,4,"1. phasy 
2. sypha 
3. haspy
4. yphas
5. apsyh

None of these seem to be English words.

Next, I'll treat the ciphertext as a Caesar cipher. A Caesar cipher is a type of substitution cipher in which each letter in the plaintext is 'shifted' a certain number of places down the alphabet. For our purposes, we'll assume a simple shift of one to five places.

Here are the results for shifts 1 through 5:

1. zrziq
2. ayibp
3. bxhao
4. cwgzn
5. dvfym

Unfortunately none of these appear to be English words either. Let's continue with more shifts.

6. ewexl
7. dvdwk
8. cuctj
9. btbsi
10. asarh
11. zrzqg
12. yqypf
13. pxope
14. ownod
15. nvmnc
16. mulmb
17. ltlka
18. ksijz
19. jrhiy
20. iqghx
21. hpfgw
22. goefv
23. fndeu
24. emcdt
25. dlbsc

Shifting by 13 places, we get the English word ""pxope"", but this does not appear to be a common or recognizable term. Shifting by another 13 places (or returning to the original unshifted text) we get the original term ""asyph"".

It seems neither method gives us a probable English word. Could the text include a typo or an error, or perhaps the original text is from a different language or includes specific or specialized terms?",0,6,"1. phasy 
2. sypha 
3. haspy
4. yphas
5. apsyh

None of these seem to be English words.

Next, I'll treat the ciphertext as a Caesar cipher. A Caesar cipher is a type of substitution cipher in which each letter in the plaintext is 'shifted' a certain number of places down the alphabet. For our purposes, we'll assume a simple shift of one to five pl",1,1
asyph,would,5,4,"1. phasy 
2. sypha 
3. haspy
4. yphas
5. apsyh

None of these seem to be English words.

Next, I'll treat the ciphertext as a Caesar cipher. A Caesar cipher is a type of substitution cipher in which each letter in the plaintext is 'shifted' a certain number of places down the alphabet. For our purposes, we'll assume a simple shift of one to five places.

Here are the results for shifts 1 through 5:

1. zrziq
2. ayibp
3. bxhao
4. cwgzn
5. dvfym

Unfortunately none of these appear to be English words either. Let's continue with more shifts.

6. ewexl
7. dvdwk
8. cuctj
9. btbsi
10. asarh
11. zrzqg
12. yqypf
13. pxope
14. ownod
15. nvmnc
16. mulmb
17. ltlka
18. ksijz
19. jrhiy
20. iqghx
21. hpfgw
22. goefv
23. fndeu
24. emcdt
25. dlbsc

Shifting by 13 places, we get the English word ""pxope"", but this does not appear to be a common or recognizable term. Shifting by another 13 places (or returning to the original unshifted text) we get the original term ""asyph"".

It seems neither method gives us a probable English word. Could the text include a typo or an error, or perhaps the original text is from a different language or includes specific or specialized terms?",0,7,"1. phasy 
2. sypha 
3. haspy
4. yphas
5. apsyh

None of these seem to be English words.

Next, I'll treat the ciphertext as a Caesar cipher. A Caesar cipher is a type of substitution cipher in which each letter in the plaintext is 'shifted' a certain number of places down the alphabet. For our purposes, we'll assume a simple shift of one to five places.

Here are the results for shifts 1 through 5",1,1
asyph,would,5,4,"1. phasy 
2. sypha 
3. haspy
4. yphas
5. apsyh

None of these seem to be English words.

Next, I'll treat the ciphertext as a Caesar cipher. A Caesar cipher is a type of substitution cipher in which each letter in the plaintext is 'shifted' a certain number of places down the alphabet. For our purposes, we'll assume a simple shift of one to five places.

Here are the results for shifts 1 through 5:

1. zrziq
2. ayibp
3. bxhao
4. cwgzn
5. dvfym

Unfortunately none of these appear to be English words either. Let's continue with more shifts.

6. ewexl
7. dvdwk
8. cuctj
9. btbsi
10. asarh
11. zrzqg
12. yqypf
13. pxope
14. ownod
15. nvmnc
16. mulmb
17. ltlka
18. ksijz
19. jrhiy
20. iqghx
21. hpfgw
22. goefv
23. fndeu
24. emcdt
25. dlbsc

Shifting by 13 places, we get the English word ""pxope"", but this does not appear to be a common or recognizable term. Shifting by another 13 places (or returning to the original unshifted text) we get the original term ""asyph"".

It seems neither method gives us a probable English word. Could the text include a typo or an error, or perhaps the original text is from a different language or includes specific or specialized terms?",0,8,"1. phasy 
2. sypha 
3. haspy
4. yphas
5. apsyh

None of these seem to be English words.

Next, I'll treat the ciphertext as a Caesar cipher. A Caesar cipher is a type of substitution cipher in which each letter in the plaintext is 'shifted' a certain number of places down the alphabet. For our purposes, we'll assume a simple shift of one to five places.

Here are the results for shifts 1 through 5:

1. zrziq
2. ayibp
3. bxhao
4. cwgzn
5. dvfym

U",1,1
asyph,would,5,4,"1. phasy 
2. sypha 
3. haspy
4. yphas
5. apsyh

None of these seem to be English words.

Next, I'll treat the ciphertext as a Caesar cipher. A Caesar cipher is a type of substitution cipher in which each letter in the plaintext is 'shifted' a certain number of places down the alphabet. For our purposes, we'll assume a simple shift of one to five places.

Here are the results for shifts 1 through 5:

1. zrziq
2. ayibp
3. bxhao
4. cwgzn
5. dvfym

Unfortunately none of these appear to be English words either. Let's continue with more shifts.

6. ewexl
7. dvdwk
8. cuctj
9. btbsi
10. asarh
11. zrzqg
12. yqypf
13. pxope
14. ownod
15. nvmnc
16. mulmb
17. ltlka
18. ksijz
19. jrhiy
20. iqghx
21. hpfgw
22. goefv
23. fndeu
24. emcdt
25. dlbsc

Shifting by 13 places, we get the English word ""pxope"", but this does not appear to be a common or recognizable term. Shifting by another 13 places (or returning to the original unshifted text) we get the original term ""asyph"".

It seems neither method gives us a probable English word. Could the text include a typo or an error, or perhaps the original text is from a different language or includes specific or specialized terms?",0,9,"1. phasy 
2. sypha 
3. haspy
4. yphas
5. apsyh

None of these seem to be English words.

Next, I'll treat the ciphertext as a Caesar cipher. A Caesar cipher is a type of substitution cipher in which each letter in the plaintext is 'shifted' a certain number of places down the alphabet. For our purposes, we'll assume a simple shift of one to five places.

Here are the results for shifts 1 through 5:

1. zrziq
2. ayibp
3. bxhao
4. cwgzn
5. dvfym

Unfortunately none of these appear to be English wo",1,1
asyph,would,5,4,"1. phasy 
2. sypha 
3. haspy
4. yphas
5. apsyh

None of these seem to be English words.

Next, I'll treat the ciphertext as a Caesar cipher. A Caesar cipher is a type of substitution cipher in which each letter in the plaintext is 'shifted' a certain number of places down the alphabet. For our purposes, we'll assume a simple shift of one to five places.

Here are the results for shifts 1 through 5:

1. zrziq
2. ayibp
3. bxhao
4. cwgzn
5. dvfym

Unfortunately none of these appear to be English words either. Let's continue with more shifts.

6. ewexl
7. dvdwk
8. cuctj
9. btbsi
10. asarh
11. zrzqg
12. yqypf
13. pxope
14. ownod
15. nvmnc
16. mulmb
17. ltlka
18. ksijz
19. jrhiy
20. iqghx
21. hpfgw
22. goefv
23. fndeu
24. emcdt
25. dlbsc

Shifting by 13 places, we get the English word ""pxope"", but this does not appear to be a common or recognizable term. Shifting by another 13 places (or returning to the original unshifted text) we get the original term ""asyph"".

It seems neither method gives us a probable English word. Could the text include a typo or an error, or perhaps the original text is from a different language or includes specific or specialized terms?",0,10,"1. phasy 
2. sypha 
3. haspy
4. yphas
5. apsyh

None of these seem to be English words.

Next, I'll treat the ciphertext as a Caesar cipher. A Caesar cipher is a type of substitution cipher in which each letter in the plaintext is 'shifted' a certain number of places down the alphabet. For our purposes, we'll assume a simple shift of one to five places.

Here are the results for shifts 1 through 5:

1. zrziq
2. ayibp
3. bxhao
4. cwgzn
5. dvfym

Unfortunately none of these appear to be English words either. Let's continue with more shifts.

6. e",1,1
asyph,would,5,4,"1. phasy 
2. sypha 
3. haspy
4. yphas
5. apsyh

None of these seem to be English words.

Next, I'll treat the ciphertext as a Caesar cipher. A Caesar cipher is a type of substitution cipher in which each letter in the plaintext is 'shifted' a certain number of places down the alphabet. For our purposes, we'll assume a simple shift of one to five places.

Here are the results for shifts 1 through 5:

1. zrziq
2. ayibp
3. bxhao
4. cwgzn
5. dvfym

Unfortunately none of these appear to be English words either. Let's continue with more shifts.

6. ewexl
7. dvdwk
8. cuctj
9. btbsi
10. asarh
11. zrzqg
12. yqypf
13. pxope
14. ownod
15. nvmnc
16. mulmb
17. ltlka
18. ksijz
19. jrhiy
20. iqghx
21. hpfgw
22. goefv
23. fndeu
24. emcdt
25. dlbsc

Shifting by 13 places, we get the English word ""pxope"", but this does not appear to be a common or recognizable term. Shifting by another 13 places (or returning to the original unshifted text) we get the original term ""asyph"".

It seems neither method gives us a probable English word. Could the text include a typo or an error, or perhaps the original text is from a different language or includes specific or specialized terms?",0,11,"1. phasy 
2. sypha 
3. haspy
4. yphas
5. apsyh

None of these seem to be English words.

Next, I'll treat the ciphertext as a Caesar cipher. A Caesar cipher is a type of substitution cipher in which each letter in the plaintext is 'shifted' a certain number of places down the alphabet. For our purposes, we'll assume a simple shift of one to five places.

Here are the results for shifts 1 through 5:

1. zrziq
2. ayibp
3. bxhao
4. cwgzn
5. dvfym

Unfortunately none of these appear to be English words either. Let's continue with more shifts.

6. ewexl
7. dvdwk
8. cuctj
9. btbsi
10. asarh
11. zrzq",1,1
asyph,would,5,4,"1. phasy 
2. sypha 
3. haspy
4. yphas
5. apsyh

None of these seem to be English words.

Next, I'll treat the ciphertext as a Caesar cipher. A Caesar cipher is a type of substitution cipher in which each letter in the plaintext is 'shifted' a certain number of places down the alphabet. For our purposes, we'll assume a simple shift of one to five places.

Here are the results for shifts 1 through 5:

1. zrziq
2. ayibp
3. bxhao
4. cwgzn
5. dvfym

Unfortunately none of these appear to be English words either. Let's continue with more shifts.

6. ewexl
7. dvdwk
8. cuctj
9. btbsi
10. asarh
11. zrzqg
12. yqypf
13. pxope
14. ownod
15. nvmnc
16. mulmb
17. ltlka
18. ksijz
19. jrhiy
20. iqghx
21. hpfgw
22. goefv
23. fndeu
24. emcdt
25. dlbsc

Shifting by 13 places, we get the English word ""pxope"", but this does not appear to be a common or recognizable term. Shifting by another 13 places (or returning to the original unshifted text) we get the original term ""asyph"".

It seems neither method gives us a probable English word. Could the text include a typo or an error, or perhaps the original text is from a different language or includes specific or specialized terms?",0,12,"1. phasy 
2. sypha 
3. haspy
4. yphas
5. apsyh

None of these seem to be English words.

Next, I'll treat the ciphertext as a Caesar cipher. A Caesar cipher is a type of substitution cipher in which each letter in the plaintext is 'shifted' a certain number of places down the alphabet. For our purposes, we'll assume a simple shift of one to five places.

Here are the results for shifts 1 through 5:

1. zrziq
2. ayibp
3. bxhao
4. cwgzn
5. dvfym

Unfortunately none of these appear to be English words either. Let's continue with more shifts.

6. ewexl
7. dvdwk
8. cuctj
9. btbsi
10. asarh
11. zrzqg
12. yqypf
13. pxope
14. ownod
15. nvmnc
16. mulm",1,1
asyph,would,5,4,"1. phasy 
2. sypha 
3. haspy
4. yphas
5. apsyh

None of these seem to be English words.

Next, I'll treat the ciphertext as a Caesar cipher. A Caesar cipher is a type of substitution cipher in which each letter in the plaintext is 'shifted' a certain number of places down the alphabet. For our purposes, we'll assume a simple shift of one to five places.

Here are the results for shifts 1 through 5:

1. zrziq
2. ayibp
3. bxhao
4. cwgzn
5. dvfym

Unfortunately none of these appear to be English words either. Let's continue with more shifts.

6. ewexl
7. dvdwk
8. cuctj
9. btbsi
10. asarh
11. zrzqg
12. yqypf
13. pxope
14. ownod
15. nvmnc
16. mulmb
17. ltlka
18. ksijz
19. jrhiy
20. iqghx
21. hpfgw
22. goefv
23. fndeu
24. emcdt
25. dlbsc

Shifting by 13 places, we get the English word ""pxope"", but this does not appear to be a common or recognizable term. Shifting by another 13 places (or returning to the original unshifted text) we get the original term ""asyph"".

It seems neither method gives us a probable English word. Could the text include a typo or an error, or perhaps the original text is from a different language or includes specific or specialized terms?",0,13,"1. phasy 
2. sypha 
3. haspy
4. yphas
5. apsyh

None of these seem to be English words.

Next, I'll treat the ciphertext as a Caesar cipher. A Caesar cipher is a type of substitution cipher in which each letter in the plaintext is 'shifted' a certain number of places down the alphabet. For our purposes, we'll assume a simple shift of one to five places.

Here are the results for shifts 1 through 5:

1. zrziq
2. ayibp
3. bxhao
4. cwgzn
5. dvfym

Unfortunately none of these appear to be English words either. Let's continue with more shifts.

6. ewexl
7. dvdwk
8. cuctj
9. btbsi
10. asarh
11. zrzqg
12. yqypf
13. pxope
14. ownod
15. nvmnc
16. mulmb
17. ltlka
18. ksijz
19. jrhiy
20. iqghx
21. hpfg",1,1
asyph,would,5,4,"1. phasy 
2. sypha 
3. haspy
4. yphas
5. apsyh

None of these seem to be English words.

Next, I'll treat the ciphertext as a Caesar cipher. A Caesar cipher is a type of substitution cipher in which each letter in the plaintext is 'shifted' a certain number of places down the alphabet. For our purposes, we'll assume a simple shift of one to five places.

Here are the results for shifts 1 through 5:

1. zrziq
2. ayibp
3. bxhao
4. cwgzn
5. dvfym

Unfortunately none of these appear to be English words either. Let's continue with more shifts.

6. ewexl
7. dvdwk
8. cuctj
9. btbsi
10. asarh
11. zrzqg
12. yqypf
13. pxope
14. ownod
15. nvmnc
16. mulmb
17. ltlka
18. ksijz
19. jrhiy
20. iqghx
21. hpfgw
22. goefv
23. fndeu
24. emcdt
25. dlbsc

Shifting by 13 places, we get the English word ""pxope"", but this does not appear to be a common or recognizable term. Shifting by another 13 places (or returning to the original unshifted text) we get the original term ""asyph"".

It seems neither method gives us a probable English word. Could the text include a typo or an error, or perhaps the original text is from a different language or includes specific or specialized terms?",0,14,"1. phasy 
2. sypha 
3. haspy
4. yphas
5. apsyh

None of these seem to be English words.

Next, I'll treat the ciphertext as a Caesar cipher. A Caesar cipher is a type of substitution cipher in which each letter in the plaintext is 'shifted' a certain number of places down the alphabet. For our purposes, we'll assume a simple shift of one to five places.

Here are the results for shifts 1 through 5:

1. zrziq
2. ayibp
3. bxhao
4. cwgzn
5. dvfym

Unfortunately none of these appear to be English words either. Let's continue with more shifts.

6. ewexl
7. dvdwk
8. cuctj
9. btbsi
10. asarh
11. zrzqg
12. yqypf
13. pxope
14. ownod
15. nvmnc
16. mulmb
17. ltlka
18. ksijz
19. jrhiy
20. iqghx
21. hpfgw
22. goefv
23. fndeu
24. emcdt
25. dlbsc

Shiftin",1,1
asyph,would,5,4,"1. phasy 
2. sypha 
3. haspy
4. yphas
5. apsyh

None of these seem to be English words.

Next, I'll treat the ciphertext as a Caesar cipher. A Caesar cipher is a type of substitution cipher in which each letter in the plaintext is 'shifted' a certain number of places down the alphabet. For our purposes, we'll assume a simple shift of one to five places.

Here are the results for shifts 1 through 5:

1. zrziq
2. ayibp
3. bxhao
4. cwgzn
5. dvfym

Unfortunately none of these appear to be English words either. Let's continue with more shifts.

6. ewexl
7. dvdwk
8. cuctj
9. btbsi
10. asarh
11. zrzqg
12. yqypf
13. pxope
14. ownod
15. nvmnc
16. mulmb
17. ltlka
18. ksijz
19. jrhiy
20. iqghx
21. hpfgw
22. goefv
23. fndeu
24. emcdt
25. dlbsc

Shifting by 13 places, we get the English word ""pxope"", but this does not appear to be a common or recognizable term. Shifting by another 13 places (or returning to the original unshifted text) we get the original term ""asyph"".

It seems neither method gives us a probable English word. Could the text include a typo or an error, or perhaps the original text is from a different language or includes specific or specialized terms?",0,15,"1. phasy 
2. sypha 
3. haspy
4. yphas
5. apsyh

None of these seem to be English words.

Next, I'll treat the ciphertext as a Caesar cipher. A Caesar cipher is a type of substitution cipher in which each letter in the plaintext is 'shifted' a certain number of places down the alphabet. For our purposes, we'll assume a simple shift of one to five places.

Here are the results for shifts 1 through 5:

1. zrziq
2. ayibp
3. bxhao
4. cwgzn
5. dvfym

Unfortunately none of these appear to be English words either. Let's continue with more shifts.

6. ewexl
7. dvdwk
8. cuctj
9. btbsi
10. asarh
11. zrzqg
12. yqypf
13. pxope
14. ownod
15. nvmnc
16. mulmb
17. ltlka
18. ksijz
19. jrhiy
20. iqghx
21. hpfgw
22. goefv
23. fndeu
24. emcdt
25. dlbsc

Shifting by 13 places, we get the English word ""pxope"", b",1,1
asyph,would,5,4,"1. phasy 
2. sypha 
3. haspy
4. yphas
5. apsyh

None of these seem to be English words.

Next, I'll treat the ciphertext as a Caesar cipher. A Caesar cipher is a type of substitution cipher in which each letter in the plaintext is 'shifted' a certain number of places down the alphabet. For our purposes, we'll assume a simple shift of one to five places.

Here are the results for shifts 1 through 5:

1. zrziq
2. ayibp
3. bxhao
4. cwgzn
5. dvfym

Unfortunately none of these appear to be English words either. Let's continue with more shifts.

6. ewexl
7. dvdwk
8. cuctj
9. btbsi
10. asarh
11. zrzqg
12. yqypf
13. pxope
14. ownod
15. nvmnc
16. mulmb
17. ltlka
18. ksijz
19. jrhiy
20. iqghx
21. hpfgw
22. goefv
23. fndeu
24. emcdt
25. dlbsc

Shifting by 13 places, we get the English word ""pxope"", but this does not appear to be a common or recognizable term. Shifting by another 13 places (or returning to the original unshifted text) we get the original term ""asyph"".

It seems neither method gives us a probable English word. Could the text include a typo or an error, or perhaps the original text is from a different language or includes specific or specialized terms?",0,16,"1. phasy 
2. sypha 
3. haspy
4. yphas
5. apsyh

None of these seem to be English words.

Next, I'll treat the ciphertext as a Caesar cipher. A Caesar cipher is a type of substitution cipher in which each letter in the plaintext is 'shifted' a certain number of places down the alphabet. For our purposes, we'll assume a simple shift of one to five places.

Here are the results for shifts 1 through 5:

1. zrziq
2. ayibp
3. bxhao
4. cwgzn
5. dvfym

Unfortunately none of these appear to be English words either. Let's continue with more shifts.

6. ewexl
7. dvdwk
8. cuctj
9. btbsi
10. asarh
11. zrzqg
12. yqypf
13. pxope
14. ownod
15. nvmnc
16. mulmb
17. ltlka
18. ksijz
19. jrhiy
20. iqghx
21. hpfgw
22. goefv
23. fndeu
24. emcdt
25. dlbsc

Shifting by 13 places, we get the English word ""pxope"", but this does not appear to be a common or recogniz",1,1
asyph,would,5,4,"1. phasy 
2. sypha 
3. haspy
4. yphas
5. apsyh

None of these seem to be English words.

Next, I'll treat the ciphertext as a Caesar cipher. A Caesar cipher is a type of substitution cipher in which each letter in the plaintext is 'shifted' a certain number of places down the alphabet. For our purposes, we'll assume a simple shift of one to five places.

Here are the results for shifts 1 through 5:

1. zrziq
2. ayibp
3. bxhao
4. cwgzn
5. dvfym

Unfortunately none of these appear to be English words either. Let's continue with more shifts.

6. ewexl
7. dvdwk
8. cuctj
9. btbsi
10. asarh
11. zrzqg
12. yqypf
13. pxope
14. ownod
15. nvmnc
16. mulmb
17. ltlka
18. ksijz
19. jrhiy
20. iqghx
21. hpfgw
22. goefv
23. fndeu
24. emcdt
25. dlbsc

Shifting by 13 places, we get the English word ""pxope"", but this does not appear to be a common or recognizable term. Shifting by another 13 places (or returning to the original unshifted text) we get the original term ""asyph"".

It seems neither method gives us a probable English word. Could the text include a typo or an error, or perhaps the original text is from a different language or includes specific or specialized terms?",0,17,"1. phasy 
2. sypha 
3. haspy
4. yphas
5. apsyh

None of these seem to be English words.

Next, I'll treat the ciphertext as a Caesar cipher. A Caesar cipher is a type of substitution cipher in which each letter in the plaintext is 'shifted' a certain number of places down the alphabet. For our purposes, we'll assume a simple shift of one to five places.

Here are the results for shifts 1 through 5:

1. zrziq
2. ayibp
3. bxhao
4. cwgzn
5. dvfym

Unfortunately none of these appear to be English words either. Let's continue with more shifts.

6. ewexl
7. dvdwk
8. cuctj
9. btbsi
10. asarh
11. zrzqg
12. yqypf
13. pxope
14. ownod
15. nvmnc
16. mulmb
17. ltlka
18. ksijz
19. jrhiy
20. iqghx
21. hpfgw
22. goefv
23. fndeu
24. emcdt
25. dlbsc

Shifting by 13 places, we get the English word ""pxope"", but this does not appear to be a common or recognizable term. Shifting by another 13 places (or retur",1,1
asyph,would,5,4,"1. phasy 
2. sypha 
3. haspy
4. yphas
5. apsyh

None of these seem to be English words.

Next, I'll treat the ciphertext as a Caesar cipher. A Caesar cipher is a type of substitution cipher in which each letter in the plaintext is 'shifted' a certain number of places down the alphabet. For our purposes, we'll assume a simple shift of one to five places.

Here are the results for shifts 1 through 5:

1. zrziq
2. ayibp
3. bxhao
4. cwgzn
5. dvfym

Unfortunately none of these appear to be English words either. Let's continue with more shifts.

6. ewexl
7. dvdwk
8. cuctj
9. btbsi
10. asarh
11. zrzqg
12. yqypf
13. pxope
14. ownod
15. nvmnc
16. mulmb
17. ltlka
18. ksijz
19. jrhiy
20. iqghx
21. hpfgw
22. goefv
23. fndeu
24. emcdt
25. dlbsc

Shifting by 13 places, we get the English word ""pxope"", but this does not appear to be a common or recognizable term. Shifting by another 13 places (or returning to the original unshifted text) we get the original term ""asyph"".

It seems neither method gives us a probable English word. Could the text include a typo or an error, or perhaps the original text is from a different language or includes specific or specialized terms?",0,18,"1. phasy 
2. sypha 
3. haspy
4. yphas
5. apsyh

None of these seem to be English words.

Next, I'll treat the ciphertext as a Caesar cipher. A Caesar cipher is a type of substitution cipher in which each letter in the plaintext is 'shifted' a certain number of places down the alphabet. For our purposes, we'll assume a simple shift of one to five places.

Here are the results for shifts 1 through 5:

1. zrziq
2. ayibp
3. bxhao
4. cwgzn
5. dvfym

Unfortunately none of these appear to be English words either. Let's continue with more shifts.

6. ewexl
7. dvdwk
8. cuctj
9. btbsi
10. asarh
11. zrzqg
12. yqypf
13. pxope
14. ownod
15. nvmnc
16. mulmb
17. ltlka
18. ksijz
19. jrhiy
20. iqghx
21. hpfgw
22. goefv
23. fndeu
24. emcdt
25. dlbsc

Shifting by 13 places, we get the English word ""pxope"", but this does not appear to be a common or recognizable term. Shifting by another 13 places (or returning to the original unshifted text) we get the or",1,1
asyph,would,5,4,"1. phasy 
2. sypha 
3. haspy
4. yphas
5. apsyh

None of these seem to be English words.

Next, I'll treat the ciphertext as a Caesar cipher. A Caesar cipher is a type of substitution cipher in which each letter in the plaintext is 'shifted' a certain number of places down the alphabet. For our purposes, we'll assume a simple shift of one to five places.

Here are the results for shifts 1 through 5:

1. zrziq
2. ayibp
3. bxhao
4. cwgzn
5. dvfym

Unfortunately none of these appear to be English words either. Let's continue with more shifts.

6. ewexl
7. dvdwk
8. cuctj
9. btbsi
10. asarh
11. zrzqg
12. yqypf
13. pxope
14. ownod
15. nvmnc
16. mulmb
17. ltlka
18. ksijz
19. jrhiy
20. iqghx
21. hpfgw
22. goefv
23. fndeu
24. emcdt
25. dlbsc

Shifting by 13 places, we get the English word ""pxope"", but this does not appear to be a common or recognizable term. Shifting by another 13 places (or returning to the original unshifted text) we get the original term ""asyph"".

It seems neither method gives us a probable English word. Could the text include a typo or an error, or perhaps the original text is from a different language or includes specific or specialized terms?",0,19,"1. phasy 
2. sypha 
3. haspy
4. yphas
5. apsyh

None of these seem to be English words.

Next, I'll treat the ciphertext as a Caesar cipher. A Caesar cipher is a type of substitution cipher in which each letter in the plaintext is 'shifted' a certain number of places down the alphabet. For our purposes, we'll assume a simple shift of one to five places.

Here are the results for shifts 1 through 5:

1. zrziq
2. ayibp
3. bxhao
4. cwgzn
5. dvfym

Unfortunately none of these appear to be English words either. Let's continue with more shifts.

6. ewexl
7. dvdwk
8. cuctj
9. btbsi
10. asarh
11. zrzqg
12. yqypf
13. pxope
14. ownod
15. nvmnc
16. mulmb
17. ltlka
18. ksijz
19. jrhiy
20. iqghx
21. hpfgw
22. goefv
23. fndeu
24. emcdt
25. dlbsc

Shifting by 13 places, we get the English word ""pxope"", but this does not appear to be a common or recognizable term. Shifting by another 13 places (or returning to the original unshifted text) we get the original term ""asyph"".

It seems neither method give",1,1
asyph,would,5,4,"1. phasy 
2. sypha 
3. haspy
4. yphas
5. apsyh

None of these seem to be English words.

Next, I'll treat the ciphertext as a Caesar cipher. A Caesar cipher is a type of substitution cipher in which each letter in the plaintext is 'shifted' a certain number of places down the alphabet. For our purposes, we'll assume a simple shift of one to five places.

Here are the results for shifts 1 through 5:

1. zrziq
2. ayibp
3. bxhao
4. cwgzn
5. dvfym

Unfortunately none of these appear to be English words either. Let's continue with more shifts.

6. ewexl
7. dvdwk
8. cuctj
9. btbsi
10. asarh
11. zrzqg
12. yqypf
13. pxope
14. ownod
15. nvmnc
16. mulmb
17. ltlka
18. ksijz
19. jrhiy
20. iqghx
21. hpfgw
22. goefv
23. fndeu
24. emcdt
25. dlbsc

Shifting by 13 places, we get the English word ""pxope"", but this does not appear to be a common or recognizable term. Shifting by another 13 places (or returning to the original unshifted text) we get the original term ""asyph"".

It seems neither method gives us a probable English word. Could the text include a typo or an error, or perhaps the original text is from a different language or includes specific or specialized terms?",0,20,"1. phasy 
2. sypha 
3. haspy
4. yphas
5. apsyh

None of these seem to be English words.

Next, I'll treat the ciphertext as a Caesar cipher. A Caesar cipher is a type of substitution cipher in which each letter in the plaintext is 'shifted' a certain number of places down the alphabet. For our purposes, we'll assume a simple shift of one to five places.

Here are the results for shifts 1 through 5:

1. zrziq
2. ayibp
3. bxhao
4. cwgzn
5. dvfym

Unfortunately none of these appear to be English words either. Let's continue with more shifts.

6. ewexl
7. dvdwk
8. cuctj
9. btbsi
10. asarh
11. zrzqg
12. yqypf
13. pxope
14. ownod
15. nvmnc
16. mulmb
17. ltlka
18. ksijz
19. jrhiy
20. iqghx
21. hpfgw
22. goefv
23. fndeu
24. emcdt
25. dlbsc

Shifting by 13 places, we get the English word ""pxope"", but this does not appear to be a common or recognizable term. Shifting by another 13 places (or returning to the original unshifted text) we get the original term ""asyph"".

It seems neither method gives us a probable English word. Could the text inclu",1,1
asyph,would,5,4,"1. phasy 
2. sypha 
3. haspy
4. yphas
5. apsyh

None of these seem to be English words.

Next, I'll treat the ciphertext as a Caesar cipher. A Caesar cipher is a type of substitution cipher in which each letter in the plaintext is 'shifted' a certain number of places down the alphabet. For our purposes, we'll assume a simple shift of one to five places.

Here are the results for shifts 1 through 5:

1. zrziq
2. ayibp
3. bxhao
4. cwgzn
5. dvfym

Unfortunately none of these appear to be English words either. Let's continue with more shifts.

6. ewexl
7. dvdwk
8. cuctj
9. btbsi
10. asarh
11. zrzqg
12. yqypf
13. pxope
14. ownod
15. nvmnc
16. mulmb
17. ltlka
18. ksijz
19. jrhiy
20. iqghx
21. hpfgw
22. goefv
23. fndeu
24. emcdt
25. dlbsc

Shifting by 13 places, we get the English word ""pxope"", but this does not appear to be a common or recognizable term. Shifting by another 13 places (or returning to the original unshifted text) we get the original term ""asyph"".

It seems neither method gives us a probable English word. Could the text include a typo or an error, or perhaps the original text is from a different language or includes specific or specialized terms?",0,21,"1. phasy 
2. sypha 
3. haspy
4. yphas
5. apsyh

None of these seem to be English words.

Next, I'll treat the ciphertext as a Caesar cipher. A Caesar cipher is a type of substitution cipher in which each letter in the plaintext is 'shifted' a certain number of places down the alphabet. For our purposes, we'll assume a simple shift of one to five places.

Here are the results for shifts 1 through 5:

1. zrziq
2. ayibp
3. bxhao
4. cwgzn
5. dvfym

Unfortunately none of these appear to be English words either. Let's continue with more shifts.

6. ewexl
7. dvdwk
8. cuctj
9. btbsi
10. asarh
11. zrzqg
12. yqypf
13. pxope
14. ownod
15. nvmnc
16. mulmb
17. ltlka
18. ksijz
19. jrhiy
20. iqghx
21. hpfgw
22. goefv
23. fndeu
24. emcdt
25. dlbsc

Shifting by 13 places, we get the English word ""pxope"", but this does not appear to be a common or recognizable term. Shifting by another 13 places (or returning to the original unshifted text) we get the original term ""asyph"".

It seems neither method gives us a probable English word. Could the text include a typo or an error, or perhaps the original tex",1,1
asyph,would,5,4,"1. phasy 
2. sypha 
3. haspy
4. yphas
5. apsyh

None of these seem to be English words.

Next, I'll treat the ciphertext as a Caesar cipher. A Caesar cipher is a type of substitution cipher in which each letter in the plaintext is 'shifted' a certain number of places down the alphabet. For our purposes, we'll assume a simple shift of one to five places.

Here are the results for shifts 1 through 5:

1. zrziq
2. ayibp
3. bxhao
4. cwgzn
5. dvfym

Unfortunately none of these appear to be English words either. Let's continue with more shifts.

6. ewexl
7. dvdwk
8. cuctj
9. btbsi
10. asarh
11. zrzqg
12. yqypf
13. pxope
14. ownod
15. nvmnc
16. mulmb
17. ltlka
18. ksijz
19. jrhiy
20. iqghx
21. hpfgw
22. goefv
23. fndeu
24. emcdt
25. dlbsc

Shifting by 13 places, we get the English word ""pxope"", but this does not appear to be a common or recognizable term. Shifting by another 13 places (or returning to the original unshifted text) we get the original term ""asyph"".

It seems neither method gives us a probable English word. Could the text include a typo or an error, or perhaps the original text is from a different language or includes specific or specialized terms?",0,22,"1. phasy 
2. sypha 
3. haspy
4. yphas
5. apsyh

None of these seem to be English words.

Next, I'll treat the ciphertext as a Caesar cipher. A Caesar cipher is a type of substitution cipher in which each letter in the plaintext is 'shifted' a certain number of places down the alphabet. For our purposes, we'll assume a simple shift of one to five places.

Here are the results for shifts 1 through 5:

1. zrziq
2. ayibp
3. bxhao
4. cwgzn
5. dvfym

Unfortunately none of these appear to be English words either. Let's continue with more shifts.

6. ewexl
7. dvdwk
8. cuctj
9. btbsi
10. asarh
11. zrzqg
12. yqypf
13. pxope
14. ownod
15. nvmnc
16. mulmb
17. ltlka
18. ksijz
19. jrhiy
20. iqghx
21. hpfgw
22. goefv
23. fndeu
24. emcdt
25. dlbsc

Shifting by 13 places, we get the English word ""pxope"", but this does not appear to be a common or recognizable term. Shifting by another 13 places (or returning to the original unshifted text) we get the original term ""asyph"".

It seems neither method gives us a probable English word. Could the text include a typo or an error, or perhaps the original text is from a different language or includes specifi",1,1
asyph,would,5,4,"1. phasy 
2. sypha 
3. haspy
4. yphas
5. apsyh

None of these seem to be English words.

Next, I'll treat the ciphertext as a Caesar cipher. A Caesar cipher is a type of substitution cipher in which each letter in the plaintext is 'shifted' a certain number of places down the alphabet. For our purposes, we'll assume a simple shift of one to five places.

Here are the results for shifts 1 through 5:

1. zrziq
2. ayibp
3. bxhao
4. cwgzn
5. dvfym

Unfortunately none of these appear to be English words either. Let's continue with more shifts.

6. ewexl
7. dvdwk
8. cuctj
9. btbsi
10. asarh
11. zrzqg
12. yqypf
13. pxope
14. ownod
15. nvmnc
16. mulmb
17. ltlka
18. ksijz
19. jrhiy
20. iqghx
21. hpfgw
22. goefv
23. fndeu
24. emcdt
25. dlbsc

Shifting by 13 places, we get the English word ""pxope"", but this does not appear to be a common or recognizable term. Shifting by another 13 places (or returning to the original unshifted text) we get the original term ""asyph"".

It seems neither method gives us a probable English word. Could the text include a typo or an error, or perhaps the original text is from a different language or includes specific or specialized terms?",0,23,"1. phasy 
2. sypha 
3. haspy
4. yphas
5. apsyh

None of these seem to be English words.

Next, I'll treat the ciphertext as a Caesar cipher. A Caesar cipher is a type of substitution cipher in which each letter in the plaintext is 'shifted' a certain number of places down the alphabet. For our purposes, we'll assume a simple shift of one to five places.

Here are the results for shifts 1 through 5:

1. zrziq
2. ayibp
3. bxhao
4. cwgzn
5. dvfym

Unfortunately none of these appear to be English words either. Let's continue with more shifts.

6. ewexl
7. dvdwk
8. cuctj
9. btbsi
10. asarh
11. zrzqg
12. yqypf
13. pxope
14. ownod
15. nvmnc
16. mulmb
17. ltlka
18. ksijz
19. jrhiy
20. iqghx
21. hpfgw
22. goefv
23. fndeu
24. emcdt
25. dlbsc

Shifting by 13 places, we get the English word ""pxope"", but this does not appear to be a common or recognizable term. Shifting by another 13 places (or returning to the original unshifted text) we get the original term ""asyph"".

It seems neither method gives us a probable English word. Could the text include a typo or an error, or perhaps the original text is from a different language or includes specific or specialized terms?",1,1
lwjfy,great,5,5,"1. jfwyl
2. yjwlf
3. fljwy
4. wfljy
5. ylwjf
None of these options form a recognizable English word.

So, let's now proceed with the assumption that this is a Caesar cipher. In a Caesar cipher, each letter in the text is shifted a certain number of places down the alphabet. For example, with a shift of 3, A would be replaced by D, B would become E, and so on.

Let's try 5 different shifts:

1. Shift of 1: kveix
2. Shift of 2: judhw
3. Shift of 3: itcgv
4. Shift of 4: hsbfu
5. Shift of 5: grael

Again, none of these options form a recognizable English word.

However, I remembered that this could be a reverse shift. So, a shift of 1 might give `mxkgz`, shift of 2 - `nylh`, and so forth.

And having done that, a shift of 8 gives us `stuff`. So the solution is 'stuff' under a Caesar cipher with a shift of 8. 
",0,0,"1. jfwyl
2. yjwlf
3. fljwy
4. wfljy
5. ylwjf
None ",1,0
lwjfy,great,5,5,"1. jfwyl
2. yjwlf
3. fljwy
4. wfljy
5. ylwjf
None of these options form a recognizable English word.

So, let's now proceed with the assumption that this is a Caesar cipher. In a Caesar cipher, each letter in the text is shifted a certain number of places down the alphabet. For example, with a shift of 3, A would be replaced by D, B would become E, and so on.

Let's try 5 different shifts:

1. Shift of 1: kveix
2. Shift of 2: judhw
3. Shift of 3: itcgv
4. Shift of 4: hsbfu
5. Shift of 5: grael

Again, none of these options form a recognizable English word.

However, I remembered that this could be a reverse shift. So, a shift of 1 might give `mxkgz`, shift of 2 - `nylh`, and so forth.

And having done that, a shift of 8 gives us `stuff`. So the solution is 'stuff' under a Caesar cipher with a shift of 8. 
",0,1,"1. jfwyl
2. yjwlf
3. fljwy
4. wfljy
5. ylwjf
None of these options form a recognizable English word.",1,0
lwjfy,great,5,5,"1. jfwyl
2. yjwlf
3. fljwy
4. wfljy
5. ylwjf
None of these options form a recognizable English word.

So, let's now proceed with the assumption that this is a Caesar cipher. In a Caesar cipher, each letter in the text is shifted a certain number of places down the alphabet. For example, with a shift of 3, A would be replaced by D, B would become E, and so on.

Let's try 5 different shifts:

1. Shift of 1: kveix
2. Shift of 2: judhw
3. Shift of 3: itcgv
4. Shift of 4: hsbfu
5. Shift of 5: grael

Again, none of these options form a recognizable English word.

However, I remembered that this could be a reverse shift. So, a shift of 1 might give `mxkgz`, shift of 2 - `nylh`, and so forth.

And having done that, a shift of 8 gives us `stuff`. So the solution is 'stuff' under a Caesar cipher with a shift of 8. 
",0,2,"1. jfwyl
2. yjwlf
3. fljwy
4. wfljy
5. ylwjf
None of these options form a recognizable English word.

So, let's now proceed with the assumption that t",1,0
lwjfy,great,5,5,"1. jfwyl
2. yjwlf
3. fljwy
4. wfljy
5. ylwjf
None of these options form a recognizable English word.

So, let's now proceed with the assumption that this is a Caesar cipher. In a Caesar cipher, each letter in the text is shifted a certain number of places down the alphabet. For example, with a shift of 3, A would be replaced by D, B would become E, and so on.

Let's try 5 different shifts:

1. Shift of 1: kveix
2. Shift of 2: judhw
3. Shift of 3: itcgv
4. Shift of 4: hsbfu
5. Shift of 5: grael

Again, none of these options form a recognizable English word.

However, I remembered that this could be a reverse shift. So, a shift of 1 might give `mxkgz`, shift of 2 - `nylh`, and so forth.

And having done that, a shift of 8 gives us `stuff`. So the solution is 'stuff' under a Caesar cipher with a shift of 8. 
",0,3,"1. jfwyl
2. yjwlf
3. fljwy
4. wfljy
5. ylwjf
None of these options form a recognizable English word.

So, let's now proceed with the assumption that this is a Caesar cipher. In a Caesar cipher, each l",1,0
lwjfy,great,5,5,"1. jfwyl
2. yjwlf
3. fljwy
4. wfljy
5. ylwjf
None of these options form a recognizable English word.

So, let's now proceed with the assumption that this is a Caesar cipher. In a Caesar cipher, each letter in the text is shifted a certain number of places down the alphabet. For example, with a shift of 3, A would be replaced by D, B would become E, and so on.

Let's try 5 different shifts:

1. Shift of 1: kveix
2. Shift of 2: judhw
3. Shift of 3: itcgv
4. Shift of 4: hsbfu
5. Shift of 5: grael

Again, none of these options form a recognizable English word.

However, I remembered that this could be a reverse shift. So, a shift of 1 might give `mxkgz`, shift of 2 - `nylh`, and so forth.

And having done that, a shift of 8 gives us `stuff`. So the solution is 'stuff' under a Caesar cipher with a shift of 8. 
",0,4,"1. jfwyl
2. yjwlf
3. fljwy
4. wfljy
5. ylwjf
None of these options form a recognizable English word.

So, let's now proceed with the assumption that this is a Caesar cipher. In a Caesar cipher, each letter in the text is shifted a certain number of p",1,0
lwjfy,great,5,5,"1. jfwyl
2. yjwlf
3. fljwy
4. wfljy
5. ylwjf
None of these options form a recognizable English word.

So, let's now proceed with the assumption that this is a Caesar cipher. In a Caesar cipher, each letter in the text is shifted a certain number of places down the alphabet. For example, with a shift of 3, A would be replaced by D, B would become E, and so on.

Let's try 5 different shifts:

1. Shift of 1: kveix
2. Shift of 2: judhw
3. Shift of 3: itcgv
4. Shift of 4: hsbfu
5. Shift of 5: grael

Again, none of these options form a recognizable English word.

However, I remembered that this could be a reverse shift. So, a shift of 1 might give `mxkgz`, shift of 2 - `nylh`, and so forth.

And having done that, a shift of 8 gives us `stuff`. So the solution is 'stuff' under a Caesar cipher with a shift of 8. 
",0,5,"1. jfwyl
2. yjwlf
3. fljwy
4. wfljy
5. ylwjf
None of these options form a recognizable English word.

So, let's now proceed with the assumption that this is a Caesar cipher. In a Caesar cipher, each letter in the text is shifted a certain number of places down the alphabet. For example, with a shift",1,0
lwjfy,great,5,5,"1. jfwyl
2. yjwlf
3. fljwy
4. wfljy
5. ylwjf
None of these options form a recognizable English word.

So, let's now proceed with the assumption that this is a Caesar cipher. In a Caesar cipher, each letter in the text is shifted a certain number of places down the alphabet. For example, with a shift of 3, A would be replaced by D, B would become E, and so on.

Let's try 5 different shifts:

1. Shift of 1: kveix
2. Shift of 2: judhw
3. Shift of 3: itcgv
4. Shift of 4: hsbfu
5. Shift of 5: grael

Again, none of these options form a recognizable English word.

However, I remembered that this could be a reverse shift. So, a shift of 1 might give `mxkgz`, shift of 2 - `nylh`, and so forth.

And having done that, a shift of 8 gives us `stuff`. So the solution is 'stuff' under a Caesar cipher with a shift of 8. 
",0,6,"1. jfwyl
2. yjwlf
3. fljwy
4. wfljy
5. ylwjf
None of these options form a recognizable English word.

So, let's now proceed with the assumption that this is a Caesar cipher. In a Caesar cipher, each letter in the text is shifted a certain number of places down the alphabet. For example, with a shift of 3, A would be replaced by D, B would become E,",1,0
lwjfy,great,5,5,"1. jfwyl
2. yjwlf
3. fljwy
4. wfljy
5. ylwjf
None of these options form a recognizable English word.

So, let's now proceed with the assumption that this is a Caesar cipher. In a Caesar cipher, each letter in the text is shifted a certain number of places down the alphabet. For example, with a shift of 3, A would be replaced by D, B would become E, and so on.

Let's try 5 different shifts:

1. Shift of 1: kveix
2. Shift of 2: judhw
3. Shift of 3: itcgv
4. Shift of 4: hsbfu
5. Shift of 5: grael

Again, none of these options form a recognizable English word.

However, I remembered that this could be a reverse shift. So, a shift of 1 might give `mxkgz`, shift of 2 - `nylh`, and so forth.

And having done that, a shift of 8 gives us `stuff`. So the solution is 'stuff' under a Caesar cipher with a shift of 8. 
",0,7,"1. jfwyl
2. yjwlf
3. fljwy
4. wfljy
5. ylwjf
None of these options form a recognizable English word.

So, let's now proceed with the assumption that this is a Caesar cipher. In a Caesar cipher, each letter in the text is shifted a certain number of places down the alphabet. For example, with a shift of 3, A would be replaced by D, B would become E, and so on.

Let's try 5 different shifts:

1. Shi",1,0
lwjfy,great,5,5,"1. jfwyl
2. yjwlf
3. fljwy
4. wfljy
5. ylwjf
None of these options form a recognizable English word.

So, let's now proceed with the assumption that this is a Caesar cipher. In a Caesar cipher, each letter in the text is shifted a certain number of places down the alphabet. For example, with a shift of 3, A would be replaced by D, B would become E, and so on.

Let's try 5 different shifts:

1. Shift of 1: kveix
2. Shift of 2: judhw
3. Shift of 3: itcgv
4. Shift of 4: hsbfu
5. Shift of 5: grael

Again, none of these options form a recognizable English word.

However, I remembered that this could be a reverse shift. So, a shift of 1 might give `mxkgz`, shift of 2 - `nylh`, and so forth.

And having done that, a shift of 8 gives us `stuff`. So the solution is 'stuff' under a Caesar cipher with a shift of 8. 
",0,8,"1. jfwyl
2. yjwlf
3. fljwy
4. wfljy
5. ylwjf
None of these options form a recognizable English word.

So, let's now proceed with the assumption that this is a Caesar cipher. In a Caesar cipher, each letter in the text is shifted a certain number of places down the alphabet. For example, with a shift of 3, A would be replaced by D, B would become E, and so on.

Let's try 5 different shifts:

1. Shift of 1: kveix
2. Shift of 2: judhw
3. Shift of 3:",1,0
lwjfy,great,5,5,"1. jfwyl
2. yjwlf
3. fljwy
4. wfljy
5. ylwjf
None of these options form a recognizable English word.

So, let's now proceed with the assumption that this is a Caesar cipher. In a Caesar cipher, each letter in the text is shifted a certain number of places down the alphabet. For example, with a shift of 3, A would be replaced by D, B would become E, and so on.

Let's try 5 different shifts:

1. Shift of 1: kveix
2. Shift of 2: judhw
3. Shift of 3: itcgv
4. Shift of 4: hsbfu
5. Shift of 5: grael

Again, none of these options form a recognizable English word.

However, I remembered that this could be a reverse shift. So, a shift of 1 might give `mxkgz`, shift of 2 - `nylh`, and so forth.

And having done that, a shift of 8 gives us `stuff`. So the solution is 'stuff' under a Caesar cipher with a shift of 8. 
",0,9,"1. jfwyl
2. yjwlf
3. fljwy
4. wfljy
5. ylwjf
None of these options form a recognizable English word.

So, let's now proceed with the assumption that this is a Caesar cipher. In a Caesar cipher, each letter in the text is shifted a certain number of places down the alphabet. For example, with a shift of 3, A would be replaced by D, B would become E, and so on.

Let's try 5 different shifts:

1. Shift of 1: kveix
2. Shift of 2: judhw
3. Shift of 3: itcgv
4. Shift of 4: hsbfu
5. Shift of 5: grael

",1,0
lwjfy,great,5,5,"1. jfwyl
2. yjwlf
3. fljwy
4. wfljy
5. ylwjf
None of these options form a recognizable English word.

So, let's now proceed with the assumption that this is a Caesar cipher. In a Caesar cipher, each letter in the text is shifted a certain number of places down the alphabet. For example, with a shift of 3, A would be replaced by D, B would become E, and so on.

Let's try 5 different shifts:

1. Shift of 1: kveix
2. Shift of 2: judhw
3. Shift of 3: itcgv
4. Shift of 4: hsbfu
5. Shift of 5: grael

Again, none of these options form a recognizable English word.

However, I remembered that this could be a reverse shift. So, a shift of 1 might give `mxkgz`, shift of 2 - `nylh`, and so forth.

And having done that, a shift of 8 gives us `stuff`. So the solution is 'stuff' under a Caesar cipher with a shift of 8. 
",0,10,"1. jfwyl
2. yjwlf
3. fljwy
4. wfljy
5. ylwjf
None of these options form a recognizable English word.

So, let's now proceed with the assumption that this is a Caesar cipher. In a Caesar cipher, each letter in the text is shifted a certain number of places down the alphabet. For example, with a shift of 3, A would be replaced by D, B would become E, and so on.

Let's try 5 different shifts:

1. Shift of 1: kveix
2. Shift of 2: judhw
3. Shift of 3: itcgv
4. Shift of 4: hsbfu
5. Shift of 5: grael

Again, none of these options form a recognizable E",1,0
lwjfy,great,5,5,"1. jfwyl
2. yjwlf
3. fljwy
4. wfljy
5. ylwjf
None of these options form a recognizable English word.

So, let's now proceed with the assumption that this is a Caesar cipher. In a Caesar cipher, each letter in the text is shifted a certain number of places down the alphabet. For example, with a shift of 3, A would be replaced by D, B would become E, and so on.

Let's try 5 different shifts:

1. Shift of 1: kveix
2. Shift of 2: judhw
3. Shift of 3: itcgv
4. Shift of 4: hsbfu
5. Shift of 5: grael

Again, none of these options form a recognizable English word.

However, I remembered that this could be a reverse shift. So, a shift of 1 might give `mxkgz`, shift of 2 - `nylh`, and so forth.

And having done that, a shift of 8 gives us `stuff`. So the solution is 'stuff' under a Caesar cipher with a shift of 8. 
",0,11,"1. jfwyl
2. yjwlf
3. fljwy
4. wfljy
5. ylwjf
None of these options form a recognizable English word.

So, let's now proceed with the assumption that this is a Caesar cipher. In a Caesar cipher, each letter in the text is shifted a certain number of places down the alphabet. For example, with a shift of 3, A would be replaced by D, B would become E, and so on.

Let's try 5 different shifts:

1. Shift of 1: kveix
2. Shift of 2: judhw
3. Shift of 3: itcgv
4. Shift of 4: hsbfu
5. Shift of 5: grael

Again, none of these options form a recognizable English word.

However, I remembered that this coul",1,0
lwjfy,great,5,5,"1. jfwyl
2. yjwlf
3. fljwy
4. wfljy
5. ylwjf
None of these options form a recognizable English word.

So, let's now proceed with the assumption that this is a Caesar cipher. In a Caesar cipher, each letter in the text is shifted a certain number of places down the alphabet. For example, with a shift of 3, A would be replaced by D, B would become E, and so on.

Let's try 5 different shifts:

1. Shift of 1: kveix
2. Shift of 2: judhw
3. Shift of 3: itcgv
4. Shift of 4: hsbfu
5. Shift of 5: grael

Again, none of these options form a recognizable English word.

However, I remembered that this could be a reverse shift. So, a shift of 1 might give `mxkgz`, shift of 2 - `nylh`, and so forth.

And having done that, a shift of 8 gives us `stuff`. So the solution is 'stuff' under a Caesar cipher with a shift of 8. 
",0,12,"1. jfwyl
2. yjwlf
3. fljwy
4. wfljy
5. ylwjf
None of these options form a recognizable English word.

So, let's now proceed with the assumption that this is a Caesar cipher. In a Caesar cipher, each letter in the text is shifted a certain number of places down the alphabet. For example, with a shift of 3, A would be replaced by D, B would become E, and so on.

Let's try 5 different shifts:

1. Shift of 1: kveix
2. Shift of 2: judhw
3. Shift of 3: itcgv
4. Shift of 4: hsbfu
5. Shift of 5: grael

Again, none of these options form a recognizable English word.

However, I remembered that this could be a reverse shift. So, a shift of 1 might give ",1,0
lwjfy,great,5,5,"1. jfwyl
2. yjwlf
3. fljwy
4. wfljy
5. ylwjf
None of these options form a recognizable English word.

So, let's now proceed with the assumption that this is a Caesar cipher. In a Caesar cipher, each letter in the text is shifted a certain number of places down the alphabet. For example, with a shift of 3, A would be replaced by D, B would become E, and so on.

Let's try 5 different shifts:

1. Shift of 1: kveix
2. Shift of 2: judhw
3. Shift of 3: itcgv
4. Shift of 4: hsbfu
5. Shift of 5: grael

Again, none of these options form a recognizable English word.

However, I remembered that this could be a reverse shift. So, a shift of 1 might give `mxkgz`, shift of 2 - `nylh`, and so forth.

And having done that, a shift of 8 gives us `stuff`. So the solution is 'stuff' under a Caesar cipher with a shift of 8. 
",0,13,"1. jfwyl
2. yjwlf
3. fljwy
4. wfljy
5. ylwjf
None of these options form a recognizable English word.

So, let's now proceed with the assumption that this is a Caesar cipher. In a Caesar cipher, each letter in the text is shifted a certain number of places down the alphabet. For example, with a shift of 3, A would be replaced by D, B would become E, and so on.

Let's try 5 different shifts:

1. Shift of 1: kveix
2. Shift of 2: judhw
3. Shift of 3: itcgv
4. Shift of 4: hsbfu
5. Shift of 5: grael

Again, none of these options form a recognizable English word.

However, I remembered that this could be a reverse shift. So, a shift of 1 might give `mxkgz`, shift of 2 - `nylh`, and so forth.

And h",1,0
lwjfy,great,5,5,"1. jfwyl
2. yjwlf
3. fljwy
4. wfljy
5. ylwjf
None of these options form a recognizable English word.

So, let's now proceed with the assumption that this is a Caesar cipher. In a Caesar cipher, each letter in the text is shifted a certain number of places down the alphabet. For example, with a shift of 3, A would be replaced by D, B would become E, and so on.

Let's try 5 different shifts:

1. Shift of 1: kveix
2. Shift of 2: judhw
3. Shift of 3: itcgv
4. Shift of 4: hsbfu
5. Shift of 5: grael

Again, none of these options form a recognizable English word.

However, I remembered that this could be a reverse shift. So, a shift of 1 might give `mxkgz`, shift of 2 - `nylh`, and so forth.

And having done that, a shift of 8 gives us `stuff`. So the solution is 'stuff' under a Caesar cipher with a shift of 8. 
",0,14,"1. jfwyl
2. yjwlf
3. fljwy
4. wfljy
5. ylwjf
None of these options form a recognizable English word.

So, let's now proceed with the assumption that this is a Caesar cipher. In a Caesar cipher, each letter in the text is shifted a certain number of places down the alphabet. For example, with a shift of 3, A would be replaced by D, B would become E, and so on.

Let's try 5 different shifts:

1. Shift of 1: kveix
2. Shift of 2: judhw
3. Shift of 3: itcgv
4. Shift of 4: hsbfu
5. Shift of 5: grael

Again, none of these options form a recognizable English word.

However, I remembered that this could be a reverse shift. So, a shift of 1 might give `mxkgz`, shift of 2 - `nylh`, and so forth.

And having done that, a shift of 8 gives us `stuff`. So",1,0
lwjfy,great,5,5,"1. jfwyl
2. yjwlf
3. fljwy
4. wfljy
5. ylwjf
None of these options form a recognizable English word.

So, let's now proceed with the assumption that this is a Caesar cipher. In a Caesar cipher, each letter in the text is shifted a certain number of places down the alphabet. For example, with a shift of 3, A would be replaced by D, B would become E, and so on.

Let's try 5 different shifts:

1. Shift of 1: kveix
2. Shift of 2: judhw
3. Shift of 3: itcgv
4. Shift of 4: hsbfu
5. Shift of 5: grael

Again, none of these options form a recognizable English word.

However, I remembered that this could be a reverse shift. So, a shift of 1 might give `mxkgz`, shift of 2 - `nylh`, and so forth.

And having done that, a shift of 8 gives us `stuff`. So the solution is 'stuff' under a Caesar cipher with a shift of 8. 
",0,15,"1. jfwyl
2. yjwlf
3. fljwy
4. wfljy
5. ylwjf
None of these options form a recognizable English word.

So, let's now proceed with the assumption that this is a Caesar cipher. In a Caesar cipher, each letter in the text is shifted a certain number of places down the alphabet. For example, with a shift of 3, A would be replaced by D, B would become E, and so on.

Let's try 5 different shifts:

1. Shift of 1: kveix
2. Shift of 2: judhw
3. Shift of 3: itcgv
4. Shift of 4: hsbfu
5. Shift of 5: grael

Again, none of these options form a recognizable English word.

However, I remembered that this could be a reverse shift. So, a shift of 1 might give `mxkgz`, shift of 2 - `nylh`, and so forth.

And having done that, a shift of 8 gives us `stuff`. So the solution is 'stuff' under a Caesar cipher wit",1,0
lwjfy,great,5,5,"1. jfwyl
2. yjwlf
3. fljwy
4. wfljy
5. ylwjf
None of these options form a recognizable English word.

So, let's now proceed with the assumption that this is a Caesar cipher. In a Caesar cipher, each letter in the text is shifted a certain number of places down the alphabet. For example, with a shift of 3, A would be replaced by D, B would become E, and so on.

Let's try 5 different shifts:

1. Shift of 1: kveix
2. Shift of 2: judhw
3. Shift of 3: itcgv
4. Shift of 4: hsbfu
5. Shift of 5: grael

Again, none of these options form a recognizable English word.

However, I remembered that this could be a reverse shift. So, a shift of 1 might give `mxkgz`, shift of 2 - `nylh`, and so forth.

And having done that, a shift of 8 gives us `stuff`. So the solution is 'stuff' under a Caesar cipher with a shift of 8. 
",0,16,"1. jfwyl
2. yjwlf
3. fljwy
4. wfljy
5. ylwjf
None of these options form a recognizable English word.

So, let's now proceed with the assumption that this is a Caesar cipher. In a Caesar cipher, each letter in the text is shifted a certain number of places down the alphabet. For example, with a shift of 3, A would be replaced by D, B would become E, and so on.

Let's try 5 different shifts:

1. Shift of 1: kveix
2. Shift of 2: judhw
3. Shift of 3: itcgv
4. Shift of 4: hsbfu
5. Shift of 5: grael

Again, none of these options form a recognizable English word.

However, I remembered that this could be a reverse shift. So, a shift of 1 might give `mxkgz`, shift of 2 - `nylh`, and so forth.

And having done that, a shift of 8 gives us `stuff`. So the solution is 'stuff' under a Caesar cipher with a shift of 8. 
",1,0
tztufn,system,6,1,"Unscrambling the given arrangement 'tztufn' following English language rules yields no meaningful words. Therefore, it is more likely to be a Caesar cipher. We can try decrypting it assuming it's a Caesar cipher and trying at least 5 different shifts.

Here are some potential decrypting attempts with a Caesar shift:

1. with a shift of 1 -> sysgem
2. with a shift of 2 -> rxfldn
3. with a shift of 3 -> qwekcm
4. with a shift of 4 -> pvdjbl
5. with a shift of 5 -> ouciaj

None of the above shifts yield a meaningful English word, therefore we must assume that none of the attempted shifts were correct.",0,0,Unscrambling the given arrangement 'tztufn' follow,0,2
tztufn,system,6,1,"Unscrambling the given arrangement 'tztufn' following English language rules yields no meaningful words. Therefore, it is more likely to be a Caesar cipher. We can try decrypting it assuming it's a Caesar cipher and trying at least 5 different shifts.

Here are some potential decrypting attempts with a Caesar shift:

1. with a shift of 1 -> sysgem
2. with a shift of 2 -> rxfldn
3. with a shift of 3 -> qwekcm
4. with a shift of 4 -> pvdjbl
5. with a shift of 5 -> ouciaj

None of the above shifts yield a meaningful English word, therefore we must assume that none of the attempted shifts were correct.",0,1,Unscrambling the given arrangement 'tztufn' following English language rules yields no meaningful wo,0,2
tztufn,system,6,1,"Unscrambling the given arrangement 'tztufn' following English language rules yields no meaningful words. Therefore, it is more likely to be a Caesar cipher. We can try decrypting it assuming it's a Caesar cipher and trying at least 5 different shifts.

Here are some potential decrypting attempts with a Caesar shift:

1. with a shift of 1 -> sysgem
2. with a shift of 2 -> rxfldn
3. with a shift of 3 -> qwekcm
4. with a shift of 4 -> pvdjbl
5. with a shift of 5 -> ouciaj

None of the above shifts yield a meaningful English word, therefore we must assume that none of the attempted shifts were correct.",0,2,"Unscrambling the given arrangement 'tztufn' following English language rules yields no meaningful words. Therefore, it is more likely to be a Caesar c",1,2
tztufn,system,6,1,"Unscrambling the given arrangement 'tztufn' following English language rules yields no meaningful words. Therefore, it is more likely to be a Caesar cipher. We can try decrypting it assuming it's a Caesar cipher and trying at least 5 different shifts.

Here are some potential decrypting attempts with a Caesar shift:

1. with a shift of 1 -> sysgem
2. with a shift of 2 -> rxfldn
3. with a shift of 3 -> qwekcm
4. with a shift of 4 -> pvdjbl
5. with a shift of 5 -> ouciaj

None of the above shifts yield a meaningful English word, therefore we must assume that none of the attempted shifts were correct.",0,3,"Unscrambling the given arrangement 'tztufn' following English language rules yields no meaningful words. Therefore, it is more likely to be a Caesar cipher. We can try decrypting it assuming it's a Ca",1,2
tztufn,system,6,1,"Unscrambling the given arrangement 'tztufn' following English language rules yields no meaningful words. Therefore, it is more likely to be a Caesar cipher. We can try decrypting it assuming it's a Caesar cipher and trying at least 5 different shifts.

Here are some potential decrypting attempts with a Caesar shift:

1. with a shift of 1 -> sysgem
2. with a shift of 2 -> rxfldn
3. with a shift of 3 -> qwekcm
4. with a shift of 4 -> pvdjbl
5. with a shift of 5 -> ouciaj

None of the above shifts yield a meaningful English word, therefore we must assume that none of the attempted shifts were correct.",0,4,"Unscrambling the given arrangement 'tztufn' following English language rules yields no meaningful words. Therefore, it is more likely to be a Caesar cipher. We can try decrypting it assuming it's a Caesar cipher and trying at least 5 different shifts",1,2
tztufn,system,6,1,"Unscrambling the given arrangement 'tztufn' following English language rules yields no meaningful words. Therefore, it is more likely to be a Caesar cipher. We can try decrypting it assuming it's a Caesar cipher and trying at least 5 different shifts.

Here are some potential decrypting attempts with a Caesar shift:

1. with a shift of 1 -> sysgem
2. with a shift of 2 -> rxfldn
3. with a shift of 3 -> qwekcm
4. with a shift of 4 -> pvdjbl
5. with a shift of 5 -> ouciaj

None of the above shifts yield a meaningful English word, therefore we must assume that none of the attempted shifts were correct.",0,5,"Unscrambling the given arrangement 'tztufn' following English language rules yields no meaningful words. Therefore, it is more likely to be a Caesar cipher. We can try decrypting it assuming it's a Caesar cipher and trying at least 5 different shifts.

Here are some potential decrypting attempts wit",1,2
tztufn,system,6,1,"Unscrambling the given arrangement 'tztufn' following English language rules yields no meaningful words. Therefore, it is more likely to be a Caesar cipher. We can try decrypting it assuming it's a Caesar cipher and trying at least 5 different shifts.

Here are some potential decrypting attempts with a Caesar shift:

1. with a shift of 1 -> sysgem
2. with a shift of 2 -> rxfldn
3. with a shift of 3 -> qwekcm
4. with a shift of 4 -> pvdjbl
5. with a shift of 5 -> ouciaj

None of the above shifts yield a meaningful English word, therefore we must assume that none of the attempted shifts were correct.",0,6,"Unscrambling the given arrangement 'tztufn' following English language rules yields no meaningful words. Therefore, it is more likely to be a Caesar cipher. We can try decrypting it assuming it's a Caesar cipher and trying at least 5 different shifts.

Here are some potential decrypting attempts with a Caesar shift:

1. with a shift of 1 -> sysgem
",1,2
tztufn,system,6,1,"Unscrambling the given arrangement 'tztufn' following English language rules yields no meaningful words. Therefore, it is more likely to be a Caesar cipher. We can try decrypting it assuming it's a Caesar cipher and trying at least 5 different shifts.

Here are some potential decrypting attempts with a Caesar shift:

1. with a shift of 1 -> sysgem
2. with a shift of 2 -> rxfldn
3. with a shift of 3 -> qwekcm
4. with a shift of 4 -> pvdjbl
5. with a shift of 5 -> ouciaj

None of the above shifts yield a meaningful English word, therefore we must assume that none of the attempted shifts were correct.",0,7,"Unscrambling the given arrangement 'tztufn' following English language rules yields no meaningful words. Therefore, it is more likely to be a Caesar cipher. We can try decrypting it assuming it's a Caesar cipher and trying at least 5 different shifts.

Here are some potential decrypting attempts with a Caesar shift:

1. with a shift of 1 -> sysgem
2. with a shift of 2 -> rxfldn
3. with a shift of ",1,2
tztufn,system,6,1,"Unscrambling the given arrangement 'tztufn' following English language rules yields no meaningful words. Therefore, it is more likely to be a Caesar cipher. We can try decrypting it assuming it's a Caesar cipher and trying at least 5 different shifts.

Here are some potential decrypting attempts with a Caesar shift:

1. with a shift of 1 -> sysgem
2. with a shift of 2 -> rxfldn
3. with a shift of 3 -> qwekcm
4. with a shift of 4 -> pvdjbl
5. with a shift of 5 -> ouciaj

None of the above shifts yield a meaningful English word, therefore we must assume that none of the attempted shifts were correct.",0,8,"Unscrambling the given arrangement 'tztufn' following English language rules yields no meaningful words. Therefore, it is more likely to be a Caesar cipher. We can try decrypting it assuming it's a Caesar cipher and trying at least 5 different shifts.

Here are some potential decrypting attempts with a Caesar shift:

1. with a shift of 1 -> sysgem
2. with a shift of 2 -> rxfldn
3. with a shift of 3 -> qwekcm
4. with a shift of 4 -> pvdjbl
5. with",1,2
tztufn,system,6,1,"Unscrambling the given arrangement 'tztufn' following English language rules yields no meaningful words. Therefore, it is more likely to be a Caesar cipher. We can try decrypting it assuming it's a Caesar cipher and trying at least 5 different shifts.

Here are some potential decrypting attempts with a Caesar shift:

1. with a shift of 1 -> sysgem
2. with a shift of 2 -> rxfldn
3. with a shift of 3 -> qwekcm
4. with a shift of 4 -> pvdjbl
5. with a shift of 5 -> ouciaj

None of the above shifts yield a meaningful English word, therefore we must assume that none of the attempted shifts were correct.",0,9,"Unscrambling the given arrangement 'tztufn' following English language rules yields no meaningful words. Therefore, it is more likely to be a Caesar cipher. We can try decrypting it assuming it's a Caesar cipher and trying at least 5 different shifts.

Here are some potential decrypting attempts with a Caesar shift:

1. with a shift of 1 -> sysgem
2. with a shift of 2 -> rxfldn
3. with a shift of 3 -> qwekcm
4. with a shift of 4 -> pvdjbl
5. with a shift of 5 -> ouciaj

None of the above shifts ",1,2
tztufn,system,6,1,"Unscrambling the given arrangement 'tztufn' following English language rules yields no meaningful words. Therefore, it is more likely to be a Caesar cipher. We can try decrypting it assuming it's a Caesar cipher and trying at least 5 different shifts.

Here are some potential decrypting attempts with a Caesar shift:

1. with a shift of 1 -> sysgem
2. with a shift of 2 -> rxfldn
3. with a shift of 3 -> qwekcm
4. with a shift of 4 -> pvdjbl
5. with a shift of 5 -> ouciaj

None of the above shifts yield a meaningful English word, therefore we must assume that none of the attempted shifts were correct.",0,10,"Unscrambling the given arrangement 'tztufn' following English language rules yields no meaningful words. Therefore, it is more likely to be a Caesar cipher. We can try decrypting it assuming it's a Caesar cipher and trying at least 5 different shifts.

Here are some potential decrypting attempts with a Caesar shift:

1. with a shift of 1 -> sysgem
2. with a shift of 2 -> rxfldn
3. with a shift of 3 -> qwekcm
4. with a shift of 4 -> pvdjbl
5. with a shift of 5 -> ouciaj

None of the above shifts yield a meaningful English word, therefore we must",1,2
tztufn,system,6,1,"Unscrambling the given arrangement 'tztufn' following English language rules yields no meaningful words. Therefore, it is more likely to be a Caesar cipher. We can try decrypting it assuming it's a Caesar cipher and trying at least 5 different shifts.

Here are some potential decrypting attempts with a Caesar shift:

1. with a shift of 1 -> sysgem
2. with a shift of 2 -> rxfldn
3. with a shift of 3 -> qwekcm
4. with a shift of 4 -> pvdjbl
5. with a shift of 5 -> ouciaj

None of the above shifts yield a meaningful English word, therefore we must assume that none of the attempted shifts were correct.",0,11,"Unscrambling the given arrangement 'tztufn' following English language rules yields no meaningful words. Therefore, it is more likely to be a Caesar cipher. We can try decrypting it assuming it's a Caesar cipher and trying at least 5 different shifts.

Here are some potential decrypting attempts with a Caesar shift:

1. with a shift of 1 -> sysgem
2. with a shift of 2 -> rxfldn
3. with a shift of 3 -> qwekcm
4. with a shift of 4 -> pvdjbl
5. with a shift of 5 -> ouciaj

None of the above shifts yield a meaningful English word, therefore we must assume that none of the attempted shifts were cor",1,2
tztufn,system,6,1,"Unscrambling the given arrangement 'tztufn' following English language rules yields no meaningful words. Therefore, it is more likely to be a Caesar cipher. We can try decrypting it assuming it's a Caesar cipher and trying at least 5 different shifts.

Here are some potential decrypting attempts with a Caesar shift:

1. with a shift of 1 -> sysgem
2. with a shift of 2 -> rxfldn
3. with a shift of 3 -> qwekcm
4. with a shift of 4 -> pvdjbl
5. with a shift of 5 -> ouciaj

None of the above shifts yield a meaningful English word, therefore we must assume that none of the attempted shifts were correct.",0,12,"Unscrambling the given arrangement 'tztufn' following English language rules yields no meaningful words. Therefore, it is more likely to be a Caesar cipher. We can try decrypting it assuming it's a Caesar cipher and trying at least 5 different shifts.

Here are some potential decrypting attempts with a Caesar shift:

1. with a shift of 1 -> sysgem
2. with a shift of 2 -> rxfldn
3. with a shift of 3 -> qwekcm
4. with a shift of 4 -> pvdjbl
5. with a shift of 5 -> ouciaj

None of the above shifts yield a meaningful English word, therefore we must assume that none of the attempted shifts were correct.",1,2
rtkegu,prices,6,2,"Assuming it's an anagram:

1) Urgkte
2) Kuretg
3) Gturek
4) Tgerku
5) EURGTK

I couldn't find any English word, so let's assume it's a Caesar Cipher and try shifting.

When shifting the letters in a Caesar Cipher, we move each character a certain number of places down the alphabet. For a shift of 1, A would be replaced by B, B would become C, and so on. 

I'll try with 5 different shifts:

1) Shift of 1 -> suflhv
2) Shift of 2 -> tvgmiw
3) Shift of 3 -> uwhnjx
4) Shift of 4 -> vxiojyk
5 Shift of 5 -> wypkzil

None of these look like a real English word, let's continue decrypting with different shifts.

6) Shift of 6 -> xzqlajm
7) Shift of 7 -> yarmbkn
8) Shift of 8 -> zbsnclot.
9) Shift of 9 -> atcodmpu
10) Shiftof 10 -> budpneqv

Again none of the shifts looks like a real English word. Let's try with a shift in the opposite direction:

11) Shift of -1 -> qsfdft
12) Shift of -2 -> rpeces
13) Shift of -3 -> qodbdq
14) Shift of -4 -> pncacp
15) Shift of -5 -> mbzbbo

16) Shift of -6 -> layaan
17) Shift of -7 -> kzvzzm
18) Shift of -8 -> jyuylx
19) Shift of -9 -> ixtxkw
20) Shift of -10 -> hwsjv 

Again none of the shifts looks like a real English word. Let's try with a shift in the opposite direction:

21) Shift of -11 -> gvriv
22) Shift of -12 -> fuqhu 
23) Shift of -13 -> tpdgt
24) Shift of -14 -> scofs 
25) Shift of -15 -> rbnre

Decoding with a shift of -13 gives us 'tpdgt' which doesn't appear to be an English word. Hence, the text ""rtkegu"" is neither a direct anagram of an English word nor can be decoded into one using a Caesar cipher.",0,0,"Assuming it's an anagram:

1) Urgkte
2) Kuretg
3) ",0,1
rtkegu,prices,6,2,"Assuming it's an anagram:

1) Urgkte
2) Kuretg
3) Gturek
4) Tgerku
5) EURGTK

I couldn't find any English word, so let's assume it's a Caesar Cipher and try shifting.

When shifting the letters in a Caesar Cipher, we move each character a certain number of places down the alphabet. For a shift of 1, A would be replaced by B, B would become C, and so on. 

I'll try with 5 different shifts:

1) Shift of 1 -> suflhv
2) Shift of 2 -> tvgmiw
3) Shift of 3 -> uwhnjx
4) Shift of 4 -> vxiojyk
5 Shift of 5 -> wypkzil

None of these look like a real English word, let's continue decrypting with different shifts.

6) Shift of 6 -> xzqlajm
7) Shift of 7 -> yarmbkn
8) Shift of 8 -> zbsnclot.
9) Shift of 9 -> atcodmpu
10) Shiftof 10 -> budpneqv

Again none of the shifts looks like a real English word. Let's try with a shift in the opposite direction:

11) Shift of -1 -> qsfdft
12) Shift of -2 -> rpeces
13) Shift of -3 -> qodbdq
14) Shift of -4 -> pncacp
15) Shift of -5 -> mbzbbo

16) Shift of -6 -> layaan
17) Shift of -7 -> kzvzzm
18) Shift of -8 -> jyuylx
19) Shift of -9 -> ixtxkw
20) Shift of -10 -> hwsjv 

Again none of the shifts looks like a real English word. Let's try with a shift in the opposite direction:

21) Shift of -11 -> gvriv
22) Shift of -12 -> fuqhu 
23) Shift of -13 -> tpdgt
24) Shift of -14 -> scofs 
25) Shift of -15 -> rbnre

Decoding with a shift of -13 gives us 'tpdgt' which doesn't appear to be an English word. Hence, the text ""rtkegu"" is neither a direct anagram of an English word nor can be decoded into one using a Caesar cipher.",0,1,"Assuming it's an anagram:

1) Urgkte
2) Kuretg
3) Gturek
4) Tgerku
5) EURGTK

I couldn't find any En",1,1
rtkegu,prices,6,2,"Assuming it's an anagram:

1) Urgkte
2) Kuretg
3) Gturek
4) Tgerku
5) EURGTK

I couldn't find any English word, so let's assume it's a Caesar Cipher and try shifting.

When shifting the letters in a Caesar Cipher, we move each character a certain number of places down the alphabet. For a shift of 1, A would be replaced by B, B would become C, and so on. 

I'll try with 5 different shifts:

1) Shift of 1 -> suflhv
2) Shift of 2 -> tvgmiw
3) Shift of 3 -> uwhnjx
4) Shift of 4 -> vxiojyk
5 Shift of 5 -> wypkzil

None of these look like a real English word, let's continue decrypting with different shifts.

6) Shift of 6 -> xzqlajm
7) Shift of 7 -> yarmbkn
8) Shift of 8 -> zbsnclot.
9) Shift of 9 -> atcodmpu
10) Shiftof 10 -> budpneqv

Again none of the shifts looks like a real English word. Let's try with a shift in the opposite direction:

11) Shift of -1 -> qsfdft
12) Shift of -2 -> rpeces
13) Shift of -3 -> qodbdq
14) Shift of -4 -> pncacp
15) Shift of -5 -> mbzbbo

16) Shift of -6 -> layaan
17) Shift of -7 -> kzvzzm
18) Shift of -8 -> jyuylx
19) Shift of -9 -> ixtxkw
20) Shift of -10 -> hwsjv 

Again none of the shifts looks like a real English word. Let's try with a shift in the opposite direction:

21) Shift of -11 -> gvriv
22) Shift of -12 -> fuqhu 
23) Shift of -13 -> tpdgt
24) Shift of -14 -> scofs 
25) Shift of -15 -> rbnre

Decoding with a shift of -13 gives us 'tpdgt' which doesn't appear to be an English word. Hence, the text ""rtkegu"" is neither a direct anagram of an English word nor can be decoded into one using a Caesar cipher.",0,2,"Assuming it's an anagram:

1) Urgkte
2) Kuretg
3) Gturek
4) Tgerku
5) EURGTK

I couldn't find any English word, so let's assume it's a Caesar Cipher a",1,1
rtkegu,prices,6,2,"Assuming it's an anagram:

1) Urgkte
2) Kuretg
3) Gturek
4) Tgerku
5) EURGTK

I couldn't find any English word, so let's assume it's a Caesar Cipher and try shifting.

When shifting the letters in a Caesar Cipher, we move each character a certain number of places down the alphabet. For a shift of 1, A would be replaced by B, B would become C, and so on. 

I'll try with 5 different shifts:

1) Shift of 1 -> suflhv
2) Shift of 2 -> tvgmiw
3) Shift of 3 -> uwhnjx
4) Shift of 4 -> vxiojyk
5 Shift of 5 -> wypkzil

None of these look like a real English word, let's continue decrypting with different shifts.

6) Shift of 6 -> xzqlajm
7) Shift of 7 -> yarmbkn
8) Shift of 8 -> zbsnclot.
9) Shift of 9 -> atcodmpu
10) Shiftof 10 -> budpneqv

Again none of the shifts looks like a real English word. Let's try with a shift in the opposite direction:

11) Shift of -1 -> qsfdft
12) Shift of -2 -> rpeces
13) Shift of -3 -> qodbdq
14) Shift of -4 -> pncacp
15) Shift of -5 -> mbzbbo

16) Shift of -6 -> layaan
17) Shift of -7 -> kzvzzm
18) Shift of -8 -> jyuylx
19) Shift of -9 -> ixtxkw
20) Shift of -10 -> hwsjv 

Again none of the shifts looks like a real English word. Let's try with a shift in the opposite direction:

21) Shift of -11 -> gvriv
22) Shift of -12 -> fuqhu 
23) Shift of -13 -> tpdgt
24) Shift of -14 -> scofs 
25) Shift of -15 -> rbnre

Decoding with a shift of -13 gives us 'tpdgt' which doesn't appear to be an English word. Hence, the text ""rtkegu"" is neither a direct anagram of an English word nor can be decoded into one using a Caesar cipher.",0,3,"Assuming it's an anagram:

1) Urgkte
2) Kuretg
3) Gturek
4) Tgerku
5) EURGTK

I couldn't find any English word, so let's assume it's a Caesar Cipher and try shifting.

When shifting the letters in a C",1,1
rtkegu,prices,6,2,"Assuming it's an anagram:

1) Urgkte
2) Kuretg
3) Gturek
4) Tgerku
5) EURGTK

I couldn't find any English word, so let's assume it's a Caesar Cipher and try shifting.

When shifting the letters in a Caesar Cipher, we move each character a certain number of places down the alphabet. For a shift of 1, A would be replaced by B, B would become C, and so on. 

I'll try with 5 different shifts:

1) Shift of 1 -> suflhv
2) Shift of 2 -> tvgmiw
3) Shift of 3 -> uwhnjx
4) Shift of 4 -> vxiojyk
5 Shift of 5 -> wypkzil

None of these look like a real English word, let's continue decrypting with different shifts.

6) Shift of 6 -> xzqlajm
7) Shift of 7 -> yarmbkn
8) Shift of 8 -> zbsnclot.
9) Shift of 9 -> atcodmpu
10) Shiftof 10 -> budpneqv

Again none of the shifts looks like a real English word. Let's try with a shift in the opposite direction:

11) Shift of -1 -> qsfdft
12) Shift of -2 -> rpeces
13) Shift of -3 -> qodbdq
14) Shift of -4 -> pncacp
15) Shift of -5 -> mbzbbo

16) Shift of -6 -> layaan
17) Shift of -7 -> kzvzzm
18) Shift of -8 -> jyuylx
19) Shift of -9 -> ixtxkw
20) Shift of -10 -> hwsjv 

Again none of the shifts looks like a real English word. Let's try with a shift in the opposite direction:

21) Shift of -11 -> gvriv
22) Shift of -12 -> fuqhu 
23) Shift of -13 -> tpdgt
24) Shift of -14 -> scofs 
25) Shift of -15 -> rbnre

Decoding with a shift of -13 gives us 'tpdgt' which doesn't appear to be an English word. Hence, the text ""rtkegu"" is neither a direct anagram of an English word nor can be decoded into one using a Caesar cipher.",0,4,"Assuming it's an anagram:

1) Urgkte
2) Kuretg
3) Gturek
4) Tgerku
5) EURGTK

I couldn't find any English word, so let's assume it's a Caesar Cipher and try shifting.

When shifting the letters in a Caesar Cipher, we move each character a certain num",1,1
rtkegu,prices,6,2,"Assuming it's an anagram:

1) Urgkte
2) Kuretg
3) Gturek
4) Tgerku
5) EURGTK

I couldn't find any English word, so let's assume it's a Caesar Cipher and try shifting.

When shifting the letters in a Caesar Cipher, we move each character a certain number of places down the alphabet. For a shift of 1, A would be replaced by B, B would become C, and so on. 

I'll try with 5 different shifts:

1) Shift of 1 -> suflhv
2) Shift of 2 -> tvgmiw
3) Shift of 3 -> uwhnjx
4) Shift of 4 -> vxiojyk
5 Shift of 5 -> wypkzil

None of these look like a real English word, let's continue decrypting with different shifts.

6) Shift of 6 -> xzqlajm
7) Shift of 7 -> yarmbkn
8) Shift of 8 -> zbsnclot.
9) Shift of 9 -> atcodmpu
10) Shiftof 10 -> budpneqv

Again none of the shifts looks like a real English word. Let's try with a shift in the opposite direction:

11) Shift of -1 -> qsfdft
12) Shift of -2 -> rpeces
13) Shift of -3 -> qodbdq
14) Shift of -4 -> pncacp
15) Shift of -5 -> mbzbbo

16) Shift of -6 -> layaan
17) Shift of -7 -> kzvzzm
18) Shift of -8 -> jyuylx
19) Shift of -9 -> ixtxkw
20) Shift of -10 -> hwsjv 

Again none of the shifts looks like a real English word. Let's try with a shift in the opposite direction:

21) Shift of -11 -> gvriv
22) Shift of -12 -> fuqhu 
23) Shift of -13 -> tpdgt
24) Shift of -14 -> scofs 
25) Shift of -15 -> rbnre

Decoding with a shift of -13 gives us 'tpdgt' which doesn't appear to be an English word. Hence, the text ""rtkegu"" is neither a direct anagram of an English word nor can be decoded into one using a Caesar cipher.",0,5,"Assuming it's an anagram:

1) Urgkte
2) Kuretg
3) Gturek
4) Tgerku
5) EURGTK

I couldn't find any English word, so let's assume it's a Caesar Cipher and try shifting.

When shifting the letters in a Caesar Cipher, we move each character a certain number of places down the alphabet. For a shift of 1,",1,1
rtkegu,prices,6,2,"Assuming it's an anagram:

1) Urgkte
2) Kuretg
3) Gturek
4) Tgerku
5) EURGTK

I couldn't find any English word, so let's assume it's a Caesar Cipher and try shifting.

When shifting the letters in a Caesar Cipher, we move each character a certain number of places down the alphabet. For a shift of 1, A would be replaced by B, B would become C, and so on. 

I'll try with 5 different shifts:

1) Shift of 1 -> suflhv
2) Shift of 2 -> tvgmiw
3) Shift of 3 -> uwhnjx
4) Shift of 4 -> vxiojyk
5 Shift of 5 -> wypkzil

None of these look like a real English word, let's continue decrypting with different shifts.

6) Shift of 6 -> xzqlajm
7) Shift of 7 -> yarmbkn
8) Shift of 8 -> zbsnclot.
9) Shift of 9 -> atcodmpu
10) Shiftof 10 -> budpneqv

Again none of the shifts looks like a real English word. Let's try with a shift in the opposite direction:

11) Shift of -1 -> qsfdft
12) Shift of -2 -> rpeces
13) Shift of -3 -> qodbdq
14) Shift of -4 -> pncacp
15) Shift of -5 -> mbzbbo

16) Shift of -6 -> layaan
17) Shift of -7 -> kzvzzm
18) Shift of -8 -> jyuylx
19) Shift of -9 -> ixtxkw
20) Shift of -10 -> hwsjv 

Again none of the shifts looks like a real English word. Let's try with a shift in the opposite direction:

21) Shift of -11 -> gvriv
22) Shift of -12 -> fuqhu 
23) Shift of -13 -> tpdgt
24) Shift of -14 -> scofs 
25) Shift of -15 -> rbnre

Decoding with a shift of -13 gives us 'tpdgt' which doesn't appear to be an English word. Hence, the text ""rtkegu"" is neither a direct anagram of an English word nor can be decoded into one using a Caesar cipher.",0,6,"Assuming it's an anagram:

1) Urgkte
2) Kuretg
3) Gturek
4) Tgerku
5) EURGTK

I couldn't find any English word, so let's assume it's a Caesar Cipher and try shifting.

When shifting the letters in a Caesar Cipher, we move each character a certain number of places down the alphabet. For a shift of 1, A would be replaced by B, B would become C, and s",1,1
rtkegu,prices,6,2,"Assuming it's an anagram:

1) Urgkte
2) Kuretg
3) Gturek
4) Tgerku
5) EURGTK

I couldn't find any English word, so let's assume it's a Caesar Cipher and try shifting.

When shifting the letters in a Caesar Cipher, we move each character a certain number of places down the alphabet. For a shift of 1, A would be replaced by B, B would become C, and so on. 

I'll try with 5 different shifts:

1) Shift of 1 -> suflhv
2) Shift of 2 -> tvgmiw
3) Shift of 3 -> uwhnjx
4) Shift of 4 -> vxiojyk
5 Shift of 5 -> wypkzil

None of these look like a real English word, let's continue decrypting with different shifts.

6) Shift of 6 -> xzqlajm
7) Shift of 7 -> yarmbkn
8) Shift of 8 -> zbsnclot.
9) Shift of 9 -> atcodmpu
10) Shiftof 10 -> budpneqv

Again none of the shifts looks like a real English word. Let's try with a shift in the opposite direction:

11) Shift of -1 -> qsfdft
12) Shift of -2 -> rpeces
13) Shift of -3 -> qodbdq
14) Shift of -4 -> pncacp
15) Shift of -5 -> mbzbbo

16) Shift of -6 -> layaan
17) Shift of -7 -> kzvzzm
18) Shift of -8 -> jyuylx
19) Shift of -9 -> ixtxkw
20) Shift of -10 -> hwsjv 

Again none of the shifts looks like a real English word. Let's try with a shift in the opposite direction:

21) Shift of -11 -> gvriv
22) Shift of -12 -> fuqhu 
23) Shift of -13 -> tpdgt
24) Shift of -14 -> scofs 
25) Shift of -15 -> rbnre

Decoding with a shift of -13 gives us 'tpdgt' which doesn't appear to be an English word. Hence, the text ""rtkegu"" is neither a direct anagram of an English word nor can be decoded into one using a Caesar cipher.",0,7,"Assuming it's an anagram:

1) Urgkte
2) Kuretg
3) Gturek
4) Tgerku
5) EURGTK

I couldn't find any English word, so let's assume it's a Caesar Cipher and try shifting.

When shifting the letters in a Caesar Cipher, we move each character a certain number of places down the alphabet. For a shift of 1, A would be replaced by B, B would become C, and so on. 

I'll try with 5 different shifts:

1) Shif",1,1
rtkegu,prices,6,2,"Assuming it's an anagram:

1) Urgkte
2) Kuretg
3) Gturek
4) Tgerku
5) EURGTK

I couldn't find any English word, so let's assume it's a Caesar Cipher and try shifting.

When shifting the letters in a Caesar Cipher, we move each character a certain number of places down the alphabet. For a shift of 1, A would be replaced by B, B would become C, and so on. 

I'll try with 5 different shifts:

1) Shift of 1 -> suflhv
2) Shift of 2 -> tvgmiw
3) Shift of 3 -> uwhnjx
4) Shift of 4 -> vxiojyk
5 Shift of 5 -> wypkzil

None of these look like a real English word, let's continue decrypting with different shifts.

6) Shift of 6 -> xzqlajm
7) Shift of 7 -> yarmbkn
8) Shift of 8 -> zbsnclot.
9) Shift of 9 -> atcodmpu
10) Shiftof 10 -> budpneqv

Again none of the shifts looks like a real English word. Let's try with a shift in the opposite direction:

11) Shift of -1 -> qsfdft
12) Shift of -2 -> rpeces
13) Shift of -3 -> qodbdq
14) Shift of -4 -> pncacp
15) Shift of -5 -> mbzbbo

16) Shift of -6 -> layaan
17) Shift of -7 -> kzvzzm
18) Shift of -8 -> jyuylx
19) Shift of -9 -> ixtxkw
20) Shift of -10 -> hwsjv 

Again none of the shifts looks like a real English word. Let's try with a shift in the opposite direction:

21) Shift of -11 -> gvriv
22) Shift of -12 -> fuqhu 
23) Shift of -13 -> tpdgt
24) Shift of -14 -> scofs 
25) Shift of -15 -> rbnre

Decoding with a shift of -13 gives us 'tpdgt' which doesn't appear to be an English word. Hence, the text ""rtkegu"" is neither a direct anagram of an English word nor can be decoded into one using a Caesar cipher.",0,8,"Assuming it's an anagram:

1) Urgkte
2) Kuretg
3) Gturek
4) Tgerku
5) EURGTK

I couldn't find any English word, so let's assume it's a Caesar Cipher and try shifting.

When shifting the letters in a Caesar Cipher, we move each character a certain number of places down the alphabet. For a shift of 1, A would be replaced by B, B would become C, and so on. 

I'll try with 5 different shifts:

1) Shift of 1 -> suflhv
2) Shift of 2 -> tvgmiw
3) Shift ",1,1
rtkegu,prices,6,2,"Assuming it's an anagram:

1) Urgkte
2) Kuretg
3) Gturek
4) Tgerku
5) EURGTK

I couldn't find any English word, so let's assume it's a Caesar Cipher and try shifting.

When shifting the letters in a Caesar Cipher, we move each character a certain number of places down the alphabet. For a shift of 1, A would be replaced by B, B would become C, and so on. 

I'll try with 5 different shifts:

1) Shift of 1 -> suflhv
2) Shift of 2 -> tvgmiw
3) Shift of 3 -> uwhnjx
4) Shift of 4 -> vxiojyk
5 Shift of 5 -> wypkzil

None of these look like a real English word, let's continue decrypting with different shifts.

6) Shift of 6 -> xzqlajm
7) Shift of 7 -> yarmbkn
8) Shift of 8 -> zbsnclot.
9) Shift of 9 -> atcodmpu
10) Shiftof 10 -> budpneqv

Again none of the shifts looks like a real English word. Let's try with a shift in the opposite direction:

11) Shift of -1 -> qsfdft
12) Shift of -2 -> rpeces
13) Shift of -3 -> qodbdq
14) Shift of -4 -> pncacp
15) Shift of -5 -> mbzbbo

16) Shift of -6 -> layaan
17) Shift of -7 -> kzvzzm
18) Shift of -8 -> jyuylx
19) Shift of -9 -> ixtxkw
20) Shift of -10 -> hwsjv 

Again none of the shifts looks like a real English word. Let's try with a shift in the opposite direction:

21) Shift of -11 -> gvriv
22) Shift of -12 -> fuqhu 
23) Shift of -13 -> tpdgt
24) Shift of -14 -> scofs 
25) Shift of -15 -> rbnre

Decoding with a shift of -13 gives us 'tpdgt' which doesn't appear to be an English word. Hence, the text ""rtkegu"" is neither a direct anagram of an English word nor can be decoded into one using a Caesar cipher.",0,9,"Assuming it's an anagram:

1) Urgkte
2) Kuretg
3) Gturek
4) Tgerku
5) EURGTK

I couldn't find any English word, so let's assume it's a Caesar Cipher and try shifting.

When shifting the letters in a Caesar Cipher, we move each character a certain number of places down the alphabet. For a shift of 1, A would be replaced by B, B would become C, and so on. 

I'll try with 5 different shifts:

1) Shift of 1 -> suflhv
2) Shift of 2 -> tvgmiw
3) Shift of 3 -> uwhnjx
4) Shift of 4 -> vxiojyk
5 Shift of",1,1
rtkegu,prices,6,2,"Assuming it's an anagram:

1) Urgkte
2) Kuretg
3) Gturek
4) Tgerku
5) EURGTK

I couldn't find any English word, so let's assume it's a Caesar Cipher and try shifting.

When shifting the letters in a Caesar Cipher, we move each character a certain number of places down the alphabet. For a shift of 1, A would be replaced by B, B would become C, and so on. 

I'll try with 5 different shifts:

1) Shift of 1 -> suflhv
2) Shift of 2 -> tvgmiw
3) Shift of 3 -> uwhnjx
4) Shift of 4 -> vxiojyk
5 Shift of 5 -> wypkzil

None of these look like a real English word, let's continue decrypting with different shifts.

6) Shift of 6 -> xzqlajm
7) Shift of 7 -> yarmbkn
8) Shift of 8 -> zbsnclot.
9) Shift of 9 -> atcodmpu
10) Shiftof 10 -> budpneqv

Again none of the shifts looks like a real English word. Let's try with a shift in the opposite direction:

11) Shift of -1 -> qsfdft
12) Shift of -2 -> rpeces
13) Shift of -3 -> qodbdq
14) Shift of -4 -> pncacp
15) Shift of -5 -> mbzbbo

16) Shift of -6 -> layaan
17) Shift of -7 -> kzvzzm
18) Shift of -8 -> jyuylx
19) Shift of -9 -> ixtxkw
20) Shift of -10 -> hwsjv 

Again none of the shifts looks like a real English word. Let's try with a shift in the opposite direction:

21) Shift of -11 -> gvriv
22) Shift of -12 -> fuqhu 
23) Shift of -13 -> tpdgt
24) Shift of -14 -> scofs 
25) Shift of -15 -> rbnre

Decoding with a shift of -13 gives us 'tpdgt' which doesn't appear to be an English word. Hence, the text ""rtkegu"" is neither a direct anagram of an English word nor can be decoded into one using a Caesar cipher.",0,10,"Assuming it's an anagram:

1) Urgkte
2) Kuretg
3) Gturek
4) Tgerku
5) EURGTK

I couldn't find any English word, so let's assume it's a Caesar Cipher and try shifting.

When shifting the letters in a Caesar Cipher, we move each character a certain number of places down the alphabet. For a shift of 1, A would be replaced by B, B would become C, and so on. 

I'll try with 5 different shifts:

1) Shift of 1 -> suflhv
2) Shift of 2 -> tvgmiw
3) Shift of 3 -> uwhnjx
4) Shift of 4 -> vxiojyk
5 Shift of 5 -> wypkzil

None of these look like a real Engl",1,1
rtkegu,prices,6,2,"Assuming it's an anagram:

1) Urgkte
2) Kuretg
3) Gturek
4) Tgerku
5) EURGTK

I couldn't find any English word, so let's assume it's a Caesar Cipher and try shifting.

When shifting the letters in a Caesar Cipher, we move each character a certain number of places down the alphabet. For a shift of 1, A would be replaced by B, B would become C, and so on. 

I'll try with 5 different shifts:

1) Shift of 1 -> suflhv
2) Shift of 2 -> tvgmiw
3) Shift of 3 -> uwhnjx
4) Shift of 4 -> vxiojyk
5 Shift of 5 -> wypkzil

None of these look like a real English word, let's continue decrypting with different shifts.

6) Shift of 6 -> xzqlajm
7) Shift of 7 -> yarmbkn
8) Shift of 8 -> zbsnclot.
9) Shift of 9 -> atcodmpu
10) Shiftof 10 -> budpneqv

Again none of the shifts looks like a real English word. Let's try with a shift in the opposite direction:

11) Shift of -1 -> qsfdft
12) Shift of -2 -> rpeces
13) Shift of -3 -> qodbdq
14) Shift of -4 -> pncacp
15) Shift of -5 -> mbzbbo

16) Shift of -6 -> layaan
17) Shift of -7 -> kzvzzm
18) Shift of -8 -> jyuylx
19) Shift of -9 -> ixtxkw
20) Shift of -10 -> hwsjv 

Again none of the shifts looks like a real English word. Let's try with a shift in the opposite direction:

21) Shift of -11 -> gvriv
22) Shift of -12 -> fuqhu 
23) Shift of -13 -> tpdgt
24) Shift of -14 -> scofs 
25) Shift of -15 -> rbnre

Decoding with a shift of -13 gives us 'tpdgt' which doesn't appear to be an English word. Hence, the text ""rtkegu"" is neither a direct anagram of an English word nor can be decoded into one using a Caesar cipher.",0,11,"Assuming it's an anagram:

1) Urgkte
2) Kuretg
3) Gturek
4) Tgerku
5) EURGTK

I couldn't find any English word, so let's assume it's a Caesar Cipher and try shifting.

When shifting the letters in a Caesar Cipher, we move each character a certain number of places down the alphabet. For a shift of 1, A would be replaced by B, B would become C, and so on. 

I'll try with 5 different shifts:

1) Shift of 1 -> suflhv
2) Shift of 2 -> tvgmiw
3) Shift of 3 -> uwhnjx
4) Shift of 4 -> vxiojyk
5 Shift of 5 -> wypkzil

None of these look like a real English word, let's continue decrypting with different",1,1
rtkegu,prices,6,2,"Assuming it's an anagram:

1) Urgkte
2) Kuretg
3) Gturek
4) Tgerku
5) EURGTK

I couldn't find any English word, so let's assume it's a Caesar Cipher and try shifting.

When shifting the letters in a Caesar Cipher, we move each character a certain number of places down the alphabet. For a shift of 1, A would be replaced by B, B would become C, and so on. 

I'll try with 5 different shifts:

1) Shift of 1 -> suflhv
2) Shift of 2 -> tvgmiw
3) Shift of 3 -> uwhnjx
4) Shift of 4 -> vxiojyk
5 Shift of 5 -> wypkzil

None of these look like a real English word, let's continue decrypting with different shifts.

6) Shift of 6 -> xzqlajm
7) Shift of 7 -> yarmbkn
8) Shift of 8 -> zbsnclot.
9) Shift of 9 -> atcodmpu
10) Shiftof 10 -> budpneqv

Again none of the shifts looks like a real English word. Let's try with a shift in the opposite direction:

11) Shift of -1 -> qsfdft
12) Shift of -2 -> rpeces
13) Shift of -3 -> qodbdq
14) Shift of -4 -> pncacp
15) Shift of -5 -> mbzbbo

16) Shift of -6 -> layaan
17) Shift of -7 -> kzvzzm
18) Shift of -8 -> jyuylx
19) Shift of -9 -> ixtxkw
20) Shift of -10 -> hwsjv 

Again none of the shifts looks like a real English word. Let's try with a shift in the opposite direction:

21) Shift of -11 -> gvriv
22) Shift of -12 -> fuqhu 
23) Shift of -13 -> tpdgt
24) Shift of -14 -> scofs 
25) Shift of -15 -> rbnre

Decoding with a shift of -13 gives us 'tpdgt' which doesn't appear to be an English word. Hence, the text ""rtkegu"" is neither a direct anagram of an English word nor can be decoded into one using a Caesar cipher.",0,12,"Assuming it's an anagram:

1) Urgkte
2) Kuretg
3) Gturek
4) Tgerku
5) EURGTK

I couldn't find any English word, so let's assume it's a Caesar Cipher and try shifting.

When shifting the letters in a Caesar Cipher, we move each character a certain number of places down the alphabet. For a shift of 1, A would be replaced by B, B would become C, and so on. 

I'll try with 5 different shifts:

1) Shift of 1 -> suflhv
2) Shift of 2 -> tvgmiw
3) Shift of 3 -> uwhnjx
4) Shift of 4 -> vxiojyk
5 Shift of 5 -> wypkzil

None of these look like a real English word, let's continue decrypting with different shifts.

6) Shift of 6 -> xzqlajm
7) Shift of 7 -",1,1
rtkegu,prices,6,2,"Assuming it's an anagram:

1) Urgkte
2) Kuretg
3) Gturek
4) Tgerku
5) EURGTK

I couldn't find any English word, so let's assume it's a Caesar Cipher and try shifting.

When shifting the letters in a Caesar Cipher, we move each character a certain number of places down the alphabet. For a shift of 1, A would be replaced by B, B would become C, and so on. 

I'll try with 5 different shifts:

1) Shift of 1 -> suflhv
2) Shift of 2 -> tvgmiw
3) Shift of 3 -> uwhnjx
4) Shift of 4 -> vxiojyk
5 Shift of 5 -> wypkzil

None of these look like a real English word, let's continue decrypting with different shifts.

6) Shift of 6 -> xzqlajm
7) Shift of 7 -> yarmbkn
8) Shift of 8 -> zbsnclot.
9) Shift of 9 -> atcodmpu
10) Shiftof 10 -> budpneqv

Again none of the shifts looks like a real English word. Let's try with a shift in the opposite direction:

11) Shift of -1 -> qsfdft
12) Shift of -2 -> rpeces
13) Shift of -3 -> qodbdq
14) Shift of -4 -> pncacp
15) Shift of -5 -> mbzbbo

16) Shift of -6 -> layaan
17) Shift of -7 -> kzvzzm
18) Shift of -8 -> jyuylx
19) Shift of -9 -> ixtxkw
20) Shift of -10 -> hwsjv 

Again none of the shifts looks like a real English word. Let's try with a shift in the opposite direction:

21) Shift of -11 -> gvriv
22) Shift of -12 -> fuqhu 
23) Shift of -13 -> tpdgt
24) Shift of -14 -> scofs 
25) Shift of -15 -> rbnre

Decoding with a shift of -13 gives us 'tpdgt' which doesn't appear to be an English word. Hence, the text ""rtkegu"" is neither a direct anagram of an English word nor can be decoded into one using a Caesar cipher.",0,13,"Assuming it's an anagram:

1) Urgkte
2) Kuretg
3) Gturek
4) Tgerku
5) EURGTK

I couldn't find any English word, so let's assume it's a Caesar Cipher and try shifting.

When shifting the letters in a Caesar Cipher, we move each character a certain number of places down the alphabet. For a shift of 1, A would be replaced by B, B would become C, and so on. 

I'll try with 5 different shifts:

1) Shift of 1 -> suflhv
2) Shift of 2 -> tvgmiw
3) Shift of 3 -> uwhnjx
4) Shift of 4 -> vxiojyk
5 Shift of 5 -> wypkzil

None of these look like a real English word, let's continue decrypting with different shifts.

6) Shift of 6 -> xzqlajm
7) Shift of 7 -> yarmbkn
8) Shift of 8 -> zbsnclot.
9) Shift of 9",1,1
rtkegu,prices,6,2,"Assuming it's an anagram:

1) Urgkte
2) Kuretg
3) Gturek
4) Tgerku
5) EURGTK

I couldn't find any English word, so let's assume it's a Caesar Cipher and try shifting.

When shifting the letters in a Caesar Cipher, we move each character a certain number of places down the alphabet. For a shift of 1, A would be replaced by B, B would become C, and so on. 

I'll try with 5 different shifts:

1) Shift of 1 -> suflhv
2) Shift of 2 -> tvgmiw
3) Shift of 3 -> uwhnjx
4) Shift of 4 -> vxiojyk
5 Shift of 5 -> wypkzil

None of these look like a real English word, let's continue decrypting with different shifts.

6) Shift of 6 -> xzqlajm
7) Shift of 7 -> yarmbkn
8) Shift of 8 -> zbsnclot.
9) Shift of 9 -> atcodmpu
10) Shiftof 10 -> budpneqv

Again none of the shifts looks like a real English word. Let's try with a shift in the opposite direction:

11) Shift of -1 -> qsfdft
12) Shift of -2 -> rpeces
13) Shift of -3 -> qodbdq
14) Shift of -4 -> pncacp
15) Shift of -5 -> mbzbbo

16) Shift of -6 -> layaan
17) Shift of -7 -> kzvzzm
18) Shift of -8 -> jyuylx
19) Shift of -9 -> ixtxkw
20) Shift of -10 -> hwsjv 

Again none of the shifts looks like a real English word. Let's try with a shift in the opposite direction:

21) Shift of -11 -> gvriv
22) Shift of -12 -> fuqhu 
23) Shift of -13 -> tpdgt
24) Shift of -14 -> scofs 
25) Shift of -15 -> rbnre

Decoding with a shift of -13 gives us 'tpdgt' which doesn't appear to be an English word. Hence, the text ""rtkegu"" is neither a direct anagram of an English word nor can be decoded into one using a Caesar cipher.",0,14,"Assuming it's an anagram:

1) Urgkte
2) Kuretg
3) Gturek
4) Tgerku
5) EURGTK

I couldn't find any English word, so let's assume it's a Caesar Cipher and try shifting.

When shifting the letters in a Caesar Cipher, we move each character a certain number of places down the alphabet. For a shift of 1, A would be replaced by B, B would become C, and so on. 

I'll try with 5 different shifts:

1) Shift of 1 -> suflhv
2) Shift of 2 -> tvgmiw
3) Shift of 3 -> uwhnjx
4) Shift of 4 -> vxiojyk
5 Shift of 5 -> wypkzil

None of these look like a real English word, let's continue decrypting with different shifts.

6) Shift of 6 -> xzqlajm
7) Shift of 7 -> yarmbkn
8) Shift of 8 -> zbsnclot.
9) Shift of 9 -> atcodmpu
10) Shiftof 10 -> budpneqv

Again non",1,1
rtkegu,prices,6,2,"Assuming it's an anagram:

1) Urgkte
2) Kuretg
3) Gturek
4) Tgerku
5) EURGTK

I couldn't find any English word, so let's assume it's a Caesar Cipher and try shifting.

When shifting the letters in a Caesar Cipher, we move each character a certain number of places down the alphabet. For a shift of 1, A would be replaced by B, B would become C, and so on. 

I'll try with 5 different shifts:

1) Shift of 1 -> suflhv
2) Shift of 2 -> tvgmiw
3) Shift of 3 -> uwhnjx
4) Shift of 4 -> vxiojyk
5 Shift of 5 -> wypkzil

None of these look like a real English word, let's continue decrypting with different shifts.

6) Shift of 6 -> xzqlajm
7) Shift of 7 -> yarmbkn
8) Shift of 8 -> zbsnclot.
9) Shift of 9 -> atcodmpu
10) Shiftof 10 -> budpneqv

Again none of the shifts looks like a real English word. Let's try with a shift in the opposite direction:

11) Shift of -1 -> qsfdft
12) Shift of -2 -> rpeces
13) Shift of -3 -> qodbdq
14) Shift of -4 -> pncacp
15) Shift of -5 -> mbzbbo

16) Shift of -6 -> layaan
17) Shift of -7 -> kzvzzm
18) Shift of -8 -> jyuylx
19) Shift of -9 -> ixtxkw
20) Shift of -10 -> hwsjv 

Again none of the shifts looks like a real English word. Let's try with a shift in the opposite direction:

21) Shift of -11 -> gvriv
22) Shift of -12 -> fuqhu 
23) Shift of -13 -> tpdgt
24) Shift of -14 -> scofs 
25) Shift of -15 -> rbnre

Decoding with a shift of -13 gives us 'tpdgt' which doesn't appear to be an English word. Hence, the text ""rtkegu"" is neither a direct anagram of an English word nor can be decoded into one using a Caesar cipher.",0,15,"Assuming it's an anagram:

1) Urgkte
2) Kuretg
3) Gturek
4) Tgerku
5) EURGTK

I couldn't find any English word, so let's assume it's a Caesar Cipher and try shifting.

When shifting the letters in a Caesar Cipher, we move each character a certain number of places down the alphabet. For a shift of 1, A would be replaced by B, B would become C, and so on. 

I'll try with 5 different shifts:

1) Shift of 1 -> suflhv
2) Shift of 2 -> tvgmiw
3) Shift of 3 -> uwhnjx
4) Shift of 4 -> vxiojyk
5 Shift of 5 -> wypkzil

None of these look like a real English word, let's continue decrypting with different shifts.

6) Shift of 6 -> xzqlajm
7) Shift of 7 -> yarmbkn
8) Shift of 8 -> zbsnclot.
9) Shift of 9 -> atcodmpu
10) Shiftof 10 -> budpneqv

Again none of the shifts looks like a real English word. Le",1,1
rtkegu,prices,6,2,"Assuming it's an anagram:

1) Urgkte
2) Kuretg
3) Gturek
4) Tgerku
5) EURGTK

I couldn't find any English word, so let's assume it's a Caesar Cipher and try shifting.

When shifting the letters in a Caesar Cipher, we move each character a certain number of places down the alphabet. For a shift of 1, A would be replaced by B, B would become C, and so on. 

I'll try with 5 different shifts:

1) Shift of 1 -> suflhv
2) Shift of 2 -> tvgmiw
3) Shift of 3 -> uwhnjx
4) Shift of 4 -> vxiojyk
5 Shift of 5 -> wypkzil

None of these look like a real English word, let's continue decrypting with different shifts.

6) Shift of 6 -> xzqlajm
7) Shift of 7 -> yarmbkn
8) Shift of 8 -> zbsnclot.
9) Shift of 9 -> atcodmpu
10) Shiftof 10 -> budpneqv

Again none of the shifts looks like a real English word. Let's try with a shift in the opposite direction:

11) Shift of -1 -> qsfdft
12) Shift of -2 -> rpeces
13) Shift of -3 -> qodbdq
14) Shift of -4 -> pncacp
15) Shift of -5 -> mbzbbo

16) Shift of -6 -> layaan
17) Shift of -7 -> kzvzzm
18) Shift of -8 -> jyuylx
19) Shift of -9 -> ixtxkw
20) Shift of -10 -> hwsjv 

Again none of the shifts looks like a real English word. Let's try with a shift in the opposite direction:

21) Shift of -11 -> gvriv
22) Shift of -12 -> fuqhu 
23) Shift of -13 -> tpdgt
24) Shift of -14 -> scofs 
25) Shift of -15 -> rbnre

Decoding with a shift of -13 gives us 'tpdgt' which doesn't appear to be an English word. Hence, the text ""rtkegu"" is neither a direct anagram of an English word nor can be decoded into one using a Caesar cipher.",0,16,"Assuming it's an anagram:

1) Urgkte
2) Kuretg
3) Gturek
4) Tgerku
5) EURGTK

I couldn't find any English word, so let's assume it's a Caesar Cipher and try shifting.

When shifting the letters in a Caesar Cipher, we move each character a certain number of places down the alphabet. For a shift of 1, A would be replaced by B, B would become C, and so on. 

I'll try with 5 different shifts:

1) Shift of 1 -> suflhv
2) Shift of 2 -> tvgmiw
3) Shift of 3 -> uwhnjx
4) Shift of 4 -> vxiojyk
5 Shift of 5 -> wypkzil

None of these look like a real English word, let's continue decrypting with different shifts.

6) Shift of 6 -> xzqlajm
7) Shift of 7 -> yarmbkn
8) Shift of 8 -> zbsnclot.
9) Shift of 9 -> atcodmpu
10) Shiftof 10 -> budpneqv

Again none of the shifts looks like a real English word. Let's try with a shift in the opposite direction:

1",1,1
rtkegu,prices,6,2,"Assuming it's an anagram:

1) Urgkte
2) Kuretg
3) Gturek
4) Tgerku
5) EURGTK

I couldn't find any English word, so let's assume it's a Caesar Cipher and try shifting.

When shifting the letters in a Caesar Cipher, we move each character a certain number of places down the alphabet. For a shift of 1, A would be replaced by B, B would become C, and so on. 

I'll try with 5 different shifts:

1) Shift of 1 -> suflhv
2) Shift of 2 -> tvgmiw
3) Shift of 3 -> uwhnjx
4) Shift of 4 -> vxiojyk
5 Shift of 5 -> wypkzil

None of these look like a real English word, let's continue decrypting with different shifts.

6) Shift of 6 -> xzqlajm
7) Shift of 7 -> yarmbkn
8) Shift of 8 -> zbsnclot.
9) Shift of 9 -> atcodmpu
10) Shiftof 10 -> budpneqv

Again none of the shifts looks like a real English word. Let's try with a shift in the opposite direction:

11) Shift of -1 -> qsfdft
12) Shift of -2 -> rpeces
13) Shift of -3 -> qodbdq
14) Shift of -4 -> pncacp
15) Shift of -5 -> mbzbbo

16) Shift of -6 -> layaan
17) Shift of -7 -> kzvzzm
18) Shift of -8 -> jyuylx
19) Shift of -9 -> ixtxkw
20) Shift of -10 -> hwsjv 

Again none of the shifts looks like a real English word. Let's try with a shift in the opposite direction:

21) Shift of -11 -> gvriv
22) Shift of -12 -> fuqhu 
23) Shift of -13 -> tpdgt
24) Shift of -14 -> scofs 
25) Shift of -15 -> rbnre

Decoding with a shift of -13 gives us 'tpdgt' which doesn't appear to be an English word. Hence, the text ""rtkegu"" is neither a direct anagram of an English word nor can be decoded into one using a Caesar cipher.",0,17,"Assuming it's an anagram:

1) Urgkte
2) Kuretg
3) Gturek
4) Tgerku
5) EURGTK

I couldn't find any English word, so let's assume it's a Caesar Cipher and try shifting.

When shifting the letters in a Caesar Cipher, we move each character a certain number of places down the alphabet. For a shift of 1, A would be replaced by B, B would become C, and so on. 

I'll try with 5 different shifts:

1) Shift of 1 -> suflhv
2) Shift of 2 -> tvgmiw
3) Shift of 3 -> uwhnjx
4) Shift of 4 -> vxiojyk
5 Shift of 5 -> wypkzil

None of these look like a real English word, let's continue decrypting with different shifts.

6) Shift of 6 -> xzqlajm
7) Shift of 7 -> yarmbkn
8) Shift of 8 -> zbsnclot.
9) Shift of 9 -> atcodmpu
10) Shiftof 10 -> budpneqv

Again none of the shifts looks like a real English word. Let's try with a shift in the opposite direction:

11) Shift of -1 -> qsfdft
12) Shift of -2 -> rpeces",1,1
rtkegu,prices,6,2,"Assuming it's an anagram:

1) Urgkte
2) Kuretg
3) Gturek
4) Tgerku
5) EURGTK

I couldn't find any English word, so let's assume it's a Caesar Cipher and try shifting.

When shifting the letters in a Caesar Cipher, we move each character a certain number of places down the alphabet. For a shift of 1, A would be replaced by B, B would become C, and so on. 

I'll try with 5 different shifts:

1) Shift of 1 -> suflhv
2) Shift of 2 -> tvgmiw
3) Shift of 3 -> uwhnjx
4) Shift of 4 -> vxiojyk
5 Shift of 5 -> wypkzil

None of these look like a real English word, let's continue decrypting with different shifts.

6) Shift of 6 -> xzqlajm
7) Shift of 7 -> yarmbkn
8) Shift of 8 -> zbsnclot.
9) Shift of 9 -> atcodmpu
10) Shiftof 10 -> budpneqv

Again none of the shifts looks like a real English word. Let's try with a shift in the opposite direction:

11) Shift of -1 -> qsfdft
12) Shift of -2 -> rpeces
13) Shift of -3 -> qodbdq
14) Shift of -4 -> pncacp
15) Shift of -5 -> mbzbbo

16) Shift of -6 -> layaan
17) Shift of -7 -> kzvzzm
18) Shift of -8 -> jyuylx
19) Shift of -9 -> ixtxkw
20) Shift of -10 -> hwsjv 

Again none of the shifts looks like a real English word. Let's try with a shift in the opposite direction:

21) Shift of -11 -> gvriv
22) Shift of -12 -> fuqhu 
23) Shift of -13 -> tpdgt
24) Shift of -14 -> scofs 
25) Shift of -15 -> rbnre

Decoding with a shift of -13 gives us 'tpdgt' which doesn't appear to be an English word. Hence, the text ""rtkegu"" is neither a direct anagram of an English word nor can be decoded into one using a Caesar cipher.",0,18,"Assuming it's an anagram:

1) Urgkte
2) Kuretg
3) Gturek
4) Tgerku
5) EURGTK

I couldn't find any English word, so let's assume it's a Caesar Cipher and try shifting.

When shifting the letters in a Caesar Cipher, we move each character a certain number of places down the alphabet. For a shift of 1, A would be replaced by B, B would become C, and so on. 

I'll try with 5 different shifts:

1) Shift of 1 -> suflhv
2) Shift of 2 -> tvgmiw
3) Shift of 3 -> uwhnjx
4) Shift of 4 -> vxiojyk
5 Shift of 5 -> wypkzil

None of these look like a real English word, let's continue decrypting with different shifts.

6) Shift of 6 -> xzqlajm
7) Shift of 7 -> yarmbkn
8) Shift of 8 -> zbsnclot.
9) Shift of 9 -> atcodmpu
10) Shiftof 10 -> budpneqv

Again none of the shifts looks like a real English word. Let's try with a shift in the opposite direction:

11) Shift of -1 -> qsfdft
12) Shift of -2 -> rpeces
13) Shift of -3 -> qodbdq
14) Shift of -4 -> pnca",1,1
rtkegu,prices,6,2,"Assuming it's an anagram:

1) Urgkte
2) Kuretg
3) Gturek
4) Tgerku
5) EURGTK

I couldn't find any English word, so let's assume it's a Caesar Cipher and try shifting.

When shifting the letters in a Caesar Cipher, we move each character a certain number of places down the alphabet. For a shift of 1, A would be replaced by B, B would become C, and so on. 

I'll try with 5 different shifts:

1) Shift of 1 -> suflhv
2) Shift of 2 -> tvgmiw
3) Shift of 3 -> uwhnjx
4) Shift of 4 -> vxiojyk
5 Shift of 5 -> wypkzil

None of these look like a real English word, let's continue decrypting with different shifts.

6) Shift of 6 -> xzqlajm
7) Shift of 7 -> yarmbkn
8) Shift of 8 -> zbsnclot.
9) Shift of 9 -> atcodmpu
10) Shiftof 10 -> budpneqv

Again none of the shifts looks like a real English word. Let's try with a shift in the opposite direction:

11) Shift of -1 -> qsfdft
12) Shift of -2 -> rpeces
13) Shift of -3 -> qodbdq
14) Shift of -4 -> pncacp
15) Shift of -5 -> mbzbbo

16) Shift of -6 -> layaan
17) Shift of -7 -> kzvzzm
18) Shift of -8 -> jyuylx
19) Shift of -9 -> ixtxkw
20) Shift of -10 -> hwsjv 

Again none of the shifts looks like a real English word. Let's try with a shift in the opposite direction:

21) Shift of -11 -> gvriv
22) Shift of -12 -> fuqhu 
23) Shift of -13 -> tpdgt
24) Shift of -14 -> scofs 
25) Shift of -15 -> rbnre

Decoding with a shift of -13 gives us 'tpdgt' which doesn't appear to be an English word. Hence, the text ""rtkegu"" is neither a direct anagram of an English word nor can be decoded into one using a Caesar cipher.",0,19,"Assuming it's an anagram:

1) Urgkte
2) Kuretg
3) Gturek
4) Tgerku
5) EURGTK

I couldn't find any English word, so let's assume it's a Caesar Cipher and try shifting.

When shifting the letters in a Caesar Cipher, we move each character a certain number of places down the alphabet. For a shift of 1, A would be replaced by B, B would become C, and so on. 

I'll try with 5 different shifts:

1) Shift of 1 -> suflhv
2) Shift of 2 -> tvgmiw
3) Shift of 3 -> uwhnjx
4) Shift of 4 -> vxiojyk
5 Shift of 5 -> wypkzil

None of these look like a real English word, let's continue decrypting with different shifts.

6) Shift of 6 -> xzqlajm
7) Shift of 7 -> yarmbkn
8) Shift of 8 -> zbsnclot.
9) Shift of 9 -> atcodmpu
10) Shiftof 10 -> budpneqv

Again none of the shifts looks like a real English word. Let's try with a shift in the opposite direction:

11) Shift of -1 -> qsfdft
12) Shift of -2 -> rpeces
13) Shift of -3 -> qodbdq
14) Shift of -4 -> pncacp
15) Shift of -5 -> mbzbbo

16) Shift of -6 -> l",1,1
rtkegu,prices,6,2,"Assuming it's an anagram:

1) Urgkte
2) Kuretg
3) Gturek
4) Tgerku
5) EURGTK

I couldn't find any English word, so let's assume it's a Caesar Cipher and try shifting.

When shifting the letters in a Caesar Cipher, we move each character a certain number of places down the alphabet. For a shift of 1, A would be replaced by B, B would become C, and so on. 

I'll try with 5 different shifts:

1) Shift of 1 -> suflhv
2) Shift of 2 -> tvgmiw
3) Shift of 3 -> uwhnjx
4) Shift of 4 -> vxiojyk
5 Shift of 5 -> wypkzil

None of these look like a real English word, let's continue decrypting with different shifts.

6) Shift of 6 -> xzqlajm
7) Shift of 7 -> yarmbkn
8) Shift of 8 -> zbsnclot.
9) Shift of 9 -> atcodmpu
10) Shiftof 10 -> budpneqv

Again none of the shifts looks like a real English word. Let's try with a shift in the opposite direction:

11) Shift of -1 -> qsfdft
12) Shift of -2 -> rpeces
13) Shift of -3 -> qodbdq
14) Shift of -4 -> pncacp
15) Shift of -5 -> mbzbbo

16) Shift of -6 -> layaan
17) Shift of -7 -> kzvzzm
18) Shift of -8 -> jyuylx
19) Shift of -9 -> ixtxkw
20) Shift of -10 -> hwsjv 

Again none of the shifts looks like a real English word. Let's try with a shift in the opposite direction:

21) Shift of -11 -> gvriv
22) Shift of -12 -> fuqhu 
23) Shift of -13 -> tpdgt
24) Shift of -14 -> scofs 
25) Shift of -15 -> rbnre

Decoding with a shift of -13 gives us 'tpdgt' which doesn't appear to be an English word. Hence, the text ""rtkegu"" is neither a direct anagram of an English word nor can be decoded into one using a Caesar cipher.",0,20,"Assuming it's an anagram:

1) Urgkte
2) Kuretg
3) Gturek
4) Tgerku
5) EURGTK

I couldn't find any English word, so let's assume it's a Caesar Cipher and try shifting.

When shifting the letters in a Caesar Cipher, we move each character a certain number of places down the alphabet. For a shift of 1, A would be replaced by B, B would become C, and so on. 

I'll try with 5 different shifts:

1) Shift of 1 -> suflhv
2) Shift of 2 -> tvgmiw
3) Shift of 3 -> uwhnjx
4) Shift of 4 -> vxiojyk
5 Shift of 5 -> wypkzil

None of these look like a real English word, let's continue decrypting with different shifts.

6) Shift of 6 -> xzqlajm
7) Shift of 7 -> yarmbkn
8) Shift of 8 -> zbsnclot.
9) Shift of 9 -> atcodmpu
10) Shiftof 10 -> budpneqv

Again none of the shifts looks like a real English word. Let's try with a shift in the opposite direction:

11) Shift of -1 -> qsfdft
12) Shift of -2 -> rpeces
13) Shift of -3 -> qodbdq
14) Shift of -4 -> pncacp
15) Shift of -5 -> mbzbbo

16) Shift of -6 -> layaan
17) Shift of -7 -> kzvzzm
18) Shift of -8 ->",1,1
rtkegu,prices,6,2,"Assuming it's an anagram:

1) Urgkte
2) Kuretg
3) Gturek
4) Tgerku
5) EURGTK

I couldn't find any English word, so let's assume it's a Caesar Cipher and try shifting.

When shifting the letters in a Caesar Cipher, we move each character a certain number of places down the alphabet. For a shift of 1, A would be replaced by B, B would become C, and so on. 

I'll try with 5 different shifts:

1) Shift of 1 -> suflhv
2) Shift of 2 -> tvgmiw
3) Shift of 3 -> uwhnjx
4) Shift of 4 -> vxiojyk
5 Shift of 5 -> wypkzil

None of these look like a real English word, let's continue decrypting with different shifts.

6) Shift of 6 -> xzqlajm
7) Shift of 7 -> yarmbkn
8) Shift of 8 -> zbsnclot.
9) Shift of 9 -> atcodmpu
10) Shiftof 10 -> budpneqv

Again none of the shifts looks like a real English word. Let's try with a shift in the opposite direction:

11) Shift of -1 -> qsfdft
12) Shift of -2 -> rpeces
13) Shift of -3 -> qodbdq
14) Shift of -4 -> pncacp
15) Shift of -5 -> mbzbbo

16) Shift of -6 -> layaan
17) Shift of -7 -> kzvzzm
18) Shift of -8 -> jyuylx
19) Shift of -9 -> ixtxkw
20) Shift of -10 -> hwsjv 

Again none of the shifts looks like a real English word. Let's try with a shift in the opposite direction:

21) Shift of -11 -> gvriv
22) Shift of -12 -> fuqhu 
23) Shift of -13 -> tpdgt
24) Shift of -14 -> scofs 
25) Shift of -15 -> rbnre

Decoding with a shift of -13 gives us 'tpdgt' which doesn't appear to be an English word. Hence, the text ""rtkegu"" is neither a direct anagram of an English word nor can be decoded into one using a Caesar cipher.",0,21,"Assuming it's an anagram:

1) Urgkte
2) Kuretg
3) Gturek
4) Tgerku
5) EURGTK

I couldn't find any English word, so let's assume it's a Caesar Cipher and try shifting.

When shifting the letters in a Caesar Cipher, we move each character a certain number of places down the alphabet. For a shift of 1, A would be replaced by B, B would become C, and so on. 

I'll try with 5 different shifts:

1) Shift of 1 -> suflhv
2) Shift of 2 -> tvgmiw
3) Shift of 3 -> uwhnjx
4) Shift of 4 -> vxiojyk
5 Shift of 5 -> wypkzil

None of these look like a real English word, let's continue decrypting with different shifts.

6) Shift of 6 -> xzqlajm
7) Shift of 7 -> yarmbkn
8) Shift of 8 -> zbsnclot.
9) Shift of 9 -> atcodmpu
10) Shiftof 10 -> budpneqv

Again none of the shifts looks like a real English word. Let's try with a shift in the opposite direction:

11) Shift of -1 -> qsfdft
12) Shift of -2 -> rpeces
13) Shift of -3 -> qodbdq
14) Shift of -4 -> pncacp
15) Shift of -5 -> mbzbbo

16) Shift of -6 -> layaan
17) Shift of -7 -> kzvzzm
18) Shift of -8 -> jyuylx
19) Shift of -9 -> ixtxkw
20) Shift of -10",1,1
rtkegu,prices,6,2,"Assuming it's an anagram:

1) Urgkte
2) Kuretg
3) Gturek
4) Tgerku
5) EURGTK

I couldn't find any English word, so let's assume it's a Caesar Cipher and try shifting.

When shifting the letters in a Caesar Cipher, we move each character a certain number of places down the alphabet. For a shift of 1, A would be replaced by B, B would become C, and so on. 

I'll try with 5 different shifts:

1) Shift of 1 -> suflhv
2) Shift of 2 -> tvgmiw
3) Shift of 3 -> uwhnjx
4) Shift of 4 -> vxiojyk
5 Shift of 5 -> wypkzil

None of these look like a real English word, let's continue decrypting with different shifts.

6) Shift of 6 -> xzqlajm
7) Shift of 7 -> yarmbkn
8) Shift of 8 -> zbsnclot.
9) Shift of 9 -> atcodmpu
10) Shiftof 10 -> budpneqv

Again none of the shifts looks like a real English word. Let's try with a shift in the opposite direction:

11) Shift of -1 -> qsfdft
12) Shift of -2 -> rpeces
13) Shift of -3 -> qodbdq
14) Shift of -4 -> pncacp
15) Shift of -5 -> mbzbbo

16) Shift of -6 -> layaan
17) Shift of -7 -> kzvzzm
18) Shift of -8 -> jyuylx
19) Shift of -9 -> ixtxkw
20) Shift of -10 -> hwsjv 

Again none of the shifts looks like a real English word. Let's try with a shift in the opposite direction:

21) Shift of -11 -> gvriv
22) Shift of -12 -> fuqhu 
23) Shift of -13 -> tpdgt
24) Shift of -14 -> scofs 
25) Shift of -15 -> rbnre

Decoding with a shift of -13 gives us 'tpdgt' which doesn't appear to be an English word. Hence, the text ""rtkegu"" is neither a direct anagram of an English word nor can be decoded into one using a Caesar cipher.",0,22,"Assuming it's an anagram:

1) Urgkte
2) Kuretg
3) Gturek
4) Tgerku
5) EURGTK

I couldn't find any English word, so let's assume it's a Caesar Cipher and try shifting.

When shifting the letters in a Caesar Cipher, we move each character a certain number of places down the alphabet. For a shift of 1, A would be replaced by B, B would become C, and so on. 

I'll try with 5 different shifts:

1) Shift of 1 -> suflhv
2) Shift of 2 -> tvgmiw
3) Shift of 3 -> uwhnjx
4) Shift of 4 -> vxiojyk
5 Shift of 5 -> wypkzil

None of these look like a real English word, let's continue decrypting with different shifts.

6) Shift of 6 -> xzqlajm
7) Shift of 7 -> yarmbkn
8) Shift of 8 -> zbsnclot.
9) Shift of 9 -> atcodmpu
10) Shiftof 10 -> budpneqv

Again none of the shifts looks like a real English word. Let's try with a shift in the opposite direction:

11) Shift of -1 -> qsfdft
12) Shift of -2 -> rpeces
13) Shift of -3 -> qodbdq
14) Shift of -4 -> pncacp
15) Shift of -5 -> mbzbbo

16) Shift of -6 -> layaan
17) Shift of -7 -> kzvzzm
18) Shift of -8 -> jyuylx
19) Shift of -9 -> ixtxkw
20) Shift of -10 -> hwsjv 

Again none of the shifts looks like a ",1,1
rtkegu,prices,6,2,"Assuming it's an anagram:

1) Urgkte
2) Kuretg
3) Gturek
4) Tgerku
5) EURGTK

I couldn't find any English word, so let's assume it's a Caesar Cipher and try shifting.

When shifting the letters in a Caesar Cipher, we move each character a certain number of places down the alphabet. For a shift of 1, A would be replaced by B, B would become C, and so on. 

I'll try with 5 different shifts:

1) Shift of 1 -> suflhv
2) Shift of 2 -> tvgmiw
3) Shift of 3 -> uwhnjx
4) Shift of 4 -> vxiojyk
5 Shift of 5 -> wypkzil

None of these look like a real English word, let's continue decrypting with different shifts.

6) Shift of 6 -> xzqlajm
7) Shift of 7 -> yarmbkn
8) Shift of 8 -> zbsnclot.
9) Shift of 9 -> atcodmpu
10) Shiftof 10 -> budpneqv

Again none of the shifts looks like a real English word. Let's try with a shift in the opposite direction:

11) Shift of -1 -> qsfdft
12) Shift of -2 -> rpeces
13) Shift of -3 -> qodbdq
14) Shift of -4 -> pncacp
15) Shift of -5 -> mbzbbo

16) Shift of -6 -> layaan
17) Shift of -7 -> kzvzzm
18) Shift of -8 -> jyuylx
19) Shift of -9 -> ixtxkw
20) Shift of -10 -> hwsjv 

Again none of the shifts looks like a real English word. Let's try with a shift in the opposite direction:

21) Shift of -11 -> gvriv
22) Shift of -12 -> fuqhu 
23) Shift of -13 -> tpdgt
24) Shift of -14 -> scofs 
25) Shift of -15 -> rbnre

Decoding with a shift of -13 gives us 'tpdgt' which doesn't appear to be an English word. Hence, the text ""rtkegu"" is neither a direct anagram of an English word nor can be decoded into one using a Caesar cipher.",0,23,"Assuming it's an anagram:

1) Urgkte
2) Kuretg
3) Gturek
4) Tgerku
5) EURGTK

I couldn't find any English word, so let's assume it's a Caesar Cipher and try shifting.

When shifting the letters in a Caesar Cipher, we move each character a certain number of places down the alphabet. For a shift of 1, A would be replaced by B, B would become C, and so on. 

I'll try with 5 different shifts:

1) Shift of 1 -> suflhv
2) Shift of 2 -> tvgmiw
3) Shift of 3 -> uwhnjx
4) Shift of 4 -> vxiojyk
5 Shift of 5 -> wypkzil

None of these look like a real English word, let's continue decrypting with different shifts.

6) Shift of 6 -> xzqlajm
7) Shift of 7 -> yarmbkn
8) Shift of 8 -> zbsnclot.
9) Shift of 9 -> atcodmpu
10) Shiftof 10 -> budpneqv

Again none of the shifts looks like a real English word. Let's try with a shift in the opposite direction:

11) Shift of -1 -> qsfdft
12) Shift of -2 -> rpeces
13) Shift of -3 -> qodbdq
14) Shift of -4 -> pncacp
15) Shift of -5 -> mbzbbo

16) Shift of -6 -> layaan
17) Shift of -7 -> kzvzzm
18) Shift of -8 -> jyuylx
19) Shift of -9 -> ixtxkw
20) Shift of -10 -> hwsjv 

Again none of the shifts looks like a real English word. Let's try with a shift in the o",1,1
rtkegu,prices,6,2,"Assuming it's an anagram:

1) Urgkte
2) Kuretg
3) Gturek
4) Tgerku
5) EURGTK

I couldn't find any English word, so let's assume it's a Caesar Cipher and try shifting.

When shifting the letters in a Caesar Cipher, we move each character a certain number of places down the alphabet. For a shift of 1, A would be replaced by B, B would become C, and so on. 

I'll try with 5 different shifts:

1) Shift of 1 -> suflhv
2) Shift of 2 -> tvgmiw
3) Shift of 3 -> uwhnjx
4) Shift of 4 -> vxiojyk
5 Shift of 5 -> wypkzil

None of these look like a real English word, let's continue decrypting with different shifts.

6) Shift of 6 -> xzqlajm
7) Shift of 7 -> yarmbkn
8) Shift of 8 -> zbsnclot.
9) Shift of 9 -> atcodmpu
10) Shiftof 10 -> budpneqv

Again none of the shifts looks like a real English word. Let's try with a shift in the opposite direction:

11) Shift of -1 -> qsfdft
12) Shift of -2 -> rpeces
13) Shift of -3 -> qodbdq
14) Shift of -4 -> pncacp
15) Shift of -5 -> mbzbbo

16) Shift of -6 -> layaan
17) Shift of -7 -> kzvzzm
18) Shift of -8 -> jyuylx
19) Shift of -9 -> ixtxkw
20) Shift of -10 -> hwsjv 

Again none of the shifts looks like a real English word. Let's try with a shift in the opposite direction:

21) Shift of -11 -> gvriv
22) Shift of -12 -> fuqhu 
23) Shift of -13 -> tpdgt
24) Shift of -14 -> scofs 
25) Shift of -15 -> rbnre

Decoding with a shift of -13 gives us 'tpdgt' which doesn't appear to be an English word. Hence, the text ""rtkegu"" is neither a direct anagram of an English word nor can be decoded into one using a Caesar cipher.",0,24,"Assuming it's an anagram:

1) Urgkte
2) Kuretg
3) Gturek
4) Tgerku
5) EURGTK

I couldn't find any English word, so let's assume it's a Caesar Cipher and try shifting.

When shifting the letters in a Caesar Cipher, we move each character a certain number of places down the alphabet. For a shift of 1, A would be replaced by B, B would become C, and so on. 

I'll try with 5 different shifts:

1) Shift of 1 -> suflhv
2) Shift of 2 -> tvgmiw
3) Shift of 3 -> uwhnjx
4) Shift of 4 -> vxiojyk
5 Shift of 5 -> wypkzil

None of these look like a real English word, let's continue decrypting with different shifts.

6) Shift of 6 -> xzqlajm
7) Shift of 7 -> yarmbkn
8) Shift of 8 -> zbsnclot.
9) Shift of 9 -> atcodmpu
10) Shiftof 10 -> budpneqv

Again none of the shifts looks like a real English word. Let's try with a shift in the opposite direction:

11) Shift of -1 -> qsfdft
12) Shift of -2 -> rpeces
13) Shift of -3 -> qodbdq
14) Shift of -4 -> pncacp
15) Shift of -5 -> mbzbbo

16) Shift of -6 -> layaan
17) Shift of -7 -> kzvzzm
18) Shift of -8 -> jyuylx
19) Shift of -9 -> ixtxkw
20) Shift of -10 -> hwsjv 

Again none of the shifts looks like a real English word. Let's try with a shift in the opposite direction:

21) Shift of -11 -> gvriv
22) ",1,1
rtkegu,prices,6,2,"Assuming it's an anagram:

1) Urgkte
2) Kuretg
3) Gturek
4) Tgerku
5) EURGTK

I couldn't find any English word, so let's assume it's a Caesar Cipher and try shifting.

When shifting the letters in a Caesar Cipher, we move each character a certain number of places down the alphabet. For a shift of 1, A would be replaced by B, B would become C, and so on. 

I'll try with 5 different shifts:

1) Shift of 1 -> suflhv
2) Shift of 2 -> tvgmiw
3) Shift of 3 -> uwhnjx
4) Shift of 4 -> vxiojyk
5 Shift of 5 -> wypkzil

None of these look like a real English word, let's continue decrypting with different shifts.

6) Shift of 6 -> xzqlajm
7) Shift of 7 -> yarmbkn
8) Shift of 8 -> zbsnclot.
9) Shift of 9 -> atcodmpu
10) Shiftof 10 -> budpneqv

Again none of the shifts looks like a real English word. Let's try with a shift in the opposite direction:

11) Shift of -1 -> qsfdft
12) Shift of -2 -> rpeces
13) Shift of -3 -> qodbdq
14) Shift of -4 -> pncacp
15) Shift of -5 -> mbzbbo

16) Shift of -6 -> layaan
17) Shift of -7 -> kzvzzm
18) Shift of -8 -> jyuylx
19) Shift of -9 -> ixtxkw
20) Shift of -10 -> hwsjv 

Again none of the shifts looks like a real English word. Let's try with a shift in the opposite direction:

21) Shift of -11 -> gvriv
22) Shift of -12 -> fuqhu 
23) Shift of -13 -> tpdgt
24) Shift of -14 -> scofs 
25) Shift of -15 -> rbnre

Decoding with a shift of -13 gives us 'tpdgt' which doesn't appear to be an English word. Hence, the text ""rtkegu"" is neither a direct anagram of an English word nor can be decoded into one using a Caesar cipher.",0,25,"Assuming it's an anagram:

1) Urgkte
2) Kuretg
3) Gturek
4) Tgerku
5) EURGTK

I couldn't find any English word, so let's assume it's a Caesar Cipher and try shifting.

When shifting the letters in a Caesar Cipher, we move each character a certain number of places down the alphabet. For a shift of 1, A would be replaced by B, B would become C, and so on. 

I'll try with 5 different shifts:

1) Shift of 1 -> suflhv
2) Shift of 2 -> tvgmiw
3) Shift of 3 -> uwhnjx
4) Shift of 4 -> vxiojyk
5 Shift of 5 -> wypkzil

None of these look like a real English word, let's continue decrypting with different shifts.

6) Shift of 6 -> xzqlajm
7) Shift of 7 -> yarmbkn
8) Shift of 8 -> zbsnclot.
9) Shift of 9 -> atcodmpu
10) Shiftof 10 -> budpneqv

Again none of the shifts looks like a real English word. Let's try with a shift in the opposite direction:

11) Shift of -1 -> qsfdft
12) Shift of -2 -> rpeces
13) Shift of -3 -> qodbdq
14) Shift of -4 -> pncacp
15) Shift of -5 -> mbzbbo

16) Shift of -6 -> layaan
17) Shift of -7 -> kzvzzm
18) Shift of -8 -> jyuylx
19) Shift of -9 -> ixtxkw
20) Shift of -10 -> hwsjv 

Again none of the shifts looks like a real English word. Let's try with a shift in the opposite direction:

21) Shift of -11 -> gvriv
22) Shift of -12 -> fuqhu 
23) Shift of -13 -> tpdgt
2",1,1
rtkegu,prices,6,2,"Assuming it's an anagram:

1) Urgkte
2) Kuretg
3) Gturek
4) Tgerku
5) EURGTK

I couldn't find any English word, so let's assume it's a Caesar Cipher and try shifting.

When shifting the letters in a Caesar Cipher, we move each character a certain number of places down the alphabet. For a shift of 1, A would be replaced by B, B would become C, and so on. 

I'll try with 5 different shifts:

1) Shift of 1 -> suflhv
2) Shift of 2 -> tvgmiw
3) Shift of 3 -> uwhnjx
4) Shift of 4 -> vxiojyk
5 Shift of 5 -> wypkzil

None of these look like a real English word, let's continue decrypting with different shifts.

6) Shift of 6 -> xzqlajm
7) Shift of 7 -> yarmbkn
8) Shift of 8 -> zbsnclot.
9) Shift of 9 -> atcodmpu
10) Shiftof 10 -> budpneqv

Again none of the shifts looks like a real English word. Let's try with a shift in the opposite direction:

11) Shift of -1 -> qsfdft
12) Shift of -2 -> rpeces
13) Shift of -3 -> qodbdq
14) Shift of -4 -> pncacp
15) Shift of -5 -> mbzbbo

16) Shift of -6 -> layaan
17) Shift of -7 -> kzvzzm
18) Shift of -8 -> jyuylx
19) Shift of -9 -> ixtxkw
20) Shift of -10 -> hwsjv 

Again none of the shifts looks like a real English word. Let's try with a shift in the opposite direction:

21) Shift of -11 -> gvriv
22) Shift of -12 -> fuqhu 
23) Shift of -13 -> tpdgt
24) Shift of -14 -> scofs 
25) Shift of -15 -> rbnre

Decoding with a shift of -13 gives us 'tpdgt' which doesn't appear to be an English word. Hence, the text ""rtkegu"" is neither a direct anagram of an English word nor can be decoded into one using a Caesar cipher.",0,26,"Assuming it's an anagram:

1) Urgkte
2) Kuretg
3) Gturek
4) Tgerku
5) EURGTK

I couldn't find any English word, so let's assume it's a Caesar Cipher and try shifting.

When shifting the letters in a Caesar Cipher, we move each character a certain number of places down the alphabet. For a shift of 1, A would be replaced by B, B would become C, and so on. 

I'll try with 5 different shifts:

1) Shift of 1 -> suflhv
2) Shift of 2 -> tvgmiw
3) Shift of 3 -> uwhnjx
4) Shift of 4 -> vxiojyk
5 Shift of 5 -> wypkzil

None of these look like a real English word, let's continue decrypting with different shifts.

6) Shift of 6 -> xzqlajm
7) Shift of 7 -> yarmbkn
8) Shift of 8 -> zbsnclot.
9) Shift of 9 -> atcodmpu
10) Shiftof 10 -> budpneqv

Again none of the shifts looks like a real English word. Let's try with a shift in the opposite direction:

11) Shift of -1 -> qsfdft
12) Shift of -2 -> rpeces
13) Shift of -3 -> qodbdq
14) Shift of -4 -> pncacp
15) Shift of -5 -> mbzbbo

16) Shift of -6 -> layaan
17) Shift of -7 -> kzvzzm
18) Shift of -8 -> jyuylx
19) Shift of -9 -> ixtxkw
20) Shift of -10 -> hwsjv 

Again none of the shifts looks like a real English word. Let's try with a shift in the opposite direction:

21) Shift of -11 -> gvriv
22) Shift of -12 -> fuqhu 
23) Shift of -13 -> tpdgt
24) Shift of -14 -> scofs 
25) Shift of -15 -> rbnr",1,1
rtkegu,prices,6,2,"Assuming it's an anagram:

1) Urgkte
2) Kuretg
3) Gturek
4) Tgerku
5) EURGTK

I couldn't find any English word, so let's assume it's a Caesar Cipher and try shifting.

When shifting the letters in a Caesar Cipher, we move each character a certain number of places down the alphabet. For a shift of 1, A would be replaced by B, B would become C, and so on. 

I'll try with 5 different shifts:

1) Shift of 1 -> suflhv
2) Shift of 2 -> tvgmiw
3) Shift of 3 -> uwhnjx
4) Shift of 4 -> vxiojyk
5 Shift of 5 -> wypkzil

None of these look like a real English word, let's continue decrypting with different shifts.

6) Shift of 6 -> xzqlajm
7) Shift of 7 -> yarmbkn
8) Shift of 8 -> zbsnclot.
9) Shift of 9 -> atcodmpu
10) Shiftof 10 -> budpneqv

Again none of the shifts looks like a real English word. Let's try with a shift in the opposite direction:

11) Shift of -1 -> qsfdft
12) Shift of -2 -> rpeces
13) Shift of -3 -> qodbdq
14) Shift of -4 -> pncacp
15) Shift of -5 -> mbzbbo

16) Shift of -6 -> layaan
17) Shift of -7 -> kzvzzm
18) Shift of -8 -> jyuylx
19) Shift of -9 -> ixtxkw
20) Shift of -10 -> hwsjv 

Again none of the shifts looks like a real English word. Let's try with a shift in the opposite direction:

21) Shift of -11 -> gvriv
22) Shift of -12 -> fuqhu 
23) Shift of -13 -> tpdgt
24) Shift of -14 -> scofs 
25) Shift of -15 -> rbnre

Decoding with a shift of -13 gives us 'tpdgt' which doesn't appear to be an English word. Hence, the text ""rtkegu"" is neither a direct anagram of an English word nor can be decoded into one using a Caesar cipher.",0,27,"Assuming it's an anagram:

1) Urgkte
2) Kuretg
3) Gturek
4) Tgerku
5) EURGTK

I couldn't find any English word, so let's assume it's a Caesar Cipher and try shifting.

When shifting the letters in a Caesar Cipher, we move each character a certain number of places down the alphabet. For a shift of 1, A would be replaced by B, B would become C, and so on. 

I'll try with 5 different shifts:

1) Shift of 1 -> suflhv
2) Shift of 2 -> tvgmiw
3) Shift of 3 -> uwhnjx
4) Shift of 4 -> vxiojyk
5 Shift of 5 -> wypkzil

None of these look like a real English word, let's continue decrypting with different shifts.

6) Shift of 6 -> xzqlajm
7) Shift of 7 -> yarmbkn
8) Shift of 8 -> zbsnclot.
9) Shift of 9 -> atcodmpu
10) Shiftof 10 -> budpneqv

Again none of the shifts looks like a real English word. Let's try with a shift in the opposite direction:

11) Shift of -1 -> qsfdft
12) Shift of -2 -> rpeces
13) Shift of -3 -> qodbdq
14) Shift of -4 -> pncacp
15) Shift of -5 -> mbzbbo

16) Shift of -6 -> layaan
17) Shift of -7 -> kzvzzm
18) Shift of -8 -> jyuylx
19) Shift of -9 -> ixtxkw
20) Shift of -10 -> hwsjv 

Again none of the shifts looks like a real English word. Let's try with a shift in the opposite direction:

21) Shift of -11 -> gvriv
22) Shift of -12 -> fuqhu 
23) Shift of -13 -> tpdgt
24) Shift of -14 -> scofs 
25) Shift of -15 -> rbnre

Decoding with a shift of -13 gives us 'tpdgt' w",1,1
rtkegu,prices,6,2,"Assuming it's an anagram:

1) Urgkte
2) Kuretg
3) Gturek
4) Tgerku
5) EURGTK

I couldn't find any English word, so let's assume it's a Caesar Cipher and try shifting.

When shifting the letters in a Caesar Cipher, we move each character a certain number of places down the alphabet. For a shift of 1, A would be replaced by B, B would become C, and so on. 

I'll try with 5 different shifts:

1) Shift of 1 -> suflhv
2) Shift of 2 -> tvgmiw
3) Shift of 3 -> uwhnjx
4) Shift of 4 -> vxiojyk
5 Shift of 5 -> wypkzil

None of these look like a real English word, let's continue decrypting with different shifts.

6) Shift of 6 -> xzqlajm
7) Shift of 7 -> yarmbkn
8) Shift of 8 -> zbsnclot.
9) Shift of 9 -> atcodmpu
10) Shiftof 10 -> budpneqv

Again none of the shifts looks like a real English word. Let's try with a shift in the opposite direction:

11) Shift of -1 -> qsfdft
12) Shift of -2 -> rpeces
13) Shift of -3 -> qodbdq
14) Shift of -4 -> pncacp
15) Shift of -5 -> mbzbbo

16) Shift of -6 -> layaan
17) Shift of -7 -> kzvzzm
18) Shift of -8 -> jyuylx
19) Shift of -9 -> ixtxkw
20) Shift of -10 -> hwsjv 

Again none of the shifts looks like a real English word. Let's try with a shift in the opposite direction:

21) Shift of -11 -> gvriv
22) Shift of -12 -> fuqhu 
23) Shift of -13 -> tpdgt
24) Shift of -14 -> scofs 
25) Shift of -15 -> rbnre

Decoding with a shift of -13 gives us 'tpdgt' which doesn't appear to be an English word. Hence, the text ""rtkegu"" is neither a direct anagram of an English word nor can be decoded into one using a Caesar cipher.",0,28,"Assuming it's an anagram:

1) Urgkte
2) Kuretg
3) Gturek
4) Tgerku
5) EURGTK

I couldn't find any English word, so let's assume it's a Caesar Cipher and try shifting.

When shifting the letters in a Caesar Cipher, we move each character a certain number of places down the alphabet. For a shift of 1, A would be replaced by B, B would become C, and so on. 

I'll try with 5 different shifts:

1) Shift of 1 -> suflhv
2) Shift of 2 -> tvgmiw
3) Shift of 3 -> uwhnjx
4) Shift of 4 -> vxiojyk
5 Shift of 5 -> wypkzil

None of these look like a real English word, let's continue decrypting with different shifts.

6) Shift of 6 -> xzqlajm
7) Shift of 7 -> yarmbkn
8) Shift of 8 -> zbsnclot.
9) Shift of 9 -> atcodmpu
10) Shiftof 10 -> budpneqv

Again none of the shifts looks like a real English word. Let's try with a shift in the opposite direction:

11) Shift of -1 -> qsfdft
12) Shift of -2 -> rpeces
13) Shift of -3 -> qodbdq
14) Shift of -4 -> pncacp
15) Shift of -5 -> mbzbbo

16) Shift of -6 -> layaan
17) Shift of -7 -> kzvzzm
18) Shift of -8 -> jyuylx
19) Shift of -9 -> ixtxkw
20) Shift of -10 -> hwsjv 

Again none of the shifts looks like a real English word. Let's try with a shift in the opposite direction:

21) Shift of -11 -> gvriv
22) Shift of -12 -> fuqhu 
23) Shift of -13 -> tpdgt
24) Shift of -14 -> scofs 
25) Shift of -15 -> rbnre

Decoding with a shift of -13 gives us 'tpdgt' which doesn't appear to be an English word. Hence, ",1,1
rtkegu,prices,6,2,"Assuming it's an anagram:

1) Urgkte
2) Kuretg
3) Gturek
4) Tgerku
5) EURGTK

I couldn't find any English word, so let's assume it's a Caesar Cipher and try shifting.

When shifting the letters in a Caesar Cipher, we move each character a certain number of places down the alphabet. For a shift of 1, A would be replaced by B, B would become C, and so on. 

I'll try with 5 different shifts:

1) Shift of 1 -> suflhv
2) Shift of 2 -> tvgmiw
3) Shift of 3 -> uwhnjx
4) Shift of 4 -> vxiojyk
5 Shift of 5 -> wypkzil

None of these look like a real English word, let's continue decrypting with different shifts.

6) Shift of 6 -> xzqlajm
7) Shift of 7 -> yarmbkn
8) Shift of 8 -> zbsnclot.
9) Shift of 9 -> atcodmpu
10) Shiftof 10 -> budpneqv

Again none of the shifts looks like a real English word. Let's try with a shift in the opposite direction:

11) Shift of -1 -> qsfdft
12) Shift of -2 -> rpeces
13) Shift of -3 -> qodbdq
14) Shift of -4 -> pncacp
15) Shift of -5 -> mbzbbo

16) Shift of -6 -> layaan
17) Shift of -7 -> kzvzzm
18) Shift of -8 -> jyuylx
19) Shift of -9 -> ixtxkw
20) Shift of -10 -> hwsjv 

Again none of the shifts looks like a real English word. Let's try with a shift in the opposite direction:

21) Shift of -11 -> gvriv
22) Shift of -12 -> fuqhu 
23) Shift of -13 -> tpdgt
24) Shift of -14 -> scofs 
25) Shift of -15 -> rbnre

Decoding with a shift of -13 gives us 'tpdgt' which doesn't appear to be an English word. Hence, the text ""rtkegu"" is neither a direct anagram of an English word nor can be decoded into one using a Caesar cipher.",0,29,"Assuming it's an anagram:

1) Urgkte
2) Kuretg
3) Gturek
4) Tgerku
5) EURGTK

I couldn't find any English word, so let's assume it's a Caesar Cipher and try shifting.

When shifting the letters in a Caesar Cipher, we move each character a certain number of places down the alphabet. For a shift of 1, A would be replaced by B, B would become C, and so on. 

I'll try with 5 different shifts:

1) Shift of 1 -> suflhv
2) Shift of 2 -> tvgmiw
3) Shift of 3 -> uwhnjx
4) Shift of 4 -> vxiojyk
5 Shift of 5 -> wypkzil

None of these look like a real English word, let's continue decrypting with different shifts.

6) Shift of 6 -> xzqlajm
7) Shift of 7 -> yarmbkn
8) Shift of 8 -> zbsnclot.
9) Shift of 9 -> atcodmpu
10) Shiftof 10 -> budpneqv

Again none of the shifts looks like a real English word. Let's try with a shift in the opposite direction:

11) Shift of -1 -> qsfdft
12) Shift of -2 -> rpeces
13) Shift of -3 -> qodbdq
14) Shift of -4 -> pncacp
15) Shift of -5 -> mbzbbo

16) Shift of -6 -> layaan
17) Shift of -7 -> kzvzzm
18) Shift of -8 -> jyuylx
19) Shift of -9 -> ixtxkw
20) Shift of -10 -> hwsjv 

Again none of the shifts looks like a real English word. Let's try with a shift in the opposite direction:

21) Shift of -11 -> gvriv
22) Shift of -12 -> fuqhu 
23) Shift of -13 -> tpdgt
24) Shift of -14 -> scofs 
25) Shift of -15 -> rbnre

Decoding with a shift of -13 gives us 'tpdgt' which doesn't appear to be an English word. Hence, the text ""rtkegu"" is neither a direct anagram of a",1,1
rtkegu,prices,6,2,"Assuming it's an anagram:

1) Urgkte
2) Kuretg
3) Gturek
4) Tgerku
5) EURGTK

I couldn't find any English word, so let's assume it's a Caesar Cipher and try shifting.

When shifting the letters in a Caesar Cipher, we move each character a certain number of places down the alphabet. For a shift of 1, A would be replaced by B, B would become C, and so on. 

I'll try with 5 different shifts:

1) Shift of 1 -> suflhv
2) Shift of 2 -> tvgmiw
3) Shift of 3 -> uwhnjx
4) Shift of 4 -> vxiojyk
5 Shift of 5 -> wypkzil

None of these look like a real English word, let's continue decrypting with different shifts.

6) Shift of 6 -> xzqlajm
7) Shift of 7 -> yarmbkn
8) Shift of 8 -> zbsnclot.
9) Shift of 9 -> atcodmpu
10) Shiftof 10 -> budpneqv

Again none of the shifts looks like a real English word. Let's try with a shift in the opposite direction:

11) Shift of -1 -> qsfdft
12) Shift of -2 -> rpeces
13) Shift of -3 -> qodbdq
14) Shift of -4 -> pncacp
15) Shift of -5 -> mbzbbo

16) Shift of -6 -> layaan
17) Shift of -7 -> kzvzzm
18) Shift of -8 -> jyuylx
19) Shift of -9 -> ixtxkw
20) Shift of -10 -> hwsjv 

Again none of the shifts looks like a real English word. Let's try with a shift in the opposite direction:

21) Shift of -11 -> gvriv
22) Shift of -12 -> fuqhu 
23) Shift of -13 -> tpdgt
24) Shift of -14 -> scofs 
25) Shift of -15 -> rbnre

Decoding with a shift of -13 gives us 'tpdgt' which doesn't appear to be an English word. Hence, the text ""rtkegu"" is neither a direct anagram of an English word nor can be decoded into one using a Caesar cipher.",0,30,"Assuming it's an anagram:

1) Urgkte
2) Kuretg
3) Gturek
4) Tgerku
5) EURGTK

I couldn't find any English word, so let's assume it's a Caesar Cipher and try shifting.

When shifting the letters in a Caesar Cipher, we move each character a certain number of places down the alphabet. For a shift of 1, A would be replaced by B, B would become C, and so on. 

I'll try with 5 different shifts:

1) Shift of 1 -> suflhv
2) Shift of 2 -> tvgmiw
3) Shift of 3 -> uwhnjx
4) Shift of 4 -> vxiojyk
5 Shift of 5 -> wypkzil

None of these look like a real English word, let's continue decrypting with different shifts.

6) Shift of 6 -> xzqlajm
7) Shift of 7 -> yarmbkn
8) Shift of 8 -> zbsnclot.
9) Shift of 9 -> atcodmpu
10) Shiftof 10 -> budpneqv

Again none of the shifts looks like a real English word. Let's try with a shift in the opposite direction:

11) Shift of -1 -> qsfdft
12) Shift of -2 -> rpeces
13) Shift of -3 -> qodbdq
14) Shift of -4 -> pncacp
15) Shift of -5 -> mbzbbo

16) Shift of -6 -> layaan
17) Shift of -7 -> kzvzzm
18) Shift of -8 -> jyuylx
19) Shift of -9 -> ixtxkw
20) Shift of -10 -> hwsjv 

Again none of the shifts looks like a real English word. Let's try with a shift in the opposite direction:

21) Shift of -11 -> gvriv
22) Shift of -12 -> fuqhu 
23) Shift of -13 -> tpdgt
24) Shift of -14 -> scofs 
25) Shift of -15 -> rbnre

Decoding with a shift of -13 gives us 'tpdgt' which doesn't appear to be an English word. Hence, the text ""rtkegu"" is neither a direct anagram of an English word nor can be decoded into one using a",1,1
rtkegu,prices,6,2,"Assuming it's an anagram:

1) Urgkte
2) Kuretg
3) Gturek
4) Tgerku
5) EURGTK

I couldn't find any English word, so let's assume it's a Caesar Cipher and try shifting.

When shifting the letters in a Caesar Cipher, we move each character a certain number of places down the alphabet. For a shift of 1, A would be replaced by B, B would become C, and so on. 

I'll try with 5 different shifts:

1) Shift of 1 -> suflhv
2) Shift of 2 -> tvgmiw
3) Shift of 3 -> uwhnjx
4) Shift of 4 -> vxiojyk
5 Shift of 5 -> wypkzil

None of these look like a real English word, let's continue decrypting with different shifts.

6) Shift of 6 -> xzqlajm
7) Shift of 7 -> yarmbkn
8) Shift of 8 -> zbsnclot.
9) Shift of 9 -> atcodmpu
10) Shiftof 10 -> budpneqv

Again none of the shifts looks like a real English word. Let's try with a shift in the opposite direction:

11) Shift of -1 -> qsfdft
12) Shift of -2 -> rpeces
13) Shift of -3 -> qodbdq
14) Shift of -4 -> pncacp
15) Shift of -5 -> mbzbbo

16) Shift of -6 -> layaan
17) Shift of -7 -> kzvzzm
18) Shift of -8 -> jyuylx
19) Shift of -9 -> ixtxkw
20) Shift of -10 -> hwsjv 

Again none of the shifts looks like a real English word. Let's try with a shift in the opposite direction:

21) Shift of -11 -> gvriv
22) Shift of -12 -> fuqhu 
23) Shift of -13 -> tpdgt
24) Shift of -14 -> scofs 
25) Shift of -15 -> rbnre

Decoding with a shift of -13 gives us 'tpdgt' which doesn't appear to be an English word. Hence, the text ""rtkegu"" is neither a direct anagram of an English word nor can be decoded into one using a Caesar cipher.",0,31,"Assuming it's an anagram:

1) Urgkte
2) Kuretg
3) Gturek
4) Tgerku
5) EURGTK

I couldn't find any English word, so let's assume it's a Caesar Cipher and try shifting.

When shifting the letters in a Caesar Cipher, we move each character a certain number of places down the alphabet. For a shift of 1, A would be replaced by B, B would become C, and so on. 

I'll try with 5 different shifts:

1) Shift of 1 -> suflhv
2) Shift of 2 -> tvgmiw
3) Shift of 3 -> uwhnjx
4) Shift of 4 -> vxiojyk
5 Shift of 5 -> wypkzil

None of these look like a real English word, let's continue decrypting with different shifts.

6) Shift of 6 -> xzqlajm
7) Shift of 7 -> yarmbkn
8) Shift of 8 -> zbsnclot.
9) Shift of 9 -> atcodmpu
10) Shiftof 10 -> budpneqv

Again none of the shifts looks like a real English word. Let's try with a shift in the opposite direction:

11) Shift of -1 -> qsfdft
12) Shift of -2 -> rpeces
13) Shift of -3 -> qodbdq
14) Shift of -4 -> pncacp
15) Shift of -5 -> mbzbbo

16) Shift of -6 -> layaan
17) Shift of -7 -> kzvzzm
18) Shift of -8 -> jyuylx
19) Shift of -9 -> ixtxkw
20) Shift of -10 -> hwsjv 

Again none of the shifts looks like a real English word. Let's try with a shift in the opposite direction:

21) Shift of -11 -> gvriv
22) Shift of -12 -> fuqhu 
23) Shift of -13 -> tpdgt
24) Shift of -14 -> scofs 
25) Shift of -15 -> rbnre

Decoding with a shift of -13 gives us 'tpdgt' which doesn't appear to be an English word. Hence, the text ""rtkegu"" is neither a direct anagram of an English word nor can be decoded into one using a Caesar cipher.",1,1
dedfxv,abacus,6,3,"The possible letter combinations to form English words from the given ciphertext ""dedfxv"" when treated as anagram would be:
1. ""vexed""
2. ""dexed""
3. ""devex""
4. ""exed""
5. ""dex""

Since none of the above words apart from 'vexed' make sense, we will treat the given ciphertext as a Caesar cipher and try to decrypt it.

Now, let's apply five different shifts of the Caesar cipher.

To decrypt, we could shift the letters 1 to 5 positions to the right in the alphabet.

Let's start with a shift of 1. The result would be:

1. dedfxv --> eccweu
2. dedfxv --> dbbevt
3. dedfxv --> caadus
4. dedfxv --> bzzctr
5. dedfxv --> ayybsq

After trying all these shifts, we still don't have a recognisable English word. We might need to keep trying with other shifts, but with no clear immediate result, it seems likely that the initial assumption was incorrect - this might not be a Caesar cipher.",0,0,The possible letter combinations to form English w,0,5
dedfxv,abacus,6,3,"The possible letter combinations to form English words from the given ciphertext ""dedfxv"" when treated as anagram would be:
1. ""vexed""
2. ""dexed""
3. ""devex""
4. ""exed""
5. ""dex""

Since none of the above words apart from 'vexed' make sense, we will treat the given ciphertext as a Caesar cipher and try to decrypt it.

Now, let's apply five different shifts of the Caesar cipher.

To decrypt, we could shift the letters 1 to 5 positions to the right in the alphabet.

Let's start with a shift of 1. The result would be:

1. dedfxv --> eccweu
2. dedfxv --> dbbevt
3. dedfxv --> caadus
4. dedfxv --> bzzctr
5. dedfxv --> ayybsq

After trying all these shifts, we still don't have a recognisable English word. We might need to keep trying with other shifts, but with no clear immediate result, it seems likely that the initial assumption was incorrect - this might not be a Caesar cipher.",0,1,"The possible letter combinations to form English words from the given ciphertext ""dedfxv"" when treat",0,5
dedfxv,abacus,6,3,"The possible letter combinations to form English words from the given ciphertext ""dedfxv"" when treated as anagram would be:
1. ""vexed""
2. ""dexed""
3. ""devex""
4. ""exed""
5. ""dex""

Since none of the above words apart from 'vexed' make sense, we will treat the given ciphertext as a Caesar cipher and try to decrypt it.

Now, let's apply five different shifts of the Caesar cipher.

To decrypt, we could shift the letters 1 to 5 positions to the right in the alphabet.

Let's start with a shift of 1. The result would be:

1. dedfxv --> eccweu
2. dedfxv --> dbbevt
3. dedfxv --> caadus
4. dedfxv --> bzzctr
5. dedfxv --> ayybsq

After trying all these shifts, we still don't have a recognisable English word. We might need to keep trying with other shifts, but with no clear immediate result, it seems likely that the initial assumption was incorrect - this might not be a Caesar cipher.",0,2,"The possible letter combinations to form English words from the given ciphertext ""dedfxv"" when treated as anagram would be:
1. ""vexed""
2. ""dexed""
3. """,0,5
dedfxv,abacus,6,3,"The possible letter combinations to form English words from the given ciphertext ""dedfxv"" when treated as anagram would be:
1. ""vexed""
2. ""dexed""
3. ""devex""
4. ""exed""
5. ""dex""

Since none of the above words apart from 'vexed' make sense, we will treat the given ciphertext as a Caesar cipher and try to decrypt it.

Now, let's apply five different shifts of the Caesar cipher.

To decrypt, we could shift the letters 1 to 5 positions to the right in the alphabet.

Let's start with a shift of 1. The result would be:

1. dedfxv --> eccweu
2. dedfxv --> dbbevt
3. dedfxv --> caadus
4. dedfxv --> bzzctr
5. dedfxv --> ayybsq

After trying all these shifts, we still don't have a recognisable English word. We might need to keep trying with other shifts, but with no clear immediate result, it seems likely that the initial assumption was incorrect - this might not be a Caesar cipher.",0,3,"The possible letter combinations to form English words from the given ciphertext ""dedfxv"" when treated as anagram would be:
1. ""vexed""
2. ""dexed""
3. ""devex""
4. ""exed""
5. ""dex""

Since none of the above",0,5
dedfxv,abacus,6,3,"The possible letter combinations to form English words from the given ciphertext ""dedfxv"" when treated as anagram would be:
1. ""vexed""
2. ""dexed""
3. ""devex""
4. ""exed""
5. ""dex""

Since none of the above words apart from 'vexed' make sense, we will treat the given ciphertext as a Caesar cipher and try to decrypt it.

Now, let's apply five different shifts of the Caesar cipher.

To decrypt, we could shift the letters 1 to 5 positions to the right in the alphabet.

Let's start with a shift of 1. The result would be:

1. dedfxv --> eccweu
2. dedfxv --> dbbevt
3. dedfxv --> caadus
4. dedfxv --> bzzctr
5. dedfxv --> ayybsq

After trying all these shifts, we still don't have a recognisable English word. We might need to keep trying with other shifts, but with no clear immediate result, it seems likely that the initial assumption was incorrect - this might not be a Caesar cipher.",0,4,"The possible letter combinations to form English words from the given ciphertext ""dedfxv"" when treated as anagram would be:
1. ""vexed""
2. ""dexed""
3. ""devex""
4. ""exed""
5. ""dex""

Since none of the above words apart from 'vexed' make sense, we will trea",0,5
dedfxv,abacus,6,3,"The possible letter combinations to form English words from the given ciphertext ""dedfxv"" when treated as anagram would be:
1. ""vexed""
2. ""dexed""
3. ""devex""
4. ""exed""
5. ""dex""

Since none of the above words apart from 'vexed' make sense, we will treat the given ciphertext as a Caesar cipher and try to decrypt it.

Now, let's apply five different shifts of the Caesar cipher.

To decrypt, we could shift the letters 1 to 5 positions to the right in the alphabet.

Let's start with a shift of 1. The result would be:

1. dedfxv --> eccweu
2. dedfxv --> dbbevt
3. dedfxv --> caadus
4. dedfxv --> bzzctr
5. dedfxv --> ayybsq

After trying all these shifts, we still don't have a recognisable English word. We might need to keep trying with other shifts, but with no clear immediate result, it seems likely that the initial assumption was incorrect - this might not be a Caesar cipher.",0,5,"The possible letter combinations to form English words from the given ciphertext ""dedfxv"" when treated as anagram would be:
1. ""vexed""
2. ""dexed""
3. ""devex""
4. ""exed""
5. ""dex""

Since none of the above words apart from 'vexed' make sense, we will treat the given ciphertext as a Caesar cipher and try ",1,5
dedfxv,abacus,6,3,"The possible letter combinations to form English words from the given ciphertext ""dedfxv"" when treated as anagram would be:
1. ""vexed""
2. ""dexed""
3. ""devex""
4. ""exed""
5. ""dex""

Since none of the above words apart from 'vexed' make sense, we will treat the given ciphertext as a Caesar cipher and try to decrypt it.

Now, let's apply five different shifts of the Caesar cipher.

To decrypt, we could shift the letters 1 to 5 positions to the right in the alphabet.

Let's start with a shift of 1. The result would be:

1. dedfxv --> eccweu
2. dedfxv --> dbbevt
3. dedfxv --> caadus
4. dedfxv --> bzzctr
5. dedfxv --> ayybsq

After trying all these shifts, we still don't have a recognisable English word. We might need to keep trying with other shifts, but with no clear immediate result, it seems likely that the initial assumption was incorrect - this might not be a Caesar cipher.",0,6,"The possible letter combinations to form English words from the given ciphertext ""dedfxv"" when treated as anagram would be:
1. ""vexed""
2. ""dexed""
3. ""devex""
4. ""exed""
5. ""dex""

Since none of the above words apart from 'vexed' make sense, we will treat the given ciphertext as a Caesar cipher and try to decrypt it.

Now, let's apply five different sh",1,5
dedfxv,abacus,6,3,"The possible letter combinations to form English words from the given ciphertext ""dedfxv"" when treated as anagram would be:
1. ""vexed""
2. ""dexed""
3. ""devex""
4. ""exed""
5. ""dex""

Since none of the above words apart from 'vexed' make sense, we will treat the given ciphertext as a Caesar cipher and try to decrypt it.

Now, let's apply five different shifts of the Caesar cipher.

To decrypt, we could shift the letters 1 to 5 positions to the right in the alphabet.

Let's start with a shift of 1. The result would be:

1. dedfxv --> eccweu
2. dedfxv --> dbbevt
3. dedfxv --> caadus
4. dedfxv --> bzzctr
5. dedfxv --> ayybsq

After trying all these shifts, we still don't have a recognisable English word. We might need to keep trying with other shifts, but with no clear immediate result, it seems likely that the initial assumption was incorrect - this might not be a Caesar cipher.",0,7,"The possible letter combinations to form English words from the given ciphertext ""dedfxv"" when treated as anagram would be:
1. ""vexed""
2. ""dexed""
3. ""devex""
4. ""exed""
5. ""dex""

Since none of the above words apart from 'vexed' make sense, we will treat the given ciphertext as a Caesar cipher and try to decrypt it.

Now, let's apply five different shifts of the Caesar cipher.

To decrypt, we could s",1,5
dedfxv,abacus,6,3,"The possible letter combinations to form English words from the given ciphertext ""dedfxv"" when treated as anagram would be:
1. ""vexed""
2. ""dexed""
3. ""devex""
4. ""exed""
5. ""dex""

Since none of the above words apart from 'vexed' make sense, we will treat the given ciphertext as a Caesar cipher and try to decrypt it.

Now, let's apply five different shifts of the Caesar cipher.

To decrypt, we could shift the letters 1 to 5 positions to the right in the alphabet.

Let's start with a shift of 1. The result would be:

1. dedfxv --> eccweu
2. dedfxv --> dbbevt
3. dedfxv --> caadus
4. dedfxv --> bzzctr
5. dedfxv --> ayybsq

After trying all these shifts, we still don't have a recognisable English word. We might need to keep trying with other shifts, but with no clear immediate result, it seems likely that the initial assumption was incorrect - this might not be a Caesar cipher.",0,8,"The possible letter combinations to form English words from the given ciphertext ""dedfxv"" when treated as anagram would be:
1. ""vexed""
2. ""dexed""
3. ""devex""
4. ""exed""
5. ""dex""

Since none of the above words apart from 'vexed' make sense, we will treat the given ciphertext as a Caesar cipher and try to decrypt it.

Now, let's apply five different shifts of the Caesar cipher.

To decrypt, we could shift the letters 1 to 5 positions to the right in ",1,5
dedfxv,abacus,6,3,"The possible letter combinations to form English words from the given ciphertext ""dedfxv"" when treated as anagram would be:
1. ""vexed""
2. ""dexed""
3. ""devex""
4. ""exed""
5. ""dex""

Since none of the above words apart from 'vexed' make sense, we will treat the given ciphertext as a Caesar cipher and try to decrypt it.

Now, let's apply five different shifts of the Caesar cipher.

To decrypt, we could shift the letters 1 to 5 positions to the right in the alphabet.

Let's start with a shift of 1. The result would be:

1. dedfxv --> eccweu
2. dedfxv --> dbbevt
3. dedfxv --> caadus
4. dedfxv --> bzzctr
5. dedfxv --> ayybsq

After trying all these shifts, we still don't have a recognisable English word. We might need to keep trying with other shifts, but with no clear immediate result, it seems likely that the initial assumption was incorrect - this might not be a Caesar cipher.",0,9,"The possible letter combinations to form English words from the given ciphertext ""dedfxv"" when treated as anagram would be:
1. ""vexed""
2. ""dexed""
3. ""devex""
4. ""exed""
5. ""dex""

Since none of the above words apart from 'vexed' make sense, we will treat the given ciphertext as a Caesar cipher and try to decrypt it.

Now, let's apply five different shifts of the Caesar cipher.

To decrypt, we could shift the letters 1 to 5 positions to the right in the alphabet.

Let's start with a shift of 1. The ",1,5
dedfxv,abacus,6,3,"The possible letter combinations to form English words from the given ciphertext ""dedfxv"" when treated as anagram would be:
1. ""vexed""
2. ""dexed""
3. ""devex""
4. ""exed""
5. ""dex""

Since none of the above words apart from 'vexed' make sense, we will treat the given ciphertext as a Caesar cipher and try to decrypt it.

Now, let's apply five different shifts of the Caesar cipher.

To decrypt, we could shift the letters 1 to 5 positions to the right in the alphabet.

Let's start with a shift of 1. The result would be:

1. dedfxv --> eccweu
2. dedfxv --> dbbevt
3. dedfxv --> caadus
4. dedfxv --> bzzctr
5. dedfxv --> ayybsq

After trying all these shifts, we still don't have a recognisable English word. We might need to keep trying with other shifts, but with no clear immediate result, it seems likely that the initial assumption was incorrect - this might not be a Caesar cipher.",0,10,"The possible letter combinations to form English words from the given ciphertext ""dedfxv"" when treated as anagram would be:
1. ""vexed""
2. ""dexed""
3. ""devex""
4. ""exed""
5. ""dex""

Since none of the above words apart from 'vexed' make sense, we will treat the given ciphertext as a Caesar cipher and try to decrypt it.

Now, let's apply five different shifts of the Caesar cipher.

To decrypt, we could shift the letters 1 to 5 positions to the right in the alphabet.

Let's start with a shift of 1. The result would be:

1. dedfxv --> eccweu
2. dedfxv -",1,5
dedfxv,abacus,6,3,"The possible letter combinations to form English words from the given ciphertext ""dedfxv"" when treated as anagram would be:
1. ""vexed""
2. ""dexed""
3. ""devex""
4. ""exed""
5. ""dex""

Since none of the above words apart from 'vexed' make sense, we will treat the given ciphertext as a Caesar cipher and try to decrypt it.

Now, let's apply five different shifts of the Caesar cipher.

To decrypt, we could shift the letters 1 to 5 positions to the right in the alphabet.

Let's start with a shift of 1. The result would be:

1. dedfxv --> eccweu
2. dedfxv --> dbbevt
3. dedfxv --> caadus
4. dedfxv --> bzzctr
5. dedfxv --> ayybsq

After trying all these shifts, we still don't have a recognisable English word. We might need to keep trying with other shifts, but with no clear immediate result, it seems likely that the initial assumption was incorrect - this might not be a Caesar cipher.",0,11,"The possible letter combinations to form English words from the given ciphertext ""dedfxv"" when treated as anagram would be:
1. ""vexed""
2. ""dexed""
3. ""devex""
4. ""exed""
5. ""dex""

Since none of the above words apart from 'vexed' make sense, we will treat the given ciphertext as a Caesar cipher and try to decrypt it.

Now, let's apply five different shifts of the Caesar cipher.

To decrypt, we could shift the letters 1 to 5 positions to the right in the alphabet.

Let's start with a shift of 1. The result would be:

1. dedfxv --> eccweu
2. dedfxv --> dbbevt
3. dedfxv --> caadus
4. dedfxv --> bzzct",1,5
dedfxv,abacus,6,3,"The possible letter combinations to form English words from the given ciphertext ""dedfxv"" when treated as anagram would be:
1. ""vexed""
2. ""dexed""
3. ""devex""
4. ""exed""
5. ""dex""

Since none of the above words apart from 'vexed' make sense, we will treat the given ciphertext as a Caesar cipher and try to decrypt it.

Now, let's apply five different shifts of the Caesar cipher.

To decrypt, we could shift the letters 1 to 5 positions to the right in the alphabet.

Let's start with a shift of 1. The result would be:

1. dedfxv --> eccweu
2. dedfxv --> dbbevt
3. dedfxv --> caadus
4. dedfxv --> bzzctr
5. dedfxv --> ayybsq

After trying all these shifts, we still don't have a recognisable English word. We might need to keep trying with other shifts, but with no clear immediate result, it seems likely that the initial assumption was incorrect - this might not be a Caesar cipher.",0,12,"The possible letter combinations to form English words from the given ciphertext ""dedfxv"" when treated as anagram would be:
1. ""vexed""
2. ""dexed""
3. ""devex""
4. ""exed""
5. ""dex""

Since none of the above words apart from 'vexed' make sense, we will treat the given ciphertext as a Caesar cipher and try to decrypt it.

Now, let's apply five different shifts of the Caesar cipher.

To decrypt, we could shift the letters 1 to 5 positions to the right in the alphabet.

Let's start with a shift of 1. The result would be:

1. dedfxv --> eccweu
2. dedfxv --> dbbevt
3. dedfxv --> caadus
4. dedfxv --> bzzctr
5. dedfxv --> ayybsq

After trying all these shi",1,5
dedfxv,abacus,6,3,"The possible letter combinations to form English words from the given ciphertext ""dedfxv"" when treated as anagram would be:
1. ""vexed""
2. ""dexed""
3. ""devex""
4. ""exed""
5. ""dex""

Since none of the above words apart from 'vexed' make sense, we will treat the given ciphertext as a Caesar cipher and try to decrypt it.

Now, let's apply five different shifts of the Caesar cipher.

To decrypt, we could shift the letters 1 to 5 positions to the right in the alphabet.

Let's start with a shift of 1. The result would be:

1. dedfxv --> eccweu
2. dedfxv --> dbbevt
3. dedfxv --> caadus
4. dedfxv --> bzzctr
5. dedfxv --> ayybsq

After trying all these shifts, we still don't have a recognisable English word. We might need to keep trying with other shifts, but with no clear immediate result, it seems likely that the initial assumption was incorrect - this might not be a Caesar cipher.",0,13,"The possible letter combinations to form English words from the given ciphertext ""dedfxv"" when treated as anagram would be:
1. ""vexed""
2. ""dexed""
3. ""devex""
4. ""exed""
5. ""dex""

Since none of the above words apart from 'vexed' make sense, we will treat the given ciphertext as a Caesar cipher and try to decrypt it.

Now, let's apply five different shifts of the Caesar cipher.

To decrypt, we could shift the letters 1 to 5 positions to the right in the alphabet.

Let's start with a shift of 1. The result would be:

1. dedfxv --> eccweu
2. dedfxv --> dbbevt
3. dedfxv --> caadus
4. dedfxv --> bzzctr
5. dedfxv --> ayybsq

After trying all these shifts, we still don't have a recognisable English wo",1,5
dedfxv,abacus,6,3,"The possible letter combinations to form English words from the given ciphertext ""dedfxv"" when treated as anagram would be:
1. ""vexed""
2. ""dexed""
3. ""devex""
4. ""exed""
5. ""dex""

Since none of the above words apart from 'vexed' make sense, we will treat the given ciphertext as a Caesar cipher and try to decrypt it.

Now, let's apply five different shifts of the Caesar cipher.

To decrypt, we could shift the letters 1 to 5 positions to the right in the alphabet.

Let's start with a shift of 1. The result would be:

1. dedfxv --> eccweu
2. dedfxv --> dbbevt
3. dedfxv --> caadus
4. dedfxv --> bzzctr
5. dedfxv --> ayybsq

After trying all these shifts, we still don't have a recognisable English word. We might need to keep trying with other shifts, but with no clear immediate result, it seems likely that the initial assumption was incorrect - this might not be a Caesar cipher.",0,14,"The possible letter combinations to form English words from the given ciphertext ""dedfxv"" when treated as anagram would be:
1. ""vexed""
2. ""dexed""
3. ""devex""
4. ""exed""
5. ""dex""

Since none of the above words apart from 'vexed' make sense, we will treat the given ciphertext as a Caesar cipher and try to decrypt it.

Now, let's apply five different shifts of the Caesar cipher.

To decrypt, we could shift the letters 1 to 5 positions to the right in the alphabet.

Let's start with a shift of 1. The result would be:

1. dedfxv --> eccweu
2. dedfxv --> dbbevt
3. dedfxv --> caadus
4. dedfxv --> bzzctr
5. dedfxv --> ayybsq

After trying all these shifts, we still don't have a recognisable English word. We might need to keep trying with other shifts",1,5
dedfxv,abacus,6,3,"The possible letter combinations to form English words from the given ciphertext ""dedfxv"" when treated as anagram would be:
1. ""vexed""
2. ""dexed""
3. ""devex""
4. ""exed""
5. ""dex""

Since none of the above words apart from 'vexed' make sense, we will treat the given ciphertext as a Caesar cipher and try to decrypt it.

Now, let's apply five different shifts of the Caesar cipher.

To decrypt, we could shift the letters 1 to 5 positions to the right in the alphabet.

Let's start with a shift of 1. The result would be:

1. dedfxv --> eccweu
2. dedfxv --> dbbevt
3. dedfxv --> caadus
4. dedfxv --> bzzctr
5. dedfxv --> ayybsq

After trying all these shifts, we still don't have a recognisable English word. We might need to keep trying with other shifts, but with no clear immediate result, it seems likely that the initial assumption was incorrect - this might not be a Caesar cipher.",0,15,"The possible letter combinations to form English words from the given ciphertext ""dedfxv"" when treated as anagram would be:
1. ""vexed""
2. ""dexed""
3. ""devex""
4. ""exed""
5. ""dex""

Since none of the above words apart from 'vexed' make sense, we will treat the given ciphertext as a Caesar cipher and try to decrypt it.

Now, let's apply five different shifts of the Caesar cipher.

To decrypt, we could shift the letters 1 to 5 positions to the right in the alphabet.

Let's start with a shift of 1. The result would be:

1. dedfxv --> eccweu
2. dedfxv --> dbbevt
3. dedfxv --> caadus
4. dedfxv --> bzzctr
5. dedfxv --> ayybsq

After trying all these shifts, we still don't have a recognisable English word. We might need to keep trying with other shifts, but with no clear immediate result, it seems lik",1,5
dedfxv,abacus,6,3,"The possible letter combinations to form English words from the given ciphertext ""dedfxv"" when treated as anagram would be:
1. ""vexed""
2. ""dexed""
3. ""devex""
4. ""exed""
5. ""dex""

Since none of the above words apart from 'vexed' make sense, we will treat the given ciphertext as a Caesar cipher and try to decrypt it.

Now, let's apply five different shifts of the Caesar cipher.

To decrypt, we could shift the letters 1 to 5 positions to the right in the alphabet.

Let's start with a shift of 1. The result would be:

1. dedfxv --> eccweu
2. dedfxv --> dbbevt
3. dedfxv --> caadus
4. dedfxv --> bzzctr
5. dedfxv --> ayybsq

After trying all these shifts, we still don't have a recognisable English word. We might need to keep trying with other shifts, but with no clear immediate result, it seems likely that the initial assumption was incorrect - this might not be a Caesar cipher.",0,16,"The possible letter combinations to form English words from the given ciphertext ""dedfxv"" when treated as anagram would be:
1. ""vexed""
2. ""dexed""
3. ""devex""
4. ""exed""
5. ""dex""

Since none of the above words apart from 'vexed' make sense, we will treat the given ciphertext as a Caesar cipher and try to decrypt it.

Now, let's apply five different shifts of the Caesar cipher.

To decrypt, we could shift the letters 1 to 5 positions to the right in the alphabet.

Let's start with a shift of 1. The result would be:

1. dedfxv --> eccweu
2. dedfxv --> dbbevt
3. dedfxv --> caadus
4. dedfxv --> bzzctr
5. dedfxv --> ayybsq

After trying all these shifts, we still don't have a recognisable English word. We might need to keep trying with other shifts, but with no clear immediate result, it seems likely that the initial assumption was incorrect - th",1,5
dedfxv,abacus,6,3,"The possible letter combinations to form English words from the given ciphertext ""dedfxv"" when treated as anagram would be:
1. ""vexed""
2. ""dexed""
3. ""devex""
4. ""exed""
5. ""dex""

Since none of the above words apart from 'vexed' make sense, we will treat the given ciphertext as a Caesar cipher and try to decrypt it.

Now, let's apply five different shifts of the Caesar cipher.

To decrypt, we could shift the letters 1 to 5 positions to the right in the alphabet.

Let's start with a shift of 1. The result would be:

1. dedfxv --> eccweu
2. dedfxv --> dbbevt
3. dedfxv --> caadus
4. dedfxv --> bzzctr
5. dedfxv --> ayybsq

After trying all these shifts, we still don't have a recognisable English word. We might need to keep trying with other shifts, but with no clear immediate result, it seems likely that the initial assumption was incorrect - this might not be a Caesar cipher.",0,17,"The possible letter combinations to form English words from the given ciphertext ""dedfxv"" when treated as anagram would be:
1. ""vexed""
2. ""dexed""
3. ""devex""
4. ""exed""
5. ""dex""

Since none of the above words apart from 'vexed' make sense, we will treat the given ciphertext as a Caesar cipher and try to decrypt it.

Now, let's apply five different shifts of the Caesar cipher.

To decrypt, we could shift the letters 1 to 5 positions to the right in the alphabet.

Let's start with a shift of 1. The result would be:

1. dedfxv --> eccweu
2. dedfxv --> dbbevt
3. dedfxv --> caadus
4. dedfxv --> bzzctr
5. dedfxv --> ayybsq

After trying all these shifts, we still don't have a recognisable English word. We might need to keep trying with other shifts, but with no clear immediate result, it seems likely that the initial assumption was incorrect - this might not be a Caesar cipher.",1,5
vypmrk,ruling,6,4,"1. Kyrpmv
2. Mvpryk
3. Rkypmv
4. Pvkyrm
5. Yrpkmv

None of these appear to be common english words, so let's proceed with the assumption that the ciphertext is a Caesar cipher. To decrypt it, I'll first try 5 different shifts:

1. Caesar Shift 1: uoxlqj
2. Caesar Shift 2: tnwpki
3. Caesar Shift 3: smvojh
4. Caesar Shift 4: rluni
5. Caesar Shift 5: qkthmg

Again, none of these appear to be meaningful English words. Let's continue trying Caesar shifts beyond these first five:

6. Caesar Shift 6: pjsglf
7. Caesar Shift 7: oirfke
8. Caesar Shift 8: nhqeje
9. Caesar Shift 9: mgpdid
10. Caesar Shift 10: lfocib
11. Caesar Shift 11: kenbha
12. Caesar Shift 12: jdmaig
13. Caesar Shift 13: iclzhf

We've found a meaningful English word 'iclzhf', which translates to 'symbol' when shifted by 13 places, which is most likely correct since the most common Caesar cipher is the rot13, which rotates the letters by 13 places.",0,0,"1. Kyrpmv
2. Mvpryk
3. Rkypmv
4. Pvkyrm
5. Yrpkmv
",0,2
vypmrk,ruling,6,4,"1. Kyrpmv
2. Mvpryk
3. Rkypmv
4. Pvkyrm
5. Yrpkmv

None of these appear to be common english words, so let's proceed with the assumption that the ciphertext is a Caesar cipher. To decrypt it, I'll first try 5 different shifts:

1. Caesar Shift 1: uoxlqj
2. Caesar Shift 2: tnwpki
3. Caesar Shift 3: smvojh
4. Caesar Shift 4: rluni
5. Caesar Shift 5: qkthmg

Again, none of these appear to be meaningful English words. Let's continue trying Caesar shifts beyond these first five:

6. Caesar Shift 6: pjsglf
7. Caesar Shift 7: oirfke
8. Caesar Shift 8: nhqeje
9. Caesar Shift 9: mgpdid
10. Caesar Shift 10: lfocib
11. Caesar Shift 11: kenbha
12. Caesar Shift 12: jdmaig
13. Caesar Shift 13: iclzhf

We've found a meaningful English word 'iclzhf', which translates to 'symbol' when shifted by 13 places, which is most likely correct since the most common Caesar cipher is the rot13, which rotates the letters by 13 places.",0,1,"1. Kyrpmv
2. Mvpryk
3. Rkypmv
4. Pvkyrm
5. Yrpkmv

None of these appear to be common english words, ",0,2
vypmrk,ruling,6,4,"1. Kyrpmv
2. Mvpryk
3. Rkypmv
4. Pvkyrm
5. Yrpkmv

None of these appear to be common english words, so let's proceed with the assumption that the ciphertext is a Caesar cipher. To decrypt it, I'll first try 5 different shifts:

1. Caesar Shift 1: uoxlqj
2. Caesar Shift 2: tnwpki
3. Caesar Shift 3: smvojh
4. Caesar Shift 4: rluni
5. Caesar Shift 5: qkthmg

Again, none of these appear to be meaningful English words. Let's continue trying Caesar shifts beyond these first five:

6. Caesar Shift 6: pjsglf
7. Caesar Shift 7: oirfke
8. Caesar Shift 8: nhqeje
9. Caesar Shift 9: mgpdid
10. Caesar Shift 10: lfocib
11. Caesar Shift 11: kenbha
12. Caesar Shift 12: jdmaig
13. Caesar Shift 13: iclzhf

We've found a meaningful English word 'iclzhf', which translates to 'symbol' when shifted by 13 places, which is most likely correct since the most common Caesar cipher is the rot13, which rotates the letters by 13 places.",0,2,"1. Kyrpmv
2. Mvpryk
3. Rkypmv
4. Pvkyrm
5. Yrpkmv

None of these appear to be common english words, so let's proceed with the assumption that the ciph",1,2
vypmrk,ruling,6,4,"1. Kyrpmv
2. Mvpryk
3. Rkypmv
4. Pvkyrm
5. Yrpkmv

None of these appear to be common english words, so let's proceed with the assumption that the ciphertext is a Caesar cipher. To decrypt it, I'll first try 5 different shifts:

1. Caesar Shift 1: uoxlqj
2. Caesar Shift 2: tnwpki
3. Caesar Shift 3: smvojh
4. Caesar Shift 4: rluni
5. Caesar Shift 5: qkthmg

Again, none of these appear to be meaningful English words. Let's continue trying Caesar shifts beyond these first five:

6. Caesar Shift 6: pjsglf
7. Caesar Shift 7: oirfke
8. Caesar Shift 8: nhqeje
9. Caesar Shift 9: mgpdid
10. Caesar Shift 10: lfocib
11. Caesar Shift 11: kenbha
12. Caesar Shift 12: jdmaig
13. Caesar Shift 13: iclzhf

We've found a meaningful English word 'iclzhf', which translates to 'symbol' when shifted by 13 places, which is most likely correct since the most common Caesar cipher is the rot13, which rotates the letters by 13 places.",0,3,"1. Kyrpmv
2. Mvpryk
3. Rkypmv
4. Pvkyrm
5. Yrpkmv

None of these appear to be common english words, so let's proceed with the assumption that the ciphertext is a Caesar cipher. To decrypt it, I'll fir",1,2
vypmrk,ruling,6,4,"1. Kyrpmv
2. Mvpryk
3. Rkypmv
4. Pvkyrm
5. Yrpkmv

None of these appear to be common english words, so let's proceed with the assumption that the ciphertext is a Caesar cipher. To decrypt it, I'll first try 5 different shifts:

1. Caesar Shift 1: uoxlqj
2. Caesar Shift 2: tnwpki
3. Caesar Shift 3: smvojh
4. Caesar Shift 4: rluni
5. Caesar Shift 5: qkthmg

Again, none of these appear to be meaningful English words. Let's continue trying Caesar shifts beyond these first five:

6. Caesar Shift 6: pjsglf
7. Caesar Shift 7: oirfke
8. Caesar Shift 8: nhqeje
9. Caesar Shift 9: mgpdid
10. Caesar Shift 10: lfocib
11. Caesar Shift 11: kenbha
12. Caesar Shift 12: jdmaig
13. Caesar Shift 13: iclzhf

We've found a meaningful English word 'iclzhf', which translates to 'symbol' when shifted by 13 places, which is most likely correct since the most common Caesar cipher is the rot13, which rotates the letters by 13 places.",0,4,"1. Kyrpmv
2. Mvpryk
3. Rkypmv
4. Pvkyrm
5. Yrpkmv

None of these appear to be common english words, so let's proceed with the assumption that the ciphertext is a Caesar cipher. To decrypt it, I'll first try 5 different shifts:

1. Caesar Shift 1: uox",1,2
vypmrk,ruling,6,4,"1. Kyrpmv
2. Mvpryk
3. Rkypmv
4. Pvkyrm
5. Yrpkmv

None of these appear to be common english words, so let's proceed with the assumption that the ciphertext is a Caesar cipher. To decrypt it, I'll first try 5 different shifts:

1. Caesar Shift 1: uoxlqj
2. Caesar Shift 2: tnwpki
3. Caesar Shift 3: smvojh
4. Caesar Shift 4: rluni
5. Caesar Shift 5: qkthmg

Again, none of these appear to be meaningful English words. Let's continue trying Caesar shifts beyond these first five:

6. Caesar Shift 6: pjsglf
7. Caesar Shift 7: oirfke
8. Caesar Shift 8: nhqeje
9. Caesar Shift 9: mgpdid
10. Caesar Shift 10: lfocib
11. Caesar Shift 11: kenbha
12. Caesar Shift 12: jdmaig
13. Caesar Shift 13: iclzhf

We've found a meaningful English word 'iclzhf', which translates to 'symbol' when shifted by 13 places, which is most likely correct since the most common Caesar cipher is the rot13, which rotates the letters by 13 places.",0,5,"1. Kyrpmv
2. Mvpryk
3. Rkypmv
4. Pvkyrm
5. Yrpkmv

None of these appear to be common english words, so let's proceed with the assumption that the ciphertext is a Caesar cipher. To decrypt it, I'll first try 5 different shifts:

1. Caesar Shift 1: uoxlqj
2. Caesar Shift 2: tnwpki
3. Caesar Shift 3: s",1,2
vypmrk,ruling,6,4,"1. Kyrpmv
2. Mvpryk
3. Rkypmv
4. Pvkyrm
5. Yrpkmv

None of these appear to be common english words, so let's proceed with the assumption that the ciphertext is a Caesar cipher. To decrypt it, I'll first try 5 different shifts:

1. Caesar Shift 1: uoxlqj
2. Caesar Shift 2: tnwpki
3. Caesar Shift 3: smvojh
4. Caesar Shift 4: rluni
5. Caesar Shift 5: qkthmg

Again, none of these appear to be meaningful English words. Let's continue trying Caesar shifts beyond these first five:

6. Caesar Shift 6: pjsglf
7. Caesar Shift 7: oirfke
8. Caesar Shift 8: nhqeje
9. Caesar Shift 9: mgpdid
10. Caesar Shift 10: lfocib
11. Caesar Shift 11: kenbha
12. Caesar Shift 12: jdmaig
13. Caesar Shift 13: iclzhf

We've found a meaningful English word 'iclzhf', which translates to 'symbol' when shifted by 13 places, which is most likely correct since the most common Caesar cipher is the rot13, which rotates the letters by 13 places.",0,6,"1. Kyrpmv
2. Mvpryk
3. Rkypmv
4. Pvkyrm
5. Yrpkmv

None of these appear to be common english words, so let's proceed with the assumption that the ciphertext is a Caesar cipher. To decrypt it, I'll first try 5 different shifts:

1. Caesar Shift 1: uoxlqj
2. Caesar Shift 2: tnwpki
3. Caesar Shift 3: smvojh
4. Caesar Shift 4: rluni
5. Caesar Shift 5: ",1,2
vypmrk,ruling,6,4,"1. Kyrpmv
2. Mvpryk
3. Rkypmv
4. Pvkyrm
5. Yrpkmv

None of these appear to be common english words, so let's proceed with the assumption that the ciphertext is a Caesar cipher. To decrypt it, I'll first try 5 different shifts:

1. Caesar Shift 1: uoxlqj
2. Caesar Shift 2: tnwpki
3. Caesar Shift 3: smvojh
4. Caesar Shift 4: rluni
5. Caesar Shift 5: qkthmg

Again, none of these appear to be meaningful English words. Let's continue trying Caesar shifts beyond these first five:

6. Caesar Shift 6: pjsglf
7. Caesar Shift 7: oirfke
8. Caesar Shift 8: nhqeje
9. Caesar Shift 9: mgpdid
10. Caesar Shift 10: lfocib
11. Caesar Shift 11: kenbha
12. Caesar Shift 12: jdmaig
13. Caesar Shift 13: iclzhf

We've found a meaningful English word 'iclzhf', which translates to 'symbol' when shifted by 13 places, which is most likely correct since the most common Caesar cipher is the rot13, which rotates the letters by 13 places.",0,7,"1. Kyrpmv
2. Mvpryk
3. Rkypmv
4. Pvkyrm
5. Yrpkmv

None of these appear to be common english words, so let's proceed with the assumption that the ciphertext is a Caesar cipher. To decrypt it, I'll first try 5 different shifts:

1. Caesar Shift 1: uoxlqj
2. Caesar Shift 2: tnwpki
3. Caesar Shift 3: smvojh
4. Caesar Shift 4: rluni
5. Caesar Shift 5: qkthmg

Again, none of these appear to be meaningf",1,2
vypmrk,ruling,6,4,"1. Kyrpmv
2. Mvpryk
3. Rkypmv
4. Pvkyrm
5. Yrpkmv

None of these appear to be common english words, so let's proceed with the assumption that the ciphertext is a Caesar cipher. To decrypt it, I'll first try 5 different shifts:

1. Caesar Shift 1: uoxlqj
2. Caesar Shift 2: tnwpki
3. Caesar Shift 3: smvojh
4. Caesar Shift 4: rluni
5. Caesar Shift 5: qkthmg

Again, none of these appear to be meaningful English words. Let's continue trying Caesar shifts beyond these first five:

6. Caesar Shift 6: pjsglf
7. Caesar Shift 7: oirfke
8. Caesar Shift 8: nhqeje
9. Caesar Shift 9: mgpdid
10. Caesar Shift 10: lfocib
11. Caesar Shift 11: kenbha
12. Caesar Shift 12: jdmaig
13. Caesar Shift 13: iclzhf

We've found a meaningful English word 'iclzhf', which translates to 'symbol' when shifted by 13 places, which is most likely correct since the most common Caesar cipher is the rot13, which rotates the letters by 13 places.",0,8,"1. Kyrpmv
2. Mvpryk
3. Rkypmv
4. Pvkyrm
5. Yrpkmv

None of these appear to be common english words, so let's proceed with the assumption that the ciphertext is a Caesar cipher. To decrypt it, I'll first try 5 different shifts:

1. Caesar Shift 1: uoxlqj
2. Caesar Shift 2: tnwpki
3. Caesar Shift 3: smvojh
4. Caesar Shift 4: rluni
5. Caesar Shift 5: qkthmg

Again, none of these appear to be meaningful English words. Let's continue trying Caesar shi",1,2
vypmrk,ruling,6,4,"1. Kyrpmv
2. Mvpryk
3. Rkypmv
4. Pvkyrm
5. Yrpkmv

None of these appear to be common english words, so let's proceed with the assumption that the ciphertext is a Caesar cipher. To decrypt it, I'll first try 5 different shifts:

1. Caesar Shift 1: uoxlqj
2. Caesar Shift 2: tnwpki
3. Caesar Shift 3: smvojh
4. Caesar Shift 4: rluni
5. Caesar Shift 5: qkthmg

Again, none of these appear to be meaningful English words. Let's continue trying Caesar shifts beyond these first five:

6. Caesar Shift 6: pjsglf
7. Caesar Shift 7: oirfke
8. Caesar Shift 8: nhqeje
9. Caesar Shift 9: mgpdid
10. Caesar Shift 10: lfocib
11. Caesar Shift 11: kenbha
12. Caesar Shift 12: jdmaig
13. Caesar Shift 13: iclzhf

We've found a meaningful English word 'iclzhf', which translates to 'symbol' when shifted by 13 places, which is most likely correct since the most common Caesar cipher is the rot13, which rotates the letters by 13 places.",0,9,"1. Kyrpmv
2. Mvpryk
3. Rkypmv
4. Pvkyrm
5. Yrpkmv

None of these appear to be common english words, so let's proceed with the assumption that the ciphertext is a Caesar cipher. To decrypt it, I'll first try 5 different shifts:

1. Caesar Shift 1: uoxlqj
2. Caesar Shift 2: tnwpki
3. Caesar Shift 3: smvojh
4. Caesar Shift 4: rluni
5. Caesar Shift 5: qkthmg

Again, none of these appear to be meaningful English words. Let's continue trying Caesar shifts beyond these first five:

6. Caesar Shift 6: p",1,2
vypmrk,ruling,6,4,"1. Kyrpmv
2. Mvpryk
3. Rkypmv
4. Pvkyrm
5. Yrpkmv

None of these appear to be common english words, so let's proceed with the assumption that the ciphertext is a Caesar cipher. To decrypt it, I'll first try 5 different shifts:

1. Caesar Shift 1: uoxlqj
2. Caesar Shift 2: tnwpki
3. Caesar Shift 3: smvojh
4. Caesar Shift 4: rluni
5. Caesar Shift 5: qkthmg

Again, none of these appear to be meaningful English words. Let's continue trying Caesar shifts beyond these first five:

6. Caesar Shift 6: pjsglf
7. Caesar Shift 7: oirfke
8. Caesar Shift 8: nhqeje
9. Caesar Shift 9: mgpdid
10. Caesar Shift 10: lfocib
11. Caesar Shift 11: kenbha
12. Caesar Shift 12: jdmaig
13. Caesar Shift 13: iclzhf

We've found a meaningful English word 'iclzhf', which translates to 'symbol' when shifted by 13 places, which is most likely correct since the most common Caesar cipher is the rot13, which rotates the letters by 13 places.",0,10,"1. Kyrpmv
2. Mvpryk
3. Rkypmv
4. Pvkyrm
5. Yrpkmv

None of these appear to be common english words, so let's proceed with the assumption that the ciphertext is a Caesar cipher. To decrypt it, I'll first try 5 different shifts:

1. Caesar Shift 1: uoxlqj
2. Caesar Shift 2: tnwpki
3. Caesar Shift 3: smvojh
4. Caesar Shift 4: rluni
5. Caesar Shift 5: qkthmg

Again, none of these appear to be meaningful English words. Let's continue trying Caesar shifts beyond these first five:

6. Caesar Shift 6: pjsglf
7. Caesar Shift 7: oirfke
8. Caesar Shift 8:",1,2
vypmrk,ruling,6,4,"1. Kyrpmv
2. Mvpryk
3. Rkypmv
4. Pvkyrm
5. Yrpkmv

None of these appear to be common english words, so let's proceed with the assumption that the ciphertext is a Caesar cipher. To decrypt it, I'll first try 5 different shifts:

1. Caesar Shift 1: uoxlqj
2. Caesar Shift 2: tnwpki
3. Caesar Shift 3: smvojh
4. Caesar Shift 4: rluni
5. Caesar Shift 5: qkthmg

Again, none of these appear to be meaningful English words. Let's continue trying Caesar shifts beyond these first five:

6. Caesar Shift 6: pjsglf
7. Caesar Shift 7: oirfke
8. Caesar Shift 8: nhqeje
9. Caesar Shift 9: mgpdid
10. Caesar Shift 10: lfocib
11. Caesar Shift 11: kenbha
12. Caesar Shift 12: jdmaig
13. Caesar Shift 13: iclzhf

We've found a meaningful English word 'iclzhf', which translates to 'symbol' when shifted by 13 places, which is most likely correct since the most common Caesar cipher is the rot13, which rotates the letters by 13 places.",0,11,"1. Kyrpmv
2. Mvpryk
3. Rkypmv
4. Pvkyrm
5. Yrpkmv

None of these appear to be common english words, so let's proceed with the assumption that the ciphertext is a Caesar cipher. To decrypt it, I'll first try 5 different shifts:

1. Caesar Shift 1: uoxlqj
2. Caesar Shift 2: tnwpki
3. Caesar Shift 3: smvojh
4. Caesar Shift 4: rluni
5. Caesar Shift 5: qkthmg

Again, none of these appear to be meaningful English words. Let's continue trying Caesar shifts beyond these first five:

6. Caesar Shift 6: pjsglf
7. Caesar Shift 7: oirfke
8. Caesar Shift 8: nhqeje
9. Caesar Shift 9: mgpdid
10. Caesar Shift",1,2
vypmrk,ruling,6,4,"1. Kyrpmv
2. Mvpryk
3. Rkypmv
4. Pvkyrm
5. Yrpkmv

None of these appear to be common english words, so let's proceed with the assumption that the ciphertext is a Caesar cipher. To decrypt it, I'll first try 5 different shifts:

1. Caesar Shift 1: uoxlqj
2. Caesar Shift 2: tnwpki
3. Caesar Shift 3: smvojh
4. Caesar Shift 4: rluni
5. Caesar Shift 5: qkthmg

Again, none of these appear to be meaningful English words. Let's continue trying Caesar shifts beyond these first five:

6. Caesar Shift 6: pjsglf
7. Caesar Shift 7: oirfke
8. Caesar Shift 8: nhqeje
9. Caesar Shift 9: mgpdid
10. Caesar Shift 10: lfocib
11. Caesar Shift 11: kenbha
12. Caesar Shift 12: jdmaig
13. Caesar Shift 13: iclzhf

We've found a meaningful English word 'iclzhf', which translates to 'symbol' when shifted by 13 places, which is most likely correct since the most common Caesar cipher is the rot13, which rotates the letters by 13 places.",0,12,"1. Kyrpmv
2. Mvpryk
3. Rkypmv
4. Pvkyrm
5. Yrpkmv

None of these appear to be common english words, so let's proceed with the assumption that the ciphertext is a Caesar cipher. To decrypt it, I'll first try 5 different shifts:

1. Caesar Shift 1: uoxlqj
2. Caesar Shift 2: tnwpki
3. Caesar Shift 3: smvojh
4. Caesar Shift 4: rluni
5. Caesar Shift 5: qkthmg

Again, none of these appear to be meaningful English words. Let's continue trying Caesar shifts beyond these first five:

6. Caesar Shift 6: pjsglf
7. Caesar Shift 7: oirfke
8. Caesar Shift 8: nhqeje
9. Caesar Shift 9: mgpdid
10. Caesar Shift 10: lfocib
11. Caesar Shift 11: kenbha
12. Caesar",1,2
vypmrk,ruling,6,4,"1. Kyrpmv
2. Mvpryk
3. Rkypmv
4. Pvkyrm
5. Yrpkmv

None of these appear to be common english words, so let's proceed with the assumption that the ciphertext is a Caesar cipher. To decrypt it, I'll first try 5 different shifts:

1. Caesar Shift 1: uoxlqj
2. Caesar Shift 2: tnwpki
3. Caesar Shift 3: smvojh
4. Caesar Shift 4: rluni
5. Caesar Shift 5: qkthmg

Again, none of these appear to be meaningful English words. Let's continue trying Caesar shifts beyond these first five:

6. Caesar Shift 6: pjsglf
7. Caesar Shift 7: oirfke
8. Caesar Shift 8: nhqeje
9. Caesar Shift 9: mgpdid
10. Caesar Shift 10: lfocib
11. Caesar Shift 11: kenbha
12. Caesar Shift 12: jdmaig
13. Caesar Shift 13: iclzhf

We've found a meaningful English word 'iclzhf', which translates to 'symbol' when shifted by 13 places, which is most likely correct since the most common Caesar cipher is the rot13, which rotates the letters by 13 places.",0,13,"1. Kyrpmv
2. Mvpryk
3. Rkypmv
4. Pvkyrm
5. Yrpkmv

None of these appear to be common english words, so let's proceed with the assumption that the ciphertext is a Caesar cipher. To decrypt it, I'll first try 5 different shifts:

1. Caesar Shift 1: uoxlqj
2. Caesar Shift 2: tnwpki
3. Caesar Shift 3: smvojh
4. Caesar Shift 4: rluni
5. Caesar Shift 5: qkthmg

Again, none of these appear to be meaningful English words. Let's continue trying Caesar shifts beyond these first five:

6. Caesar Shift 6: pjsglf
7. Caesar Shift 7: oirfke
8. Caesar Shift 8: nhqeje
9. Caesar Shift 9: mgpdid
10. Caesar Shift 10: lfocib
11. Caesar Shift 11: kenbha
12. Caesar Shift 12: jdmaig
13. Caesar Shift 13: iclzhf

We'",1,2
vypmrk,ruling,6,4,"1. Kyrpmv
2. Mvpryk
3. Rkypmv
4. Pvkyrm
5. Yrpkmv

None of these appear to be common english words, so let's proceed with the assumption that the ciphertext is a Caesar cipher. To decrypt it, I'll first try 5 different shifts:

1. Caesar Shift 1: uoxlqj
2. Caesar Shift 2: tnwpki
3. Caesar Shift 3: smvojh
4. Caesar Shift 4: rluni
5. Caesar Shift 5: qkthmg

Again, none of these appear to be meaningful English words. Let's continue trying Caesar shifts beyond these first five:

6. Caesar Shift 6: pjsglf
7. Caesar Shift 7: oirfke
8. Caesar Shift 8: nhqeje
9. Caesar Shift 9: mgpdid
10. Caesar Shift 10: lfocib
11. Caesar Shift 11: kenbha
12. Caesar Shift 12: jdmaig
13. Caesar Shift 13: iclzhf

We've found a meaningful English word 'iclzhf', which translates to 'symbol' when shifted by 13 places, which is most likely correct since the most common Caesar cipher is the rot13, which rotates the letters by 13 places.",0,14,"1. Kyrpmv
2. Mvpryk
3. Rkypmv
4. Pvkyrm
5. Yrpkmv

None of these appear to be common english words, so let's proceed with the assumption that the ciphertext is a Caesar cipher. To decrypt it, I'll first try 5 different shifts:

1. Caesar Shift 1: uoxlqj
2. Caesar Shift 2: tnwpki
3. Caesar Shift 3: smvojh
4. Caesar Shift 4: rluni
5. Caesar Shift 5: qkthmg

Again, none of these appear to be meaningful English words. Let's continue trying Caesar shifts beyond these first five:

6. Caesar Shift 6: pjsglf
7. Caesar Shift 7: oirfke
8. Caesar Shift 8: nhqeje
9. Caesar Shift 9: mgpdid
10. Caesar Shift 10: lfocib
11. Caesar Shift 11: kenbha
12. Caesar Shift 12: jdmaig
13. Caesar Shift 13: iclzhf

We've found a meaningful English word 'iclzhf', which",1,2
vypmrk,ruling,6,4,"1. Kyrpmv
2. Mvpryk
3. Rkypmv
4. Pvkyrm
5. Yrpkmv

None of these appear to be common english words, so let's proceed with the assumption that the ciphertext is a Caesar cipher. To decrypt it, I'll first try 5 different shifts:

1. Caesar Shift 1: uoxlqj
2. Caesar Shift 2: tnwpki
3. Caesar Shift 3: smvojh
4. Caesar Shift 4: rluni
5. Caesar Shift 5: qkthmg

Again, none of these appear to be meaningful English words. Let's continue trying Caesar shifts beyond these first five:

6. Caesar Shift 6: pjsglf
7. Caesar Shift 7: oirfke
8. Caesar Shift 8: nhqeje
9. Caesar Shift 9: mgpdid
10. Caesar Shift 10: lfocib
11. Caesar Shift 11: kenbha
12. Caesar Shift 12: jdmaig
13. Caesar Shift 13: iclzhf

We've found a meaningful English word 'iclzhf', which translates to 'symbol' when shifted by 13 places, which is most likely correct since the most common Caesar cipher is the rot13, which rotates the letters by 13 places.",0,15,"1. Kyrpmv
2. Mvpryk
3. Rkypmv
4. Pvkyrm
5. Yrpkmv

None of these appear to be common english words, so let's proceed with the assumption that the ciphertext is a Caesar cipher. To decrypt it, I'll first try 5 different shifts:

1. Caesar Shift 1: uoxlqj
2. Caesar Shift 2: tnwpki
3. Caesar Shift 3: smvojh
4. Caesar Shift 4: rluni
5. Caesar Shift 5: qkthmg

Again, none of these appear to be meaningful English words. Let's continue trying Caesar shifts beyond these first five:

6. Caesar Shift 6: pjsglf
7. Caesar Shift 7: oirfke
8. Caesar Shift 8: nhqeje
9. Caesar Shift 9: mgpdid
10. Caesar Shift 10: lfocib
11. Caesar Shift 11: kenbha
12. Caesar Shift 12: jdmaig
13. Caesar Shift 13: iclzhf

We've found a meaningful English word 'iclzhf', which translates to 'symbol' when shifted by 13 places,",1,2
vypmrk,ruling,6,4,"1. Kyrpmv
2. Mvpryk
3. Rkypmv
4. Pvkyrm
5. Yrpkmv

None of these appear to be common english words, so let's proceed with the assumption that the ciphertext is a Caesar cipher. To decrypt it, I'll first try 5 different shifts:

1. Caesar Shift 1: uoxlqj
2. Caesar Shift 2: tnwpki
3. Caesar Shift 3: smvojh
4. Caesar Shift 4: rluni
5. Caesar Shift 5: qkthmg

Again, none of these appear to be meaningful English words. Let's continue trying Caesar shifts beyond these first five:

6. Caesar Shift 6: pjsglf
7. Caesar Shift 7: oirfke
8. Caesar Shift 8: nhqeje
9. Caesar Shift 9: mgpdid
10. Caesar Shift 10: lfocib
11. Caesar Shift 11: kenbha
12. Caesar Shift 12: jdmaig
13. Caesar Shift 13: iclzhf

We've found a meaningful English word 'iclzhf', which translates to 'symbol' when shifted by 13 places, which is most likely correct since the most common Caesar cipher is the rot13, which rotates the letters by 13 places.",0,16,"1. Kyrpmv
2. Mvpryk
3. Rkypmv
4. Pvkyrm
5. Yrpkmv

None of these appear to be common english words, so let's proceed with the assumption that the ciphertext is a Caesar cipher. To decrypt it, I'll first try 5 different shifts:

1. Caesar Shift 1: uoxlqj
2. Caesar Shift 2: tnwpki
3. Caesar Shift 3: smvojh
4. Caesar Shift 4: rluni
5. Caesar Shift 5: qkthmg

Again, none of these appear to be meaningful English words. Let's continue trying Caesar shifts beyond these first five:

6. Caesar Shift 6: pjsglf
7. Caesar Shift 7: oirfke
8. Caesar Shift 8: nhqeje
9. Caesar Shift 9: mgpdid
10. Caesar Shift 10: lfocib
11. Caesar Shift 11: kenbha
12. Caesar Shift 12: jdmaig
13. Caesar Shift 13: iclzhf

We've found a meaningful English word 'iclzhf', which translates to 'symbol' when shifted by 13 places, which is most likely correct since the most commo",1,2
vypmrk,ruling,6,4,"1. Kyrpmv
2. Mvpryk
3. Rkypmv
4. Pvkyrm
5. Yrpkmv

None of these appear to be common english words, so let's proceed with the assumption that the ciphertext is a Caesar cipher. To decrypt it, I'll first try 5 different shifts:

1. Caesar Shift 1: uoxlqj
2. Caesar Shift 2: tnwpki
3. Caesar Shift 3: smvojh
4. Caesar Shift 4: rluni
5. Caesar Shift 5: qkthmg

Again, none of these appear to be meaningful English words. Let's continue trying Caesar shifts beyond these first five:

6. Caesar Shift 6: pjsglf
7. Caesar Shift 7: oirfke
8. Caesar Shift 8: nhqeje
9. Caesar Shift 9: mgpdid
10. Caesar Shift 10: lfocib
11. Caesar Shift 11: kenbha
12. Caesar Shift 12: jdmaig
13. Caesar Shift 13: iclzhf

We've found a meaningful English word 'iclzhf', which translates to 'symbol' when shifted by 13 places, which is most likely correct since the most common Caesar cipher is the rot13, which rotates the letters by 13 places.",0,17,"1. Kyrpmv
2. Mvpryk
3. Rkypmv
4. Pvkyrm
5. Yrpkmv

None of these appear to be common english words, so let's proceed with the assumption that the ciphertext is a Caesar cipher. To decrypt it, I'll first try 5 different shifts:

1. Caesar Shift 1: uoxlqj
2. Caesar Shift 2: tnwpki
3. Caesar Shift 3: smvojh
4. Caesar Shift 4: rluni
5. Caesar Shift 5: qkthmg

Again, none of these appear to be meaningful English words. Let's continue trying Caesar shifts beyond these first five:

6. Caesar Shift 6: pjsglf
7. Caesar Shift 7: oirfke
8. Caesar Shift 8: nhqeje
9. Caesar Shift 9: mgpdid
10. Caesar Shift 10: lfocib
11. Caesar Shift 11: kenbha
12. Caesar Shift 12: jdmaig
13. Caesar Shift 13: iclzhf

We've found a meaningful English word 'iclzhf', which translates to 'symbol' when shifted by 13 places, which is most likely correct since the most common Caesar cipher is the rot13, which rotates the le",1,2
vypmrk,ruling,6,4,"1. Kyrpmv
2. Mvpryk
3. Rkypmv
4. Pvkyrm
5. Yrpkmv

None of these appear to be common english words, so let's proceed with the assumption that the ciphertext is a Caesar cipher. To decrypt it, I'll first try 5 different shifts:

1. Caesar Shift 1: uoxlqj
2. Caesar Shift 2: tnwpki
3. Caesar Shift 3: smvojh
4. Caesar Shift 4: rluni
5. Caesar Shift 5: qkthmg

Again, none of these appear to be meaningful English words. Let's continue trying Caesar shifts beyond these first five:

6. Caesar Shift 6: pjsglf
7. Caesar Shift 7: oirfke
8. Caesar Shift 8: nhqeje
9. Caesar Shift 9: mgpdid
10. Caesar Shift 10: lfocib
11. Caesar Shift 11: kenbha
12. Caesar Shift 12: jdmaig
13. Caesar Shift 13: iclzhf

We've found a meaningful English word 'iclzhf', which translates to 'symbol' when shifted by 13 places, which is most likely correct since the most common Caesar cipher is the rot13, which rotates the letters by 13 places.",0,18,"1. Kyrpmv
2. Mvpryk
3. Rkypmv
4. Pvkyrm
5. Yrpkmv

None of these appear to be common english words, so let's proceed with the assumption that the ciphertext is a Caesar cipher. To decrypt it, I'll first try 5 different shifts:

1. Caesar Shift 1: uoxlqj
2. Caesar Shift 2: tnwpki
3. Caesar Shift 3: smvojh
4. Caesar Shift 4: rluni
5. Caesar Shift 5: qkthmg

Again, none of these appear to be meaningful English words. Let's continue trying Caesar shifts beyond these first five:

6. Caesar Shift 6: pjsglf
7. Caesar Shift 7: oirfke
8. Caesar Shift 8: nhqeje
9. Caesar Shift 9: mgpdid
10. Caesar Shift 10: lfocib
11. Caesar Shift 11: kenbha
12. Caesar Shift 12: jdmaig
13. Caesar Shift 13: iclzhf

We've found a meaningful English word 'iclzhf', which translates to 'symbol' when shifted by 13 places, which is most likely correct since the most common Caesar cipher is the rot13, which rotates the letters by 13 places.",1,2
gjdtsi,beyond,6,5,"1. Digjst
2. Stjgid
3. Djstig
4. Tjdsgj
5. Jgtdis

However, none of these combinations form a recognizable English word. therefore we can safely assume that the given ciphertext is not an anagram. Let's move on to the second part, treating the ciphertext as a Caesar cipher and try to decrypt it.

A Caesar cipher is a type of substitution cipher in which each letter in the plaintext is 'shifted' a certain number of places down the alphabet. For example, with a shift of 1, A would be replaced by B, B would become C, and so on. The method is named after Julius Caesar, who apparently used it to communicate with his officials.

Let's assume the shift could be from 1 to 5:

1. Shift of 1: 
   Shifted letters: ficsrh

2. Shift of 2: 
   Shifted letters: ehbrqg

3. Shift of 3: 
   Shifted letters: dgaqpf

4. Shift of 4: 
   Shifted letters: cfzope

5. Shift of 5:
   Shifted letters: beynod

Again, none of these combinations form a recognizable English word.

Without knowledge of the specific shift value used, it might be challenging to decode it using the Caesar cipher model. It might require attempting with different shift values beyond 5.",1,0,"1. Digjst
2. Stjgid
3. Djstig
4. Tjdsgj
5. Jgtdis
",0,3
gjdtsi,beyond,6,5,"1. Digjst
2. Stjgid
3. Djstig
4. Tjdsgj
5. Jgtdis

However, none of these combinations form a recognizable English word. therefore we can safely assume that the given ciphertext is not an anagram. Let's move on to the second part, treating the ciphertext as a Caesar cipher and try to decrypt it.

A Caesar cipher is a type of substitution cipher in which each letter in the plaintext is 'shifted' a certain number of places down the alphabet. For example, with a shift of 1, A would be replaced by B, B would become C, and so on. The method is named after Julius Caesar, who apparently used it to communicate with his officials.

Let's assume the shift could be from 1 to 5:

1. Shift of 1: 
   Shifted letters: ficsrh

2. Shift of 2: 
   Shifted letters: ehbrqg

3. Shift of 3: 
   Shifted letters: dgaqpf

4. Shift of 4: 
   Shifted letters: cfzope

5. Shift of 5:
   Shifted letters: beynod

Again, none of these combinations form a recognizable English word.

Without knowledge of the specific shift value used, it might be challenging to decode it using the Caesar cipher model. It might require attempting with different shift values beyond 5.",1,1,"1. Digjst
2. Stjgid
3. Djstig
4. Tjdsgj
5. Jgtdis

However, none of these combinations form a recogn",0,3
gjdtsi,beyond,6,5,"1. Digjst
2. Stjgid
3. Djstig
4. Tjdsgj
5. Jgtdis

However, none of these combinations form a recognizable English word. therefore we can safely assume that the given ciphertext is not an anagram. Let's move on to the second part, treating the ciphertext as a Caesar cipher and try to decrypt it.

A Caesar cipher is a type of substitution cipher in which each letter in the plaintext is 'shifted' a certain number of places down the alphabet. For example, with a shift of 1, A would be replaced by B, B would become C, and so on. The method is named after Julius Caesar, who apparently used it to communicate with his officials.

Let's assume the shift could be from 1 to 5:

1. Shift of 1: 
   Shifted letters: ficsrh

2. Shift of 2: 
   Shifted letters: ehbrqg

3. Shift of 3: 
   Shifted letters: dgaqpf

4. Shift of 4: 
   Shifted letters: cfzope

5. Shift of 5:
   Shifted letters: beynod

Again, none of these combinations form a recognizable English word.

Without knowledge of the specific shift value used, it might be challenging to decode it using the Caesar cipher model. It might require attempting with different shift values beyond 5.",1,2,"1. Digjst
2. Stjgid
3. Djstig
4. Tjdsgj
5. Jgtdis

However, none of these combinations form a recognizable English word. therefore we can safely assum",0,3
gjdtsi,beyond,6,5,"1. Digjst
2. Stjgid
3. Djstig
4. Tjdsgj
5. Jgtdis

However, none of these combinations form a recognizable English word. therefore we can safely assume that the given ciphertext is not an anagram. Let's move on to the second part, treating the ciphertext as a Caesar cipher and try to decrypt it.

A Caesar cipher is a type of substitution cipher in which each letter in the plaintext is 'shifted' a certain number of places down the alphabet. For example, with a shift of 1, A would be replaced by B, B would become C, and so on. The method is named after Julius Caesar, who apparently used it to communicate with his officials.

Let's assume the shift could be from 1 to 5:

1. Shift of 1: 
   Shifted letters: ficsrh

2. Shift of 2: 
   Shifted letters: ehbrqg

3. Shift of 3: 
   Shifted letters: dgaqpf

4. Shift of 4: 
   Shifted letters: cfzope

5. Shift of 5:
   Shifted letters: beynod

Again, none of these combinations form a recognizable English word.

Without knowledge of the specific shift value used, it might be challenging to decode it using the Caesar cipher model. It might require attempting with different shift values beyond 5.",1,3,"1. Digjst
2. Stjgid
3. Djstig
4. Tjdsgj
5. Jgtdis

However, none of these combinations form a recognizable English word. therefore we can safely assume that the given ciphertext is not an anagram. Let",1,3
gjdtsi,beyond,6,5,"1. Digjst
2. Stjgid
3. Djstig
4. Tjdsgj
5. Jgtdis

However, none of these combinations form a recognizable English word. therefore we can safely assume that the given ciphertext is not an anagram. Let's move on to the second part, treating the ciphertext as a Caesar cipher and try to decrypt it.

A Caesar cipher is a type of substitution cipher in which each letter in the plaintext is 'shifted' a certain number of places down the alphabet. For example, with a shift of 1, A would be replaced by B, B would become C, and so on. The method is named after Julius Caesar, who apparently used it to communicate with his officials.

Let's assume the shift could be from 1 to 5:

1. Shift of 1: 
   Shifted letters: ficsrh

2. Shift of 2: 
   Shifted letters: ehbrqg

3. Shift of 3: 
   Shifted letters: dgaqpf

4. Shift of 4: 
   Shifted letters: cfzope

5. Shift of 5:
   Shifted letters: beynod

Again, none of these combinations form a recognizable English word.

Without knowledge of the specific shift value used, it might be challenging to decode it using the Caesar cipher model. It might require attempting with different shift values beyond 5.",1,4,"1. Digjst
2. Stjgid
3. Djstig
4. Tjdsgj
5. Jgtdis

However, none of these combinations form a recognizable English word. therefore we can safely assume that the given ciphertext is not an anagram. Let's move on to the second part, treating the cipher",1,3
gjdtsi,beyond,6,5,"1. Digjst
2. Stjgid
3. Djstig
4. Tjdsgj
5. Jgtdis

However, none of these combinations form a recognizable English word. therefore we can safely assume that the given ciphertext is not an anagram. Let's move on to the second part, treating the ciphertext as a Caesar cipher and try to decrypt it.

A Caesar cipher is a type of substitution cipher in which each letter in the plaintext is 'shifted' a certain number of places down the alphabet. For example, with a shift of 1, A would be replaced by B, B would become C, and so on. The method is named after Julius Caesar, who apparently used it to communicate with his officials.

Let's assume the shift could be from 1 to 5:

1. Shift of 1: 
   Shifted letters: ficsrh

2. Shift of 2: 
   Shifted letters: ehbrqg

3. Shift of 3: 
   Shifted letters: dgaqpf

4. Shift of 4: 
   Shifted letters: cfzope

5. Shift of 5:
   Shifted letters: beynod

Again, none of these combinations form a recognizable English word.

Without knowledge of the specific shift value used, it might be challenging to decode it using the Caesar cipher model. It might require attempting with different shift values beyond 5.",1,5,"1. Digjst
2. Stjgid
3. Djstig
4. Tjdsgj
5. Jgtdis

However, none of these combinations form a recognizable English word. therefore we can safely assume that the given ciphertext is not an anagram. Let's move on to the second part, treating the ciphertext as a Caesar cipher and try to decrypt it.

A ",1,3
gjdtsi,beyond,6,5,"1. Digjst
2. Stjgid
3. Djstig
4. Tjdsgj
5. Jgtdis

However, none of these combinations form a recognizable English word. therefore we can safely assume that the given ciphertext is not an anagram. Let's move on to the second part, treating the ciphertext as a Caesar cipher and try to decrypt it.

A Caesar cipher is a type of substitution cipher in which each letter in the plaintext is 'shifted' a certain number of places down the alphabet. For example, with a shift of 1, A would be replaced by B, B would become C, and so on. The method is named after Julius Caesar, who apparently used it to communicate with his officials.

Let's assume the shift could be from 1 to 5:

1. Shift of 1: 
   Shifted letters: ficsrh

2. Shift of 2: 
   Shifted letters: ehbrqg

3. Shift of 3: 
   Shifted letters: dgaqpf

4. Shift of 4: 
   Shifted letters: cfzope

5. Shift of 5:
   Shifted letters: beynod

Again, none of these combinations form a recognizable English word.

Without knowledge of the specific shift value used, it might be challenging to decode it using the Caesar cipher model. It might require attempting with different shift values beyond 5.",1,6,"1. Digjst
2. Stjgid
3. Djstig
4. Tjdsgj
5. Jgtdis

However, none of these combinations form a recognizable English word. therefore we can safely assume that the given ciphertext is not an anagram. Let's move on to the second part, treating the ciphertext as a Caesar cipher and try to decrypt it.

A Caesar cipher is a type of substitution cipher in ",1,3
gjdtsi,beyond,6,5,"1. Digjst
2. Stjgid
3. Djstig
4. Tjdsgj
5. Jgtdis

However, none of these combinations form a recognizable English word. therefore we can safely assume that the given ciphertext is not an anagram. Let's move on to the second part, treating the ciphertext as a Caesar cipher and try to decrypt it.

A Caesar cipher is a type of substitution cipher in which each letter in the plaintext is 'shifted' a certain number of places down the alphabet. For example, with a shift of 1, A would be replaced by B, B would become C, and so on. The method is named after Julius Caesar, who apparently used it to communicate with his officials.

Let's assume the shift could be from 1 to 5:

1. Shift of 1: 
   Shifted letters: ficsrh

2. Shift of 2: 
   Shifted letters: ehbrqg

3. Shift of 3: 
   Shifted letters: dgaqpf

4. Shift of 4: 
   Shifted letters: cfzope

5. Shift of 5:
   Shifted letters: beynod

Again, none of these combinations form a recognizable English word.

Without knowledge of the specific shift value used, it might be challenging to decode it using the Caesar cipher model. It might require attempting with different shift values beyond 5.",1,7,"1. Digjst
2. Stjgid
3. Djstig
4. Tjdsgj
5. Jgtdis

However, none of these combinations form a recognizable English word. therefore we can safely assume that the given ciphertext is not an anagram. Let's move on to the second part, treating the ciphertext as a Caesar cipher and try to decrypt it.

A Caesar cipher is a type of substitution cipher in which each letter in the plaintext is 'shifted' a ",1,3
gjdtsi,beyond,6,5,"1. Digjst
2. Stjgid
3. Djstig
4. Tjdsgj
5. Jgtdis

However, none of these combinations form a recognizable English word. therefore we can safely assume that the given ciphertext is not an anagram. Let's move on to the second part, treating the ciphertext as a Caesar cipher and try to decrypt it.

A Caesar cipher is a type of substitution cipher in which each letter in the plaintext is 'shifted' a certain number of places down the alphabet. For example, with a shift of 1, A would be replaced by B, B would become C, and so on. The method is named after Julius Caesar, who apparently used it to communicate with his officials.

Let's assume the shift could be from 1 to 5:

1. Shift of 1: 
   Shifted letters: ficsrh

2. Shift of 2: 
   Shifted letters: ehbrqg

3. Shift of 3: 
   Shifted letters: dgaqpf

4. Shift of 4: 
   Shifted letters: cfzope

5. Shift of 5:
   Shifted letters: beynod

Again, none of these combinations form a recognizable English word.

Without knowledge of the specific shift value used, it might be challenging to decode it using the Caesar cipher model. It might require attempting with different shift values beyond 5.",1,8,"1. Digjst
2. Stjgid
3. Djstig
4. Tjdsgj
5. Jgtdis

However, none of these combinations form a recognizable English word. therefore we can safely assume that the given ciphertext is not an anagram. Let's move on to the second part, treating the ciphertext as a Caesar cipher and try to decrypt it.

A Caesar cipher is a type of substitution cipher in which each letter in the plaintext is 'shifted' a certain number of places down the alphabet. For ex",1,3
gjdtsi,beyond,6,5,"1. Digjst
2. Stjgid
3. Djstig
4. Tjdsgj
5. Jgtdis

However, none of these combinations form a recognizable English word. therefore we can safely assume that the given ciphertext is not an anagram. Let's move on to the second part, treating the ciphertext as a Caesar cipher and try to decrypt it.

A Caesar cipher is a type of substitution cipher in which each letter in the plaintext is 'shifted' a certain number of places down the alphabet. For example, with a shift of 1, A would be replaced by B, B would become C, and so on. The method is named after Julius Caesar, who apparently used it to communicate with his officials.

Let's assume the shift could be from 1 to 5:

1. Shift of 1: 
   Shifted letters: ficsrh

2. Shift of 2: 
   Shifted letters: ehbrqg

3. Shift of 3: 
   Shifted letters: dgaqpf

4. Shift of 4: 
   Shifted letters: cfzope

5. Shift of 5:
   Shifted letters: beynod

Again, none of these combinations form a recognizable English word.

Without knowledge of the specific shift value used, it might be challenging to decode it using the Caesar cipher model. It might require attempting with different shift values beyond 5.",1,9,"1. Digjst
2. Stjgid
3. Djstig
4. Tjdsgj
5. Jgtdis

However, none of these combinations form a recognizable English word. therefore we can safely assume that the given ciphertext is not an anagram. Let's move on to the second part, treating the ciphertext as a Caesar cipher and try to decrypt it.

A Caesar cipher is a type of substitution cipher in which each letter in the plaintext is 'shifted' a certain number of places down the alphabet. For example, with a shift of 1, A would be replaced by B",1,3
gjdtsi,beyond,6,5,"1. Digjst
2. Stjgid
3. Djstig
4. Tjdsgj
5. Jgtdis

However, none of these combinations form a recognizable English word. therefore we can safely assume that the given ciphertext is not an anagram. Let's move on to the second part, treating the ciphertext as a Caesar cipher and try to decrypt it.

A Caesar cipher is a type of substitution cipher in which each letter in the plaintext is 'shifted' a certain number of places down the alphabet. For example, with a shift of 1, A would be replaced by B, B would become C, and so on. The method is named after Julius Caesar, who apparently used it to communicate with his officials.

Let's assume the shift could be from 1 to 5:

1. Shift of 1: 
   Shifted letters: ficsrh

2. Shift of 2: 
   Shifted letters: ehbrqg

3. Shift of 3: 
   Shifted letters: dgaqpf

4. Shift of 4: 
   Shifted letters: cfzope

5. Shift of 5:
   Shifted letters: beynod

Again, none of these combinations form a recognizable English word.

Without knowledge of the specific shift value used, it might be challenging to decode it using the Caesar cipher model. It might require attempting with different shift values beyond 5.",1,10,"1. Digjst
2. Stjgid
3. Djstig
4. Tjdsgj
5. Jgtdis

However, none of these combinations form a recognizable English word. therefore we can safely assume that the given ciphertext is not an anagram. Let's move on to the second part, treating the ciphertext as a Caesar cipher and try to decrypt it.

A Caesar cipher is a type of substitution cipher in which each letter in the plaintext is 'shifted' a certain number of places down the alphabet. For example, with a shift of 1, A would be replaced by B, B would become C, and so on. The method is named",1,3
gjdtsi,beyond,6,5,"1. Digjst
2. Stjgid
3. Djstig
4. Tjdsgj
5. Jgtdis

However, none of these combinations form a recognizable English word. therefore we can safely assume that the given ciphertext is not an anagram. Let's move on to the second part, treating the ciphertext as a Caesar cipher and try to decrypt it.

A Caesar cipher is a type of substitution cipher in which each letter in the plaintext is 'shifted' a certain number of places down the alphabet. For example, with a shift of 1, A would be replaced by B, B would become C, and so on. The method is named after Julius Caesar, who apparently used it to communicate with his officials.

Let's assume the shift could be from 1 to 5:

1. Shift of 1: 
   Shifted letters: ficsrh

2. Shift of 2: 
   Shifted letters: ehbrqg

3. Shift of 3: 
   Shifted letters: dgaqpf

4. Shift of 4: 
   Shifted letters: cfzope

5. Shift of 5:
   Shifted letters: beynod

Again, none of these combinations form a recognizable English word.

Without knowledge of the specific shift value used, it might be challenging to decode it using the Caesar cipher model. It might require attempting with different shift values beyond 5.",1,11,"1. Digjst
2. Stjgid
3. Djstig
4. Tjdsgj
5. Jgtdis

However, none of these combinations form a recognizable English word. therefore we can safely assume that the given ciphertext is not an anagram. Let's move on to the second part, treating the ciphertext as a Caesar cipher and try to decrypt it.

A Caesar cipher is a type of substitution cipher in which each letter in the plaintext is 'shifted' a certain number of places down the alphabet. For example, with a shift of 1, A would be replaced by B, B would become C, and so on. The method is named after Julius Caesar, who apparently used it to co",1,3
gjdtsi,beyond,6,5,"1. Digjst
2. Stjgid
3. Djstig
4. Tjdsgj
5. Jgtdis

However, none of these combinations form a recognizable English word. therefore we can safely assume that the given ciphertext is not an anagram. Let's move on to the second part, treating the ciphertext as a Caesar cipher and try to decrypt it.

A Caesar cipher is a type of substitution cipher in which each letter in the plaintext is 'shifted' a certain number of places down the alphabet. For example, with a shift of 1, A would be replaced by B, B would become C, and so on. The method is named after Julius Caesar, who apparently used it to communicate with his officials.

Let's assume the shift could be from 1 to 5:

1. Shift of 1: 
   Shifted letters: ficsrh

2. Shift of 2: 
   Shifted letters: ehbrqg

3. Shift of 3: 
   Shifted letters: dgaqpf

4. Shift of 4: 
   Shifted letters: cfzope

5. Shift of 5:
   Shifted letters: beynod

Again, none of these combinations form a recognizable English word.

Without knowledge of the specific shift value used, it might be challenging to decode it using the Caesar cipher model. It might require attempting with different shift values beyond 5.",1,12,"1. Digjst
2. Stjgid
3. Djstig
4. Tjdsgj
5. Jgtdis

However, none of these combinations form a recognizable English word. therefore we can safely assume that the given ciphertext is not an anagram. Let's move on to the second part, treating the ciphertext as a Caesar cipher and try to decrypt it.

A Caesar cipher is a type of substitution cipher in which each letter in the plaintext is 'shifted' a certain number of places down the alphabet. For example, with a shift of 1, A would be replaced by B, B would become C, and so on. The method is named after Julius Caesar, who apparently used it to communicate with his officials.

Let's assume the sh",1,3
gjdtsi,beyond,6,5,"1. Digjst
2. Stjgid
3. Djstig
4. Tjdsgj
5. Jgtdis

However, none of these combinations form a recognizable English word. therefore we can safely assume that the given ciphertext is not an anagram. Let's move on to the second part, treating the ciphertext as a Caesar cipher and try to decrypt it.

A Caesar cipher is a type of substitution cipher in which each letter in the plaintext is 'shifted' a certain number of places down the alphabet. For example, with a shift of 1, A would be replaced by B, B would become C, and so on. The method is named after Julius Caesar, who apparently used it to communicate with his officials.

Let's assume the shift could be from 1 to 5:

1. Shift of 1: 
   Shifted letters: ficsrh

2. Shift of 2: 
   Shifted letters: ehbrqg

3. Shift of 3: 
   Shifted letters: dgaqpf

4. Shift of 4: 
   Shifted letters: cfzope

5. Shift of 5:
   Shifted letters: beynod

Again, none of these combinations form a recognizable English word.

Without knowledge of the specific shift value used, it might be challenging to decode it using the Caesar cipher model. It might require attempting with different shift values beyond 5.",1,13,"1. Digjst
2. Stjgid
3. Djstig
4. Tjdsgj
5. Jgtdis

However, none of these combinations form a recognizable English word. therefore we can safely assume that the given ciphertext is not an anagram. Let's move on to the second part, treating the ciphertext as a Caesar cipher and try to decrypt it.

A Caesar cipher is a type of substitution cipher in which each letter in the plaintext is 'shifted' a certain number of places down the alphabet. For example, with a shift of 1, A would be replaced by B, B would become C, and so on. The method is named after Julius Caesar, who apparently used it to communicate with his officials.

Let's assume the shift could be from 1 to 5:

1. Shift of 1: 
   Shif",1,3
gjdtsi,beyond,6,5,"1. Digjst
2. Stjgid
3. Djstig
4. Tjdsgj
5. Jgtdis

However, none of these combinations form a recognizable English word. therefore we can safely assume that the given ciphertext is not an anagram. Let's move on to the second part, treating the ciphertext as a Caesar cipher and try to decrypt it.

A Caesar cipher is a type of substitution cipher in which each letter in the plaintext is 'shifted' a certain number of places down the alphabet. For example, with a shift of 1, A would be replaced by B, B would become C, and so on. The method is named after Julius Caesar, who apparently used it to communicate with his officials.

Let's assume the shift could be from 1 to 5:

1. Shift of 1: 
   Shifted letters: ficsrh

2. Shift of 2: 
   Shifted letters: ehbrqg

3. Shift of 3: 
   Shifted letters: dgaqpf

4. Shift of 4: 
   Shifted letters: cfzope

5. Shift of 5:
   Shifted letters: beynod

Again, none of these combinations form a recognizable English word.

Without knowledge of the specific shift value used, it might be challenging to decode it using the Caesar cipher model. It might require attempting with different shift values beyond 5.",1,14,"1. Digjst
2. Stjgid
3. Djstig
4. Tjdsgj
5. Jgtdis

However, none of these combinations form a recognizable English word. therefore we can safely assume that the given ciphertext is not an anagram. Let's move on to the second part, treating the ciphertext as a Caesar cipher and try to decrypt it.

A Caesar cipher is a type of substitution cipher in which each letter in the plaintext is 'shifted' a certain number of places down the alphabet. For example, with a shift of 1, A would be replaced by B, B would become C, and so on. The method is named after Julius Caesar, who apparently used it to communicate with his officials.

Let's assume the shift could be from 1 to 5:

1. Shift of 1: 
   Shifted letters: ficsrh

2. Shift of 2: 
   Shifted le",1,3
gjdtsi,beyond,6,5,"1. Digjst
2. Stjgid
3. Djstig
4. Tjdsgj
5. Jgtdis

However, none of these combinations form a recognizable English word. therefore we can safely assume that the given ciphertext is not an anagram. Let's move on to the second part, treating the ciphertext as a Caesar cipher and try to decrypt it.

A Caesar cipher is a type of substitution cipher in which each letter in the plaintext is 'shifted' a certain number of places down the alphabet. For example, with a shift of 1, A would be replaced by B, B would become C, and so on. The method is named after Julius Caesar, who apparently used it to communicate with his officials.

Let's assume the shift could be from 1 to 5:

1. Shift of 1: 
   Shifted letters: ficsrh

2. Shift of 2: 
   Shifted letters: ehbrqg

3. Shift of 3: 
   Shifted letters: dgaqpf

4. Shift of 4: 
   Shifted letters: cfzope

5. Shift of 5:
   Shifted letters: beynod

Again, none of these combinations form a recognizable English word.

Without knowledge of the specific shift value used, it might be challenging to decode it using the Caesar cipher model. It might require attempting with different shift values beyond 5.",1,15,"1. Digjst
2. Stjgid
3. Djstig
4. Tjdsgj
5. Jgtdis

However, none of these combinations form a recognizable English word. therefore we can safely assume that the given ciphertext is not an anagram. Let's move on to the second part, treating the ciphertext as a Caesar cipher and try to decrypt it.

A Caesar cipher is a type of substitution cipher in which each letter in the plaintext is 'shifted' a certain number of places down the alphabet. For example, with a shift of 1, A would be replaced by B, B would become C, and so on. The method is named after Julius Caesar, who apparently used it to communicate with his officials.

Let's assume the shift could be from 1 to 5:

1. Shift of 1: 
   Shifted letters: ficsrh

2. Shift of 2: 
   Shifted letters: ehbrqg

3. Shift of 3: 
   Shifted letters:",1,3
gjdtsi,beyond,6,5,"1. Digjst
2. Stjgid
3. Djstig
4. Tjdsgj
5. Jgtdis

However, none of these combinations form a recognizable English word. therefore we can safely assume that the given ciphertext is not an anagram. Let's move on to the second part, treating the ciphertext as a Caesar cipher and try to decrypt it.

A Caesar cipher is a type of substitution cipher in which each letter in the plaintext is 'shifted' a certain number of places down the alphabet. For example, with a shift of 1, A would be replaced by B, B would become C, and so on. The method is named after Julius Caesar, who apparently used it to communicate with his officials.

Let's assume the shift could be from 1 to 5:

1. Shift of 1: 
   Shifted letters: ficsrh

2. Shift of 2: 
   Shifted letters: ehbrqg

3. Shift of 3: 
   Shifted letters: dgaqpf

4. Shift of 4: 
   Shifted letters: cfzope

5. Shift of 5:
   Shifted letters: beynod

Again, none of these combinations form a recognizable English word.

Without knowledge of the specific shift value used, it might be challenging to decode it using the Caesar cipher model. It might require attempting with different shift values beyond 5.",1,16,"1. Digjst
2. Stjgid
3. Djstig
4. Tjdsgj
5. Jgtdis

However, none of these combinations form a recognizable English word. therefore we can safely assume that the given ciphertext is not an anagram. Let's move on to the second part, treating the ciphertext as a Caesar cipher and try to decrypt it.

A Caesar cipher is a type of substitution cipher in which each letter in the plaintext is 'shifted' a certain number of places down the alphabet. For example, with a shift of 1, A would be replaced by B, B would become C, and so on. The method is named after Julius Caesar, who apparently used it to communicate with his officials.

Let's assume the shift could be from 1 to 5:

1. Shift of 1: 
   Shifted letters: ficsrh

2. Shift of 2: 
   Shifted letters: ehbrqg

3. Shift of 3: 
   Shifted letters: dgaqpf

4. Shift of 4: 
   Shifted letters: cfzop",1,3
gjdtsi,beyond,6,5,"1. Digjst
2. Stjgid
3. Djstig
4. Tjdsgj
5. Jgtdis

However, none of these combinations form a recognizable English word. therefore we can safely assume that the given ciphertext is not an anagram. Let's move on to the second part, treating the ciphertext as a Caesar cipher and try to decrypt it.

A Caesar cipher is a type of substitution cipher in which each letter in the plaintext is 'shifted' a certain number of places down the alphabet. For example, with a shift of 1, A would be replaced by B, B would become C, and so on. The method is named after Julius Caesar, who apparently used it to communicate with his officials.

Let's assume the shift could be from 1 to 5:

1. Shift of 1: 
   Shifted letters: ficsrh

2. Shift of 2: 
   Shifted letters: ehbrqg

3. Shift of 3: 
   Shifted letters: dgaqpf

4. Shift of 4: 
   Shifted letters: cfzope

5. Shift of 5:
   Shifted letters: beynod

Again, none of these combinations form a recognizable English word.

Without knowledge of the specific shift value used, it might be challenging to decode it using the Caesar cipher model. It might require attempting with different shift values beyond 5.",1,17,"1. Digjst
2. Stjgid
3. Djstig
4. Tjdsgj
5. Jgtdis

However, none of these combinations form a recognizable English word. therefore we can safely assume that the given ciphertext is not an anagram. Let's move on to the second part, treating the ciphertext as a Caesar cipher and try to decrypt it.

A Caesar cipher is a type of substitution cipher in which each letter in the plaintext is 'shifted' a certain number of places down the alphabet. For example, with a shift of 1, A would be replaced by B, B would become C, and so on. The method is named after Julius Caesar, who apparently used it to communicate with his officials.

Let's assume the shift could be from 1 to 5:

1. Shift of 1: 
   Shifted letters: ficsrh

2. Shift of 2: 
   Shifted letters: ehbrqg

3. Shift of 3: 
   Shifted letters: dgaqpf

4. Shift of 4: 
   Shifted letters: cfzope

5. Shift of 5:
   Shifted letters: beynod

Agai",1,3
gjdtsi,beyond,6,5,"1. Digjst
2. Stjgid
3. Djstig
4. Tjdsgj
5. Jgtdis

However, none of these combinations form a recognizable English word. therefore we can safely assume that the given ciphertext is not an anagram. Let's move on to the second part, treating the ciphertext as a Caesar cipher and try to decrypt it.

A Caesar cipher is a type of substitution cipher in which each letter in the plaintext is 'shifted' a certain number of places down the alphabet. For example, with a shift of 1, A would be replaced by B, B would become C, and so on. The method is named after Julius Caesar, who apparently used it to communicate with his officials.

Let's assume the shift could be from 1 to 5:

1. Shift of 1: 
   Shifted letters: ficsrh

2. Shift of 2: 
   Shifted letters: ehbrqg

3. Shift of 3: 
   Shifted letters: dgaqpf

4. Shift of 4: 
   Shifted letters: cfzope

5. Shift of 5:
   Shifted letters: beynod

Again, none of these combinations form a recognizable English word.

Without knowledge of the specific shift value used, it might be challenging to decode it using the Caesar cipher model. It might require attempting with different shift values beyond 5.",1,18,"1. Digjst
2. Stjgid
3. Djstig
4. Tjdsgj
5. Jgtdis

However, none of these combinations form a recognizable English word. therefore we can safely assume that the given ciphertext is not an anagram. Let's move on to the second part, treating the ciphertext as a Caesar cipher and try to decrypt it.

A Caesar cipher is a type of substitution cipher in which each letter in the plaintext is 'shifted' a certain number of places down the alphabet. For example, with a shift of 1, A would be replaced by B, B would become C, and so on. The method is named after Julius Caesar, who apparently used it to communicate with his officials.

Let's assume the shift could be from 1 to 5:

1. Shift of 1: 
   Shifted letters: ficsrh

2. Shift of 2: 
   Shifted letters: ehbrqg

3. Shift of 3: 
   Shifted letters: dgaqpf

4. Shift of 4: 
   Shifted letters: cfzope

5. Shift of 5:
   Shifted letters: beynod

Again, none of these combinations form a recognizable ",1,3
gjdtsi,beyond,6,5,"1. Digjst
2. Stjgid
3. Djstig
4. Tjdsgj
5. Jgtdis

However, none of these combinations form a recognizable English word. therefore we can safely assume that the given ciphertext is not an anagram. Let's move on to the second part, treating the ciphertext as a Caesar cipher and try to decrypt it.

A Caesar cipher is a type of substitution cipher in which each letter in the plaintext is 'shifted' a certain number of places down the alphabet. For example, with a shift of 1, A would be replaced by B, B would become C, and so on. The method is named after Julius Caesar, who apparently used it to communicate with his officials.

Let's assume the shift could be from 1 to 5:

1. Shift of 1: 
   Shifted letters: ficsrh

2. Shift of 2: 
   Shifted letters: ehbrqg

3. Shift of 3: 
   Shifted letters: dgaqpf

4. Shift of 4: 
   Shifted letters: cfzope

5. Shift of 5:
   Shifted letters: beynod

Again, none of these combinations form a recognizable English word.

Without knowledge of the specific shift value used, it might be challenging to decode it using the Caesar cipher model. It might require attempting with different shift values beyond 5.",1,19,"1. Digjst
2. Stjgid
3. Djstig
4. Tjdsgj
5. Jgtdis

However, none of these combinations form a recognizable English word. therefore we can safely assume that the given ciphertext is not an anagram. Let's move on to the second part, treating the ciphertext as a Caesar cipher and try to decrypt it.

A Caesar cipher is a type of substitution cipher in which each letter in the plaintext is 'shifted' a certain number of places down the alphabet. For example, with a shift of 1, A would be replaced by B, B would become C, and so on. The method is named after Julius Caesar, who apparently used it to communicate with his officials.

Let's assume the shift could be from 1 to 5:

1. Shift of 1: 
   Shifted letters: ficsrh

2. Shift of 2: 
   Shifted letters: ehbrqg

3. Shift of 3: 
   Shifted letters: dgaqpf

4. Shift of 4: 
   Shifted letters: cfzope

5. Shift of 5:
   Shifted letters: beynod

Again, none of these combinations form a recognizable English word.

Without knowledge of the specific s",1,3
gjdtsi,beyond,6,5,"1. Digjst
2. Stjgid
3. Djstig
4. Tjdsgj
5. Jgtdis

However, none of these combinations form a recognizable English word. therefore we can safely assume that the given ciphertext is not an anagram. Let's move on to the second part, treating the ciphertext as a Caesar cipher and try to decrypt it.

A Caesar cipher is a type of substitution cipher in which each letter in the plaintext is 'shifted' a certain number of places down the alphabet. For example, with a shift of 1, A would be replaced by B, B would become C, and so on. The method is named after Julius Caesar, who apparently used it to communicate with his officials.

Let's assume the shift could be from 1 to 5:

1. Shift of 1: 
   Shifted letters: ficsrh

2. Shift of 2: 
   Shifted letters: ehbrqg

3. Shift of 3: 
   Shifted letters: dgaqpf

4. Shift of 4: 
   Shifted letters: cfzope

5. Shift of 5:
   Shifted letters: beynod

Again, none of these combinations form a recognizable English word.

Without knowledge of the specific shift value used, it might be challenging to decode it using the Caesar cipher model. It might require attempting with different shift values beyond 5.",1,20,"1. Digjst
2. Stjgid
3. Djstig
4. Tjdsgj
5. Jgtdis

However, none of these combinations form a recognizable English word. therefore we can safely assume that the given ciphertext is not an anagram. Let's move on to the second part, treating the ciphertext as a Caesar cipher and try to decrypt it.

A Caesar cipher is a type of substitution cipher in which each letter in the plaintext is 'shifted' a certain number of places down the alphabet. For example, with a shift of 1, A would be replaced by B, B would become C, and so on. The method is named after Julius Caesar, who apparently used it to communicate with his officials.

Let's assume the shift could be from 1 to 5:

1. Shift of 1: 
   Shifted letters: ficsrh

2. Shift of 2: 
   Shifted letters: ehbrqg

3. Shift of 3: 
   Shifted letters: dgaqpf

4. Shift of 4: 
   Shifted letters: cfzope

5. Shift of 5:
   Shifted letters: beynod

Again, none of these combinations form a recognizable English word.

Without knowledge of the specific shift value used, it might be challenging to decode",1,3
gjdtsi,beyond,6,5,"1. Digjst
2. Stjgid
3. Djstig
4. Tjdsgj
5. Jgtdis

However, none of these combinations form a recognizable English word. therefore we can safely assume that the given ciphertext is not an anagram. Let's move on to the second part, treating the ciphertext as a Caesar cipher and try to decrypt it.

A Caesar cipher is a type of substitution cipher in which each letter in the plaintext is 'shifted' a certain number of places down the alphabet. For example, with a shift of 1, A would be replaced by B, B would become C, and so on. The method is named after Julius Caesar, who apparently used it to communicate with his officials.

Let's assume the shift could be from 1 to 5:

1. Shift of 1: 
   Shifted letters: ficsrh

2. Shift of 2: 
   Shifted letters: ehbrqg

3. Shift of 3: 
   Shifted letters: dgaqpf

4. Shift of 4: 
   Shifted letters: cfzope

5. Shift of 5:
   Shifted letters: beynod

Again, none of these combinations form a recognizable English word.

Without knowledge of the specific shift value used, it might be challenging to decode it using the Caesar cipher model. It might require attempting with different shift values beyond 5.",1,21,"1. Digjst
2. Stjgid
3. Djstig
4. Tjdsgj
5. Jgtdis

However, none of these combinations form a recognizable English word. therefore we can safely assume that the given ciphertext is not an anagram. Let's move on to the second part, treating the ciphertext as a Caesar cipher and try to decrypt it.

A Caesar cipher is a type of substitution cipher in which each letter in the plaintext is 'shifted' a certain number of places down the alphabet. For example, with a shift of 1, A would be replaced by B, B would become C, and so on. The method is named after Julius Caesar, who apparently used it to communicate with his officials.

Let's assume the shift could be from 1 to 5:

1. Shift of 1: 
   Shifted letters: ficsrh

2. Shift of 2: 
   Shifted letters: ehbrqg

3. Shift of 3: 
   Shifted letters: dgaqpf

4. Shift of 4: 
   Shifted letters: cfzope

5. Shift of 5:
   Shifted letters: beynod

Again, none of these combinations form a recognizable English word.

Without knowledge of the specific shift value used, it might be challenging to decode it using the Caesar cipher model. It might requir",1,3
gjdtsi,beyond,6,5,"1. Digjst
2. Stjgid
3. Djstig
4. Tjdsgj
5. Jgtdis

However, none of these combinations form a recognizable English word. therefore we can safely assume that the given ciphertext is not an anagram. Let's move on to the second part, treating the ciphertext as a Caesar cipher and try to decrypt it.

A Caesar cipher is a type of substitution cipher in which each letter in the plaintext is 'shifted' a certain number of places down the alphabet. For example, with a shift of 1, A would be replaced by B, B would become C, and so on. The method is named after Julius Caesar, who apparently used it to communicate with his officials.

Let's assume the shift could be from 1 to 5:

1. Shift of 1: 
   Shifted letters: ficsrh

2. Shift of 2: 
   Shifted letters: ehbrqg

3. Shift of 3: 
   Shifted letters: dgaqpf

4. Shift of 4: 
   Shifted letters: cfzope

5. Shift of 5:
   Shifted letters: beynod

Again, none of these combinations form a recognizable English word.

Without knowledge of the specific shift value used, it might be challenging to decode it using the Caesar cipher model. It might require attempting with different shift values beyond 5.",1,22,"1. Digjst
2. Stjgid
3. Djstig
4. Tjdsgj
5. Jgtdis

However, none of these combinations form a recognizable English word. therefore we can safely assume that the given ciphertext is not an anagram. Let's move on to the second part, treating the ciphertext as a Caesar cipher and try to decrypt it.

A Caesar cipher is a type of substitution cipher in which each letter in the plaintext is 'shifted' a certain number of places down the alphabet. For example, with a shift of 1, A would be replaced by B, B would become C, and so on. The method is named after Julius Caesar, who apparently used it to communicate with his officials.

Let's assume the shift could be from 1 to 5:

1. Shift of 1: 
   Shifted letters: ficsrh

2. Shift of 2: 
   Shifted letters: ehbrqg

3. Shift of 3: 
   Shifted letters: dgaqpf

4. Shift of 4: 
   Shifted letters: cfzope

5. Shift of 5:
   Shifted letters: beynod

Again, none of these combinations form a recognizable English word.

Without knowledge of the specific shift value used, it might be challenging to decode it using the Caesar cipher model. It might require attempting with different shift values beyond 5.",1,3
