problem,original,word_length,shift,context,correct,index,prefix,switch,switch_index
offe,need,4,1,"1. offe -> fofe
2. offe -> feof
3. offe -> oeff
4. offe -> foef
5. offe -> effo

It doesn't seem like unscrambling the letters as an anagram is producing any meaningful English words. Let's try decrypting it as a Caesar cipher using at least 5 different shifts:

1. Shift 1: need
2. Shift 2: meed
3. Shift 3: leec
4. Shift 4: kddb
5. Shift 5: jcca

None of the results from the Caesar cipher decryption seem to be valid English words either.",1,0,"1. offe -> fofe
2. offe -> feof
3. offe -> oeff
4.",0,3.0
offe,need,4,1,"1. offe -> fofe
2. offe -> feof
3. offe -> oeff
4. offe -> foef
5. offe -> effo

It doesn't seem like unscrambling the letters as an anagram is producing any meaningful English words. Let's try decrypting it as a Caesar cipher using at least 5 different shifts:

1. Shift 1: need
2. Shift 2: meed
3. Shift 3: leec
4. Shift 4: kddb
5. Shift 5: jcca

None of the results from the Caesar cipher decryption seem to be valid English words either.",1,1,"1. offe -> fofe
2. offe -> feof
3. offe -> oeff
4. offe -> foef
5. offe -> effo

It doesn't seem lik",0,3.0
offe,need,4,1,"1. offe -> fofe
2. offe -> feof
3. offe -> oeff
4. offe -> foef
5. offe -> effo

It doesn't seem like unscrambling the letters as an anagram is producing any meaningful English words. Let's try decrypting it as a Caesar cipher using at least 5 different shifts:

1. Shift 1: need
2. Shift 2: meed
3. Shift 3: leec
4. Shift 4: kddb
5. Shift 5: jcca

None of the results from the Caesar cipher decryption seem to be valid English words either.",1,2,"1. offe -> fofe
2. offe -> feof
3. offe -> oeff
4. offe -> foef
5. offe -> effo

It doesn't seem like unscrambling the letters as an anagram is produc",0,3.0
offe,need,4,1,"1. offe -> fofe
2. offe -> feof
3. offe -> oeff
4. offe -> foef
5. offe -> effo

It doesn't seem like unscrambling the letters as an anagram is producing any meaningful English words. Let's try decrypting it as a Caesar cipher using at least 5 different shifts:

1. Shift 1: need
2. Shift 2: meed
3. Shift 3: leec
4. Shift 4: kddb
5. Shift 5: jcca

None of the results from the Caesar cipher decryption seem to be valid English words either.",1,3,"1. offe -> fofe
2. offe -> feof
3. offe -> oeff
4. offe -> foef
5. offe -> effo

It doesn't seem like unscrambling the letters as an anagram is producing any meaningful English words. Let's try decryp",1,3.0
offe,need,4,1,"1. offe -> fofe
2. offe -> feof
3. offe -> oeff
4. offe -> foef
5. offe -> effo

It doesn't seem like unscrambling the letters as an anagram is producing any meaningful English words. Let's try decrypting it as a Caesar cipher using at least 5 different shifts:

1. Shift 1: need
2. Shift 2: meed
3. Shift 3: leec
4. Shift 4: kddb
5. Shift 5: jcca

None of the results from the Caesar cipher decryption seem to be valid English words either.",1,4,"1. offe -> fofe
2. offe -> feof
3. offe -> oeff
4. offe -> foef
5. offe -> effo

It doesn't seem like unscrambling the letters as an anagram is producing any meaningful English words. Let's try decrypting it as a Caesar cipher using at least 5 differ",1,3.0
offe,need,4,1,"1. offe -> fofe
2. offe -> feof
3. offe -> oeff
4. offe -> foef
5. offe -> effo

It doesn't seem like unscrambling the letters as an anagram is producing any meaningful English words. Let's try decrypting it as a Caesar cipher using at least 5 different shifts:

1. Shift 1: need
2. Shift 2: meed
3. Shift 3: leec
4. Shift 4: kddb
5. Shift 5: jcca

None of the results from the Caesar cipher decryption seem to be valid English words either.",1,5,"1. offe -> fofe
2. offe -> feof
3. offe -> oeff
4. offe -> foef
5. offe -> effo

It doesn't seem like unscrambling the letters as an anagram is producing any meaningful English words. Let's try decrypting it as a Caesar cipher using at least 5 different shifts:

1. Shift 1: need
2. Shift 2: meed
3. ",1,3.0
offe,need,4,1,"1. offe -> fofe
2. offe -> feof
3. offe -> oeff
4. offe -> foef
5. offe -> effo

It doesn't seem like unscrambling the letters as an anagram is producing any meaningful English words. Let's try decrypting it as a Caesar cipher using at least 5 different shifts:

1. Shift 1: need
2. Shift 2: meed
3. Shift 3: leec
4. Shift 4: kddb
5. Shift 5: jcca

None of the results from the Caesar cipher decryption seem to be valid English words either.",1,6,"1. offe -> fofe
2. offe -> feof
3. offe -> oeff
4. offe -> foef
5. offe -> effo

It doesn't seem like unscrambling the letters as an anagram is producing any meaningful English words. Let's try decrypting it as a Caesar cipher using at least 5 different shifts:

1. Shift 1: need
2. Shift 2: meed
3. Shift 3: leec
4. Shift 4: kddb
5. Shift 5: jcca

N",1,3.0
offe,need,4,1,"1. offe -> fofe
2. offe -> feof
3. offe -> oeff
4. offe -> foef
5. offe -> effo

It doesn't seem like unscrambling the letters as an anagram is producing any meaningful English words. Let's try decrypting it as a Caesar cipher using at least 5 different shifts:

1. Shift 1: need
2. Shift 2: meed
3. Shift 3: leec
4. Shift 4: kddb
5. Shift 5: jcca

None of the results from the Caesar cipher decryption seem to be valid English words either.",1,7,"1. offe -> fofe
2. offe -> feof
3. offe -> oeff
4. offe -> foef
5. offe -> effo

It doesn't seem like unscrambling the letters as an anagram is producing any meaningful English words. Let's try decrypting it as a Caesar cipher using at least 5 different shifts:

1. Shift 1: need
2. Shift 2: meed
3. Shift 3: leec
4. Shift 4: kddb
5. Shift 5: jcca

None of the results from the Caesar cipher decrypti",1,3.0
offe,need,4,1,"1. offe -> fofe
2. offe -> feof
3. offe -> oeff
4. offe -> foef
5. offe -> effo

It doesn't seem like unscrambling the letters as an anagram is producing any meaningful English words. Let's try decrypting it as a Caesar cipher using at least 5 different shifts:

1. Shift 1: need
2. Shift 2: meed
3. Shift 3: leec
4. Shift 4: kddb
5. Shift 5: jcca

None of the results from the Caesar cipher decryption seem to be valid English words either.",1,8,"1. offe -> fofe
2. offe -> feof
3. offe -> oeff
4. offe -> foef
5. offe -> effo

It doesn't seem like unscrambling the letters as an anagram is producing any meaningful English words. Let's try decrypting it as a Caesar cipher using at least 5 different shifts:

1. Shift 1: need
2. Shift 2: meed
3. Shift 3: leec
4. Shift 4: kddb
5. Shift 5: jcca

None of the results from the Caesar cipher decryption seem to be valid English words either.",1,3.0
spdl,rock,4,1,"1. spdl -> sldp
2. spdl -> dslp
3. spdl -> plds
4. spdl -> dspl
5. spdl -> ldsp 

Now, I'll try decrypting the ciphertext using a Caesar cipher with different shifts.
1. spdl -> rock
2. spdl -> qnck
3. spdl -> pmcj
4. spdl -> olbi
5. spdl -> nkah

None of the attempts at unscrambling the word as an anagram or decrypting it as a Caesar cipher seem to be yielding a recognizable English word.",1,0,"1. spdl -> sldp
2. spdl -> dslp
3. spdl -> plds
4.",0,1.0
spdl,rock,4,1,"1. spdl -> sldp
2. spdl -> dslp
3. spdl -> plds
4. spdl -> dspl
5. spdl -> ldsp 

Now, I'll try decrypting the ciphertext using a Caesar cipher with different shifts.
1. spdl -> rock
2. spdl -> qnck
3. spdl -> pmcj
4. spdl -> olbi
5. spdl -> nkah

None of the attempts at unscrambling the word as an anagram or decrypting it as a Caesar cipher seem to be yielding a recognizable English word.",1,1,"1. spdl -> sldp
2. spdl -> dslp
3. spdl -> plds
4. spdl -> dspl
5. spdl -> ldsp 

Now, I'll try decr",1,1.0
spdl,rock,4,1,"1. spdl -> sldp
2. spdl -> dslp
3. spdl -> plds
4. spdl -> dspl
5. spdl -> ldsp 

Now, I'll try decrypting the ciphertext using a Caesar cipher with different shifts.
1. spdl -> rock
2. spdl -> qnck
3. spdl -> pmcj
4. spdl -> olbi
5. spdl -> nkah

None of the attempts at unscrambling the word as an anagram or decrypting it as a Caesar cipher seem to be yielding a recognizable English word.",1,2,"1. spdl -> sldp
2. spdl -> dslp
3. spdl -> plds
4. spdl -> dspl
5. spdl -> ldsp 

Now, I'll try decrypting the ciphertext using a Caesar cipher with d",1,1.0
spdl,rock,4,1,"1. spdl -> sldp
2. spdl -> dslp
3. spdl -> plds
4. spdl -> dspl
5. spdl -> ldsp 

Now, I'll try decrypting the ciphertext using a Caesar cipher with different shifts.
1. spdl -> rock
2. spdl -> qnck
3. spdl -> pmcj
4. spdl -> olbi
5. spdl -> nkah

None of the attempts at unscrambling the word as an anagram or decrypting it as a Caesar cipher seem to be yielding a recognizable English word.",1,3,"1. spdl -> sldp
2. spdl -> dslp
3. spdl -> plds
4. spdl -> dspl
5. spdl -> ldsp 

Now, I'll try decrypting the ciphertext using a Caesar cipher with different shifts.
1. spdl -> rock
2. spdl -> qnck
3",1,1.0
spdl,rock,4,1,"1. spdl -> sldp
2. spdl -> dslp
3. spdl -> plds
4. spdl -> dspl
5. spdl -> ldsp 

Now, I'll try decrypting the ciphertext using a Caesar cipher with different shifts.
1. spdl -> rock
2. spdl -> qnck
3. spdl -> pmcj
4. spdl -> olbi
5. spdl -> nkah

None of the attempts at unscrambling the word as an anagram or decrypting it as a Caesar cipher seem to be yielding a recognizable English word.",1,4,"1. spdl -> sldp
2. spdl -> dslp
3. spdl -> plds
4. spdl -> dspl
5. spdl -> ldsp 

Now, I'll try decrypting the ciphertext using a Caesar cipher with different shifts.
1. spdl -> rock
2. spdl -> qnck
3. spdl -> pmcj
4. spdl -> olbi
5. spdl -> nkah

No",1,1.0
spdl,rock,4,1,"1. spdl -> sldp
2. spdl -> dslp
3. spdl -> plds
4. spdl -> dspl
5. spdl -> ldsp 

Now, I'll try decrypting the ciphertext using a Caesar cipher with different shifts.
1. spdl -> rock
2. spdl -> qnck
3. spdl -> pmcj
4. spdl -> olbi
5. spdl -> nkah

None of the attempts at unscrambling the word as an anagram or decrypting it as a Caesar cipher seem to be yielding a recognizable English word.",1,5,"1. spdl -> sldp
2. spdl -> dslp
3. spdl -> plds
4. spdl -> dspl
5. spdl -> ldsp 

Now, I'll try decrypting the ciphertext using a Caesar cipher with different shifts.
1. spdl -> rock
2. spdl -> qnck
3. spdl -> pmcj
4. spdl -> olbi
5. spdl -> nkah

None of the attempts at unscrambling the word as an ",1,1.0
spdl,rock,4,1,"1. spdl -> sldp
2. spdl -> dslp
3. spdl -> plds
4. spdl -> dspl
5. spdl -> ldsp 

Now, I'll try decrypting the ciphertext using a Caesar cipher with different shifts.
1. spdl -> rock
2. spdl -> qnck
3. spdl -> pmcj
4. spdl -> olbi
5. spdl -> nkah

None of the attempts at unscrambling the word as an anagram or decrypting it as a Caesar cipher seem to be yielding a recognizable English word.",1,6,"1. spdl -> sldp
2. spdl -> dslp
3. spdl -> plds
4. spdl -> dspl
5. spdl -> ldsp 

Now, I'll try decrypting the ciphertext using a Caesar cipher with different shifts.
1. spdl -> rock
2. spdl -> qnck
3. spdl -> pmcj
4. spdl -> olbi
5. spdl -> nkah

None of the attempts at unscrambling the word as an anagram or decrypting it as a Caesar cipher seem t",1,1.0
spdl,rock,4,1,"1. spdl -> sldp
2. spdl -> dslp
3. spdl -> plds
4. spdl -> dspl
5. spdl -> ldsp 

Now, I'll try decrypting the ciphertext using a Caesar cipher with different shifts.
1. spdl -> rock
2. spdl -> qnck
3. spdl -> pmcj
4. spdl -> olbi
5. spdl -> nkah

None of the attempts at unscrambling the word as an anagram or decrypting it as a Caesar cipher seem to be yielding a recognizable English word.",1,7,"1. spdl -> sldp
2. spdl -> dslp
3. spdl -> plds
4. spdl -> dspl
5. spdl -> ldsp 

Now, I'll try decrypting the ciphertext using a Caesar cipher with different shifts.
1. spdl -> rock
2. spdl -> qnck
3. spdl -> pmcj
4. spdl -> olbi
5. spdl -> nkah

None of the attempts at unscrambling the word as an anagram or decrypting it as a Caesar cipher seem to be yielding a recognizable English word.",1,1.0
nvtu,must,4,1,"1. vunt
2. tunv
3. tvun
4. utvn
5. unvt

Since unscrambling as an anagram didn't produce any meaningful English words, I'll try decrypting it as a Caesar cipher with different shifts.

1. Shift 1: musr
2. Shift 2: ltrq
3. Shift 3: kspq
4. Shift 4: jrop
5. Shift 5: iqno

None of the shifts produced any meaningful English words, so the original word is still unclear.",0,0,"1. vunt
2. tunv
3. tvun
4. utvn
5. unvt

Since uns",1,0.0
nvtu,must,4,1,"1. vunt
2. tunv
3. tvun
4. utvn
5. unvt

Since unscrambling as an anagram didn't produce any meaningful English words, I'll try decrypting it as a Caesar cipher with different shifts.

1. Shift 1: musr
2. Shift 2: ltrq
3. Shift 3: kspq
4. Shift 4: jrop
5. Shift 5: iqno

None of the shifts produced any meaningful English words, so the original word is still unclear.",0,1,"1. vunt
2. tunv
3. tvun
4. utvn
5. unvt

Since unscrambling as an anagram didn't produce any meaning",1,0.0
nvtu,must,4,1,"1. vunt
2. tunv
3. tvun
4. utvn
5. unvt

Since unscrambling as an anagram didn't produce any meaningful English words, I'll try decrypting it as a Caesar cipher with different shifts.

1. Shift 1: musr
2. Shift 2: ltrq
3. Shift 3: kspq
4. Shift 4: jrop
5. Shift 5: iqno

None of the shifts produced any meaningful English words, so the original word is still unclear.",0,2,"1. vunt
2. tunv
3. tvun
4. utvn
5. unvt

Since unscrambling as an anagram didn't produce any meaningful English words, I'll try decrypting it as a Cae",1,0.0
nvtu,must,4,1,"1. vunt
2. tunv
3. tvun
4. utvn
5. unvt

Since unscrambling as an anagram didn't produce any meaningful English words, I'll try decrypting it as a Caesar cipher with different shifts.

1. Shift 1: musr
2. Shift 2: ltrq
3. Shift 3: kspq
4. Shift 4: jrop
5. Shift 5: iqno

None of the shifts produced any meaningful English words, so the original word is still unclear.",0,3,"1. vunt
2. tunv
3. tvun
4. utvn
5. unvt

Since unscrambling as an anagram didn't produce any meaningful English words, I'll try decrypting it as a Caesar cipher with different shifts.

1. Shift 1: mus",1,0.0
nvtu,must,4,1,"1. vunt
2. tunv
3. tvun
4. utvn
5. unvt

Since unscrambling as an anagram didn't produce any meaningful English words, I'll try decrypting it as a Caesar cipher with different shifts.

1. Shift 1: musr
2. Shift 2: ltrq
3. Shift 3: kspq
4. Shift 4: jrop
5. Shift 5: iqno

None of the shifts produced any meaningful English words, so the original word is still unclear.",0,4,"1. vunt
2. tunv
3. tvun
4. utvn
5. unvt

Since unscrambling as an anagram didn't produce any meaningful English words, I'll try decrypting it as a Caesar cipher with different shifts.

1. Shift 1: musr
2. Shift 2: ltrq
3. Shift 3: kspq
4. Shift 4: jr",1,0.0
nvtu,must,4,1,"1. vunt
2. tunv
3. tvun
4. utvn
5. unvt

Since unscrambling as an anagram didn't produce any meaningful English words, I'll try decrypting it as a Caesar cipher with different shifts.

1. Shift 1: musr
2. Shift 2: ltrq
3. Shift 3: kspq
4. Shift 4: jrop
5. Shift 5: iqno

None of the shifts produced any meaningful English words, so the original word is still unclear.",0,5,"1. vunt
2. tunv
3. tvun
4. utvn
5. unvt

Since unscrambling as an anagram didn't produce any meaningful English words, I'll try decrypting it as a Caesar cipher with different shifts.

1. Shift 1: musr
2. Shift 2: ltrq
3. Shift 3: kspq
4. Shift 4: jrop
5. Shift 5: iqno

None of the shifts produced a",1,0.0
nvtu,must,4,1,"1. vunt
2. tunv
3. tvun
4. utvn
5. unvt

Since unscrambling as an anagram didn't produce any meaningful English words, I'll try decrypting it as a Caesar cipher with different shifts.

1. Shift 1: musr
2. Shift 2: ltrq
3. Shift 3: kspq
4. Shift 4: jrop
5. Shift 5: iqno

None of the shifts produced any meaningful English words, so the original word is still unclear.",0,6,"1. vunt
2. tunv
3. tvun
4. utvn
5. unvt

Since unscrambling as an anagram didn't produce any meaningful English words, I'll try decrypting it as a Caesar cipher with different shifts.

1. Shift 1: musr
2. Shift 2: ltrq
3. Shift 3: kspq
4. Shift 4: jrop
5. Shift 5: iqno

None of the shifts produced any meaningful English words, so the original word ",1,0.0
nvtu,must,4,1,"1. vunt
2. tunv
3. tvun
4. utvn
5. unvt

Since unscrambling as an anagram didn't produce any meaningful English words, I'll try decrypting it as a Caesar cipher with different shifts.

1. Shift 1: musr
2. Shift 2: ltrq
3. Shift 3: kspq
4. Shift 4: jrop
5. Shift 5: iqno

None of the shifts produced any meaningful English words, so the original word is still unclear.",0,7,"1. vunt
2. tunv
3. tvun
4. utvn
5. unvt

Since unscrambling as an anagram didn't produce any meaningful English words, I'll try decrypting it as a Caesar cipher with different shifts.

1. Shift 1: musr
2. Shift 2: ltrq
3. Shift 3: kspq
4. Shift 4: jrop
5. Shift 5: iqno

None of the shifts produced any meaningful English words, so the original word is still unclear.",1,0.0
zfbi,yeah,4,1,"1. fizb
2. bzi
3. biz
4. ibzf
5. fzb

Now, I will continue by assuming it's a Caesar cipher and try to decrypt it using at least 5 different shifts.

1. yeah
2. ydah
3. xdzh
4. wcgg
5. vbff

It appears that decrypting the ciphertext as a Caesar cipher did not yield any meaningful English words. It is likely that the original word is not encoded using a simple Caesar cipher.",1,0,"1. fizb
2. bzi
3. biz
4. ibzf
5. fzb

Now, I will ",1,0.0
zfbi,yeah,4,1,"1. fizb
2. bzi
3. biz
4. ibzf
5. fzb

Now, I will continue by assuming it's a Caesar cipher and try to decrypt it using at least 5 different shifts.

1. yeah
2. ydah
3. xdzh
4. wcgg
5. vbff

It appears that decrypting the ciphertext as a Caesar cipher did not yield any meaningful English words. It is likely that the original word is not encoded using a simple Caesar cipher.",1,1,"1. fizb
2. bzi
3. biz
4. ibzf
5. fzb

Now, I will continue by assuming it's a Caesar cipher and try ",1,0.0
zfbi,yeah,4,1,"1. fizb
2. bzi
3. biz
4. ibzf
5. fzb

Now, I will continue by assuming it's a Caesar cipher and try to decrypt it using at least 5 different shifts.

1. yeah
2. ydah
3. xdzh
4. wcgg
5. vbff

It appears that decrypting the ciphertext as a Caesar cipher did not yield any meaningful English words. It is likely that the original word is not encoded using a simple Caesar cipher.",1,2,"1. fizb
2. bzi
3. biz
4. ibzf
5. fzb

Now, I will continue by assuming it's a Caesar cipher and try to decrypt it using at least 5 different shifts.

",1,0.0
zfbi,yeah,4,1,"1. fizb
2. bzi
3. biz
4. ibzf
5. fzb

Now, I will continue by assuming it's a Caesar cipher and try to decrypt it using at least 5 different shifts.

1. yeah
2. ydah
3. xdzh
4. wcgg
5. vbff

It appears that decrypting the ciphertext as a Caesar cipher did not yield any meaningful English words. It is likely that the original word is not encoded using a simple Caesar cipher.",1,3,"1. fizb
2. bzi
3. biz
4. ibzf
5. fzb

Now, I will continue by assuming it's a Caesar cipher and try to decrypt it using at least 5 different shifts.

1. yeah
2. ydah
3. xdzh
4. wcgg
5. vbff

It appear",1,0.0
zfbi,yeah,4,1,"1. fizb
2. bzi
3. biz
4. ibzf
5. fzb

Now, I will continue by assuming it's a Caesar cipher and try to decrypt it using at least 5 different shifts.

1. yeah
2. ydah
3. xdzh
4. wcgg
5. vbff

It appears that decrypting the ciphertext as a Caesar cipher did not yield any meaningful English words. It is likely that the original word is not encoded using a simple Caesar cipher.",1,4,"1. fizb
2. bzi
3. biz
4. ibzf
5. fzb

Now, I will continue by assuming it's a Caesar cipher and try to decrypt it using at least 5 different shifts.

1. yeah
2. ydah
3. xdzh
4. wcgg
5. vbff

It appears that decrypting the ciphertext as a Caesar ciphe",1,0.0
zfbi,yeah,4,1,"1. fizb
2. bzi
3. biz
4. ibzf
5. fzb

Now, I will continue by assuming it's a Caesar cipher and try to decrypt it using at least 5 different shifts.

1. yeah
2. ydah
3. xdzh
4. wcgg
5. vbff

It appears that decrypting the ciphertext as a Caesar cipher did not yield any meaningful English words. It is likely that the original word is not encoded using a simple Caesar cipher.",1,5,"1. fizb
2. bzi
3. biz
4. ibzf
5. fzb

Now, I will continue by assuming it's a Caesar cipher and try to decrypt it using at least 5 different shifts.

1. yeah
2. ydah
3. xdzh
4. wcgg
5. vbff

It appears that decrypting the ciphertext as a Caesar cipher did not yield any meaningful English words. It i",1,0.0
zfbi,yeah,4,1,"1. fizb
2. bzi
3. biz
4. ibzf
5. fzb

Now, I will continue by assuming it's a Caesar cipher and try to decrypt it using at least 5 different shifts.

1. yeah
2. ydah
3. xdzh
4. wcgg
5. vbff

It appears that decrypting the ciphertext as a Caesar cipher did not yield any meaningful English words. It is likely that the original word is not encoded using a simple Caesar cipher.",1,6,"1. fizb
2. bzi
3. biz
4. ibzf
5. fzb

Now, I will continue by assuming it's a Caesar cipher and try to decrypt it using at least 5 different shifts.

1. yeah
2. ydah
3. xdzh
4. wcgg
5. vbff

It appears that decrypting the ciphertext as a Caesar cipher did not yield any meaningful English words. It is likely that the original word is not encoded usi",1,0.0
zfbi,yeah,4,1,"1. fizb
2. bzi
3. biz
4. ibzf
5. fzb

Now, I will continue by assuming it's a Caesar cipher and try to decrypt it using at least 5 different shifts.

1. yeah
2. ydah
3. xdzh
4. wcgg
5. vbff

It appears that decrypting the ciphertext as a Caesar cipher did not yield any meaningful English words. It is likely that the original word is not encoded using a simple Caesar cipher.",1,7,"1. fizb
2. bzi
3. biz
4. ibzf
5. fzb

Now, I will continue by assuming it's a Caesar cipher and try to decrypt it using at least 5 different shifts.

1. yeah
2. ydah
3. xdzh
4. wcgg
5. vbff

It appears that decrypting the ciphertext as a Caesar cipher did not yield any meaningful English words. It is likely that the original word is not encoded using a simple Caesar cipher.",1,0.0
xjui,with,4,1,"1. juxi
2. xjui
3. iujx
4. ixuj
5. jiux

Now, I will try decrypting the ciphertext assuming it's a Caesar cipher with different shift values:

1. Shift 1: wiht
2. Shift 2: vhgs
3. Shift 3: ugrf
4. Shift 4: tfqe
5. Shift 5: sepd

Based on the decrypted results, it seems that none of the attempts resulted in a meaningful English word.",1,0,"1. juxi
2. xjui
3. iujx
4. ixuj
5. jiux

Now, I wi",1,0.0
xjui,with,4,1,"1. juxi
2. xjui
3. iujx
4. ixuj
5. jiux

Now, I will try decrypting the ciphertext assuming it's a Caesar cipher with different shift values:

1. Shift 1: wiht
2. Shift 2: vhgs
3. Shift 3: ugrf
4. Shift 4: tfqe
5. Shift 5: sepd

Based on the decrypted results, it seems that none of the attempts resulted in a meaningful English word.",1,1,"1. juxi
2. xjui
3. iujx
4. ixuj
5. jiux

Now, I will try decrypting the ciphertext assuming it's a C",1,0.0
xjui,with,4,1,"1. juxi
2. xjui
3. iujx
4. ixuj
5. jiux

Now, I will try decrypting the ciphertext assuming it's a Caesar cipher with different shift values:

1. Shift 1: wiht
2. Shift 2: vhgs
3. Shift 3: ugrf
4. Shift 4: tfqe
5. Shift 5: sepd

Based on the decrypted results, it seems that none of the attempts resulted in a meaningful English word.",1,2,"1. juxi
2. xjui
3. iujx
4. ixuj
5. jiux

Now, I will try decrypting the ciphertext assuming it's a Caesar cipher with different shift values:

1. Shif",1,0.0
xjui,with,4,1,"1. juxi
2. xjui
3. iujx
4. ixuj
5. jiux

Now, I will try decrypting the ciphertext assuming it's a Caesar cipher with different shift values:

1. Shift 1: wiht
2. Shift 2: vhgs
3. Shift 3: ugrf
4. Shift 4: tfqe
5. Shift 5: sepd

Based on the decrypted results, it seems that none of the attempts resulted in a meaningful English word.",1,3,"1. juxi
2. xjui
3. iujx
4. ixuj
5. jiux

Now, I will try decrypting the ciphertext assuming it's a Caesar cipher with different shift values:

1. Shift 1: wiht
2. Shift 2: vhgs
3. Shift 3: ugrf
4. Shi",1,0.0
xjui,with,4,1,"1. juxi
2. xjui
3. iujx
4. ixuj
5. jiux

Now, I will try decrypting the ciphertext assuming it's a Caesar cipher with different shift values:

1. Shift 1: wiht
2. Shift 2: vhgs
3. Shift 3: ugrf
4. Shift 4: tfqe
5. Shift 5: sepd

Based on the decrypted results, it seems that none of the attempts resulted in a meaningful English word.",1,4,"1. juxi
2. xjui
3. iujx
4. ixuj
5. jiux

Now, I will try decrypting the ciphertext assuming it's a Caesar cipher with different shift values:

1. Shift 1: wiht
2. Shift 2: vhgs
3. Shift 3: ugrf
4. Shift 4: tfqe
5. Shift 5: sepd

Based on the decrypte",1,0.0
xjui,with,4,1,"1. juxi
2. xjui
3. iujx
4. ixuj
5. jiux

Now, I will try decrypting the ciphertext assuming it's a Caesar cipher with different shift values:

1. Shift 1: wiht
2. Shift 2: vhgs
3. Shift 3: ugrf
4. Shift 4: tfqe
5. Shift 5: sepd

Based on the decrypted results, it seems that none of the attempts resulted in a meaningful English word.",1,5,"1. juxi
2. xjui
3. iujx
4. ixuj
5. jiux

Now, I will try decrypting the ciphertext assuming it's a Caesar cipher with different shift values:

1. Shift 1: wiht
2. Shift 2: vhgs
3. Shift 3: ugrf
4. Shift 4: tfqe
5. Shift 5: sepd

Based on the decrypted results, it seems that none of the attempts resu",1,0.0
xjui,with,4,1,"1. juxi
2. xjui
3. iujx
4. ixuj
5. jiux

Now, I will try decrypting the ciphertext assuming it's a Caesar cipher with different shift values:

1. Shift 1: wiht
2. Shift 2: vhgs
3. Shift 3: ugrf
4. Shift 4: tfqe
5. Shift 5: sepd

Based on the decrypted results, it seems that none of the attempts resulted in a meaningful English word.",1,6,"1. juxi
2. xjui
3. iujx
4. ixuj
5. jiux

Now, I will try decrypting the ciphertext assuming it's a Caesar cipher with different shift values:

1. Shift 1: wiht
2. Shift 2: vhgs
3. Shift 3: ugrf
4. Shift 4: tfqe
5. Shift 5: sepd

Based on the decrypted results, it seems that none of the attempts resulted in a meaningful English word.",1,0.0
wjfx,view,4,1,"1. wjfx = jwxf
2. wjfx = jfwx
3. wjfx = fjwx
4. wjfx = fwjx
5. wjfx = xwjf

Since unscrambling as an anagram did not yield any meaningful word, I will now try decrypting it as a Caesar cipher with at least 5 different shifts.

1. Shift 1: wjfx = view
2. Shift 2: wjfx = uhdw
3. Shift 3: wjfx = tgcv
4. Shift 4: wjfx = sfbu
5. Shift 5: wjfx = reat

Based on these decryption attempts, it seems like ""wjfx"" may potentially decrypt to ""view"" with a shift of 1.",1,0,"1. wjfx = jwxf
2. wjfx = jfwx
3. wjfx = fjwx
4. wj",0,1.0
wjfx,view,4,1,"1. wjfx = jwxf
2. wjfx = jfwx
3. wjfx = fjwx
4. wjfx = fwjx
5. wjfx = xwjf

Since unscrambling as an anagram did not yield any meaningful word, I will now try decrypting it as a Caesar cipher with at least 5 different shifts.

1. Shift 1: wjfx = view
2. Shift 2: wjfx = uhdw
3. Shift 3: wjfx = tgcv
4. Shift 4: wjfx = sfbu
5. Shift 5: wjfx = reat

Based on these decryption attempts, it seems like ""wjfx"" may potentially decrypt to ""view"" with a shift of 1.",1,1,"1. wjfx = jwxf
2. wjfx = jfwx
3. wjfx = fjwx
4. wjfx = fwjx
5. wjfx = xwjf

Since unscrambling as an",1,1.0
wjfx,view,4,1,"1. wjfx = jwxf
2. wjfx = jfwx
3. wjfx = fjwx
4. wjfx = fwjx
5. wjfx = xwjf

Since unscrambling as an anagram did not yield any meaningful word, I will now try decrypting it as a Caesar cipher with at least 5 different shifts.

1. Shift 1: wjfx = view
2. Shift 2: wjfx = uhdw
3. Shift 3: wjfx = tgcv
4. Shift 4: wjfx = sfbu
5. Shift 5: wjfx = reat

Based on these decryption attempts, it seems like ""wjfx"" may potentially decrypt to ""view"" with a shift of 1.",1,2,"1. wjfx = jwxf
2. wjfx = jfwx
3. wjfx = fjwx
4. wjfx = fwjx
5. wjfx = xwjf

Since unscrambling as an anagram did not yield any meaningful word, I will",1,1.0
wjfx,view,4,1,"1. wjfx = jwxf
2. wjfx = jfwx
3. wjfx = fjwx
4. wjfx = fwjx
5. wjfx = xwjf

Since unscrambling as an anagram did not yield any meaningful word, I will now try decrypting it as a Caesar cipher with at least 5 different shifts.

1. Shift 1: wjfx = view
2. Shift 2: wjfx = uhdw
3. Shift 3: wjfx = tgcv
4. Shift 4: wjfx = sfbu
5. Shift 5: wjfx = reat

Based on these decryption attempts, it seems like ""wjfx"" may potentially decrypt to ""view"" with a shift of 1.",1,3,"1. wjfx = jwxf
2. wjfx = jfwx
3. wjfx = fjwx
4. wjfx = fwjx
5. wjfx = xwjf

Since unscrambling as an anagram did not yield any meaningful word, I will now try decrypting it as a Caesar cipher with at ",1,1.0
wjfx,view,4,1,"1. wjfx = jwxf
2. wjfx = jfwx
3. wjfx = fjwx
4. wjfx = fwjx
5. wjfx = xwjf

Since unscrambling as an anagram did not yield any meaningful word, I will now try decrypting it as a Caesar cipher with at least 5 different shifts.

1. Shift 1: wjfx = view
2. Shift 2: wjfx = uhdw
3. Shift 3: wjfx = tgcv
4. Shift 4: wjfx = sfbu
5. Shift 5: wjfx = reat

Based on these decryption attempts, it seems like ""wjfx"" may potentially decrypt to ""view"" with a shift of 1.",1,4,"1. wjfx = jwxf
2. wjfx = jfwx
3. wjfx = fjwx
4. wjfx = fwjx
5. wjfx = xwjf

Since unscrambling as an anagram did not yield any meaningful word, I will now try decrypting it as a Caesar cipher with at least 5 different shifts.

1. Shift 1: wjfx = view",1,1.0
wjfx,view,4,1,"1. wjfx = jwxf
2. wjfx = jfwx
3. wjfx = fjwx
4. wjfx = fwjx
5. wjfx = xwjf

Since unscrambling as an anagram did not yield any meaningful word, I will now try decrypting it as a Caesar cipher with at least 5 different shifts.

1. Shift 1: wjfx = view
2. Shift 2: wjfx = uhdw
3. Shift 3: wjfx = tgcv
4. Shift 4: wjfx = sfbu
5. Shift 5: wjfx = reat

Based on these decryption attempts, it seems like ""wjfx"" may potentially decrypt to ""view"" with a shift of 1.",1,5,"1. wjfx = jwxf
2. wjfx = jfwx
3. wjfx = fjwx
4. wjfx = fwjx
5. wjfx = xwjf

Since unscrambling as an anagram did not yield any meaningful word, I will now try decrypting it as a Caesar cipher with at least 5 different shifts.

1. Shift 1: wjfx = view
2. Shift 2: wjfx = uhdw
3. Shift 3: wjfx = tgcv
4",1,1.0
wjfx,view,4,1,"1. wjfx = jwxf
2. wjfx = jfwx
3. wjfx = fjwx
4. wjfx = fwjx
5. wjfx = xwjf

Since unscrambling as an anagram did not yield any meaningful word, I will now try decrypting it as a Caesar cipher with at least 5 different shifts.

1. Shift 1: wjfx = view
2. Shift 2: wjfx = uhdw
3. Shift 3: wjfx = tgcv
4. Shift 4: wjfx = sfbu
5. Shift 5: wjfx = reat

Based on these decryption attempts, it seems like ""wjfx"" may potentially decrypt to ""view"" with a shift of 1.",1,6,"1. wjfx = jwxf
2. wjfx = jfwx
3. wjfx = fjwx
4. wjfx = fwjx
5. wjfx = xwjf

Since unscrambling as an anagram did not yield any meaningful word, I will now try decrypting it as a Caesar cipher with at least 5 different shifts.

1. Shift 1: wjfx = view
2. Shift 2: wjfx = uhdw
3. Shift 3: wjfx = tgcv
4. Shift 4: wjfx = sfbu
5. Shift 5: wjfx = reat

Ba",1,1.0
wjfx,view,4,1,"1. wjfx = jwxf
2. wjfx = jfwx
3. wjfx = fjwx
4. wjfx = fwjx
5. wjfx = xwjf

Since unscrambling as an anagram did not yield any meaningful word, I will now try decrypting it as a Caesar cipher with at least 5 different shifts.

1. Shift 1: wjfx = view
2. Shift 2: wjfx = uhdw
3. Shift 3: wjfx = tgcv
4. Shift 4: wjfx = sfbu
5. Shift 5: wjfx = reat

Based on these decryption attempts, it seems like ""wjfx"" may potentially decrypt to ""view"" with a shift of 1.",1,7,"1. wjfx = jwxf
2. wjfx = jfwx
3. wjfx = fjwx
4. wjfx = fwjx
5. wjfx = xwjf

Since unscrambling as an anagram did not yield any meaningful word, I will now try decrypting it as a Caesar cipher with at least 5 different shifts.

1. Shift 1: wjfx = view
2. Shift 2: wjfx = uhdw
3. Shift 3: wjfx = tgcv
4. Shift 4: wjfx = sfbu
5. Shift 5: wjfx = reat

Based on these decryption attempts, it seems like ""w",1,1.0
wjfx,view,4,1,"1. wjfx = jwxf
2. wjfx = jfwx
3. wjfx = fjwx
4. wjfx = fwjx
5. wjfx = xwjf

Since unscrambling as an anagram did not yield any meaningful word, I will now try decrypting it as a Caesar cipher with at least 5 different shifts.

1. Shift 1: wjfx = view
2. Shift 2: wjfx = uhdw
3. Shift 3: wjfx = tgcv
4. Shift 4: wjfx = sfbu
5. Shift 5: wjfx = reat

Based on these decryption attempts, it seems like ""wjfx"" may potentially decrypt to ""view"" with a shift of 1.",1,8,"1. wjfx = jwxf
2. wjfx = jfwx
3. wjfx = fjwx
4. wjfx = fwjx
5. wjfx = xwjf

Since unscrambling as an anagram did not yield any meaningful word, I will now try decrypting it as a Caesar cipher with at least 5 different shifts.

1. Shift 1: wjfx = view
2. Shift 2: wjfx = uhdw
3. Shift 3: wjfx = tgcv
4. Shift 4: wjfx = sfbu
5. Shift 5: wjfx = reat

Based on these decryption attempts, it seems like ""wjfx"" may potentially decrypt to ""view"" with a shif",1,1.0
wjfx,view,4,1,"1. wjfx = jwxf
2. wjfx = jfwx
3. wjfx = fjwx
4. wjfx = fwjx
5. wjfx = xwjf

Since unscrambling as an anagram did not yield any meaningful word, I will now try decrypting it as a Caesar cipher with at least 5 different shifts.

1. Shift 1: wjfx = view
2. Shift 2: wjfx = uhdw
3. Shift 3: wjfx = tgcv
4. Shift 4: wjfx = sfbu
5. Shift 5: wjfx = reat

Based on these decryption attempts, it seems like ""wjfx"" may potentially decrypt to ""view"" with a shift of 1.",1,9,"1. wjfx = jwxf
2. wjfx = jfwx
3. wjfx = fjwx
4. wjfx = fwjx
5. wjfx = xwjf

Since unscrambling as an anagram did not yield any meaningful word, I will now try decrypting it as a Caesar cipher with at least 5 different shifts.

1. Shift 1: wjfx = view
2. Shift 2: wjfx = uhdw
3. Shift 3: wjfx = tgcv
4. Shift 4: wjfx = sfbu
5. Shift 5: wjfx = reat

Based on these decryption attempts, it seems like ""wjfx"" may potentially decrypt to ""view"" with a shift of 1.",1,1.0
uibo,than,4,1,"1. boui
2. iubo
3. ouib
4. iobu
5. uibo

Now, I will try decrypting the ciphertext using the Caesar cipher with different shifts:

1. Shift 1: tnha
2. Shift 2: smgz
3. Shift 3: rlfy
4. Shift 4: qlex
5. Shift 5: pkdw

None of the anagram attempts or Caesar cipher shifts seem to produce a recognizable English word. Perhaps I can try again with more shifts.",0,0,"1. boui
2. iubo
3. ouib
4. iobu
5. uibo

Now, I wi",1,0.0
uibo,than,4,1,"1. boui
2. iubo
3. ouib
4. iobu
5. uibo

Now, I will try decrypting the ciphertext using the Caesar cipher with different shifts:

1. Shift 1: tnha
2. Shift 2: smgz
3. Shift 3: rlfy
4. Shift 4: qlex
5. Shift 5: pkdw

None of the anagram attempts or Caesar cipher shifts seem to produce a recognizable English word. Perhaps I can try again with more shifts.",0,1,"1. boui
2. iubo
3. ouib
4. iobu
5. uibo

Now, I will try decrypting the ciphertext using the Caesar ",1,0.0
uibo,than,4,1,"1. boui
2. iubo
3. ouib
4. iobu
5. uibo

Now, I will try decrypting the ciphertext using the Caesar cipher with different shifts:

1. Shift 1: tnha
2. Shift 2: smgz
3. Shift 3: rlfy
4. Shift 4: qlex
5. Shift 5: pkdw

None of the anagram attempts or Caesar cipher shifts seem to produce a recognizable English word. Perhaps I can try again with more shifts.",0,2,"1. boui
2. iubo
3. ouib
4. iobu
5. uibo

Now, I will try decrypting the ciphertext using the Caesar cipher with different shifts:

1. Shift 1: tnha
2.",1,0.0
uibo,than,4,1,"1. boui
2. iubo
3. ouib
4. iobu
5. uibo

Now, I will try decrypting the ciphertext using the Caesar cipher with different shifts:

1. Shift 1: tnha
2. Shift 2: smgz
3. Shift 3: rlfy
4. Shift 4: qlex
5. Shift 5: pkdw

None of the anagram attempts or Caesar cipher shifts seem to produce a recognizable English word. Perhaps I can try again with more shifts.",0,3,"1. boui
2. iubo
3. ouib
4. iobu
5. uibo

Now, I will try decrypting the ciphertext using the Caesar cipher with different shifts:

1. Shift 1: tnha
2. Shift 2: smgz
3. Shift 3: rlfy
4. Shift 4: qlex
5",1,0.0
uibo,than,4,1,"1. boui
2. iubo
3. ouib
4. iobu
5. uibo

Now, I will try decrypting the ciphertext using the Caesar cipher with different shifts:

1. Shift 1: tnha
2. Shift 2: smgz
3. Shift 3: rlfy
4. Shift 4: qlex
5. Shift 5: pkdw

None of the anagram attempts or Caesar cipher shifts seem to produce a recognizable English word. Perhaps I can try again with more shifts.",0,4,"1. boui
2. iubo
3. ouib
4. iobu
5. uibo

Now, I will try decrypting the ciphertext using the Caesar cipher with different shifts:

1. Shift 1: tnha
2. Shift 2: smgz
3. Shift 3: rlfy
4. Shift 4: qlex
5. Shift 5: pkdw

None of the anagram attempts or C",1,0.0
uibo,than,4,1,"1. boui
2. iubo
3. ouib
4. iobu
5. uibo

Now, I will try decrypting the ciphertext using the Caesar cipher with different shifts:

1. Shift 1: tnha
2. Shift 2: smgz
3. Shift 3: rlfy
4. Shift 4: qlex
5. Shift 5: pkdw

None of the anagram attempts or Caesar cipher shifts seem to produce a recognizable English word. Perhaps I can try again with more shifts.",0,5,"1. boui
2. iubo
3. ouib
4. iobu
5. uibo

Now, I will try decrypting the ciphertext using the Caesar cipher with different shifts:

1. Shift 1: tnha
2. Shift 2: smgz
3. Shift 3: rlfy
4. Shift 4: qlex
5. Shift 5: pkdw

None of the anagram attempts or Caesar cipher shifts seem to produce a recognizable",1,0.0
uibo,than,4,1,"1. boui
2. iubo
3. ouib
4. iobu
5. uibo

Now, I will try decrypting the ciphertext using the Caesar cipher with different shifts:

1. Shift 1: tnha
2. Shift 2: smgz
3. Shift 3: rlfy
4. Shift 4: qlex
5. Shift 5: pkdw

None of the anagram attempts or Caesar cipher shifts seem to produce a recognizable English word. Perhaps I can try again with more shifts.",0,6,"1. boui
2. iubo
3. ouib
4. iobu
5. uibo

Now, I will try decrypting the ciphertext using the Caesar cipher with different shifts:

1. Shift 1: tnha
2. Shift 2: smgz
3. Shift 3: rlfy
4. Shift 4: qlex
5. Shift 5: pkdw

None of the anagram attempts or Caesar cipher shifts seem to produce a recognizable English word. Perhaps I can try again with more s",1,0.0
uibo,than,4,1,"1. boui
2. iubo
3. ouib
4. iobu
5. uibo

Now, I will try decrypting the ciphertext using the Caesar cipher with different shifts:

1. Shift 1: tnha
2. Shift 2: smgz
3. Shift 3: rlfy
4. Shift 4: qlex
5. Shift 5: pkdw

None of the anagram attempts or Caesar cipher shifts seem to produce a recognizable English word. Perhaps I can try again with more shifts.",0,7,"1. boui
2. iubo
3. ouib
4. iobu
5. uibo

Now, I will try decrypting the ciphertext using the Caesar cipher with different shifts:

1. Shift 1: tnha
2. Shift 2: smgz
3. Shift 3: rlfy
4. Shift 4: qlex
5. Shift 5: pkdw

None of the anagram attempts or Caesar cipher shifts seem to produce a recognizable English word. Perhaps I can try again with more shifts.",1,0.0
tbje,said,4,1,"1. jet
2. bet
3. pet
4. teb
5. ebt",0,0,"1. jet
2. bet
3. pet
4. teb
5. ebt",0,
tbzt,says,4,1,"1. ztbt
2. bzt
3. ztb
4. tbtz
5. tzb

Since unscrambling as an anagram did not reveal any meaningful English words, next I will attempt to decrypt the ciphertext as a Caesar cipher using at least 5 different shifts.

1. Shift 1: says
2. Shift 2: rxwr
3. Shift 3: qwvq
4. Shift 4: puup
5. Shift 5: otto

None of the Caesar cipher decryptions resulted in a meaningful English word either. Let me know if you would like me to try decrypting it further or provide any additional information.",1,0,"1. ztbt
2. bzt
3. ztb
4. tbtz
5. tzb

Since unscra",0,2.0
tbzt,says,4,1,"1. ztbt
2. bzt
3. ztb
4. tbtz
5. tzb

Since unscrambling as an anagram did not reveal any meaningful English words, next I will attempt to decrypt the ciphertext as a Caesar cipher using at least 5 different shifts.

1. Shift 1: says
2. Shift 2: rxwr
3. Shift 3: qwvq
4. Shift 4: puup
5. Shift 5: otto

None of the Caesar cipher decryptions resulted in a meaningful English word either. Let me know if you would like me to try decrypting it further or provide any additional information.",1,1,"1. ztbt
2. bzt
3. ztb
4. tbtz
5. tzb

Since unscrambling as an anagram did not reveal any meaningful",0,2.0
tbzt,says,4,1,"1. ztbt
2. bzt
3. ztb
4. tbtz
5. tzb

Since unscrambling as an anagram did not reveal any meaningful English words, next I will attempt to decrypt the ciphertext as a Caesar cipher using at least 5 different shifts.

1. Shift 1: says
2. Shift 2: rxwr
3. Shift 3: qwvq
4. Shift 4: puup
5. Shift 5: otto

None of the Caesar cipher decryptions resulted in a meaningful English word either. Let me know if you would like me to try decrypting it further or provide any additional information.",1,2,"1. ztbt
2. bzt
3. ztb
4. tbtz
5. tzb

Since unscrambling as an anagram did not reveal any meaningful English words, next I will attempt to decrypt the",1,2.0
tbzt,says,4,1,"1. ztbt
2. bzt
3. ztb
4. tbtz
5. tzb

Since unscrambling as an anagram did not reveal any meaningful English words, next I will attempt to decrypt the ciphertext as a Caesar cipher using at least 5 different shifts.

1. Shift 1: says
2. Shift 2: rxwr
3. Shift 3: qwvq
4. Shift 4: puup
5. Shift 5: otto

None of the Caesar cipher decryptions resulted in a meaningful English word either. Let me know if you would like me to try decrypting it further or provide any additional information.",1,3,"1. ztbt
2. bzt
3. ztb
4. tbtz
5. tzb

Since unscrambling as an anagram did not reveal any meaningful English words, next I will attempt to decrypt the ciphertext as a Caesar cipher using at least 5 di",1,2.0
tbzt,says,4,1,"1. ztbt
2. bzt
3. ztb
4. tbtz
5. tzb

Since unscrambling as an anagram did not reveal any meaningful English words, next I will attempt to decrypt the ciphertext as a Caesar cipher using at least 5 different shifts.

1. Shift 1: says
2. Shift 2: rxwr
3. Shift 3: qwvq
4. Shift 4: puup
5. Shift 5: otto

None of the Caesar cipher decryptions resulted in a meaningful English word either. Let me know if you would like me to try decrypting it further or provide any additional information.",1,4,"1. ztbt
2. bzt
3. ztb
4. tbtz
5. tzb

Since unscrambling as an anagram did not reveal any meaningful English words, next I will attempt to decrypt the ciphertext as a Caesar cipher using at least 5 different shifts.

1. Shift 1: says
2. Shift 2: rxwr",1,2.0
tbzt,says,4,1,"1. ztbt
2. bzt
3. ztb
4. tbtz
5. tzb

Since unscrambling as an anagram did not reveal any meaningful English words, next I will attempt to decrypt the ciphertext as a Caesar cipher using at least 5 different shifts.

1. Shift 1: says
2. Shift 2: rxwr
3. Shift 3: qwvq
4. Shift 4: puup
5. Shift 5: otto

None of the Caesar cipher decryptions resulted in a meaningful English word either. Let me know if you would like me to try decrypting it further or provide any additional information.",1,5,"1. ztbt
2. bzt
3. ztb
4. tbtz
5. tzb

Since unscrambling as an anagram did not reveal any meaningful English words, next I will attempt to decrypt the ciphertext as a Caesar cipher using at least 5 different shifts.

1. Shift 1: says
2. Shift 2: rxwr
3. Shift 3: qwvq
4. Shift 4: puup
5. Shift 5: ott",1,2.0
tbzt,says,4,1,"1. ztbt
2. bzt
3. ztb
4. tbtz
5. tzb

Since unscrambling as an anagram did not reveal any meaningful English words, next I will attempt to decrypt the ciphertext as a Caesar cipher using at least 5 different shifts.

1. Shift 1: says
2. Shift 2: rxwr
3. Shift 3: qwvq
4. Shift 4: puup
5. Shift 5: otto

None of the Caesar cipher decryptions resulted in a meaningful English word either. Let me know if you would like me to try decrypting it further or provide any additional information.",1,6,"1. ztbt
2. bzt
3. ztb
4. tbtz
5. tzb

Since unscrambling as an anagram did not reveal any meaningful English words, next I will attempt to decrypt the ciphertext as a Caesar cipher using at least 5 different shifts.

1. Shift 1: says
2. Shift 2: rxwr
3. Shift 3: qwvq
4. Shift 4: puup
5. Shift 5: otto

None of the Caesar cipher decryptions resulted ",1,2.0
tbzt,says,4,1,"1. ztbt
2. bzt
3. ztb
4. tbtz
5. tzb

Since unscrambling as an anagram did not reveal any meaningful English words, next I will attempt to decrypt the ciphertext as a Caesar cipher using at least 5 different shifts.

1. Shift 1: says
2. Shift 2: rxwr
3. Shift 3: qwvq
4. Shift 4: puup
5. Shift 5: otto

None of the Caesar cipher decryptions resulted in a meaningful English word either. Let me know if you would like me to try decrypting it further or provide any additional information.",1,7,"1. ztbt
2. bzt
3. ztb
4. tbtz
5. tzb

Since unscrambling as an anagram did not reveal any meaningful English words, next I will attempt to decrypt the ciphertext as a Caesar cipher using at least 5 different shifts.

1. Shift 1: says
2. Shift 2: rxwr
3. Shift 3: qwvq
4. Shift 4: puup
5. Shift 5: otto

None of the Caesar cipher decryptions resulted in a meaningful English word either. Let me know i",1,2.0
tbzt,says,4,1,"1. ztbt
2. bzt
3. ztb
4. tbtz
5. tzb

Since unscrambling as an anagram did not reveal any meaningful English words, next I will attempt to decrypt the ciphertext as a Caesar cipher using at least 5 different shifts.

1. Shift 1: says
2. Shift 2: rxwr
3. Shift 3: qwvq
4. Shift 4: puup
5. Shift 5: otto

None of the Caesar cipher decryptions resulted in a meaningful English word either. Let me know if you would like me to try decrypting it further or provide any additional information.",1,8,"1. ztbt
2. bzt
3. ztb
4. tbtz
5. tzb

Since unscrambling as an anagram did not reveal any meaningful English words, next I will attempt to decrypt the ciphertext as a Caesar cipher using at least 5 different shifts.

1. Shift 1: says
2. Shift 2: rxwr
3. Shift 3: qwvq
4. Shift 4: puup
5. Shift 5: otto

None of the Caesar cipher decryptions resulted in a meaningful English word either. Let me know if you would like me to try decrypting it further o",1,2.0
tbzt,says,4,1,"1. ztbt
2. bzt
3. ztb
4. tbtz
5. tzb

Since unscrambling as an anagram did not reveal any meaningful English words, next I will attempt to decrypt the ciphertext as a Caesar cipher using at least 5 different shifts.

1. Shift 1: says
2. Shift 2: rxwr
3. Shift 3: qwvq
4. Shift 4: puup
5. Shift 5: otto

None of the Caesar cipher decryptions resulted in a meaningful English word either. Let me know if you would like me to try decrypting it further or provide any additional information.",1,9,"1. ztbt
2. bzt
3. ztb
4. tbtz
5. tzb

Since unscrambling as an anagram did not reveal any meaningful English words, next I will attempt to decrypt the ciphertext as a Caesar cipher using at least 5 different shifts.

1. Shift 1: says
2. Shift 2: rxwr
3. Shift 3: qwvq
4. Shift 4: puup
5. Shift 5: otto

None of the Caesar cipher decryptions resulted in a meaningful English word either. Let me know if you would like me to try decrypting it further or provide any additional information.",1,2.0
xjof,wine,4,1,"1. foxj
2. ofxj
3. jfox
4. jxfo
5. joxf

Since unscrambling the letters did not seem to reveal a meaningful word, I will now try to decrypt it using a Caesar cipher with different shifts.

1. Shift 1: wine
2. Shift 2: whim
3. Shift 3: whil
4. Shift 4: whik
5. Shift 5: whip

None of the attempts at decrypting with a Caesar cipher using shifts 1-5 resulted in a meaningful English word.",1,0,"1. foxj
2. ofxj
3. jfox
4. jxfo
5. joxf

Since uns",0,1.0
xjof,wine,4,1,"1. foxj
2. ofxj
3. jfox
4. jxfo
5. joxf

Since unscrambling the letters did not seem to reveal a meaningful word, I will now try to decrypt it using a Caesar cipher with different shifts.

1. Shift 1: wine
2. Shift 2: whim
3. Shift 3: whil
4. Shift 4: whik
5. Shift 5: whip

None of the attempts at decrypting with a Caesar cipher using shifts 1-5 resulted in a meaningful English word.",1,1,"1. foxj
2. ofxj
3. jfox
4. jxfo
5. joxf

Since unscrambling the letters did not seem to reveal a mea",1,1.0
xjof,wine,4,1,"1. foxj
2. ofxj
3. jfox
4. jxfo
5. joxf

Since unscrambling the letters did not seem to reveal a meaningful word, I will now try to decrypt it using a Caesar cipher with different shifts.

1. Shift 1: wine
2. Shift 2: whim
3. Shift 3: whil
4. Shift 4: whik
5. Shift 5: whip

None of the attempts at decrypting with a Caesar cipher using shifts 1-5 resulted in a meaningful English word.",1,2,"1. foxj
2. ofxj
3. jfox
4. jxfo
5. joxf

Since unscrambling the letters did not seem to reveal a meaningful word, I will now try to decrypt it using a",1,1.0
xjof,wine,4,1,"1. foxj
2. ofxj
3. jfox
4. jxfo
5. joxf

Since unscrambling the letters did not seem to reveal a meaningful word, I will now try to decrypt it using a Caesar cipher with different shifts.

1. Shift 1: wine
2. Shift 2: whim
3. Shift 3: whil
4. Shift 4: whik
5. Shift 5: whip

None of the attempts at decrypting with a Caesar cipher using shifts 1-5 resulted in a meaningful English word.",1,3,"1. foxj
2. ofxj
3. jfox
4. jxfo
5. joxf

Since unscrambling the letters did not seem to reveal a meaningful word, I will now try to decrypt it using a Caesar cipher with different shifts.

1. Shift 1:",1,1.0
xjof,wine,4,1,"1. foxj
2. ofxj
3. jfox
4. jxfo
5. joxf

Since unscrambling the letters did not seem to reveal a meaningful word, I will now try to decrypt it using a Caesar cipher with different shifts.

1. Shift 1: wine
2. Shift 2: whim
3. Shift 3: whil
4. Shift 4: whik
5. Shift 5: whip

None of the attempts at decrypting with a Caesar cipher using shifts 1-5 resulted in a meaningful English word.",1,4,"1. foxj
2. ofxj
3. jfox
4. jxfo
5. joxf

Since unscrambling the letters did not seem to reveal a meaningful word, I will now try to decrypt it using a Caesar cipher with different shifts.

1. Shift 1: wine
2. Shift 2: whim
3. Shift 3: whil
4. Shift 4",1,1.0
xjof,wine,4,1,"1. foxj
2. ofxj
3. jfox
4. jxfo
5. joxf

Since unscrambling the letters did not seem to reveal a meaningful word, I will now try to decrypt it using a Caesar cipher with different shifts.

1. Shift 1: wine
2. Shift 2: whim
3. Shift 3: whil
4. Shift 4: whik
5. Shift 5: whip

None of the attempts at decrypting with a Caesar cipher using shifts 1-5 resulted in a meaningful English word.",1,5,"1. foxj
2. ofxj
3. jfox
4. jxfo
5. joxf

Since unscrambling the letters did not seem to reveal a meaningful word, I will now try to decrypt it using a Caesar cipher with different shifts.

1. Shift 1: wine
2. Shift 2: whim
3. Shift 3: whil
4. Shift 4: whik
5. Shift 5: whip

None of the attempts at d",1,1.0
xjof,wine,4,1,"1. foxj
2. ofxj
3. jfox
4. jxfo
5. joxf

Since unscrambling the letters did not seem to reveal a meaningful word, I will now try to decrypt it using a Caesar cipher with different shifts.

1. Shift 1: wine
2. Shift 2: whim
3. Shift 3: whil
4. Shift 4: whik
5. Shift 5: whip

None of the attempts at decrypting with a Caesar cipher using shifts 1-5 resulted in a meaningful English word.",1,6,"1. foxj
2. ofxj
3. jfox
4. jxfo
5. joxf

Since unscrambling the letters did not seem to reveal a meaningful word, I will now try to decrypt it using a Caesar cipher with different shifts.

1. Shift 1: wine
2. Shift 2: whim
3. Shift 3: whil
4. Shift 4: whik
5. Shift 5: whip

None of the attempts at decrypting with a Caesar cipher using shifts 1-5 re",1,1.0
xjof,wine,4,1,"1. foxj
2. ofxj
3. jfox
4. jxfo
5. joxf

Since unscrambling the letters did not seem to reveal a meaningful word, I will now try to decrypt it using a Caesar cipher with different shifts.

1. Shift 1: wine
2. Shift 2: whim
3. Shift 3: whil
4. Shift 4: whik
5. Shift 5: whip

None of the attempts at decrypting with a Caesar cipher using shifts 1-5 resulted in a meaningful English word.",1,7,"1. foxj
2. ofxj
3. jfox
4. jxfo
5. joxf

Since unscrambling the letters did not seem to reveal a meaningful word, I will now try to decrypt it using a Caesar cipher with different shifts.

1. Shift 1: wine
2. Shift 2: whim
3. Shift 3: whil
4. Shift 4: whik
5. Shift 5: whip

None of the attempts at decrypting with a Caesar cipher using shifts 1-5 resulted in a meaningful English word.",1,1.0
wpkv,unit,4,2,"Possible anagrams of ""wpkv"":
1. wkvp
2. kwvp
3. wvkp
4. kvwp
5. kwpv

Now, assuming it might be a Caesar cipher, I will try decrypting it with at least 5 different shifts:
1. Shift 1: vouj
2. Shift 2: unti
3. Shift 3: tmsh
4. Shift 4: slrg
5. Shift 5: rkqf

None of the decrypted versions seem to make sense, so let's try one more round of anagram solving:
1. wkvp
2. kwvp
3. wvkp
4. kvwp
5. kwpv

It appears that the ciphertext ""wpkv"" does not form any meaningful English word either as an anagram or a simple Caesar cipher.",0,0,"Possible anagrams of ""wpkv"":
1. wkvp
2. kwvp
3. wv",0,1.0
wpkv,unit,4,2,"Possible anagrams of ""wpkv"":
1. wkvp
2. kwvp
3. wvkp
4. kvwp
5. kwpv

Now, assuming it might be a Caesar cipher, I will try decrypting it with at least 5 different shifts:
1. Shift 1: vouj
2. Shift 2: unti
3. Shift 3: tmsh
4. Shift 4: slrg
5. Shift 5: rkqf

None of the decrypted versions seem to make sense, so let's try one more round of anagram solving:
1. wkvp
2. kwvp
3. wvkp
4. kvwp
5. kwpv

It appears that the ciphertext ""wpkv"" does not form any meaningful English word either as an anagram or a simple Caesar cipher.",0,1,"Possible anagrams of ""wpkv"":
1. wkvp
2. kwvp
3. wvkp
4. kvwp
5. kwpv

Now, assuming it might be a Ca",1,1.0
wpkv,unit,4,2,"Possible anagrams of ""wpkv"":
1. wkvp
2. kwvp
3. wvkp
4. kvwp
5. kwpv

Now, assuming it might be a Caesar cipher, I will try decrypting it with at least 5 different shifts:
1. Shift 1: vouj
2. Shift 2: unti
3. Shift 3: tmsh
4. Shift 4: slrg
5. Shift 5: rkqf

None of the decrypted versions seem to make sense, so let's try one more round of anagram solving:
1. wkvp
2. kwvp
3. wvkp
4. kvwp
5. kwpv

It appears that the ciphertext ""wpkv"" does not form any meaningful English word either as an anagram or a simple Caesar cipher.",0,2,"Possible anagrams of ""wpkv"":
1. wkvp
2. kwvp
3. wvkp
4. kvwp
5. kwpv

Now, assuming it might be a Caesar cipher, I will try decrypting it with at leas",1,1.0
wpkv,unit,4,2,"Possible anagrams of ""wpkv"":
1. wkvp
2. kwvp
3. wvkp
4. kvwp
5. kwpv

Now, assuming it might be a Caesar cipher, I will try decrypting it with at least 5 different shifts:
1. Shift 1: vouj
2. Shift 2: unti
3. Shift 3: tmsh
4. Shift 4: slrg
5. Shift 5: rkqf

None of the decrypted versions seem to make sense, so let's try one more round of anagram solving:
1. wkvp
2. kwvp
3. wvkp
4. kvwp
5. kwpv

It appears that the ciphertext ""wpkv"" does not form any meaningful English word either as an anagram or a simple Caesar cipher.",0,3,"Possible anagrams of ""wpkv"":
1. wkvp
2. kwvp
3. wvkp
4. kvwp
5. kwpv

Now, assuming it might be a Caesar cipher, I will try decrypting it with at least 5 different shifts:
1. Shift 1: vouj
2. Shift 2:",1,1.0
wpkv,unit,4,2,"Possible anagrams of ""wpkv"":
1. wkvp
2. kwvp
3. wvkp
4. kvwp
5. kwpv

Now, assuming it might be a Caesar cipher, I will try decrypting it with at least 5 different shifts:
1. Shift 1: vouj
2. Shift 2: unti
3. Shift 3: tmsh
4. Shift 4: slrg
5. Shift 5: rkqf

None of the decrypted versions seem to make sense, so let's try one more round of anagram solving:
1. wkvp
2. kwvp
3. wvkp
4. kvwp
5. kwpv

It appears that the ciphertext ""wpkv"" does not form any meaningful English word either as an anagram or a simple Caesar cipher.",0,4,"Possible anagrams of ""wpkv"":
1. wkvp
2. kwvp
3. wvkp
4. kvwp
5. kwpv

Now, assuming it might be a Caesar cipher, I will try decrypting it with at least 5 different shifts:
1. Shift 1: vouj
2. Shift 2: unti
3. Shift 3: tmsh
4. Shift 4: slrg
5. Shift 5",1,1.0
wpkv,unit,4,2,"Possible anagrams of ""wpkv"":
1. wkvp
2. kwvp
3. wvkp
4. kvwp
5. kwpv

Now, assuming it might be a Caesar cipher, I will try decrypting it with at least 5 different shifts:
1. Shift 1: vouj
2. Shift 2: unti
3. Shift 3: tmsh
4. Shift 4: slrg
5. Shift 5: rkqf

None of the decrypted versions seem to make sense, so let's try one more round of anagram solving:
1. wkvp
2. kwvp
3. wvkp
4. kvwp
5. kwpv

It appears that the ciphertext ""wpkv"" does not form any meaningful English word either as an anagram or a simple Caesar cipher.",0,5,"Possible anagrams of ""wpkv"":
1. wkvp
2. kwvp
3. wvkp
4. kvwp
5. kwpv

Now, assuming it might be a Caesar cipher, I will try decrypting it with at least 5 different shifts:
1. Shift 1: vouj
2. Shift 2: unti
3. Shift 3: tmsh
4. Shift 4: slrg
5. Shift 5: rkqf

None of the decrypted versions seem to mak",1,1.0
wpkv,unit,4,2,"Possible anagrams of ""wpkv"":
1. wkvp
2. kwvp
3. wvkp
4. kvwp
5. kwpv

Now, assuming it might be a Caesar cipher, I will try decrypting it with at least 5 different shifts:
1. Shift 1: vouj
2. Shift 2: unti
3. Shift 3: tmsh
4. Shift 4: slrg
5. Shift 5: rkqf

None of the decrypted versions seem to make sense, so let's try one more round of anagram solving:
1. wkvp
2. kwvp
3. wvkp
4. kvwp
5. kwpv

It appears that the ciphertext ""wpkv"" does not form any meaningful English word either as an anagram or a simple Caesar cipher.",0,6,"Possible anagrams of ""wpkv"":
1. wkvp
2. kwvp
3. wvkp
4. kvwp
5. kwpv

Now, assuming it might be a Caesar cipher, I will try decrypting it with at least 5 different shifts:
1. Shift 1: vouj
2. Shift 2: unti
3. Shift 3: tmsh
4. Shift 4: slrg
5. Shift 5: rkqf

None of the decrypted versions seem to make sense, so let's try one more round of anagram so",1,1.0
wpkv,unit,4,2,"Possible anagrams of ""wpkv"":
1. wkvp
2. kwvp
3. wvkp
4. kvwp
5. kwpv

Now, assuming it might be a Caesar cipher, I will try decrypting it with at least 5 different shifts:
1. Shift 1: vouj
2. Shift 2: unti
3. Shift 3: tmsh
4. Shift 4: slrg
5. Shift 5: rkqf

None of the decrypted versions seem to make sense, so let's try one more round of anagram solving:
1. wkvp
2. kwvp
3. wvkp
4. kvwp
5. kwpv

It appears that the ciphertext ""wpkv"" does not form any meaningful English word either as an anagram or a simple Caesar cipher.",0,7,"Possible anagrams of ""wpkv"":
1. wkvp
2. kwvp
3. wvkp
4. kvwp
5. kwpv

Now, assuming it might be a Caesar cipher, I will try decrypting it with at least 5 different shifts:
1. Shift 1: vouj
2. Shift 2: unti
3. Shift 3: tmsh
4. Shift 4: slrg
5. Shift 5: rkqf

None of the decrypted versions seem to make sense, so let's try one more round of anagram solving:
1. wkvp
2. kwvp
3. wvkp
4. kvwp
5. kwpv

It",1,1.0
wpkv,unit,4,2,"Possible anagrams of ""wpkv"":
1. wkvp
2. kwvp
3. wvkp
4. kvwp
5. kwpv

Now, assuming it might be a Caesar cipher, I will try decrypting it with at least 5 different shifts:
1. Shift 1: vouj
2. Shift 2: unti
3. Shift 3: tmsh
4. Shift 4: slrg
5. Shift 5: rkqf

None of the decrypted versions seem to make sense, so let's try one more round of anagram solving:
1. wkvp
2. kwvp
3. wvkp
4. kvwp
5. kwpv

It appears that the ciphertext ""wpkv"" does not form any meaningful English word either as an anagram or a simple Caesar cipher.",0,8,"Possible anagrams of ""wpkv"":
1. wkvp
2. kwvp
3. wvkp
4. kvwp
5. kwpv

Now, assuming it might be a Caesar cipher, I will try decrypting it with at least 5 different shifts:
1. Shift 1: vouj
2. Shift 2: unti
3. Shift 3: tmsh
4. Shift 4: slrg
5. Shift 5: rkqf

None of the decrypted versions seem to make sense, so let's try one more round of anagram solving:
1. wkvp
2. kwvp
3. wvkp
4. kvwp
5. kwpv

It appears that the ciphertext ""wpkv"" does not form ",1,1.0
wpkv,unit,4,2,"Possible anagrams of ""wpkv"":
1. wkvp
2. kwvp
3. wvkp
4. kvwp
5. kwpv

Now, assuming it might be a Caesar cipher, I will try decrypting it with at least 5 different shifts:
1. Shift 1: vouj
2. Shift 2: unti
3. Shift 3: tmsh
4. Shift 4: slrg
5. Shift 5: rkqf

None of the decrypted versions seem to make sense, so let's try one more round of anagram solving:
1. wkvp
2. kwvp
3. wvkp
4. kvwp
5. kwpv

It appears that the ciphertext ""wpkv"" does not form any meaningful English word either as an anagram or a simple Caesar cipher.",0,9,"Possible anagrams of ""wpkv"":
1. wkvp
2. kwvp
3. wvkp
4. kvwp
5. kwpv

Now, assuming it might be a Caesar cipher, I will try decrypting it with at least 5 different shifts:
1. Shift 1: vouj
2. Shift 2: unti
3. Shift 3: tmsh
4. Shift 4: slrg
5. Shift 5: rkqf

None of the decrypted versions seem to make sense, so let's try one more round of anagram solving:
1. wkvp
2. kwvp
3. wvkp
4. kvwp
5. kwpv

It appears that the ciphertext ""wpkv"" does not form any meaningful English word either as an anagram o",1,1.0
wpkv,unit,4,2,"Possible anagrams of ""wpkv"":
1. wkvp
2. kwvp
3. wvkp
4. kvwp
5. kwpv

Now, assuming it might be a Caesar cipher, I will try decrypting it with at least 5 different shifts:
1. Shift 1: vouj
2. Shift 2: unti
3. Shift 3: tmsh
4. Shift 4: slrg
5. Shift 5: rkqf

None of the decrypted versions seem to make sense, so let's try one more round of anagram solving:
1. wkvp
2. kwvp
3. wvkp
4. kvwp
5. kwpv

It appears that the ciphertext ""wpkv"" does not form any meaningful English word either as an anagram or a simple Caesar cipher.",0,10,"Possible anagrams of ""wpkv"":
1. wkvp
2. kwvp
3. wvkp
4. kvwp
5. kwpv

Now, assuming it might be a Caesar cipher, I will try decrypting it with at least 5 different shifts:
1. Shift 1: vouj
2. Shift 2: unti
3. Shift 3: tmsh
4. Shift 4: slrg
5. Shift 5: rkqf

None of the decrypted versions seem to make sense, so let's try one more round of anagram solving:
1. wkvp
2. kwvp
3. wvkp
4. kvwp
5. kwpv

It appears that the ciphertext ""wpkv"" does not form any meaningful English word either as an anagram or a simple Caesar cipher.",1,1.0
yqtm,work,4,2,"1. mytq
2. tmyq
3. tqmy
4. qmty
5. mqyt",0,0,"1. mytq
2. tmyq
3. tqmy
4. qmty
5. mqyt",0,
htqo,from,4,2,"Anagram attempts:
1. hotq
2. toqh
3. qoth
4. qoht
5. thqo

Since none of the anagram attempts seem to form a valid English word, I will now try to decrypt the ciphertext by assuming it's a Caesar cipher and trying at least 5 different shifts.

Caesar cipher attempts:
1. Shift 1: gsnp
2. Shift 2: from
3. Shift 3: enpl
4. Shift 4: dmok
5. Shift 5: clnj

Based on the Caesar cipher decryption attempts, the word ""from"" seems to make the most sense.",1,0,"Anagram attempts:
1. hotq
2. toqh
3. qoth
4. qoht
",0,2.0
htqo,from,4,2,"Anagram attempts:
1. hotq
2. toqh
3. qoth
4. qoht
5. thqo

Since none of the anagram attempts seem to form a valid English word, I will now try to decrypt the ciphertext by assuming it's a Caesar cipher and trying at least 5 different shifts.

Caesar cipher attempts:
1. Shift 1: gsnp
2. Shift 2: from
3. Shift 3: enpl
4. Shift 4: dmok
5. Shift 5: clnj

Based on the Caesar cipher decryption attempts, the word ""from"" seems to make the most sense.",1,1,"Anagram attempts:
1. hotq
2. toqh
3. qoth
4. qoht
5. thqo

Since none of the anagram attempts seem t",0,2.0
htqo,from,4,2,"Anagram attempts:
1. hotq
2. toqh
3. qoth
4. qoht
5. thqo

Since none of the anagram attempts seem to form a valid English word, I will now try to decrypt the ciphertext by assuming it's a Caesar cipher and trying at least 5 different shifts.

Caesar cipher attempts:
1. Shift 1: gsnp
2. Shift 2: from
3. Shift 3: enpl
4. Shift 4: dmok
5. Shift 5: clnj

Based on the Caesar cipher decryption attempts, the word ""from"" seems to make the most sense.",1,2,"Anagram attempts:
1. hotq
2. toqh
3. qoth
4. qoht
5. thqo

Since none of the anagram attempts seem to form a valid English word, I will now try to dec",1,2.0
htqo,from,4,2,"Anagram attempts:
1. hotq
2. toqh
3. qoth
4. qoht
5. thqo

Since none of the anagram attempts seem to form a valid English word, I will now try to decrypt the ciphertext by assuming it's a Caesar cipher and trying at least 5 different shifts.

Caesar cipher attempts:
1. Shift 1: gsnp
2. Shift 2: from
3. Shift 3: enpl
4. Shift 4: dmok
5. Shift 5: clnj

Based on the Caesar cipher decryption attempts, the word ""from"" seems to make the most sense.",1,3,"Anagram attempts:
1. hotq
2. toqh
3. qoth
4. qoht
5. thqo

Since none of the anagram attempts seem to form a valid English word, I will now try to decrypt the ciphertext by assuming it's a Caesar ciph",1,2.0
htqo,from,4,2,"Anagram attempts:
1. hotq
2. toqh
3. qoth
4. qoht
5. thqo

Since none of the anagram attempts seem to form a valid English word, I will now try to decrypt the ciphertext by assuming it's a Caesar cipher and trying at least 5 different shifts.

Caesar cipher attempts:
1. Shift 1: gsnp
2. Shift 2: from
3. Shift 3: enpl
4. Shift 4: dmok
5. Shift 5: clnj

Based on the Caesar cipher decryption attempts, the word ""from"" seems to make the most sense.",1,4,"Anagram attempts:
1. hotq
2. toqh
3. qoth
4. qoht
5. thqo

Since none of the anagram attempts seem to form a valid English word, I will now try to decrypt the ciphertext by assuming it's a Caesar cipher and trying at least 5 different shifts.

Caesar",1,2.0
htqo,from,4,2,"Anagram attempts:
1. hotq
2. toqh
3. qoth
4. qoht
5. thqo

Since none of the anagram attempts seem to form a valid English word, I will now try to decrypt the ciphertext by assuming it's a Caesar cipher and trying at least 5 different shifts.

Caesar cipher attempts:
1. Shift 1: gsnp
2. Shift 2: from
3. Shift 3: enpl
4. Shift 4: dmok
5. Shift 5: clnj

Based on the Caesar cipher decryption attempts, the word ""from"" seems to make the most sense.",1,5,"Anagram attempts:
1. hotq
2. toqh
3. qoth
4. qoht
5. thqo

Since none of the anagram attempts seem to form a valid English word, I will now try to decrypt the ciphertext by assuming it's a Caesar cipher and trying at least 5 different shifts.

Caesar cipher attempts:
1. Shift 1: gsnp
2. Shift 2: fro",1,2.0
htqo,from,4,2,"Anagram attempts:
1. hotq
2. toqh
3. qoth
4. qoht
5. thqo

Since none of the anagram attempts seem to form a valid English word, I will now try to decrypt the ciphertext by assuming it's a Caesar cipher and trying at least 5 different shifts.

Caesar cipher attempts:
1. Shift 1: gsnp
2. Shift 2: from
3. Shift 3: enpl
4. Shift 4: dmok
5. Shift 5: clnj

Based on the Caesar cipher decryption attempts, the word ""from"" seems to make the most sense.",1,6,"Anagram attempts:
1. hotq
2. toqh
3. qoth
4. qoht
5. thqo

Since none of the anagram attempts seem to form a valid English word, I will now try to decrypt the ciphertext by assuming it's a Caesar cipher and trying at least 5 different shifts.

Caesar cipher attempts:
1. Shift 1: gsnp
2. Shift 2: from
3. Shift 3: enpl
4. Shift 4: dmok
5. Shift 5: cl",1,2.0
htqo,from,4,2,"Anagram attempts:
1. hotq
2. toqh
3. qoth
4. qoht
5. thqo

Since none of the anagram attempts seem to form a valid English word, I will now try to decrypt the ciphertext by assuming it's a Caesar cipher and trying at least 5 different shifts.

Caesar cipher attempts:
1. Shift 1: gsnp
2. Shift 2: from
3. Shift 3: enpl
4. Shift 4: dmok
5. Shift 5: clnj

Based on the Caesar cipher decryption attempts, the word ""from"" seems to make the most sense.",1,7,"Anagram attempts:
1. hotq
2. toqh
3. qoth
4. qoht
5. thqo

Since none of the anagram attempts seem to form a valid English word, I will now try to decrypt the ciphertext by assuming it's a Caesar cipher and trying at least 5 different shifts.

Caesar cipher attempts:
1. Shift 1: gsnp
2. Shift 2: from
3. Shift 3: enpl
4. Shift 4: dmok
5. Shift 5: clnj

Based on the Caesar cipher decryption attempts",1,2.0
htqo,from,4,2,"Anagram attempts:
1. hotq
2. toqh
3. qoth
4. qoht
5. thqo

Since none of the anagram attempts seem to form a valid English word, I will now try to decrypt the ciphertext by assuming it's a Caesar cipher and trying at least 5 different shifts.

Caesar cipher attempts:
1. Shift 1: gsnp
2. Shift 2: from
3. Shift 3: enpl
4. Shift 4: dmok
5. Shift 5: clnj

Based on the Caesar cipher decryption attempts, the word ""from"" seems to make the most sense.",1,8,"Anagram attempts:
1. hotq
2. toqh
3. qoth
4. qoht
5. thqo

Since none of the anagram attempts seem to form a valid English word, I will now try to decrypt the ciphertext by assuming it's a Caesar cipher and trying at least 5 different shifts.

Caesar cipher attempts:
1. Shift 1: gsnp
2. Shift 2: from
3. Shift 3: enpl
4. Shift 4: dmok
5. Shift 5: clnj

Based on the Caesar cipher decryption attempts, the word ""from"" seems to make the most sense.",1,2.0
yknn,will,4,2,"1. yknn -> nnyk
2. yknn -> knyn
3. yknn -> nkny
4. yknn -> nykn
5. yknn -> kynn

Now, I will try assuming it's a Caesar cipher and decrypt it using at least 5 different shifts.
1. Shift 1: yknn -> xjmm
2. Shift 2: yknn -> wilk
3. Shift 3: yknn -> vhmj
4. Shift 4: yknn -> uglj
5. Shift 5: yknn -> tfki",1,0,"1. yknn -> nnyk
2. yknn -> knyn
3. yknn -> nkny
4.",0,2.0
yknn,will,4,2,"1. yknn -> nnyk
2. yknn -> knyn
3. yknn -> nkny
4. yknn -> nykn
5. yknn -> kynn

Now, I will try assuming it's a Caesar cipher and decrypt it using at least 5 different shifts.
1. Shift 1: yknn -> xjmm
2. Shift 2: yknn -> wilk
3. Shift 3: yknn -> vhmj
4. Shift 4: yknn -> uglj
5. Shift 5: yknn -> tfki",1,1,"1. yknn -> nnyk
2. yknn -> knyn
3. yknn -> nkny
4. yknn -> nykn
5. yknn -> kynn

Now, I will try ass",0,2.0
yknn,will,4,2,"1. yknn -> nnyk
2. yknn -> knyn
3. yknn -> nkny
4. yknn -> nykn
5. yknn -> kynn

Now, I will try assuming it's a Caesar cipher and decrypt it using at least 5 different shifts.
1. Shift 1: yknn -> xjmm
2. Shift 2: yknn -> wilk
3. Shift 3: yknn -> vhmj
4. Shift 4: yknn -> uglj
5. Shift 5: yknn -> tfki",1,2,"1. yknn -> nnyk
2. yknn -> knyn
3. yknn -> nkny
4. yknn -> nykn
5. yknn -> kynn

Now, I will try assuming it's a Caesar cipher and decrypt it using at",1,2.0
yknn,will,4,2,"1. yknn -> nnyk
2. yknn -> knyn
3. yknn -> nkny
4. yknn -> nykn
5. yknn -> kynn

Now, I will try assuming it's a Caesar cipher and decrypt it using at least 5 different shifts.
1. Shift 1: yknn -> xjmm
2. Shift 2: yknn -> wilk
3. Shift 3: yknn -> vhmj
4. Shift 4: yknn -> uglj
5. Shift 5: yknn -> tfki",1,3,"1. yknn -> nnyk
2. yknn -> knyn
3. yknn -> nkny
4. yknn -> nykn
5. yknn -> kynn

Now, I will try assuming it's a Caesar cipher and decrypt it using at least 5 different shifts.
1. Shift 1: yknn -> xjm",1,2.0
yknn,will,4,2,"1. yknn -> nnyk
2. yknn -> knyn
3. yknn -> nkny
4. yknn -> nykn
5. yknn -> kynn

Now, I will try assuming it's a Caesar cipher and decrypt it using at least 5 different shifts.
1. Shift 1: yknn -> xjmm
2. Shift 2: yknn -> wilk
3. Shift 3: yknn -> vhmj
4. Shift 4: yknn -> uglj
5. Shift 5: yknn -> tfki",1,4,"1. yknn -> nnyk
2. yknn -> knyn
3. yknn -> nkny
4. yknn -> nykn
5. yknn -> kynn

Now, I will try assuming it's a Caesar cipher and decrypt it using at least 5 different shifts.
1. Shift 1: yknn -> xjmm
2. Shift 2: yknn -> wilk
3. Shift 3: yknn -> vhm",1,2.0
yknn,will,4,2,"1. yknn -> nnyk
2. yknn -> knyn
3. yknn -> nkny
4. yknn -> nykn
5. yknn -> kynn

Now, I will try assuming it's a Caesar cipher and decrypt it using at least 5 different shifts.
1. Shift 1: yknn -> xjmm
2. Shift 2: yknn -> wilk
3. Shift 3: yknn -> vhmj
4. Shift 4: yknn -> uglj
5. Shift 5: yknn -> tfki",1,5,"1. yknn -> nnyk
2. yknn -> knyn
3. yknn -> nkny
4. yknn -> nykn
5. yknn -> kynn

Now, I will try assuming it's a Caesar cipher and decrypt it using at least 5 different shifts.
1. Shift 1: yknn -> xjmm
2. Shift 2: yknn -> wilk
3. Shift 3: yknn -> vhmj
4. Shift 4: yknn -> uglj
5. Shift 5: yknn -> tfk",1,2.0
yknn,will,4,2,"1. yknn -> nnyk
2. yknn -> knyn
3. yknn -> nkny
4. yknn -> nykn
5. yknn -> kynn

Now, I will try assuming it's a Caesar cipher and decrypt it using at least 5 different shifts.
1. Shift 1: yknn -> xjmm
2. Shift 2: yknn -> wilk
3. Shift 3: yknn -> vhmj
4. Shift 4: yknn -> uglj
5. Shift 5: yknn -> tfki",1,6,"1. yknn -> nnyk
2. yknn -> knyn
3. yknn -> nkny
4. yknn -> nykn
5. yknn -> kynn

Now, I will try assuming it's a Caesar cipher and decrypt it using at least 5 different shifts.
1. Shift 1: yknn -> xjmm
2. Shift 2: yknn -> wilk
3. Shift 3: yknn -> vhmj
4. Shift 4: yknn -> uglj
5. Shift 5: yknn -> tfki",1,2.0
dnqy,blow,4,2,"1. qdny
2. qydn
3. ydnq
4. yqdn
5. nqdy

Since unscrambling as an anagram did not provide a clear English word, I will now try decrypting it using Caesar cipher with 5 different shifts:

1. Shift 1: cmpx
2. Shift 2: blow
3. Shift 3: aknv
4. Shift 4: zjmu
5. Shift 5: yilt

The decrypted words from the Caesar cipher with various shifts did not produce a clear English word either.",1,0,"1. qdny
2. qydn
3. ydnq
4. yqdn
5. nqdy

Since uns",0,1.0
dnqy,blow,4,2,"1. qdny
2. qydn
3. ydnq
4. yqdn
5. nqdy

Since unscrambling as an anagram did not provide a clear English word, I will now try decrypting it using Caesar cipher with 5 different shifts:

1. Shift 1: cmpx
2. Shift 2: blow
3. Shift 3: aknv
4. Shift 4: zjmu
5. Shift 5: yilt

The decrypted words from the Caesar cipher with various shifts did not produce a clear English word either.",1,1,"1. qdny
2. qydn
3. ydnq
4. yqdn
5. nqdy

Since unscrambling as an anagram did not provide a clear En",1,1.0
dnqy,blow,4,2,"1. qdny
2. qydn
3. ydnq
4. yqdn
5. nqdy

Since unscrambling as an anagram did not provide a clear English word, I will now try decrypting it using Caesar cipher with 5 different shifts:

1. Shift 1: cmpx
2. Shift 2: blow
3. Shift 3: aknv
4. Shift 4: zjmu
5. Shift 5: yilt

The decrypted words from the Caesar cipher with various shifts did not produce a clear English word either.",1,2,"1. qdny
2. qydn
3. ydnq
4. yqdn
5. nqdy

Since unscrambling as an anagram did not provide a clear English word, I will now try decrypting it using Cae",1,1.0
dnqy,blow,4,2,"1. qdny
2. qydn
3. ydnq
4. yqdn
5. nqdy

Since unscrambling as an anagram did not provide a clear English word, I will now try decrypting it using Caesar cipher with 5 different shifts:

1. Shift 1: cmpx
2. Shift 2: blow
3. Shift 3: aknv
4. Shift 4: zjmu
5. Shift 5: yilt

The decrypted words from the Caesar cipher with various shifts did not produce a clear English word either.",1,3,"1. qdny
2. qydn
3. ydnq
4. yqdn
5. nqdy

Since unscrambling as an anagram did not provide a clear English word, I will now try decrypting it using Caesar cipher with 5 different shifts:

1. Shift 1: c",1,1.0
dnqy,blow,4,2,"1. qdny
2. qydn
3. ydnq
4. yqdn
5. nqdy

Since unscrambling as an anagram did not provide a clear English word, I will now try decrypting it using Caesar cipher with 5 different shifts:

1. Shift 1: cmpx
2. Shift 2: blow
3. Shift 3: aknv
4. Shift 4: zjmu
5. Shift 5: yilt

The decrypted words from the Caesar cipher with various shifts did not produce a clear English word either.",1,4,"1. qdny
2. qydn
3. ydnq
4. yqdn
5. nqdy

Since unscrambling as an anagram did not provide a clear English word, I will now try decrypting it using Caesar cipher with 5 different shifts:

1. Shift 1: cmpx
2. Shift 2: blow
3. Shift 3: aknv
4. Shift 4: ",1,1.0
dnqy,blow,4,2,"1. qdny
2. qydn
3. ydnq
4. yqdn
5. nqdy

Since unscrambling as an anagram did not provide a clear English word, I will now try decrypting it using Caesar cipher with 5 different shifts:

1. Shift 1: cmpx
2. Shift 2: blow
3. Shift 3: aknv
4. Shift 4: zjmu
5. Shift 5: yilt

The decrypted words from the Caesar cipher with various shifts did not produce a clear English word either.",1,5,"1. qdny
2. qydn
3. ydnq
4. yqdn
5. nqdy

Since unscrambling as an anagram did not provide a clear English word, I will now try decrypting it using Caesar cipher with 5 different shifts:

1. Shift 1: cmpx
2. Shift 2: blow
3. Shift 3: aknv
4. Shift 4: zjmu
5. Shift 5: yilt

The decrypted words from th",1,1.0
dnqy,blow,4,2,"1. qdny
2. qydn
3. ydnq
4. yqdn
5. nqdy

Since unscrambling as an anagram did not provide a clear English word, I will now try decrypting it using Caesar cipher with 5 different shifts:

1. Shift 1: cmpx
2. Shift 2: blow
3. Shift 3: aknv
4. Shift 4: zjmu
5. Shift 5: yilt

The decrypted words from the Caesar cipher with various shifts did not produce a clear English word either.",1,6,"1. qdny
2. qydn
3. ydnq
4. yqdn
5. nqdy

Since unscrambling as an anagram did not provide a clear English word, I will now try decrypting it using Caesar cipher with 5 different shifts:

1. Shift 1: cmpx
2. Shift 2: blow
3. Shift 3: aknv
4. Shift 4: zjmu
5. Shift 5: yilt

The decrypted words from the Caesar cipher with various shifts did not produc",1,1.0
dnqy,blow,4,2,"1. qdny
2. qydn
3. ydnq
4. yqdn
5. nqdy

Since unscrambling as an anagram did not provide a clear English word, I will now try decrypting it using Caesar cipher with 5 different shifts:

1. Shift 1: cmpx
2. Shift 2: blow
3. Shift 3: aknv
4. Shift 4: zjmu
5. Shift 5: yilt

The decrypted words from the Caesar cipher with various shifts did not produce a clear English word either.",1,7,"1. qdny
2. qydn
3. ydnq
4. yqdn
5. nqdy

Since unscrambling as an anagram did not provide a clear English word, I will now try decrypting it using Caesar cipher with 5 different shifts:

1. Shift 1: cmpx
2. Shift 2: blow
3. Shift 3: aknv
4. Shift 4: zjmu
5. Shift 5: yilt

The decrypted words from the Caesar cipher with various shifts did not produce a clear English word either.",1,1.0
egnn,cell,4,2,"1. genn
2. ngen
3. neng
4. gnen
5. enng

Now, I will try decrypting the ciphertext using a Caesar cipher with different shifts:

1. Shift 1: dfmm
2. Shift 2: cell
3. Shift 3: bdkk
4. Shift 4: acjj
5. Shift 5: zbih

None of the attempts as anagrams or Caesar ciphers seem to form a valid English word.",1,0,"1. genn
2. ngen
3. neng
4. gnen
5. enng

Now, I wi",1,0.0
egnn,cell,4,2,"1. genn
2. ngen
3. neng
4. gnen
5. enng

Now, I will try decrypting the ciphertext using a Caesar cipher with different shifts:

1. Shift 1: dfmm
2. Shift 2: cell
3. Shift 3: bdkk
4. Shift 4: acjj
5. Shift 5: zbih

None of the attempts as anagrams or Caesar ciphers seem to form a valid English word.",1,1,"1. genn
2. ngen
3. neng
4. gnen
5. enng

Now, I will try decrypting the ciphertext using a Caesar ci",1,0.0
egnn,cell,4,2,"1. genn
2. ngen
3. neng
4. gnen
5. enng

Now, I will try decrypting the ciphertext using a Caesar cipher with different shifts:

1. Shift 1: dfmm
2. Shift 2: cell
3. Shift 3: bdkk
4. Shift 4: acjj
5. Shift 5: zbih

None of the attempts as anagrams or Caesar ciphers seem to form a valid English word.",1,2,"1. genn
2. ngen
3. neng
4. gnen
5. enng

Now, I will try decrypting the ciphertext using a Caesar cipher with different shifts:

1. Shift 1: dfmm
2. S",1,0.0
egnn,cell,4,2,"1. genn
2. ngen
3. neng
4. gnen
5. enng

Now, I will try decrypting the ciphertext using a Caesar cipher with different shifts:

1. Shift 1: dfmm
2. Shift 2: cell
3. Shift 3: bdkk
4. Shift 4: acjj
5. Shift 5: zbih

None of the attempts as anagrams or Caesar ciphers seem to form a valid English word.",1,3,"1. genn
2. ngen
3. neng
4. gnen
5. enng

Now, I will try decrypting the ciphertext using a Caesar cipher with different shifts:

1. Shift 1: dfmm
2. Shift 2: cell
3. Shift 3: bdkk
4. Shift 4: acjj
5. ",1,0.0
egnn,cell,4,2,"1. genn
2. ngen
3. neng
4. gnen
5. enng

Now, I will try decrypting the ciphertext using a Caesar cipher with different shifts:

1. Shift 1: dfmm
2. Shift 2: cell
3. Shift 3: bdkk
4. Shift 4: acjj
5. Shift 5: zbih

None of the attempts as anagrams or Caesar ciphers seem to form a valid English word.",1,4,"1. genn
2. ngen
3. neng
4. gnen
5. enng

Now, I will try decrypting the ciphertext using a Caesar cipher with different shifts:

1. Shift 1: dfmm
2. Shift 2: cell
3. Shift 3: bdkk
4. Shift 4: acjj
5. Shift 5: zbih

None of the attempts as anagrams or",1,0.0
egnn,cell,4,2,"1. genn
2. ngen
3. neng
4. gnen
5. enng

Now, I will try decrypting the ciphertext using a Caesar cipher with different shifts:

1. Shift 1: dfmm
2. Shift 2: cell
3. Shift 3: bdkk
4. Shift 4: acjj
5. Shift 5: zbih

None of the attempts as anagrams or Caesar ciphers seem to form a valid English word.",1,5,"1. genn
2. ngen
3. neng
4. gnen
5. enng

Now, I will try decrypting the ciphertext using a Caesar cipher with different shifts:

1. Shift 1: dfmm
2. Shift 2: cell
3. Shift 3: bdkk
4. Shift 4: acjj
5. Shift 5: zbih

None of the attempts as anagrams or Caesar ciphers seem to form a valid English word.",1,0.0
ogcp,mean,4,2,"1. copg
2. pcog
3. cgop
4. cpgo
5. pogc

Now, I'll try decrypting the ciphertext using a Caesar cipher with different shifts:

Shift 1: nfbo
Shift 2: mean
Shift 3: ldzm
Shift 4: kcyl
Shift 5: jbxk",1,0,"1. copg
2. pcog
3. cgop
4. cpgo
5. pogc

Now, I'll",1,0.0
ogcp,mean,4,2,"1. copg
2. pcog
3. cgop
4. cpgo
5. pogc

Now, I'll try decrypting the ciphertext using a Caesar cipher with different shifts:

Shift 1: nfbo
Shift 2: mean
Shift 3: ldzm
Shift 4: kcyl
Shift 5: jbxk",1,1,"1. copg
2. pcog
3. cgop
4. cpgo
5. pogc

Now, I'll try decrypting the ciphertext using a Caesar ciph",1,0.0
ogcp,mean,4,2,"1. copg
2. pcog
3. cgop
4. cpgo
5. pogc

Now, I'll try decrypting the ciphertext using a Caesar cipher with different shifts:

Shift 1: nfbo
Shift 2: mean
Shift 3: ldzm
Shift 4: kcyl
Shift 5: jbxk",1,2,"1. copg
2. pcog
3. cgop
4. cpgo
5. pogc

Now, I'll try decrypting the ciphertext using a Caesar cipher with different shifts:

Shift 1: nfbo
Shift 2: ",1,0.0
ogcp,mean,4,2,"1. copg
2. pcog
3. cgop
4. cpgo
5. pogc

Now, I'll try decrypting the ciphertext using a Caesar cipher with different shifts:

Shift 1: nfbo
Shift 2: mean
Shift 3: ldzm
Shift 4: kcyl
Shift 5: jbxk",1,3,"1. copg
2. pcog
3. cgop
4. cpgo
5. pogc

Now, I'll try decrypting the ciphertext using a Caesar cipher with different shifts:

Shift 1: nfbo
Shift 2: mean
Shift 3: ldzm
Shift 4: kcyl
Shift 5: jbxk",1,0.0
ocuu,mass,4,2,"1. cuuo
2. ucuo
3. ucuo
4. oucu
5. cuou

Next, I'll try to decrypt the ciphertext using a Caesar cipher with a shift of 1:
1. nbtt
2. nbtt
3. nbtt
4. nbtt
5. nbtt

Next, I'll try to decrypt the ciphertext using a Caesar cipher with a shift of 2:
1. mast
2. mast
3. mast
4. mast
5. mast

Next, I'll try to decrypt the ciphertext using a Caesar cipher with a shift of 3:
1. lzrs
2. lzrs
3. lzrs
4. lzrs
5. lzrs

Next, I'll try to decrypt the ciphertext using a Caesar cipher with a shift of 4:
1. kyqr
2. kyqr
3. kyqr
4. kyqr
5. kyqr

Next, I'll try to decrypt the ciphertext using a Caesar cipher with a shift of 5:
1. jxpq
2. jxpq
3. jxpq
4. jxpq
5. jxpq

It looks like the word ""ocuu"" could potentially be decrypted with a Caesar cipher and a shift of 2 to spell ""mast.""",0,0,"1. cuuo
2. ucuo
3. ucuo
4. oucu
5. cuou

Next, I'l",1,0.0
ocuu,mass,4,2,"1. cuuo
2. ucuo
3. ucuo
4. oucu
5. cuou

Next, I'll try to decrypt the ciphertext using a Caesar cipher with a shift of 1:
1. nbtt
2. nbtt
3. nbtt
4. nbtt
5. nbtt

Next, I'll try to decrypt the ciphertext using a Caesar cipher with a shift of 2:
1. mast
2. mast
3. mast
4. mast
5. mast

Next, I'll try to decrypt the ciphertext using a Caesar cipher with a shift of 3:
1. lzrs
2. lzrs
3. lzrs
4. lzrs
5. lzrs

Next, I'll try to decrypt the ciphertext using a Caesar cipher with a shift of 4:
1. kyqr
2. kyqr
3. kyqr
4. kyqr
5. kyqr

Next, I'll try to decrypt the ciphertext using a Caesar cipher with a shift of 5:
1. jxpq
2. jxpq
3. jxpq
4. jxpq
5. jxpq

It looks like the word ""ocuu"" could potentially be decrypted with a Caesar cipher and a shift of 2 to spell ""mast.""",0,1,"1. cuuo
2. ucuo
3. ucuo
4. oucu
5. cuou

Next, I'll try to decrypt the ciphertext using a Caesar cip",1,0.0
ocuu,mass,4,2,"1. cuuo
2. ucuo
3. ucuo
4. oucu
5. cuou

Next, I'll try to decrypt the ciphertext using a Caesar cipher with a shift of 1:
1. nbtt
2. nbtt
3. nbtt
4. nbtt
5. nbtt

Next, I'll try to decrypt the ciphertext using a Caesar cipher with a shift of 2:
1. mast
2. mast
3. mast
4. mast
5. mast

Next, I'll try to decrypt the ciphertext using a Caesar cipher with a shift of 3:
1. lzrs
2. lzrs
3. lzrs
4. lzrs
5. lzrs

Next, I'll try to decrypt the ciphertext using a Caesar cipher with a shift of 4:
1. kyqr
2. kyqr
3. kyqr
4. kyqr
5. kyqr

Next, I'll try to decrypt the ciphertext using a Caesar cipher with a shift of 5:
1. jxpq
2. jxpq
3. jxpq
4. jxpq
5. jxpq

It looks like the word ""ocuu"" could potentially be decrypted with a Caesar cipher and a shift of 2 to spell ""mast.""",0,2,"1. cuuo
2. ucuo
3. ucuo
4. oucu
5. cuou

Next, I'll try to decrypt the ciphertext using a Caesar cipher with a shift of 1:
1. nbtt
2. nbtt
3. nbtt
4. ",1,0.0
ocuu,mass,4,2,"1. cuuo
2. ucuo
3. ucuo
4. oucu
5. cuou

Next, I'll try to decrypt the ciphertext using a Caesar cipher with a shift of 1:
1. nbtt
2. nbtt
3. nbtt
4. nbtt
5. nbtt

Next, I'll try to decrypt the ciphertext using a Caesar cipher with a shift of 2:
1. mast
2. mast
3. mast
4. mast
5. mast

Next, I'll try to decrypt the ciphertext using a Caesar cipher with a shift of 3:
1. lzrs
2. lzrs
3. lzrs
4. lzrs
5. lzrs

Next, I'll try to decrypt the ciphertext using a Caesar cipher with a shift of 4:
1. kyqr
2. kyqr
3. kyqr
4. kyqr
5. kyqr

Next, I'll try to decrypt the ciphertext using a Caesar cipher with a shift of 5:
1. jxpq
2. jxpq
3. jxpq
4. jxpq
5. jxpq

It looks like the word ""ocuu"" could potentially be decrypted with a Caesar cipher and a shift of 2 to spell ""mast.""",0,3,"1. cuuo
2. ucuo
3. ucuo
4. oucu
5. cuou

Next, I'll try to decrypt the ciphertext using a Caesar cipher with a shift of 1:
1. nbtt
2. nbtt
3. nbtt
4. nbtt
5. nbtt

Next, I'll try to decrypt the cipher",1,0.0
ocuu,mass,4,2,"1. cuuo
2. ucuo
3. ucuo
4. oucu
5. cuou

Next, I'll try to decrypt the ciphertext using a Caesar cipher with a shift of 1:
1. nbtt
2. nbtt
3. nbtt
4. nbtt
5. nbtt

Next, I'll try to decrypt the ciphertext using a Caesar cipher with a shift of 2:
1. mast
2. mast
3. mast
4. mast
5. mast

Next, I'll try to decrypt the ciphertext using a Caesar cipher with a shift of 3:
1. lzrs
2. lzrs
3. lzrs
4. lzrs
5. lzrs

Next, I'll try to decrypt the ciphertext using a Caesar cipher with a shift of 4:
1. kyqr
2. kyqr
3. kyqr
4. kyqr
5. kyqr

Next, I'll try to decrypt the ciphertext using a Caesar cipher with a shift of 5:
1. jxpq
2. jxpq
3. jxpq
4. jxpq
5. jxpq

It looks like the word ""ocuu"" could potentially be decrypted with a Caesar cipher and a shift of 2 to spell ""mast.""",0,4,"1. cuuo
2. ucuo
3. ucuo
4. oucu
5. cuou

Next, I'll try to decrypt the ciphertext using a Caesar cipher with a shift of 1:
1. nbtt
2. nbtt
3. nbtt
4. nbtt
5. nbtt

Next, I'll try to decrypt the ciphertext using a Caesar cipher with a shift of 2:
1. m",1,0.0
ocuu,mass,4,2,"1. cuuo
2. ucuo
3. ucuo
4. oucu
5. cuou

Next, I'll try to decrypt the ciphertext using a Caesar cipher with a shift of 1:
1. nbtt
2. nbtt
3. nbtt
4. nbtt
5. nbtt

Next, I'll try to decrypt the ciphertext using a Caesar cipher with a shift of 2:
1. mast
2. mast
3. mast
4. mast
5. mast

Next, I'll try to decrypt the ciphertext using a Caesar cipher with a shift of 3:
1. lzrs
2. lzrs
3. lzrs
4. lzrs
5. lzrs

Next, I'll try to decrypt the ciphertext using a Caesar cipher with a shift of 4:
1. kyqr
2. kyqr
3. kyqr
4. kyqr
5. kyqr

Next, I'll try to decrypt the ciphertext using a Caesar cipher with a shift of 5:
1. jxpq
2. jxpq
3. jxpq
4. jxpq
5. jxpq

It looks like the word ""ocuu"" could potentially be decrypted with a Caesar cipher and a shift of 2 to spell ""mast.""",0,5,"1. cuuo
2. ucuo
3. ucuo
4. oucu
5. cuou

Next, I'll try to decrypt the ciphertext using a Caesar cipher with a shift of 1:
1. nbtt
2. nbtt
3. nbtt
4. nbtt
5. nbtt

Next, I'll try to decrypt the ciphertext using a Caesar cipher with a shift of 2:
1. mast
2. mast
3. mast
4. mast
5. mast

Next, I'll tr",1,0.0
ocuu,mass,4,2,"1. cuuo
2. ucuo
3. ucuo
4. oucu
5. cuou

Next, I'll try to decrypt the ciphertext using a Caesar cipher with a shift of 1:
1. nbtt
2. nbtt
3. nbtt
4. nbtt
5. nbtt

Next, I'll try to decrypt the ciphertext using a Caesar cipher with a shift of 2:
1. mast
2. mast
3. mast
4. mast
5. mast

Next, I'll try to decrypt the ciphertext using a Caesar cipher with a shift of 3:
1. lzrs
2. lzrs
3. lzrs
4. lzrs
5. lzrs

Next, I'll try to decrypt the ciphertext using a Caesar cipher with a shift of 4:
1. kyqr
2. kyqr
3. kyqr
4. kyqr
5. kyqr

Next, I'll try to decrypt the ciphertext using a Caesar cipher with a shift of 5:
1. jxpq
2. jxpq
3. jxpq
4. jxpq
5. jxpq

It looks like the word ""ocuu"" could potentially be decrypted with a Caesar cipher and a shift of 2 to spell ""mast.""",0,6,"1. cuuo
2. ucuo
3. ucuo
4. oucu
5. cuou

Next, I'll try to decrypt the ciphertext using a Caesar cipher with a shift of 1:
1. nbtt
2. nbtt
3. nbtt
4. nbtt
5. nbtt

Next, I'll try to decrypt the ciphertext using a Caesar cipher with a shift of 2:
1. mast
2. mast
3. mast
4. mast
5. mast

Next, I'll try to decrypt the ciphertext using a Caesar cipher ",1,0.0
ocuu,mass,4,2,"1. cuuo
2. ucuo
3. ucuo
4. oucu
5. cuou

Next, I'll try to decrypt the ciphertext using a Caesar cipher with a shift of 1:
1. nbtt
2. nbtt
3. nbtt
4. nbtt
5. nbtt

Next, I'll try to decrypt the ciphertext using a Caesar cipher with a shift of 2:
1. mast
2. mast
3. mast
4. mast
5. mast

Next, I'll try to decrypt the ciphertext using a Caesar cipher with a shift of 3:
1. lzrs
2. lzrs
3. lzrs
4. lzrs
5. lzrs

Next, I'll try to decrypt the ciphertext using a Caesar cipher with a shift of 4:
1. kyqr
2. kyqr
3. kyqr
4. kyqr
5. kyqr

Next, I'll try to decrypt the ciphertext using a Caesar cipher with a shift of 5:
1. jxpq
2. jxpq
3. jxpq
4. jxpq
5. jxpq

It looks like the word ""ocuu"" could potentially be decrypted with a Caesar cipher and a shift of 2 to spell ""mast.""",0,7,"1. cuuo
2. ucuo
3. ucuo
4. oucu
5. cuou

Next, I'll try to decrypt the ciphertext using a Caesar cipher with a shift of 1:
1. nbtt
2. nbtt
3. nbtt
4. nbtt
5. nbtt

Next, I'll try to decrypt the ciphertext using a Caesar cipher with a shift of 2:
1. mast
2. mast
3. mast
4. mast
5. mast

Next, I'll try to decrypt the ciphertext using a Caesar cipher with a shift of 3:
1. lzrs
2. lzrs
3. lzrs
4. lzrs",1,0.0
ocuu,mass,4,2,"1. cuuo
2. ucuo
3. ucuo
4. oucu
5. cuou

Next, I'll try to decrypt the ciphertext using a Caesar cipher with a shift of 1:
1. nbtt
2. nbtt
3. nbtt
4. nbtt
5. nbtt

Next, I'll try to decrypt the ciphertext using a Caesar cipher with a shift of 2:
1. mast
2. mast
3. mast
4. mast
5. mast

Next, I'll try to decrypt the ciphertext using a Caesar cipher with a shift of 3:
1. lzrs
2. lzrs
3. lzrs
4. lzrs
5. lzrs

Next, I'll try to decrypt the ciphertext using a Caesar cipher with a shift of 4:
1. kyqr
2. kyqr
3. kyqr
4. kyqr
5. kyqr

Next, I'll try to decrypt the ciphertext using a Caesar cipher with a shift of 5:
1. jxpq
2. jxpq
3. jxpq
4. jxpq
5. jxpq

It looks like the word ""ocuu"" could potentially be decrypted with a Caesar cipher and a shift of 2 to spell ""mast.""",0,8,"1. cuuo
2. ucuo
3. ucuo
4. oucu
5. cuou

Next, I'll try to decrypt the ciphertext using a Caesar cipher with a shift of 1:
1. nbtt
2. nbtt
3. nbtt
4. nbtt
5. nbtt

Next, I'll try to decrypt the ciphertext using a Caesar cipher with a shift of 2:
1. mast
2. mast
3. mast
4. mast
5. mast

Next, I'll try to decrypt the ciphertext using a Caesar cipher with a shift of 3:
1. lzrs
2. lzrs
3. lzrs
4. lzrs
5. lzrs

Next, I'll try to decrypt the ciphertext",1,0.0
ocuu,mass,4,2,"1. cuuo
2. ucuo
3. ucuo
4. oucu
5. cuou

Next, I'll try to decrypt the ciphertext using a Caesar cipher with a shift of 1:
1. nbtt
2. nbtt
3. nbtt
4. nbtt
5. nbtt

Next, I'll try to decrypt the ciphertext using a Caesar cipher with a shift of 2:
1. mast
2. mast
3. mast
4. mast
5. mast

Next, I'll try to decrypt the ciphertext using a Caesar cipher with a shift of 3:
1. lzrs
2. lzrs
3. lzrs
4. lzrs
5. lzrs

Next, I'll try to decrypt the ciphertext using a Caesar cipher with a shift of 4:
1. kyqr
2. kyqr
3. kyqr
4. kyqr
5. kyqr

Next, I'll try to decrypt the ciphertext using a Caesar cipher with a shift of 5:
1. jxpq
2. jxpq
3. jxpq
4. jxpq
5. jxpq

It looks like the word ""ocuu"" could potentially be decrypted with a Caesar cipher and a shift of 2 to spell ""mast.""",0,9,"1. cuuo
2. ucuo
3. ucuo
4. oucu
5. cuou

Next, I'll try to decrypt the ciphertext using a Caesar cipher with a shift of 1:
1. nbtt
2. nbtt
3. nbtt
4. nbtt
5. nbtt

Next, I'll try to decrypt the ciphertext using a Caesar cipher with a shift of 2:
1. mast
2. mast
3. mast
4. mast
5. mast

Next, I'll try to decrypt the ciphertext using a Caesar cipher with a shift of 3:
1. lzrs
2. lzrs
3. lzrs
4. lzrs
5. lzrs

Next, I'll try to decrypt the ciphertext using a Caesar cipher with a shift of 4:
1. kyqr
",1,0.0
ocuu,mass,4,2,"1. cuuo
2. ucuo
3. ucuo
4. oucu
5. cuou

Next, I'll try to decrypt the ciphertext using a Caesar cipher with a shift of 1:
1. nbtt
2. nbtt
3. nbtt
4. nbtt
5. nbtt

Next, I'll try to decrypt the ciphertext using a Caesar cipher with a shift of 2:
1. mast
2. mast
3. mast
4. mast
5. mast

Next, I'll try to decrypt the ciphertext using a Caesar cipher with a shift of 3:
1. lzrs
2. lzrs
3. lzrs
4. lzrs
5. lzrs

Next, I'll try to decrypt the ciphertext using a Caesar cipher with a shift of 4:
1. kyqr
2. kyqr
3. kyqr
4. kyqr
5. kyqr

Next, I'll try to decrypt the ciphertext using a Caesar cipher with a shift of 5:
1. jxpq
2. jxpq
3. jxpq
4. jxpq
5. jxpq

It looks like the word ""ocuu"" could potentially be decrypted with a Caesar cipher and a shift of 2 to spell ""mast.""",0,10,"1. cuuo
2. ucuo
3. ucuo
4. oucu
5. cuou

Next, I'll try to decrypt the ciphertext using a Caesar cipher with a shift of 1:
1. nbtt
2. nbtt
3. nbtt
4. nbtt
5. nbtt

Next, I'll try to decrypt the ciphertext using a Caesar cipher with a shift of 2:
1. mast
2. mast
3. mast
4. mast
5. mast

Next, I'll try to decrypt the ciphertext using a Caesar cipher with a shift of 3:
1. lzrs
2. lzrs
3. lzrs
4. lzrs
5. lzrs

Next, I'll try to decrypt the ciphertext using a Caesar cipher with a shift of 4:
1. kyqr
2. kyqr
3. kyqr
4. kyqr
5. kyqr

Next, I'll try to",1,0.0
ocuu,mass,4,2,"1. cuuo
2. ucuo
3. ucuo
4. oucu
5. cuou

Next, I'll try to decrypt the ciphertext using a Caesar cipher with a shift of 1:
1. nbtt
2. nbtt
3. nbtt
4. nbtt
5. nbtt

Next, I'll try to decrypt the ciphertext using a Caesar cipher with a shift of 2:
1. mast
2. mast
3. mast
4. mast
5. mast

Next, I'll try to decrypt the ciphertext using a Caesar cipher with a shift of 3:
1. lzrs
2. lzrs
3. lzrs
4. lzrs
5. lzrs

Next, I'll try to decrypt the ciphertext using a Caesar cipher with a shift of 4:
1. kyqr
2. kyqr
3. kyqr
4. kyqr
5. kyqr

Next, I'll try to decrypt the ciphertext using a Caesar cipher with a shift of 5:
1. jxpq
2. jxpq
3. jxpq
4. jxpq
5. jxpq

It looks like the word ""ocuu"" could potentially be decrypted with a Caesar cipher and a shift of 2 to spell ""mast.""",0,11,"1. cuuo
2. ucuo
3. ucuo
4. oucu
5. cuou

Next, I'll try to decrypt the ciphertext using a Caesar cipher with a shift of 1:
1. nbtt
2. nbtt
3. nbtt
4. nbtt
5. nbtt

Next, I'll try to decrypt the ciphertext using a Caesar cipher with a shift of 2:
1. mast
2. mast
3. mast
4. mast
5. mast

Next, I'll try to decrypt the ciphertext using a Caesar cipher with a shift of 3:
1. lzrs
2. lzrs
3. lzrs
4. lzrs
5. lzrs

Next, I'll try to decrypt the ciphertext using a Caesar cipher with a shift of 4:
1. kyqr
2. kyqr
3. kyqr
4. kyqr
5. kyqr

Next, I'll try to decrypt the ciphertext using a Caesar cipher with",1,0.0
ocuu,mass,4,2,"1. cuuo
2. ucuo
3. ucuo
4. oucu
5. cuou

Next, I'll try to decrypt the ciphertext using a Caesar cipher with a shift of 1:
1. nbtt
2. nbtt
3. nbtt
4. nbtt
5. nbtt

Next, I'll try to decrypt the ciphertext using a Caesar cipher with a shift of 2:
1. mast
2. mast
3. mast
4. mast
5. mast

Next, I'll try to decrypt the ciphertext using a Caesar cipher with a shift of 3:
1. lzrs
2. lzrs
3. lzrs
4. lzrs
5. lzrs

Next, I'll try to decrypt the ciphertext using a Caesar cipher with a shift of 4:
1. kyqr
2. kyqr
3. kyqr
4. kyqr
5. kyqr

Next, I'll try to decrypt the ciphertext using a Caesar cipher with a shift of 5:
1. jxpq
2. jxpq
3. jxpq
4. jxpq
5. jxpq

It looks like the word ""ocuu"" could potentially be decrypted with a Caesar cipher and a shift of 2 to spell ""mast.""",0,12,"1. cuuo
2. ucuo
3. ucuo
4. oucu
5. cuou

Next, I'll try to decrypt the ciphertext using a Caesar cipher with a shift of 1:
1. nbtt
2. nbtt
3. nbtt
4. nbtt
5. nbtt

Next, I'll try to decrypt the ciphertext using a Caesar cipher with a shift of 2:
1. mast
2. mast
3. mast
4. mast
5. mast

Next, I'll try to decrypt the ciphertext using a Caesar cipher with a shift of 3:
1. lzrs
2. lzrs
3. lzrs
4. lzrs
5. lzrs

Next, I'll try to decrypt the ciphertext using a Caesar cipher with a shift of 4:
1. kyqr
2. kyqr
3. kyqr
4. kyqr
5. kyqr

Next, I'll try to decrypt the ciphertext using a Caesar cipher with a shift of 5:
1. jxpq
2. jxpq
3. jxpq
4. jxpq
5. ",1,0.0
ocuu,mass,4,2,"1. cuuo
2. ucuo
3. ucuo
4. oucu
5. cuou

Next, I'll try to decrypt the ciphertext using a Caesar cipher with a shift of 1:
1. nbtt
2. nbtt
3. nbtt
4. nbtt
5. nbtt

Next, I'll try to decrypt the ciphertext using a Caesar cipher with a shift of 2:
1. mast
2. mast
3. mast
4. mast
5. mast

Next, I'll try to decrypt the ciphertext using a Caesar cipher with a shift of 3:
1. lzrs
2. lzrs
3. lzrs
4. lzrs
5. lzrs

Next, I'll try to decrypt the ciphertext using a Caesar cipher with a shift of 4:
1. kyqr
2. kyqr
3. kyqr
4. kyqr
5. kyqr

Next, I'll try to decrypt the ciphertext using a Caesar cipher with a shift of 5:
1. jxpq
2. jxpq
3. jxpq
4. jxpq
5. jxpq

It looks like the word ""ocuu"" could potentially be decrypted with a Caesar cipher and a shift of 2 to spell ""mast.""",0,13,"1. cuuo
2. ucuo
3. ucuo
4. oucu
5. cuou

Next, I'll try to decrypt the ciphertext using a Caesar cipher with a shift of 1:
1. nbtt
2. nbtt
3. nbtt
4. nbtt
5. nbtt

Next, I'll try to decrypt the ciphertext using a Caesar cipher with a shift of 2:
1. mast
2. mast
3. mast
4. mast
5. mast

Next, I'll try to decrypt the ciphertext using a Caesar cipher with a shift of 3:
1. lzrs
2. lzrs
3. lzrs
4. lzrs
5. lzrs

Next, I'll try to decrypt the ciphertext using a Caesar cipher with a shift of 4:
1. kyqr
2. kyqr
3. kyqr
4. kyqr
5. kyqr

Next, I'll try to decrypt the ciphertext using a Caesar cipher with a shift of 5:
1. jxpq
2. jxpq
3. jxpq
4. jxpq
5. jxpq

It looks like the word ""ocuu"" could potentia",1,0.0
ocuu,mass,4,2,"1. cuuo
2. ucuo
3. ucuo
4. oucu
5. cuou

Next, I'll try to decrypt the ciphertext using a Caesar cipher with a shift of 1:
1. nbtt
2. nbtt
3. nbtt
4. nbtt
5. nbtt

Next, I'll try to decrypt the ciphertext using a Caesar cipher with a shift of 2:
1. mast
2. mast
3. mast
4. mast
5. mast

Next, I'll try to decrypt the ciphertext using a Caesar cipher with a shift of 3:
1. lzrs
2. lzrs
3. lzrs
4. lzrs
5. lzrs

Next, I'll try to decrypt the ciphertext using a Caesar cipher with a shift of 4:
1. kyqr
2. kyqr
3. kyqr
4. kyqr
5. kyqr

Next, I'll try to decrypt the ciphertext using a Caesar cipher with a shift of 5:
1. jxpq
2. jxpq
3. jxpq
4. jxpq
5. jxpq

It looks like the word ""ocuu"" could potentially be decrypted with a Caesar cipher and a shift of 2 to spell ""mast.""",0,14,"1. cuuo
2. ucuo
3. ucuo
4. oucu
5. cuou

Next, I'll try to decrypt the ciphertext using a Caesar cipher with a shift of 1:
1. nbtt
2. nbtt
3. nbtt
4. nbtt
5. nbtt

Next, I'll try to decrypt the ciphertext using a Caesar cipher with a shift of 2:
1. mast
2. mast
3. mast
4. mast
5. mast

Next, I'll try to decrypt the ciphertext using a Caesar cipher with a shift of 3:
1. lzrs
2. lzrs
3. lzrs
4. lzrs
5. lzrs

Next, I'll try to decrypt the ciphertext using a Caesar cipher with a shift of 4:
1. kyqr
2. kyqr
3. kyqr
4. kyqr
5. kyqr

Next, I'll try to decrypt the ciphertext using a Caesar cipher with a shift of 5:
1. jxpq
2. jxpq
3. jxpq
4. jxpq
5. jxpq

It looks like the word ""ocuu"" could potentially be decrypted with a Caesar cipher and a shift ",1,0.0
ocuu,mass,4,2,"1. cuuo
2. ucuo
3. ucuo
4. oucu
5. cuou

Next, I'll try to decrypt the ciphertext using a Caesar cipher with a shift of 1:
1. nbtt
2. nbtt
3. nbtt
4. nbtt
5. nbtt

Next, I'll try to decrypt the ciphertext using a Caesar cipher with a shift of 2:
1. mast
2. mast
3. mast
4. mast
5. mast

Next, I'll try to decrypt the ciphertext using a Caesar cipher with a shift of 3:
1. lzrs
2. lzrs
3. lzrs
4. lzrs
5. lzrs

Next, I'll try to decrypt the ciphertext using a Caesar cipher with a shift of 4:
1. kyqr
2. kyqr
3. kyqr
4. kyqr
5. kyqr

Next, I'll try to decrypt the ciphertext using a Caesar cipher with a shift of 5:
1. jxpq
2. jxpq
3. jxpq
4. jxpq
5. jxpq

It looks like the word ""ocuu"" could potentially be decrypted with a Caesar cipher and a shift of 2 to spell ""mast.""",0,15,"1. cuuo
2. ucuo
3. ucuo
4. oucu
5. cuou

Next, I'll try to decrypt the ciphertext using a Caesar cipher with a shift of 1:
1. nbtt
2. nbtt
3. nbtt
4. nbtt
5. nbtt

Next, I'll try to decrypt the ciphertext using a Caesar cipher with a shift of 2:
1. mast
2. mast
3. mast
4. mast
5. mast

Next, I'll try to decrypt the ciphertext using a Caesar cipher with a shift of 3:
1. lzrs
2. lzrs
3. lzrs
4. lzrs
5. lzrs

Next, I'll try to decrypt the ciphertext using a Caesar cipher with a shift of 4:
1. kyqr
2. kyqr
3. kyqr
4. kyqr
5. kyqr

Next, I'll try to decrypt the ciphertext using a Caesar cipher with a shift of 5:
1. jxpq
2. jxpq
3. jxpq
4. jxpq
5. jxpq

It looks like the word ""ocuu"" could potentially be decrypted with a Caesar cipher and a shift of 2 to spell ""mast.""",1,0.0
vjcv,that,4,2,"1. cvjv
2. cjvv
3. jvcv
4. jvvc
5. vvcj

Since unscrambling as an anagram didn't yield any meaningful words, I will now try decrypting it with a Caesar cipher using at least 5 different shifts.",0,0,"1. cvjv
2. cjvv
3. jvcv
4. jvvc
5. vvcj

Since uns",0,1.0
vjcv,that,4,2,"1. cvjv
2. cjvv
3. jvcv
4. jvvc
5. vvcj

Since unscrambling as an anagram didn't yield any meaningful words, I will now try decrypting it with a Caesar cipher using at least 5 different shifts.",0,1,"1. cvjv
2. cjvv
3. jvcv
4. jvvc
5. vvcj

Since unscrambling as an anagram didn't yield any meaningfu",1,1.0
vjcv,that,4,2,"1. cvjv
2. cjvv
3. jvcv
4. jvvc
5. vvcj

Since unscrambling as an anagram didn't yield any meaningful words, I will now try decrypting it with a Caesar cipher using at least 5 different shifts.",0,2,"1. cvjv
2. cjvv
3. jvcv
4. jvvc
5. vvcj

Since unscrambling as an anagram didn't yield any meaningful words, I will now try decrypting it with a Caesa",1,1.0
vjcv,that,4,2,"1. cvjv
2. cjvv
3. jvcv
4. jvvc
5. vvcj

Since unscrambling as an anagram didn't yield any meaningful words, I will now try decrypting it with a Caesar cipher using at least 5 different shifts.",0,3,"1. cvjv
2. cjvv
3. jvcv
4. jvvc
5. vvcj

Since unscrambling as an anagram didn't yield any meaningful words, I will now try decrypting it with a Caesar cipher using at least 5 different shifts.",1,1.0
hkxg,five,4,2,"1. khgx
2. xhkg
3. gxhk
4. kgxh
5. xghk

Now, I'll try decrypting the ciphertext with a Caesar cipher using at least 5 different shifts:

1. gjwf
2. ijyh
3. ilzi
4. jmax
5. knby

If none of these attempts reveal a meaningful English word, please let me know if you'd like me to continue trying other methods.",0,0,"1. khgx
2. xhkg
3. gxhk
4. kgxh
5. xghk

Now, I'll",1,0.0
hkxg,five,4,2,"1. khgx
2. xhkg
3. gxhk
4. kgxh
5. xghk

Now, I'll try decrypting the ciphertext with a Caesar cipher using at least 5 different shifts:

1. gjwf
2. ijyh
3. ilzi
4. jmax
5. knby

If none of these attempts reveal a meaningful English word, please let me know if you'd like me to continue trying other methods.",0,1,"1. khgx
2. xhkg
3. gxhk
4. kgxh
5. xghk

Now, I'll try decrypting the ciphertext with a Caesar ciphe",1,0.0
hkxg,five,4,2,"1. khgx
2. xhkg
3. gxhk
4. kgxh
5. xghk

Now, I'll try decrypting the ciphertext with a Caesar cipher using at least 5 different shifts:

1. gjwf
2. ijyh
3. ilzi
4. jmax
5. knby

If none of these attempts reveal a meaningful English word, please let me know if you'd like me to continue trying other methods.",0,2,"1. khgx
2. xhkg
3. gxhk
4. kgxh
5. xghk

Now, I'll try decrypting the ciphertext with a Caesar cipher using at least 5 different shifts:

1. gjwf
2. i",1,0.0
hkxg,five,4,2,"1. khgx
2. xhkg
3. gxhk
4. kgxh
5. xghk

Now, I'll try decrypting the ciphertext with a Caesar cipher using at least 5 different shifts:

1. gjwf
2. ijyh
3. ilzi
4. jmax
5. knby

If none of these attempts reveal a meaningful English word, please let me know if you'd like me to continue trying other methods.",0,3,"1. khgx
2. xhkg
3. gxhk
4. kgxh
5. xghk

Now, I'll try decrypting the ciphertext with a Caesar cipher using at least 5 different shifts:

1. gjwf
2. ijyh
3. ilzi
4. jmax
5. knby

If none of these atte",1,0.0
hkxg,five,4,2,"1. khgx
2. xhkg
3. gxhk
4. kgxh
5. xghk

Now, I'll try decrypting the ciphertext with a Caesar cipher using at least 5 different shifts:

1. gjwf
2. ijyh
3. ilzi
4. jmax
5. knby

If none of these attempts reveal a meaningful English word, please let me know if you'd like me to continue trying other methods.",0,4,"1. khgx
2. xhkg
3. gxhk
4. kgxh
5. xghk

Now, I'll try decrypting the ciphertext with a Caesar cipher using at least 5 different shifts:

1. gjwf
2. ijyh
3. ilzi
4. jmax
5. knby

If none of these attempts reveal a meaningful English word, please let ",1,0.0
hkxg,five,4,2,"1. khgx
2. xhkg
3. gxhk
4. kgxh
5. xghk

Now, I'll try decrypting the ciphertext with a Caesar cipher using at least 5 different shifts:

1. gjwf
2. ijyh
3. ilzi
4. jmax
5. knby

If none of these attempts reveal a meaningful English word, please let me know if you'd like me to continue trying other methods.",0,5,"1. khgx
2. xhkg
3. gxhk
4. kgxh
5. xghk

Now, I'll try decrypting the ciphertext with a Caesar cipher using at least 5 different shifts:

1. gjwf
2. ijyh
3. ilzi
4. jmax
5. knby

If none of these attempts reveal a meaningful English word, please let me know if you'd like me to continue trying other ",1,0.0
hkxg,five,4,2,"1. khgx
2. xhkg
3. gxhk
4. kgxh
5. xghk

Now, I'll try decrypting the ciphertext with a Caesar cipher using at least 5 different shifts:

1. gjwf
2. ijyh
3. ilzi
4. jmax
5. knby

If none of these attempts reveal a meaningful English word, please let me know if you'd like me to continue trying other methods.",0,6,"1. khgx
2. xhkg
3. gxhk
4. kgxh
5. xghk

Now, I'll try decrypting the ciphertext with a Caesar cipher using at least 5 different shifts:

1. gjwf
2. ijyh
3. ilzi
4. jmax
5. knby

If none of these attempts reveal a meaningful English word, please let me know if you'd like me to continue trying other methods.",1,0.0
wkhq,then,4,3,"1. qhkw
2. hwkq
3. kwhq
4. qkwh
5. wqkh

Now, I will try to decrypt the ciphertext using a Caesar cipher with different shifts.

Shift 1: vjpg
Shift 2: uiof
Shift 3: thin
Shift 4: sgzm
Shift 5: rfyl

None of these attempts at decrypting the ciphertext using Caesar ciphers have given us a recognizable English word. It's possible that the ciphertext may not be a simple Caesar cipher or an anagram of a single English word.",0,0,"1. qhkw
2. hwkq
3. kwhq
4. qkwh
5. wqkh

Now, I wi",0,1.0
wkhq,then,4,3,"1. qhkw
2. hwkq
3. kwhq
4. qkwh
5. wqkh

Now, I will try to decrypt the ciphertext using a Caesar cipher with different shifts.

Shift 1: vjpg
Shift 2: uiof
Shift 3: thin
Shift 4: sgzm
Shift 5: rfyl

None of these attempts at decrypting the ciphertext using Caesar ciphers have given us a recognizable English word. It's possible that the ciphertext may not be a simple Caesar cipher or an anagram of a single English word.",0,1,"1. qhkw
2. hwkq
3. kwhq
4. qkwh
5. wqkh

Now, I will try to decrypt the ciphertext using a Caesar ci",1,1.0
wkhq,then,4,3,"1. qhkw
2. hwkq
3. kwhq
4. qkwh
5. wqkh

Now, I will try to decrypt the ciphertext using a Caesar cipher with different shifts.

Shift 1: vjpg
Shift 2: uiof
Shift 3: thin
Shift 4: sgzm
Shift 5: rfyl

None of these attempts at decrypting the ciphertext using Caesar ciphers have given us a recognizable English word. It's possible that the ciphertext may not be a simple Caesar cipher or an anagram of a single English word.",0,2,"1. qhkw
2. hwkq
3. kwhq
4. qkwh
5. wqkh

Now, I will try to decrypt the ciphertext using a Caesar cipher with different shifts.

Shift 1: vjpg
Shift 2",1,1.0
wkhq,then,4,3,"1. qhkw
2. hwkq
3. kwhq
4. qkwh
5. wqkh

Now, I will try to decrypt the ciphertext using a Caesar cipher with different shifts.

Shift 1: vjpg
Shift 2: uiof
Shift 3: thin
Shift 4: sgzm
Shift 5: rfyl

None of these attempts at decrypting the ciphertext using Caesar ciphers have given us a recognizable English word. It's possible that the ciphertext may not be a simple Caesar cipher or an anagram of a single English word.",0,3,"1. qhkw
2. hwkq
3. kwhq
4. qkwh
5. wqkh

Now, I will try to decrypt the ciphertext using a Caesar cipher with different shifts.

Shift 1: vjpg
Shift 2: uiof
Shift 3: thin
Shift 4: sgzm
Shift 5: rfyl

",1,1.0
wkhq,then,4,3,"1. qhkw
2. hwkq
3. kwhq
4. qkwh
5. wqkh

Now, I will try to decrypt the ciphertext using a Caesar cipher with different shifts.

Shift 1: vjpg
Shift 2: uiof
Shift 3: thin
Shift 4: sgzm
Shift 5: rfyl

None of these attempts at decrypting the ciphertext using Caesar ciphers have given us a recognizable English word. It's possible that the ciphertext may not be a simple Caesar cipher or an anagram of a single English word.",0,4,"1. qhkw
2. hwkq
3. kwhq
4. qkwh
5. wqkh

Now, I will try to decrypt the ciphertext using a Caesar cipher with different shifts.

Shift 1: vjpg
Shift 2: uiof
Shift 3: thin
Shift 4: sgzm
Shift 5: rfyl

None of these attempts at decrypting the ciphertex",1,1.0
wkhq,then,4,3,"1. qhkw
2. hwkq
3. kwhq
4. qkwh
5. wqkh

Now, I will try to decrypt the ciphertext using a Caesar cipher with different shifts.

Shift 1: vjpg
Shift 2: uiof
Shift 3: thin
Shift 4: sgzm
Shift 5: rfyl

None of these attempts at decrypting the ciphertext using Caesar ciphers have given us a recognizable English word. It's possible that the ciphertext may not be a simple Caesar cipher or an anagram of a single English word.",0,5,"1. qhkw
2. hwkq
3. kwhq
4. qkwh
5. wqkh

Now, I will try to decrypt the ciphertext using a Caesar cipher with different shifts.

Shift 1: vjpg
Shift 2: uiof
Shift 3: thin
Shift 4: sgzm
Shift 5: rfyl

None of these attempts at decrypting the ciphertext using Caesar ciphers have given us a recognizabl",1,1.0
wkhq,then,4,3,"1. qhkw
2. hwkq
3. kwhq
4. qkwh
5. wqkh

Now, I will try to decrypt the ciphertext using a Caesar cipher with different shifts.

Shift 1: vjpg
Shift 2: uiof
Shift 3: thin
Shift 4: sgzm
Shift 5: rfyl

None of these attempts at decrypting the ciphertext using Caesar ciphers have given us a recognizable English word. It's possible that the ciphertext may not be a simple Caesar cipher or an anagram of a single English word.",0,6,"1. qhkw
2. hwkq
3. kwhq
4. qkwh
5. wqkh

Now, I will try to decrypt the ciphertext using a Caesar cipher with different shifts.

Shift 1: vjpg
Shift 2: uiof
Shift 3: thin
Shift 4: sgzm
Shift 5: rfyl

None of these attempts at decrypting the ciphertext using Caesar ciphers have given us a recognizable English word. It's possible that the ciphertext ",1,1.0
wkhq,then,4,3,"1. qhkw
2. hwkq
3. kwhq
4. qkwh
5. wqkh

Now, I will try to decrypt the ciphertext using a Caesar cipher with different shifts.

Shift 1: vjpg
Shift 2: uiof
Shift 3: thin
Shift 4: sgzm
Shift 5: rfyl

None of these attempts at decrypting the ciphertext using Caesar ciphers have given us a recognizable English word. It's possible that the ciphertext may not be a simple Caesar cipher or an anagram of a single English word.",0,7,"1. qhkw
2. hwkq
3. kwhq
4. qkwh
5. wqkh

Now, I will try to decrypt the ciphertext using a Caesar cipher with different shifts.

Shift 1: vjpg
Shift 2: uiof
Shift 3: thin
Shift 4: sgzm
Shift 5: rfyl

None of these attempts at decrypting the ciphertext using Caesar ciphers have given us a recognizable English word. It's possible that the ciphertext may not be a simple Caesar cipher or an anagram of",1,1.0
wkhq,then,4,3,"1. qhkw
2. hwkq
3. kwhq
4. qkwh
5. wqkh

Now, I will try to decrypt the ciphertext using a Caesar cipher with different shifts.

Shift 1: vjpg
Shift 2: uiof
Shift 3: thin
Shift 4: sgzm
Shift 5: rfyl

None of these attempts at decrypting the ciphertext using Caesar ciphers have given us a recognizable English word. It's possible that the ciphertext may not be a simple Caesar cipher or an anagram of a single English word.",0,8,"1. qhkw
2. hwkq
3. kwhq
4. qkwh
5. wqkh

Now, I will try to decrypt the ciphertext using a Caesar cipher with different shifts.

Shift 1: vjpg
Shift 2: uiof
Shift 3: thin
Shift 4: sgzm
Shift 5: rfyl

None of these attempts at decrypting the ciphertext using Caesar ciphers have given us a recognizable English word. It's possible that the ciphertext may not be a simple Caesar cipher or an anagram of a single English word.",1,1.0
wklv,this,4,3,"1. wklv -> wkvl
2. wklv -> kwlv
3. wklv -> wlkv
4. wklv -> lwkv
5. wklv -> lvwk

Since unscrambling as an anagram didn't reveal any English word, I will now try decrypting it assuming it's a Caesar cipher with different shift values.

1. Shift 1: wklv -> vjku
2. Shift 2: wklv -> uitj
3. Shift 3: wklv -> thsi
4. Shift 4: wklv -> sgrh
5. Shift 5: wklv -> rfqg

None of the attempts at decrypting the ciphertext using a Caesar cipher yielded an English word.",0,0,"1. wklv -> wkvl
2. wklv -> kwlv
3. wklv -> wlkv
4.",0,1.0
wklv,this,4,3,"1. wklv -> wkvl
2. wklv -> kwlv
3. wklv -> wlkv
4. wklv -> lwkv
5. wklv -> lvwk

Since unscrambling as an anagram didn't reveal any English word, I will now try decrypting it assuming it's a Caesar cipher with different shift values.

1. Shift 1: wklv -> vjku
2. Shift 2: wklv -> uitj
3. Shift 3: wklv -> thsi
4. Shift 4: wklv -> sgrh
5. Shift 5: wklv -> rfqg

None of the attempts at decrypting the ciphertext using a Caesar cipher yielded an English word.",0,1,"1. wklv -> wkvl
2. wklv -> kwlv
3. wklv -> wlkv
4. wklv -> lwkv
5. wklv -> lvwk

Since unscrambling ",1,1.0
wklv,this,4,3,"1. wklv -> wkvl
2. wklv -> kwlv
3. wklv -> wlkv
4. wklv -> lwkv
5. wklv -> lvwk

Since unscrambling as an anagram didn't reveal any English word, I will now try decrypting it assuming it's a Caesar cipher with different shift values.

1. Shift 1: wklv -> vjku
2. Shift 2: wklv -> uitj
3. Shift 3: wklv -> thsi
4. Shift 4: wklv -> sgrh
5. Shift 5: wklv -> rfqg

None of the attempts at decrypting the ciphertext using a Caesar cipher yielded an English word.",0,2,"1. wklv -> wkvl
2. wklv -> kwlv
3. wklv -> wlkv
4. wklv -> lwkv
5. wklv -> lvwk

Since unscrambling as an anagram didn't reveal any English word, I wi",1,1.0
wklv,this,4,3,"1. wklv -> wkvl
2. wklv -> kwlv
3. wklv -> wlkv
4. wklv -> lwkv
5. wklv -> lvwk

Since unscrambling as an anagram didn't reveal any English word, I will now try decrypting it assuming it's a Caesar cipher with different shift values.

1. Shift 1: wklv -> vjku
2. Shift 2: wklv -> uitj
3. Shift 3: wklv -> thsi
4. Shift 4: wklv -> sgrh
5. Shift 5: wklv -> rfqg

None of the attempts at decrypting the ciphertext using a Caesar cipher yielded an English word.",0,3,"1. wklv -> wkvl
2. wklv -> kwlv
3. wklv -> wlkv
4. wklv -> lwkv
5. wklv -> lvwk

Since unscrambling as an anagram didn't reveal any English word, I will now try decrypting it assuming it's a Caesar ci",1,1.0
wklv,this,4,3,"1. wklv -> wkvl
2. wklv -> kwlv
3. wklv -> wlkv
4. wklv -> lwkv
5. wklv -> lvwk

Since unscrambling as an anagram didn't reveal any English word, I will now try decrypting it assuming it's a Caesar cipher with different shift values.

1. Shift 1: wklv -> vjku
2. Shift 2: wklv -> uitj
3. Shift 3: wklv -> thsi
4. Shift 4: wklv -> sgrh
5. Shift 5: wklv -> rfqg

None of the attempts at decrypting the ciphertext using a Caesar cipher yielded an English word.",0,4,"1. wklv -> wkvl
2. wklv -> kwlv
3. wklv -> wlkv
4. wklv -> lwkv
5. wklv -> lvwk

Since unscrambling as an anagram didn't reveal any English word, I will now try decrypting it assuming it's a Caesar cipher with different shift values.

1. Shift 1: wkl",1,1.0
wklv,this,4,3,"1. wklv -> wkvl
2. wklv -> kwlv
3. wklv -> wlkv
4. wklv -> lwkv
5. wklv -> lvwk

Since unscrambling as an anagram didn't reveal any English word, I will now try decrypting it assuming it's a Caesar cipher with different shift values.

1. Shift 1: wklv -> vjku
2. Shift 2: wklv -> uitj
3. Shift 3: wklv -> thsi
4. Shift 4: wklv -> sgrh
5. Shift 5: wklv -> rfqg

None of the attempts at decrypting the ciphertext using a Caesar cipher yielded an English word.",0,5,"1. wklv -> wkvl
2. wklv -> kwlv
3. wklv -> wlkv
4. wklv -> lwkv
5. wklv -> lvwk

Since unscrambling as an anagram didn't reveal any English word, I will now try decrypting it assuming it's a Caesar cipher with different shift values.

1. Shift 1: wklv -> vjku
2. Shift 2: wklv -> uitj
3. Shift 3: wkl",1,1.0
wklv,this,4,3,"1. wklv -> wkvl
2. wklv -> kwlv
3. wklv -> wlkv
4. wklv -> lwkv
5. wklv -> lvwk

Since unscrambling as an anagram didn't reveal any English word, I will now try decrypting it assuming it's a Caesar cipher with different shift values.

1. Shift 1: wklv -> vjku
2. Shift 2: wklv -> uitj
3. Shift 3: wklv -> thsi
4. Shift 4: wklv -> sgrh
5. Shift 5: wklv -> rfqg

None of the attempts at decrypting the ciphertext using a Caesar cipher yielded an English word.",0,6,"1. wklv -> wkvl
2. wklv -> kwlv
3. wklv -> wlkv
4. wklv -> lwkv
5. wklv -> lvwk

Since unscrambling as an anagram didn't reveal any English word, I will now try decrypting it assuming it's a Caesar cipher with different shift values.

1. Shift 1: wklv -> vjku
2. Shift 2: wklv -> uitj
3. Shift 3: wklv -> thsi
4. Shift 4: wklv -> sgrh
5. Shift 5: wkl",1,1.0
wklv,this,4,3,"1. wklv -> wkvl
2. wklv -> kwlv
3. wklv -> wlkv
4. wklv -> lwkv
5. wklv -> lvwk

Since unscrambling as an anagram didn't reveal any English word, I will now try decrypting it assuming it's a Caesar cipher with different shift values.

1. Shift 1: wklv -> vjku
2. Shift 2: wklv -> uitj
3. Shift 3: wklv -> thsi
4. Shift 4: wklv -> sgrh
5. Shift 5: wklv -> rfqg

None of the attempts at decrypting the ciphertext using a Caesar cipher yielded an English word.",0,7,"1. wklv -> wkvl
2. wklv -> kwlv
3. wklv -> wlkv
4. wklv -> lwkv
5. wklv -> lvwk

Since unscrambling as an anagram didn't reveal any English word, I will now try decrypting it assuming it's a Caesar cipher with different shift values.

1. Shift 1: wklv -> vjku
2. Shift 2: wklv -> uitj
3. Shift 3: wklv -> thsi
4. Shift 4: wklv -> sgrh
5. Shift 5: wklv -> rfqg

None of the attempts at decrypting the ",1,1.0
wklv,this,4,3,"1. wklv -> wkvl
2. wklv -> kwlv
3. wklv -> wlkv
4. wklv -> lwkv
5. wklv -> lvwk

Since unscrambling as an anagram didn't reveal any English word, I will now try decrypting it assuming it's a Caesar cipher with different shift values.

1. Shift 1: wklv -> vjku
2. Shift 2: wklv -> uitj
3. Shift 3: wklv -> thsi
4. Shift 4: wklv -> sgrh
5. Shift 5: wklv -> rfqg

None of the attempts at decrypting the ciphertext using a Caesar cipher yielded an English word.",0,8,"1. wklv -> wkvl
2. wklv -> kwlv
3. wklv -> wlkv
4. wklv -> lwkv
5. wklv -> lvwk

Since unscrambling as an anagram didn't reveal any English word, I will now try decrypting it assuming it's a Caesar cipher with different shift values.

1. Shift 1: wklv -> vjku
2. Shift 2: wklv -> uitj
3. Shift 3: wklv -> thsi
4. Shift 4: wklv -> sgrh
5. Shift 5: wklv -> rfqg

None of the attempts at decrypting the ciphertext using a Caesar cipher yielded an Englis",1,1.0
wklv,this,4,3,"1. wklv -> wkvl
2. wklv -> kwlv
3. wklv -> wlkv
4. wklv -> lwkv
5. wklv -> lvwk

Since unscrambling as an anagram didn't reveal any English word, I will now try decrypting it assuming it's a Caesar cipher with different shift values.

1. Shift 1: wklv -> vjku
2. Shift 2: wklv -> uitj
3. Shift 3: wklv -> thsi
4. Shift 4: wklv -> sgrh
5. Shift 5: wklv -> rfqg

None of the attempts at decrypting the ciphertext using a Caesar cipher yielded an English word.",0,9,"1. wklv -> wkvl
2. wklv -> kwlv
3. wklv -> wlkv
4. wklv -> lwkv
5. wklv -> lvwk

Since unscrambling as an anagram didn't reveal any English word, I will now try decrypting it assuming it's a Caesar cipher with different shift values.

1. Shift 1: wklv -> vjku
2. Shift 2: wklv -> uitj
3. Shift 3: wklv -> thsi
4. Shift 4: wklv -> sgrh
5. Shift 5: wklv -> rfqg

None of the attempts at decrypting the ciphertext using a Caesar cipher yielded an English word.",1,1.0
hdvw,east,4,3,"1. whvd
2. wvdh
3. dvwh
4. hwvd
5. vwdh

Now, I will try decrypting the ciphertext using a Caesar cipher with different shifts:

1. Shift 1: gcuv
2. Shift 2: fbut
3. Shift 3: eats
4. Shift 4: dzsr
5. Shift 5: cyrq

The word ""eats"" from shift 3 seems to be a potential English word, so the plaintext might be ""eats"".",0,0,"1. whvd
2. wvdh
3. dvwh
4. hwvd
5. vwdh

Now, I wi",1,0.0
hdvw,east,4,3,"1. whvd
2. wvdh
3. dvwh
4. hwvd
5. vwdh

Now, I will try decrypting the ciphertext using a Caesar cipher with different shifts:

1. Shift 1: gcuv
2. Shift 2: fbut
3. Shift 3: eats
4. Shift 4: dzsr
5. Shift 5: cyrq

The word ""eats"" from shift 3 seems to be a potential English word, so the plaintext might be ""eats"".",0,1,"1. whvd
2. wvdh
3. dvwh
4. hwvd
5. vwdh

Now, I will try decrypting the ciphertext using a Caesar ci",1,0.0
hdvw,east,4,3,"1. whvd
2. wvdh
3. dvwh
4. hwvd
5. vwdh

Now, I will try decrypting the ciphertext using a Caesar cipher with different shifts:

1. Shift 1: gcuv
2. Shift 2: fbut
3. Shift 3: eats
4. Shift 4: dzsr
5. Shift 5: cyrq

The word ""eats"" from shift 3 seems to be a potential English word, so the plaintext might be ""eats"".",0,2,"1. whvd
2. wvdh
3. dvwh
4. hwvd
5. vwdh

Now, I will try decrypting the ciphertext using a Caesar cipher with different shifts:

1. Shift 1: gcuv
2. S",1,0.0
hdvw,east,4,3,"1. whvd
2. wvdh
3. dvwh
4. hwvd
5. vwdh

Now, I will try decrypting the ciphertext using a Caesar cipher with different shifts:

1. Shift 1: gcuv
2. Shift 2: fbut
3. Shift 3: eats
4. Shift 4: dzsr
5. Shift 5: cyrq

The word ""eats"" from shift 3 seems to be a potential English word, so the plaintext might be ""eats"".",0,3,"1. whvd
2. wvdh
3. dvwh
4. hwvd
5. vwdh

Now, I will try decrypting the ciphertext using a Caesar cipher with different shifts:

1. Shift 1: gcuv
2. Shift 2: fbut
3. Shift 3: eats
4. Shift 4: dzsr
5. ",1,0.0
hdvw,east,4,3,"1. whvd
2. wvdh
3. dvwh
4. hwvd
5. vwdh

Now, I will try decrypting the ciphertext using a Caesar cipher with different shifts:

1. Shift 1: gcuv
2. Shift 2: fbut
3. Shift 3: eats
4. Shift 4: dzsr
5. Shift 5: cyrq

The word ""eats"" from shift 3 seems to be a potential English word, so the plaintext might be ""eats"".",0,4,"1. whvd
2. wvdh
3. dvwh
4. hwvd
5. vwdh

Now, I will try decrypting the ciphertext using a Caesar cipher with different shifts:

1. Shift 1: gcuv
2. Shift 2: fbut
3. Shift 3: eats
4. Shift 4: dzsr
5. Shift 5: cyrq

The word ""eats"" from shift 3 seems ",1,0.0
hdvw,east,4,3,"1. whvd
2. wvdh
3. dvwh
4. hwvd
5. vwdh

Now, I will try decrypting the ciphertext using a Caesar cipher with different shifts:

1. Shift 1: gcuv
2. Shift 2: fbut
3. Shift 3: eats
4. Shift 4: dzsr
5. Shift 5: cyrq

The word ""eats"" from shift 3 seems to be a potential English word, so the plaintext might be ""eats"".",0,5,"1. whvd
2. wvdh
3. dvwh
4. hwvd
5. vwdh

Now, I will try decrypting the ciphertext using a Caesar cipher with different shifts:

1. Shift 1: gcuv
2. Shift 2: fbut
3. Shift 3: eats
4. Shift 4: dzsr
5. Shift 5: cyrq

The word ""eats"" from shift 3 seems to be a potential English word, so the plaintext m",1,0.0
hdvw,east,4,3,"1. whvd
2. wvdh
3. dvwh
4. hwvd
5. vwdh

Now, I will try decrypting the ciphertext using a Caesar cipher with different shifts:

1. Shift 1: gcuv
2. Shift 2: fbut
3. Shift 3: eats
4. Shift 4: dzsr
5. Shift 5: cyrq

The word ""eats"" from shift 3 seems to be a potential English word, so the plaintext might be ""eats"".",0,6,"1. whvd
2. wvdh
3. dvwh
4. hwvd
5. vwdh

Now, I will try decrypting the ciphertext using a Caesar cipher with different shifts:

1. Shift 1: gcuv
2. Shift 2: fbut
3. Shift 3: eats
4. Shift 4: dzsr
5. Shift 5: cyrq

The word ""eats"" from shift 3 seems to be a potential English word, so the plaintext might be ""eats"".",1,0.0
yhub,very,4,3,"1. huby
2. bhuy
3. yuhb
4. bhyu
5. ybhu

Since unscrambling the word as an anagram didn't result in a recognizable English word, I will try decrypting it as a Caesar cipher with different shifts.

1. Shift 1 (Z->A, Y->X): xgta
2. Shift 2 (Y->A, X->Z): xgsz
3. Shift 3 (X->A, W->Z): xfrz
4. Shift 4 (W->A, V->Z): weqz
5. Shift 5 (V->A, U->Z): vdpz

None of these attempts at decrypting the ciphertext using a Caesar cipher resulted in a recognizable English word. The ciphertext ""yhub"" does not seem to easily decrypt to a common English word using either method.",0,0,"1. huby
2. bhuy
3. yuhb
4. bhyu
5. ybhu

Since uns",0,1.0
yhub,very,4,3,"1. huby
2. bhuy
3. yuhb
4. bhyu
5. ybhu

Since unscrambling the word as an anagram didn't result in a recognizable English word, I will try decrypting it as a Caesar cipher with different shifts.

1. Shift 1 (Z->A, Y->X): xgta
2. Shift 2 (Y->A, X->Z): xgsz
3. Shift 3 (X->A, W->Z): xfrz
4. Shift 4 (W->A, V->Z): weqz
5. Shift 5 (V->A, U->Z): vdpz

None of these attempts at decrypting the ciphertext using a Caesar cipher resulted in a recognizable English word. The ciphertext ""yhub"" does not seem to easily decrypt to a common English word using either method.",0,1,"1. huby
2. bhuy
3. yuhb
4. bhyu
5. ybhu

Since unscrambling the word as an anagram didn't result in ",1,1.0
yhub,very,4,3,"1. huby
2. bhuy
3. yuhb
4. bhyu
5. ybhu

Since unscrambling the word as an anagram didn't result in a recognizable English word, I will try decrypting it as a Caesar cipher with different shifts.

1. Shift 1 (Z->A, Y->X): xgta
2. Shift 2 (Y->A, X->Z): xgsz
3. Shift 3 (X->A, W->Z): xfrz
4. Shift 4 (W->A, V->Z): weqz
5. Shift 5 (V->A, U->Z): vdpz

None of these attempts at decrypting the ciphertext using a Caesar cipher resulted in a recognizable English word. The ciphertext ""yhub"" does not seem to easily decrypt to a common English word using either method.",0,2,"1. huby
2. bhuy
3. yuhb
4. bhyu
5. ybhu

Since unscrambling the word as an anagram didn't result in a recognizable English word, I will try decrypting",1,1.0
yhub,very,4,3,"1. huby
2. bhuy
3. yuhb
4. bhyu
5. ybhu

Since unscrambling the word as an anagram didn't result in a recognizable English word, I will try decrypting it as a Caesar cipher with different shifts.

1. Shift 1 (Z->A, Y->X): xgta
2. Shift 2 (Y->A, X->Z): xgsz
3. Shift 3 (X->A, W->Z): xfrz
4. Shift 4 (W->A, V->Z): weqz
5. Shift 5 (V->A, U->Z): vdpz

None of these attempts at decrypting the ciphertext using a Caesar cipher resulted in a recognizable English word. The ciphertext ""yhub"" does not seem to easily decrypt to a common English word using either method.",0,3,"1. huby
2. bhuy
3. yuhb
4. bhyu
5. ybhu

Since unscrambling the word as an anagram didn't result in a recognizable English word, I will try decrypting it as a Caesar cipher with different shifts.

1. ",1,1.0
yhub,very,4,3,"1. huby
2. bhuy
3. yuhb
4. bhyu
5. ybhu

Since unscrambling the word as an anagram didn't result in a recognizable English word, I will try decrypting it as a Caesar cipher with different shifts.

1. Shift 1 (Z->A, Y->X): xgta
2. Shift 2 (Y->A, X->Z): xgsz
3. Shift 3 (X->A, W->Z): xfrz
4. Shift 4 (W->A, V->Z): weqz
5. Shift 5 (V->A, U->Z): vdpz

None of these attempts at decrypting the ciphertext using a Caesar cipher resulted in a recognizable English word. The ciphertext ""yhub"" does not seem to easily decrypt to a common English word using either method.",0,4,"1. huby
2. bhuy
3. yuhb
4. bhyu
5. ybhu

Since unscrambling the word as an anagram didn't result in a recognizable English word, I will try decrypting it as a Caesar cipher with different shifts.

1. Shift 1 (Z->A, Y->X): xgta
2. Shift 2 (Y->A, X->Z)",1,1.0
yhub,very,4,3,"1. huby
2. bhuy
3. yuhb
4. bhyu
5. ybhu

Since unscrambling the word as an anagram didn't result in a recognizable English word, I will try decrypting it as a Caesar cipher with different shifts.

1. Shift 1 (Z->A, Y->X): xgta
2. Shift 2 (Y->A, X->Z): xgsz
3. Shift 3 (X->A, W->Z): xfrz
4. Shift 4 (W->A, V->Z): weqz
5. Shift 5 (V->A, U->Z): vdpz

None of these attempts at decrypting the ciphertext using a Caesar cipher resulted in a recognizable English word. The ciphertext ""yhub"" does not seem to easily decrypt to a common English word using either method.",0,5,"1. huby
2. bhuy
3. yuhb
4. bhyu
5. ybhu

Since unscrambling the word as an anagram didn't result in a recognizable English word, I will try decrypting it as a Caesar cipher with different shifts.

1. Shift 1 (Z->A, Y->X): xgta
2. Shift 2 (Y->A, X->Z): xgsz
3. Shift 3 (X->A, W->Z): xfrz
4. Shift 4 (W",1,1.0
yhub,very,4,3,"1. huby
2. bhuy
3. yuhb
4. bhyu
5. ybhu

Since unscrambling the word as an anagram didn't result in a recognizable English word, I will try decrypting it as a Caesar cipher with different shifts.

1. Shift 1 (Z->A, Y->X): xgta
2. Shift 2 (Y->A, X->Z): xgsz
3. Shift 3 (X->A, W->Z): xfrz
4. Shift 4 (W->A, V->Z): weqz
5. Shift 5 (V->A, U->Z): vdpz

None of these attempts at decrypting the ciphertext using a Caesar cipher resulted in a recognizable English word. The ciphertext ""yhub"" does not seem to easily decrypt to a common English word using either method.",0,6,"1. huby
2. bhuy
3. yuhb
4. bhyu
5. ybhu

Since unscrambling the word as an anagram didn't result in a recognizable English word, I will try decrypting it as a Caesar cipher with different shifts.

1. Shift 1 (Z->A, Y->X): xgta
2. Shift 2 (Y->A, X->Z): xgsz
3. Shift 3 (X->A, W->Z): xfrz
4. Shift 4 (W->A, V->Z): weqz
5. Shift 5 (V->A, U->Z): vdpz

No",1,1.0
yhub,very,4,3,"1. huby
2. bhuy
3. yuhb
4. bhyu
5. ybhu

Since unscrambling the word as an anagram didn't result in a recognizable English word, I will try decrypting it as a Caesar cipher with different shifts.

1. Shift 1 (Z->A, Y->X): xgta
2. Shift 2 (Y->A, X->Z): xgsz
3. Shift 3 (X->A, W->Z): xfrz
4. Shift 4 (W->A, V->Z): weqz
5. Shift 5 (V->A, U->Z): vdpz

None of these attempts at decrypting the ciphertext using a Caesar cipher resulted in a recognizable English word. The ciphertext ""yhub"" does not seem to easily decrypt to a common English word using either method.",0,7,"1. huby
2. bhuy
3. yuhb
4. bhyu
5. ybhu

Since unscrambling the word as an anagram didn't result in a recognizable English word, I will try decrypting it as a Caesar cipher with different shifts.

1. Shift 1 (Z->A, Y->X): xgta
2. Shift 2 (Y->A, X->Z): xgsz
3. Shift 3 (X->A, W->Z): xfrz
4. Shift 4 (W->A, V->Z): weqz
5. Shift 5 (V->A, U->Z): vdpz

None of these attempts at decrypting the ciphertext ",1,1.0
yhub,very,4,3,"1. huby
2. bhuy
3. yuhb
4. bhyu
5. ybhu

Since unscrambling the word as an anagram didn't result in a recognizable English word, I will try decrypting it as a Caesar cipher with different shifts.

1. Shift 1 (Z->A, Y->X): xgta
2. Shift 2 (Y->A, X->Z): xgsz
3. Shift 3 (X->A, W->Z): xfrz
4. Shift 4 (W->A, V->Z): weqz
5. Shift 5 (V->A, U->Z): vdpz

None of these attempts at decrypting the ciphertext using a Caesar cipher resulted in a recognizable English word. The ciphertext ""yhub"" does not seem to easily decrypt to a common English word using either method.",0,8,"1. huby
2. bhuy
3. yuhb
4. bhyu
5. ybhu

Since unscrambling the word as an anagram didn't result in a recognizable English word, I will try decrypting it as a Caesar cipher with different shifts.

1. Shift 1 (Z->A, Y->X): xgta
2. Shift 2 (Y->A, X->Z): xgsz
3. Shift 3 (X->A, W->Z): xfrz
4. Shift 4 (W->A, V->Z): weqz
5. Shift 5 (V->A, U->Z): vdpz

None of these attempts at decrypting the ciphertext using a Caesar cipher resulted in a recognizable E",1,1.0
yhub,very,4,3,"1. huby
2. bhuy
3. yuhb
4. bhyu
5. ybhu

Since unscrambling the word as an anagram didn't result in a recognizable English word, I will try decrypting it as a Caesar cipher with different shifts.

1. Shift 1 (Z->A, Y->X): xgta
2. Shift 2 (Y->A, X->Z): xgsz
3. Shift 3 (X->A, W->Z): xfrz
4. Shift 4 (W->A, V->Z): weqz
5. Shift 5 (V->A, U->Z): vdpz

None of these attempts at decrypting the ciphertext using a Caesar cipher resulted in a recognizable English word. The ciphertext ""yhub"" does not seem to easily decrypt to a common English word using either method.",0,9,"1. huby
2. bhuy
3. yuhb
4. bhyu
5. ybhu

Since unscrambling the word as an anagram didn't result in a recognizable English word, I will try decrypting it as a Caesar cipher with different shifts.

1. Shift 1 (Z->A, Y->X): xgta
2. Shift 2 (Y->A, X->Z): xgsz
3. Shift 3 (X->A, W->Z): xfrz
4. Shift 4 (W->A, V->Z): weqz
5. Shift 5 (V->A, U->Z): vdpz

None of these attempts at decrypting the ciphertext using a Caesar cipher resulted in a recognizable English word. The ciphertext ""yhub"" does not seem t",1,1.0
yhub,very,4,3,"1. huby
2. bhuy
3. yuhb
4. bhyu
5. ybhu

Since unscrambling the word as an anagram didn't result in a recognizable English word, I will try decrypting it as a Caesar cipher with different shifts.

1. Shift 1 (Z->A, Y->X): xgta
2. Shift 2 (Y->A, X->Z): xgsz
3. Shift 3 (X->A, W->Z): xfrz
4. Shift 4 (W->A, V->Z): weqz
5. Shift 5 (V->A, U->Z): vdpz

None of these attempts at decrypting the ciphertext using a Caesar cipher resulted in a recognizable English word. The ciphertext ""yhub"" does not seem to easily decrypt to a common English word using either method.",0,10,"1. huby
2. bhuy
3. yuhb
4. bhyu
5. ybhu

Since unscrambling the word as an anagram didn't result in a recognizable English word, I will try decrypting it as a Caesar cipher with different shifts.

1. Shift 1 (Z->A, Y->X): xgta
2. Shift 2 (Y->A, X->Z): xgsz
3. Shift 3 (X->A, W->Z): xfrz
4. Shift 4 (W->A, V->Z): weqz
5. Shift 5 (V->A, U->Z): vdpz

None of these attempts at decrypting the ciphertext using a Caesar cipher resulted in a recognizable English word. The ciphertext ""yhub"" does not seem to easily decrypt to a common English word using ei",1,1.0
yhub,very,4,3,"1. huby
2. bhuy
3. yuhb
4. bhyu
5. ybhu

Since unscrambling the word as an anagram didn't result in a recognizable English word, I will try decrypting it as a Caesar cipher with different shifts.

1. Shift 1 (Z->A, Y->X): xgta
2. Shift 2 (Y->A, X->Z): xgsz
3. Shift 3 (X->A, W->Z): xfrz
4. Shift 4 (W->A, V->Z): weqz
5. Shift 5 (V->A, U->Z): vdpz

None of these attempts at decrypting the ciphertext using a Caesar cipher resulted in a recognizable English word. The ciphertext ""yhub"" does not seem to easily decrypt to a common English word using either method.",0,11,"1. huby
2. bhuy
3. yuhb
4. bhyu
5. ybhu

Since unscrambling the word as an anagram didn't result in a recognizable English word, I will try decrypting it as a Caesar cipher with different shifts.

1. Shift 1 (Z->A, Y->X): xgta
2. Shift 2 (Y->A, X->Z): xgsz
3. Shift 3 (X->A, W->Z): xfrz
4. Shift 4 (W->A, V->Z): weqz
5. Shift 5 (V->A, U->Z): vdpz

None of these attempts at decrypting the ciphertext using a Caesar cipher resulted in a recognizable English word. The ciphertext ""yhub"" does not seem to easily decrypt to a common English word using either method.",1,1.0
zkdw,what,4,3,"1. dzkw
2. wdkz
3. kzdw
4. wzdk
5. kdzw

Since unscrambling as an anagram didn't reveal any meaningful English word, let's try assuming it's a Caesar cipher and decrypt it using at least 5 different shifts.

1. zjcv
2. yibu
3. xhat
4. wgzs
5. vfyq",0,0,"1. dzkw
2. wdkz
3. kzdw
4. wzdk
5. kdzw

Since uns",0,1.0
zkdw,what,4,3,"1. dzkw
2. wdkz
3. kzdw
4. wzdk
5. kdzw

Since unscrambling as an anagram didn't reveal any meaningful English word, let's try assuming it's a Caesar cipher and decrypt it using at least 5 different shifts.

1. zjcv
2. yibu
3. xhat
4. wgzs
5. vfyq",0,1,"1. dzkw
2. wdkz
3. kzdw
4. wzdk
5. kdzw

Since unscrambling as an anagram didn't reveal any meaningf",1,1.0
zkdw,what,4,3,"1. dzkw
2. wdkz
3. kzdw
4. wzdk
5. kdzw

Since unscrambling as an anagram didn't reveal any meaningful English word, let's try assuming it's a Caesar cipher and decrypt it using at least 5 different shifts.

1. zjcv
2. yibu
3. xhat
4. wgzs
5. vfyq",0,2,"1. dzkw
2. wdkz
3. kzdw
4. wzdk
5. kdzw

Since unscrambling as an anagram didn't reveal any meaningful English word, let's try assuming it's a Caesar ",1,1.0
zkdw,what,4,3,"1. dzkw
2. wdkz
3. kzdw
4. wzdk
5. kdzw

Since unscrambling as an anagram didn't reveal any meaningful English word, let's try assuming it's a Caesar cipher and decrypt it using at least 5 different shifts.

1. zjcv
2. yibu
3. xhat
4. wgzs
5. vfyq",0,3,"1. dzkw
2. wdkz
3. kzdw
4. wzdk
5. kdzw

Since unscrambling as an anagram didn't reveal any meaningful English word, let's try assuming it's a Caesar cipher and decrypt it using at least 5 different s",1,1.0
zkdw,what,4,3,"1. dzkw
2. wdkz
3. kzdw
4. wzdk
5. kdzw

Since unscrambling as an anagram didn't reveal any meaningful English word, let's try assuming it's a Caesar cipher and decrypt it using at least 5 different shifts.

1. zjcv
2. yibu
3. xhat
4. wgzs
5. vfyq",0,4,"1. dzkw
2. wdkz
3. kzdw
4. wzdk
5. kdzw

Since unscrambling as an anagram didn't reveal any meaningful English word, let's try assuming it's a Caesar cipher and decrypt it using at least 5 different shifts.

1. zjcv
2. yibu
3. xhat
4. wgzs
5. vfyq",1,1.0
whdp,team,4,3,"1. phwd
2. dwhp
3. pdwh
4. hdwp
5. hpdw

Since unscrambling didn't lead to any meaningful words, I will now try assuming it's a Caesar cipher and decrypt it using at least 5 different shifts.

1. Shift 1: vgco
2. Shift 2: ufbn
3. Shift 3: team
4. Shift 4: sdzl
5. Shift 5: rcyk

None of the Caesar cipher shifts resulted in a meaningful English word either.",1,0,"1. phwd
2. dwhp
3. pdwh
4. hdwp
5. hpdw

Since uns",1,0.0
whdp,team,4,3,"1. phwd
2. dwhp
3. pdwh
4. hdwp
5. hpdw

Since unscrambling didn't lead to any meaningful words, I will now try assuming it's a Caesar cipher and decrypt it using at least 5 different shifts.

1. Shift 1: vgco
2. Shift 2: ufbn
3. Shift 3: team
4. Shift 4: sdzl
5. Shift 5: rcyk

None of the Caesar cipher shifts resulted in a meaningful English word either.",1,1,"1. phwd
2. dwhp
3. pdwh
4. hdwp
5. hpdw

Since unscrambling didn't lead to any meaningful words, I w",1,0.0
whdp,team,4,3,"1. phwd
2. dwhp
3. pdwh
4. hdwp
5. hpdw

Since unscrambling didn't lead to any meaningful words, I will now try assuming it's a Caesar cipher and decrypt it using at least 5 different shifts.

1. Shift 1: vgco
2. Shift 2: ufbn
3. Shift 3: team
4. Shift 4: sdzl
5. Shift 5: rcyk

None of the Caesar cipher shifts resulted in a meaningful English word either.",1,2,"1. phwd
2. dwhp
3. pdwh
4. hdwp
5. hpdw

Since unscrambling didn't lead to any meaningful words, I will now try assuming it's a Caesar cipher and decr",1,0.0
whdp,team,4,3,"1. phwd
2. dwhp
3. pdwh
4. hdwp
5. hpdw

Since unscrambling didn't lead to any meaningful words, I will now try assuming it's a Caesar cipher and decrypt it using at least 5 different shifts.

1. Shift 1: vgco
2. Shift 2: ufbn
3. Shift 3: team
4. Shift 4: sdzl
5. Shift 5: rcyk

None of the Caesar cipher shifts resulted in a meaningful English word either.",1,3,"1. phwd
2. dwhp
3. pdwh
4. hdwp
5. hpdw

Since unscrambling didn't lead to any meaningful words, I will now try assuming it's a Caesar cipher and decrypt it using at least 5 different shifts.

1. Shif",1,0.0
whdp,team,4,3,"1. phwd
2. dwhp
3. pdwh
4. hdwp
5. hpdw

Since unscrambling didn't lead to any meaningful words, I will now try assuming it's a Caesar cipher and decrypt it using at least 5 different shifts.

1. Shift 1: vgco
2. Shift 2: ufbn
3. Shift 3: team
4. Shift 4: sdzl
5. Shift 5: rcyk

None of the Caesar cipher shifts resulted in a meaningful English word either.",1,4,"1. phwd
2. dwhp
3. pdwh
4. hdwp
5. hpdw

Since unscrambling didn't lead to any meaningful words, I will now try assuming it's a Caesar cipher and decrypt it using at least 5 different shifts.

1. Shift 1: vgco
2. Shift 2: ufbn
3. Shift 3: team
4. Shi",1,0.0
whdp,team,4,3,"1. phwd
2. dwhp
3. pdwh
4. hdwp
5. hpdw

Since unscrambling didn't lead to any meaningful words, I will now try assuming it's a Caesar cipher and decrypt it using at least 5 different shifts.

1. Shift 1: vgco
2. Shift 2: ufbn
3. Shift 3: team
4. Shift 4: sdzl
5. Shift 5: rcyk

None of the Caesar cipher shifts resulted in a meaningful English word either.",1,5,"1. phwd
2. dwhp
3. pdwh
4. hdwp
5. hpdw

Since unscrambling didn't lead to any meaningful words, I will now try assuming it's a Caesar cipher and decrypt it using at least 5 different shifts.

1. Shift 1: vgco
2. Shift 2: ufbn
3. Shift 3: team
4. Shift 4: sdzl
5. Shift 5: rcyk

None of the Caesar ci",1,0.0
whdp,team,4,3,"1. phwd
2. dwhp
3. pdwh
4. hdwp
5. hpdw

Since unscrambling didn't lead to any meaningful words, I will now try assuming it's a Caesar cipher and decrypt it using at least 5 different shifts.

1. Shift 1: vgco
2. Shift 2: ufbn
3. Shift 3: team
4. Shift 4: sdzl
5. Shift 5: rcyk

None of the Caesar cipher shifts resulted in a meaningful English word either.",1,6,"1. phwd
2. dwhp
3. pdwh
4. hdwp
5. hpdw

Since unscrambling didn't lead to any meaningful words, I will now try assuming it's a Caesar cipher and decrypt it using at least 5 different shifts.

1. Shift 1: vgco
2. Shift 2: ufbn
3. Shift 3: team
4. Shift 4: sdzl
5. Shift 5: rcyk

None of the Caesar cipher shifts resulted in a meaningful English word ",1,0.0
whdp,team,4,3,"1. phwd
2. dwhp
3. pdwh
4. hdwp
5. hpdw

Since unscrambling didn't lead to any meaningful words, I will now try assuming it's a Caesar cipher and decrypt it using at least 5 different shifts.

1. Shift 1: vgco
2. Shift 2: ufbn
3. Shift 3: team
4. Shift 4: sdzl
5. Shift 5: rcyk

None of the Caesar cipher shifts resulted in a meaningful English word either.",1,7,"1. phwd
2. dwhp
3. pdwh
4. hdwp
5. hpdw

Since unscrambling didn't lead to any meaningful words, I will now try assuming it's a Caesar cipher and decrypt it using at least 5 different shifts.

1. Shift 1: vgco
2. Shift 2: ufbn
3. Shift 3: team
4. Shift 4: sdzl
5. Shift 5: rcyk

None of the Caesar cipher shifts resulted in a meaningful English word either.",1,0.0
phdw,meat,4,3,"1. phdw -> wphd
2. phdw -> dwhp
3. phdw -> dphw
4. phdw -> hwpd
5. phdw -> pdwh

Now, I will try decrypting the ciphertext using the Caesar cipher with different shifts:

1. Shift 1:
phdw -> ogcv

2. Shift 2:
phdw -> nfbu

3. Shift 3:
phdw -> meat

4. Shift 4:
phdw -> lzds

5. Shift 5:
phdw -> kyrc

None of the decrypted versions make a valid English word, so the ciphertext may not be a Caesar cipher. It may possibly be an anagram of the word ""whip.""",1,0,"1. phdw -> wphd
2. phdw -> dwhp
3. phdw -> dphw
4.",0,1.0
phdw,meat,4,3,"1. phdw -> wphd
2. phdw -> dwhp
3. phdw -> dphw
4. phdw -> hwpd
5. phdw -> pdwh

Now, I will try decrypting the ciphertext using the Caesar cipher with different shifts:

1. Shift 1:
phdw -> ogcv

2. Shift 2:
phdw -> nfbu

3. Shift 3:
phdw -> meat

4. Shift 4:
phdw -> lzds

5. Shift 5:
phdw -> kyrc

None of the decrypted versions make a valid English word, so the ciphertext may not be a Caesar cipher. It may possibly be an anagram of the word ""whip.""",1,1,"1. phdw -> wphd
2. phdw -> dwhp
3. phdw -> dphw
4. phdw -> hwpd
5. phdw -> pdwh

Now, I will try dec",1,1.0
phdw,meat,4,3,"1. phdw -> wphd
2. phdw -> dwhp
3. phdw -> dphw
4. phdw -> hwpd
5. phdw -> pdwh

Now, I will try decrypting the ciphertext using the Caesar cipher with different shifts:

1. Shift 1:
phdw -> ogcv

2. Shift 2:
phdw -> nfbu

3. Shift 3:
phdw -> meat

4. Shift 4:
phdw -> lzds

5. Shift 5:
phdw -> kyrc

None of the decrypted versions make a valid English word, so the ciphertext may not be a Caesar cipher. It may possibly be an anagram of the word ""whip.""",1,2,"1. phdw -> wphd
2. phdw -> dwhp
3. phdw -> dphw
4. phdw -> hwpd
5. phdw -> pdwh

Now, I will try decrypting the ciphertext using the Caesar cipher wit",1,1.0
phdw,meat,4,3,"1. phdw -> wphd
2. phdw -> dwhp
3. phdw -> dphw
4. phdw -> hwpd
5. phdw -> pdwh

Now, I will try decrypting the ciphertext using the Caesar cipher with different shifts:

1. Shift 1:
phdw -> ogcv

2. Shift 2:
phdw -> nfbu

3. Shift 3:
phdw -> meat

4. Shift 4:
phdw -> lzds

5. Shift 5:
phdw -> kyrc

None of the decrypted versions make a valid English word, so the ciphertext may not be a Caesar cipher. It may possibly be an anagram of the word ""whip.""",1,3,"1. phdw -> wphd
2. phdw -> dwhp
3. phdw -> dphw
4. phdw -> hwpd
5. phdw -> pdwh

Now, I will try decrypting the ciphertext using the Caesar cipher with different shifts:

1. Shift 1:
phdw -> ogcv

2. ",1,1.0
phdw,meat,4,3,"1. phdw -> wphd
2. phdw -> dwhp
3. phdw -> dphw
4. phdw -> hwpd
5. phdw -> pdwh

Now, I will try decrypting the ciphertext using the Caesar cipher with different shifts:

1. Shift 1:
phdw -> ogcv

2. Shift 2:
phdw -> nfbu

3. Shift 3:
phdw -> meat

4. Shift 4:
phdw -> lzds

5. Shift 5:
phdw -> kyrc

None of the decrypted versions make a valid English word, so the ciphertext may not be a Caesar cipher. It may possibly be an anagram of the word ""whip.""",1,4,"1. phdw -> wphd
2. phdw -> dwhp
3. phdw -> dphw
4. phdw -> hwpd
5. phdw -> pdwh

Now, I will try decrypting the ciphertext using the Caesar cipher with different shifts:

1. Shift 1:
phdw -> ogcv

2. Shift 2:
phdw -> nfbu

3. Shift 3:
phdw -> meat

4",1,1.0
phdw,meat,4,3,"1. phdw -> wphd
2. phdw -> dwhp
3. phdw -> dphw
4. phdw -> hwpd
5. phdw -> pdwh

Now, I will try decrypting the ciphertext using the Caesar cipher with different shifts:

1. Shift 1:
phdw -> ogcv

2. Shift 2:
phdw -> nfbu

3. Shift 3:
phdw -> meat

4. Shift 4:
phdw -> lzds

5. Shift 5:
phdw -> kyrc

None of the decrypted versions make a valid English word, so the ciphertext may not be a Caesar cipher. It may possibly be an anagram of the word ""whip.""",1,5,"1. phdw -> wphd
2. phdw -> dwhp
3. phdw -> dphw
4. phdw -> hwpd
5. phdw -> pdwh

Now, I will try decrypting the ciphertext using the Caesar cipher with different shifts:

1. Shift 1:
phdw -> ogcv

2. Shift 2:
phdw -> nfbu

3. Shift 3:
phdw -> meat

4. Shift 4:
phdw -> lzds

5. Shift 5:
phdw -> kyrc
",1,1.0
phdw,meat,4,3,"1. phdw -> wphd
2. phdw -> dwhp
3. phdw -> dphw
4. phdw -> hwpd
5. phdw -> pdwh

Now, I will try decrypting the ciphertext using the Caesar cipher with different shifts:

1. Shift 1:
phdw -> ogcv

2. Shift 2:
phdw -> nfbu

3. Shift 3:
phdw -> meat

4. Shift 4:
phdw -> lzds

5. Shift 5:
phdw -> kyrc

None of the decrypted versions make a valid English word, so the ciphertext may not be a Caesar cipher. It may possibly be an anagram of the word ""whip.""",1,6,"1. phdw -> wphd
2. phdw -> dwhp
3. phdw -> dphw
4. phdw -> hwpd
5. phdw -> pdwh

Now, I will try decrypting the ciphertext using the Caesar cipher with different shifts:

1. Shift 1:
phdw -> ogcv

2. Shift 2:
phdw -> nfbu

3. Shift 3:
phdw -> meat

4. Shift 4:
phdw -> lzds

5. Shift 5:
phdw -> kyrc

None of the decrypted versions make a valid Engli",1,1.0
phdw,meat,4,3,"1. phdw -> wphd
2. phdw -> dwhp
3. phdw -> dphw
4. phdw -> hwpd
5. phdw -> pdwh

Now, I will try decrypting the ciphertext using the Caesar cipher with different shifts:

1. Shift 1:
phdw -> ogcv

2. Shift 2:
phdw -> nfbu

3. Shift 3:
phdw -> meat

4. Shift 4:
phdw -> lzds

5. Shift 5:
phdw -> kyrc

None of the decrypted versions make a valid English word, so the ciphertext may not be a Caesar cipher. It may possibly be an anagram of the word ""whip.""",1,7,"1. phdw -> wphd
2. phdw -> dwhp
3. phdw -> dphw
4. phdw -> hwpd
5. phdw -> pdwh

Now, I will try decrypting the ciphertext using the Caesar cipher with different shifts:

1. Shift 1:
phdw -> ogcv

2. Shift 2:
phdw -> nfbu

3. Shift 3:
phdw -> meat

4. Shift 4:
phdw -> lzds

5. Shift 5:
phdw -> kyrc

None of the decrypted versions make a valid English word, so the ciphertext may not be a Caesar cip",1,1.0
phdw,meat,4,3,"1. phdw -> wphd
2. phdw -> dwhp
3. phdw -> dphw
4. phdw -> hwpd
5. phdw -> pdwh

Now, I will try decrypting the ciphertext using the Caesar cipher with different shifts:

1. Shift 1:
phdw -> ogcv

2. Shift 2:
phdw -> nfbu

3. Shift 3:
phdw -> meat

4. Shift 4:
phdw -> lzds

5. Shift 5:
phdw -> kyrc

None of the decrypted versions make a valid English word, so the ciphertext may not be a Caesar cipher. It may possibly be an anagram of the word ""whip.""",1,8,"1. phdw -> wphd
2. phdw -> dwhp
3. phdw -> dphw
4. phdw -> hwpd
5. phdw -> pdwh

Now, I will try decrypting the ciphertext using the Caesar cipher with different shifts:

1. Shift 1:
phdw -> ogcv

2. Shift 2:
phdw -> nfbu

3. Shift 3:
phdw -> meat

4. Shift 4:
phdw -> lzds

5. Shift 5:
phdw -> kyrc

None of the decrypted versions make a valid English word, so the ciphertext may not be a Caesar cipher. It may possibly be an anagram of the word ""wh",1,1.0
phdw,meat,4,3,"1. phdw -> wphd
2. phdw -> dwhp
3. phdw -> dphw
4. phdw -> hwpd
5. phdw -> pdwh

Now, I will try decrypting the ciphertext using the Caesar cipher with different shifts:

1. Shift 1:
phdw -> ogcv

2. Shift 2:
phdw -> nfbu

3. Shift 3:
phdw -> meat

4. Shift 4:
phdw -> lzds

5. Shift 5:
phdw -> kyrc

None of the decrypted versions make a valid English word, so the ciphertext may not be a Caesar cipher. It may possibly be an anagram of the word ""whip.""",1,9,"1. phdw -> wphd
2. phdw -> dwhp
3. phdw -> dphw
4. phdw -> hwpd
5. phdw -> pdwh

Now, I will try decrypting the ciphertext using the Caesar cipher with different shifts:

1. Shift 1:
phdw -> ogcv

2. Shift 2:
phdw -> nfbu

3. Shift 3:
phdw -> meat

4. Shift 4:
phdw -> lzds

5. Shift 5:
phdw -> kyrc

None of the decrypted versions make a valid English word, so the ciphertext may not be a Caesar cipher. It may possibly be an anagram of the word ""whip.""",1,1.0
vnlq,skin,4,3,"1. vnlq -> qnvl
2. vnlq -> lqnv
3. vnlq -> nvlq
4. vnlq -> qvln
5. vnlq -> lvqn

Since unscrambling as an anagram didn't provide a clear English word, I will now try decrypting it assuming it's a Caesar cipher and trying at least 5 different shifts.

1. Shift 1: vnlq -> umkp
2. Shift 2: vnlq -> tljo
3. Shift 3: vnlq -> skin
4. Shift 4: vnlq -> rjhm
5. Shift 5: vnlq -> qigl

None of the attempts to decrypt the ciphertext using a Caesar cipher provided a clear English word. It's possible that the ciphertext might be encrypted using a different method or could be a proper noun.",1,0,"1. vnlq -> qnvl
2. vnlq -> lqnv
3. vnlq -> nvlq
4.",0,2.0
vnlq,skin,4,3,"1. vnlq -> qnvl
2. vnlq -> lqnv
3. vnlq -> nvlq
4. vnlq -> qvln
5. vnlq -> lvqn

Since unscrambling as an anagram didn't provide a clear English word, I will now try decrypting it assuming it's a Caesar cipher and trying at least 5 different shifts.

1. Shift 1: vnlq -> umkp
2. Shift 2: vnlq -> tljo
3. Shift 3: vnlq -> skin
4. Shift 4: vnlq -> rjhm
5. Shift 5: vnlq -> qigl

None of the attempts to decrypt the ciphertext using a Caesar cipher provided a clear English word. It's possible that the ciphertext might be encrypted using a different method or could be a proper noun.",1,1,"1. vnlq -> qnvl
2. vnlq -> lqnv
3. vnlq -> nvlq
4. vnlq -> qvln
5. vnlq -> lvqn

Since unscrambling ",0,2.0
vnlq,skin,4,3,"1. vnlq -> qnvl
2. vnlq -> lqnv
3. vnlq -> nvlq
4. vnlq -> qvln
5. vnlq -> lvqn

Since unscrambling as an anagram didn't provide a clear English word, I will now try decrypting it assuming it's a Caesar cipher and trying at least 5 different shifts.

1. Shift 1: vnlq -> umkp
2. Shift 2: vnlq -> tljo
3. Shift 3: vnlq -> skin
4. Shift 4: vnlq -> rjhm
5. Shift 5: vnlq -> qigl

None of the attempts to decrypt the ciphertext using a Caesar cipher provided a clear English word. It's possible that the ciphertext might be encrypted using a different method or could be a proper noun.",1,2,"1. vnlq -> qnvl
2. vnlq -> lqnv
3. vnlq -> nvlq
4. vnlq -> qvln
5. vnlq -> lvqn

Since unscrambling as an anagram didn't provide a clear English word,",1,2.0
vnlq,skin,4,3,"1. vnlq -> qnvl
2. vnlq -> lqnv
3. vnlq -> nvlq
4. vnlq -> qvln
5. vnlq -> lvqn

Since unscrambling as an anagram didn't provide a clear English word, I will now try decrypting it assuming it's a Caesar cipher and trying at least 5 different shifts.

1. Shift 1: vnlq -> umkp
2. Shift 2: vnlq -> tljo
3. Shift 3: vnlq -> skin
4. Shift 4: vnlq -> rjhm
5. Shift 5: vnlq -> qigl

None of the attempts to decrypt the ciphertext using a Caesar cipher provided a clear English word. It's possible that the ciphertext might be encrypted using a different method or could be a proper noun.",1,3,"1. vnlq -> qnvl
2. vnlq -> lqnv
3. vnlq -> nvlq
4. vnlq -> qvln
5. vnlq -> lvqn

Since unscrambling as an anagram didn't provide a clear English word, I will now try decrypting it assuming it's a Caes",1,2.0
vnlq,skin,4,3,"1. vnlq -> qnvl
2. vnlq -> lqnv
3. vnlq -> nvlq
4. vnlq -> qvln
5. vnlq -> lvqn

Since unscrambling as an anagram didn't provide a clear English word, I will now try decrypting it assuming it's a Caesar cipher and trying at least 5 different shifts.

1. Shift 1: vnlq -> umkp
2. Shift 2: vnlq -> tljo
3. Shift 3: vnlq -> skin
4. Shift 4: vnlq -> rjhm
5. Shift 5: vnlq -> qigl

None of the attempts to decrypt the ciphertext using a Caesar cipher provided a clear English word. It's possible that the ciphertext might be encrypted using a different method or could be a proper noun.",1,4,"1. vnlq -> qnvl
2. vnlq -> lqnv
3. vnlq -> nvlq
4. vnlq -> qvln
5. vnlq -> lvqn

Since unscrambling as an anagram didn't provide a clear English word, I will now try decrypting it assuming it's a Caesar cipher and trying at least 5 different shifts.
",1,2.0
vnlq,skin,4,3,"1. vnlq -> qnvl
2. vnlq -> lqnv
3. vnlq -> nvlq
4. vnlq -> qvln
5. vnlq -> lvqn

Since unscrambling as an anagram didn't provide a clear English word, I will now try decrypting it assuming it's a Caesar cipher and trying at least 5 different shifts.

1. Shift 1: vnlq -> umkp
2. Shift 2: vnlq -> tljo
3. Shift 3: vnlq -> skin
4. Shift 4: vnlq -> rjhm
5. Shift 5: vnlq -> qigl

None of the attempts to decrypt the ciphertext using a Caesar cipher provided a clear English word. It's possible that the ciphertext might be encrypted using a different method or could be a proper noun.",1,5,"1. vnlq -> qnvl
2. vnlq -> lqnv
3. vnlq -> nvlq
4. vnlq -> qvln
5. vnlq -> lvqn

Since unscrambling as an anagram didn't provide a clear English word, I will now try decrypting it assuming it's a Caesar cipher and trying at least 5 different shifts.

1. Shift 1: vnlq -> umkp
2. Shift 2: vnlq -> tljo",1,2.0
vnlq,skin,4,3,"1. vnlq -> qnvl
2. vnlq -> lqnv
3. vnlq -> nvlq
4. vnlq -> qvln
5. vnlq -> lvqn

Since unscrambling as an anagram didn't provide a clear English word, I will now try decrypting it assuming it's a Caesar cipher and trying at least 5 different shifts.

1. Shift 1: vnlq -> umkp
2. Shift 2: vnlq -> tljo
3. Shift 3: vnlq -> skin
4. Shift 4: vnlq -> rjhm
5. Shift 5: vnlq -> qigl

None of the attempts to decrypt the ciphertext using a Caesar cipher provided a clear English word. It's possible that the ciphertext might be encrypted using a different method or could be a proper noun.",1,6,"1. vnlq -> qnvl
2. vnlq -> lqnv
3. vnlq -> nvlq
4. vnlq -> qvln
5. vnlq -> lvqn

Since unscrambling as an anagram didn't provide a clear English word, I will now try decrypting it assuming it's a Caesar cipher and trying at least 5 different shifts.

1. Shift 1: vnlq -> umkp
2. Shift 2: vnlq -> tljo
3. Shift 3: vnlq -> skin
4. Shift 4: vnlq -> rjhm",1,2.0
vnlq,skin,4,3,"1. vnlq -> qnvl
2. vnlq -> lqnv
3. vnlq -> nvlq
4. vnlq -> qvln
5. vnlq -> lvqn

Since unscrambling as an anagram didn't provide a clear English word, I will now try decrypting it assuming it's a Caesar cipher and trying at least 5 different shifts.

1. Shift 1: vnlq -> umkp
2. Shift 2: vnlq -> tljo
3. Shift 3: vnlq -> skin
4. Shift 4: vnlq -> rjhm
5. Shift 5: vnlq -> qigl

None of the attempts to decrypt the ciphertext using a Caesar cipher provided a clear English word. It's possible that the ciphertext might be encrypted using a different method or could be a proper noun.",1,7,"1. vnlq -> qnvl
2. vnlq -> lqnv
3. vnlq -> nvlq
4. vnlq -> qvln
5. vnlq -> lvqn

Since unscrambling as an anagram didn't provide a clear English word, I will now try decrypting it assuming it's a Caesar cipher and trying at least 5 different shifts.

1. Shift 1: vnlq -> umkp
2. Shift 2: vnlq -> tljo
3. Shift 3: vnlq -> skin
4. Shift 4: vnlq -> rjhm
5. Shift 5: vnlq -> qigl

None of the attempts to",1,2.0
vnlq,skin,4,3,"1. vnlq -> qnvl
2. vnlq -> lqnv
3. vnlq -> nvlq
4. vnlq -> qvln
5. vnlq -> lvqn

Since unscrambling as an anagram didn't provide a clear English word, I will now try decrypting it assuming it's a Caesar cipher and trying at least 5 different shifts.

1. Shift 1: vnlq -> umkp
2. Shift 2: vnlq -> tljo
3. Shift 3: vnlq -> skin
4. Shift 4: vnlq -> rjhm
5. Shift 5: vnlq -> qigl

None of the attempts to decrypt the ciphertext using a Caesar cipher provided a clear English word. It's possible that the ciphertext might be encrypted using a different method or could be a proper noun.",1,8,"1. vnlq -> qnvl
2. vnlq -> lqnv
3. vnlq -> nvlq
4. vnlq -> qvln
5. vnlq -> lvqn

Since unscrambling as an anagram didn't provide a clear English word, I will now try decrypting it assuming it's a Caesar cipher and trying at least 5 different shifts.

1. Shift 1: vnlq -> umkp
2. Shift 2: vnlq -> tljo
3. Shift 3: vnlq -> skin
4. Shift 4: vnlq -> rjhm
5. Shift 5: vnlq -> qigl

None of the attempts to decrypt the ciphertext using a Caesar cipher prov",1,2.0
vnlq,skin,4,3,"1. vnlq -> qnvl
2. vnlq -> lqnv
3. vnlq -> nvlq
4. vnlq -> qvln
5. vnlq -> lvqn

Since unscrambling as an anagram didn't provide a clear English word, I will now try decrypting it assuming it's a Caesar cipher and trying at least 5 different shifts.

1. Shift 1: vnlq -> umkp
2. Shift 2: vnlq -> tljo
3. Shift 3: vnlq -> skin
4. Shift 4: vnlq -> rjhm
5. Shift 5: vnlq -> qigl

None of the attempts to decrypt the ciphertext using a Caesar cipher provided a clear English word. It's possible that the ciphertext might be encrypted using a different method or could be a proper noun.",1,9,"1. vnlq -> qnvl
2. vnlq -> lqnv
3. vnlq -> nvlq
4. vnlq -> qvln
5. vnlq -> lvqn

Since unscrambling as an anagram didn't provide a clear English word, I will now try decrypting it assuming it's a Caesar cipher and trying at least 5 different shifts.

1. Shift 1: vnlq -> umkp
2. Shift 2: vnlq -> tljo
3. Shift 3: vnlq -> skin
4. Shift 4: vnlq -> rjhm
5. Shift 5: vnlq -> qigl

None of the attempts to decrypt the ciphertext using a Caesar cipher provided a clear English word. It's possible that the ",1,2.0
vnlq,skin,4,3,"1. vnlq -> qnvl
2. vnlq -> lqnv
3. vnlq -> nvlq
4. vnlq -> qvln
5. vnlq -> lvqn

Since unscrambling as an anagram didn't provide a clear English word, I will now try decrypting it assuming it's a Caesar cipher and trying at least 5 different shifts.

1. Shift 1: vnlq -> umkp
2. Shift 2: vnlq -> tljo
3. Shift 3: vnlq -> skin
4. Shift 4: vnlq -> rjhm
5. Shift 5: vnlq -> qigl

None of the attempts to decrypt the ciphertext using a Caesar cipher provided a clear English word. It's possible that the ciphertext might be encrypted using a different method or could be a proper noun.",1,10,"1. vnlq -> qnvl
2. vnlq -> lqnv
3. vnlq -> nvlq
4. vnlq -> qvln
5. vnlq -> lvqn

Since unscrambling as an anagram didn't provide a clear English word, I will now try decrypting it assuming it's a Caesar cipher and trying at least 5 different shifts.

1. Shift 1: vnlq -> umkp
2. Shift 2: vnlq -> tljo
3. Shift 3: vnlq -> skin
4. Shift 4: vnlq -> rjhm
5. Shift 5: vnlq -> qigl

None of the attempts to decrypt the ciphertext using a Caesar cipher provided a clear English word. It's possible that the ciphertext might be encrypted using a different me",1,2.0
vnlq,skin,4,3,"1. vnlq -> qnvl
2. vnlq -> lqnv
3. vnlq -> nvlq
4. vnlq -> qvln
5. vnlq -> lvqn

Since unscrambling as an anagram didn't provide a clear English word, I will now try decrypting it assuming it's a Caesar cipher and trying at least 5 different shifts.

1. Shift 1: vnlq -> umkp
2. Shift 2: vnlq -> tljo
3. Shift 3: vnlq -> skin
4. Shift 4: vnlq -> rjhm
5. Shift 5: vnlq -> qigl

None of the attempts to decrypt the ciphertext using a Caesar cipher provided a clear English word. It's possible that the ciphertext might be encrypted using a different method or could be a proper noun.",1,11,"1. vnlq -> qnvl
2. vnlq -> lqnv
3. vnlq -> nvlq
4. vnlq -> qvln
5. vnlq -> lvqn

Since unscrambling as an anagram didn't provide a clear English word, I will now try decrypting it assuming it's a Caesar cipher and trying at least 5 different shifts.

1. Shift 1: vnlq -> umkp
2. Shift 2: vnlq -> tljo
3. Shift 3: vnlq -> skin
4. Shift 4: vnlq -> rjhm
5. Shift 5: vnlq -> qigl

None of the attempts to decrypt the ciphertext using a Caesar cipher provided a clear English word. It's possible that the ciphertext might be encrypted using a different method or could be a proper noun.",1,2.0
whdp,team,4,3,"1. whdp -> phwd
2. whdp -> dphw
3. whdp -> dwp
4. whdp -> whd
5. whdp -> pwhd

Since unscrambling as an anagram didn't reveal any meaningful words, I will now try to decrypt the ciphertext using a Caesar cipher with different shifts.

1. Shift of 1:
whdp -> vgco
2. Shift of 2:
whdp -> ufbn
3. Shift of 3:
whdp -> team
4. Shift of 4:
whdp -> sdzl
5. Shift of 5:
whdp -> rcyk

After trying different shifts in the Caesar cipher decryption, the word ""team"" was found at shift 3. Therefore, the decrypted word is ""team"".",1,0,"1. whdp -> phwd
2. whdp -> dphw
3. whdp -> dwp
4. ",0,1.0
whdp,team,4,3,"1. whdp -> phwd
2. whdp -> dphw
3. whdp -> dwp
4. whdp -> whd
5. whdp -> pwhd

Since unscrambling as an anagram didn't reveal any meaningful words, I will now try to decrypt the ciphertext using a Caesar cipher with different shifts.

1. Shift of 1:
whdp -> vgco
2. Shift of 2:
whdp -> ufbn
3. Shift of 3:
whdp -> team
4. Shift of 4:
whdp -> sdzl
5. Shift of 5:
whdp -> rcyk

After trying different shifts in the Caesar cipher decryption, the word ""team"" was found at shift 3. Therefore, the decrypted word is ""team"".",1,1,"1. whdp -> phwd
2. whdp -> dphw
3. whdp -> dwp
4. whdp -> whd
5. whdp -> pwhd

Since unscrambling as",1,1.0
whdp,team,4,3,"1. whdp -> phwd
2. whdp -> dphw
3. whdp -> dwp
4. whdp -> whd
5. whdp -> pwhd

Since unscrambling as an anagram didn't reveal any meaningful words, I will now try to decrypt the ciphertext using a Caesar cipher with different shifts.

1. Shift of 1:
whdp -> vgco
2. Shift of 2:
whdp -> ufbn
3. Shift of 3:
whdp -> team
4. Shift of 4:
whdp -> sdzl
5. Shift of 5:
whdp -> rcyk

After trying different shifts in the Caesar cipher decryption, the word ""team"" was found at shift 3. Therefore, the decrypted word is ""team"".",1,2,"1. whdp -> phwd
2. whdp -> dphw
3. whdp -> dwp
4. whdp -> whd
5. whdp -> pwhd

Since unscrambling as an anagram didn't reveal any meaningful words, I ",1,1.0
whdp,team,4,3,"1. whdp -> phwd
2. whdp -> dphw
3. whdp -> dwp
4. whdp -> whd
5. whdp -> pwhd

Since unscrambling as an anagram didn't reveal any meaningful words, I will now try to decrypt the ciphertext using a Caesar cipher with different shifts.

1. Shift of 1:
whdp -> vgco
2. Shift of 2:
whdp -> ufbn
3. Shift of 3:
whdp -> team
4. Shift of 4:
whdp -> sdzl
5. Shift of 5:
whdp -> rcyk

After trying different shifts in the Caesar cipher decryption, the word ""team"" was found at shift 3. Therefore, the decrypted word is ""team"".",1,3,"1. whdp -> phwd
2. whdp -> dphw
3. whdp -> dwp
4. whdp -> whd
5. whdp -> pwhd

Since unscrambling as an anagram didn't reveal any meaningful words, I will now try to decrypt the ciphertext using a Cae",1,1.0
whdp,team,4,3,"1. whdp -> phwd
2. whdp -> dphw
3. whdp -> dwp
4. whdp -> whd
5. whdp -> pwhd

Since unscrambling as an anagram didn't reveal any meaningful words, I will now try to decrypt the ciphertext using a Caesar cipher with different shifts.

1. Shift of 1:
whdp -> vgco
2. Shift of 2:
whdp -> ufbn
3. Shift of 3:
whdp -> team
4. Shift of 4:
whdp -> sdzl
5. Shift of 5:
whdp -> rcyk

After trying different shifts in the Caesar cipher decryption, the word ""team"" was found at shift 3. Therefore, the decrypted word is ""team"".",1,4,"1. whdp -> phwd
2. whdp -> dphw
3. whdp -> dwp
4. whdp -> whd
5. whdp -> pwhd

Since unscrambling as an anagram didn't reveal any meaningful words, I will now try to decrypt the ciphertext using a Caesar cipher with different shifts.

1. Shift of 1:
",1,1.0
whdp,team,4,3,"1. whdp -> phwd
2. whdp -> dphw
3. whdp -> dwp
4. whdp -> whd
5. whdp -> pwhd

Since unscrambling as an anagram didn't reveal any meaningful words, I will now try to decrypt the ciphertext using a Caesar cipher with different shifts.

1. Shift of 1:
whdp -> vgco
2. Shift of 2:
whdp -> ufbn
3. Shift of 3:
whdp -> team
4. Shift of 4:
whdp -> sdzl
5. Shift of 5:
whdp -> rcyk

After trying different shifts in the Caesar cipher decryption, the word ""team"" was found at shift 3. Therefore, the decrypted word is ""team"".",1,5,"1. whdp -> phwd
2. whdp -> dphw
3. whdp -> dwp
4. whdp -> whd
5. whdp -> pwhd

Since unscrambling as an anagram didn't reveal any meaningful words, I will now try to decrypt the ciphertext using a Caesar cipher with different shifts.

1. Shift of 1:
whdp -> vgco
2. Shift of 2:
whdp -> ufbn
3. Shift ",1,1.0
whdp,team,4,3,"1. whdp -> phwd
2. whdp -> dphw
3. whdp -> dwp
4. whdp -> whd
5. whdp -> pwhd

Since unscrambling as an anagram didn't reveal any meaningful words, I will now try to decrypt the ciphertext using a Caesar cipher with different shifts.

1. Shift of 1:
whdp -> vgco
2. Shift of 2:
whdp -> ufbn
3. Shift of 3:
whdp -> team
4. Shift of 4:
whdp -> sdzl
5. Shift of 5:
whdp -> rcyk

After trying different shifts in the Caesar cipher decryption, the word ""team"" was found at shift 3. Therefore, the decrypted word is ""team"".",1,6,"1. whdp -> phwd
2. whdp -> dphw
3. whdp -> dwp
4. whdp -> whd
5. whdp -> pwhd

Since unscrambling as an anagram didn't reveal any meaningful words, I will now try to decrypt the ciphertext using a Caesar cipher with different shifts.

1. Shift of 1:
whdp -> vgco
2. Shift of 2:
whdp -> ufbn
3. Shift of 3:
whdp -> team
4. Shift of 4:
whdp -> sdzl
5. ",1,1.0
whdp,team,4,3,"1. whdp -> phwd
2. whdp -> dphw
3. whdp -> dwp
4. whdp -> whd
5. whdp -> pwhd

Since unscrambling as an anagram didn't reveal any meaningful words, I will now try to decrypt the ciphertext using a Caesar cipher with different shifts.

1. Shift of 1:
whdp -> vgco
2. Shift of 2:
whdp -> ufbn
3. Shift of 3:
whdp -> team
4. Shift of 4:
whdp -> sdzl
5. Shift of 5:
whdp -> rcyk

After trying different shifts in the Caesar cipher decryption, the word ""team"" was found at shift 3. Therefore, the decrypted word is ""team"".",1,7,"1. whdp -> phwd
2. whdp -> dphw
3. whdp -> dwp
4. whdp -> whd
5. whdp -> pwhd

Since unscrambling as an anagram didn't reveal any meaningful words, I will now try to decrypt the ciphertext using a Caesar cipher with different shifts.

1. Shift of 1:
whdp -> vgco
2. Shift of 2:
whdp -> ufbn
3. Shift of 3:
whdp -> team
4. Shift of 4:
whdp -> sdzl
5. Shift of 5:
whdp -> rcyk

After trying different s",1,1.0
whdp,team,4,3,"1. whdp -> phwd
2. whdp -> dphw
3. whdp -> dwp
4. whdp -> whd
5. whdp -> pwhd

Since unscrambling as an anagram didn't reveal any meaningful words, I will now try to decrypt the ciphertext using a Caesar cipher with different shifts.

1. Shift of 1:
whdp -> vgco
2. Shift of 2:
whdp -> ufbn
3. Shift of 3:
whdp -> team
4. Shift of 4:
whdp -> sdzl
5. Shift of 5:
whdp -> rcyk

After trying different shifts in the Caesar cipher decryption, the word ""team"" was found at shift 3. Therefore, the decrypted word is ""team"".",1,8,"1. whdp -> phwd
2. whdp -> dphw
3. whdp -> dwp
4. whdp -> whd
5. whdp -> pwhd

Since unscrambling as an anagram didn't reveal any meaningful words, I will now try to decrypt the ciphertext using a Caesar cipher with different shifts.

1. Shift of 1:
whdp -> vgco
2. Shift of 2:
whdp -> ufbn
3. Shift of 3:
whdp -> team
4. Shift of 4:
whdp -> sdzl
5. Shift of 5:
whdp -> rcyk

After trying different shifts in the Caesar cipher decryption, the word ""t",1,1.0
whdp,team,4,3,"1. whdp -> phwd
2. whdp -> dphw
3. whdp -> dwp
4. whdp -> whd
5. whdp -> pwhd

Since unscrambling as an anagram didn't reveal any meaningful words, I will now try to decrypt the ciphertext using a Caesar cipher with different shifts.

1. Shift of 1:
whdp -> vgco
2. Shift of 2:
whdp -> ufbn
3. Shift of 3:
whdp -> team
4. Shift of 4:
whdp -> sdzl
5. Shift of 5:
whdp -> rcyk

After trying different shifts in the Caesar cipher decryption, the word ""team"" was found at shift 3. Therefore, the decrypted word is ""team"".",1,9,"1. whdp -> phwd
2. whdp -> dphw
3. whdp -> dwp
4. whdp -> whd
5. whdp -> pwhd

Since unscrambling as an anagram didn't reveal any meaningful words, I will now try to decrypt the ciphertext using a Caesar cipher with different shifts.

1. Shift of 1:
whdp -> vgco
2. Shift of 2:
whdp -> ufbn
3. Shift of 3:
whdp -> team
4. Shift of 4:
whdp -> sdzl
5. Shift of 5:
whdp -> rcyk

After trying different shifts in the Caesar cipher decryption, the word ""team"" was found at shift 3. Therefore, the decrypte",1,1.0
whdp,team,4,3,"1. whdp -> phwd
2. whdp -> dphw
3. whdp -> dwp
4. whdp -> whd
5. whdp -> pwhd

Since unscrambling as an anagram didn't reveal any meaningful words, I will now try to decrypt the ciphertext using a Caesar cipher with different shifts.

1. Shift of 1:
whdp -> vgco
2. Shift of 2:
whdp -> ufbn
3. Shift of 3:
whdp -> team
4. Shift of 4:
whdp -> sdzl
5. Shift of 5:
whdp -> rcyk

After trying different shifts in the Caesar cipher decryption, the word ""team"" was found at shift 3. Therefore, the decrypted word is ""team"".",1,10,"1. whdp -> phwd
2. whdp -> dphw
3. whdp -> dwp
4. whdp -> whd
5. whdp -> pwhd

Since unscrambling as an anagram didn't reveal any meaningful words, I will now try to decrypt the ciphertext using a Caesar cipher with different shifts.

1. Shift of 1:
whdp -> vgco
2. Shift of 2:
whdp -> ufbn
3. Shift of 3:
whdp -> team
4. Shift of 4:
whdp -> sdzl
5. Shift of 5:
whdp -> rcyk

After trying different shifts in the Caesar cipher decryption, the word ""team"" was found at shift 3. Therefore, the decrypted word is ""team"".",1,1.0
exjv,bugs,4,3,"1. vex
2. jex
3. evx
4. jve
5. xej

Since unscrambling as an anagram didn't reveal the original word, I will now try decrypting it using a Caesar cipher with different shifts.

1. Shift 1: dwiu
2. Shift 2: cvht
3. Shift 3: bugs
4. Shift 4: atfr
5. Shift 5: zseq

None of the attempts at decrypting with a Caesar cipher revealed an English word.",1,0,"1. vex
2. jex
3. evx
4. jve
5. xej

Since unscramb",0,1.0
exjv,bugs,4,3,"1. vex
2. jex
3. evx
4. jve
5. xej

Since unscrambling as an anagram didn't reveal the original word, I will now try decrypting it using a Caesar cipher with different shifts.

1. Shift 1: dwiu
2. Shift 2: cvht
3. Shift 3: bugs
4. Shift 4: atfr
5. Shift 5: zseq

None of the attempts at decrypting with a Caesar cipher revealed an English word.",1,1,"1. vex
2. jex
3. evx
4. jve
5. xej

Since unscrambling as an anagram didn't reveal the original word",1,1.0
exjv,bugs,4,3,"1. vex
2. jex
3. evx
4. jve
5. xej

Since unscrambling as an anagram didn't reveal the original word, I will now try decrypting it using a Caesar cipher with different shifts.

1. Shift 1: dwiu
2. Shift 2: cvht
3. Shift 3: bugs
4. Shift 4: atfr
5. Shift 5: zseq

None of the attempts at decrypting with a Caesar cipher revealed an English word.",1,2,"1. vex
2. jex
3. evx
4. jve
5. xej

Since unscrambling as an anagram didn't reveal the original word, I will now try decrypting it using a Caesar ciph",1,1.0
exjv,bugs,4,3,"1. vex
2. jex
3. evx
4. jve
5. xej

Since unscrambling as an anagram didn't reveal the original word, I will now try decrypting it using a Caesar cipher with different shifts.

1. Shift 1: dwiu
2. Shift 2: cvht
3. Shift 3: bugs
4. Shift 4: atfr
5. Shift 5: zseq

None of the attempts at decrypting with a Caesar cipher revealed an English word.",1,3,"1. vex
2. jex
3. evx
4. jve
5. xej

Since unscrambling as an anagram didn't reveal the original word, I will now try decrypting it using a Caesar cipher with different shifts.

1. Shift 1: dwiu
2. Shi",1,1.0
exjv,bugs,4,3,"1. vex
2. jex
3. evx
4. jve
5. xej

Since unscrambling as an anagram didn't reveal the original word, I will now try decrypting it using a Caesar cipher with different shifts.

1. Shift 1: dwiu
2. Shift 2: cvht
3. Shift 3: bugs
4. Shift 4: atfr
5. Shift 5: zseq

None of the attempts at decrypting with a Caesar cipher revealed an English word.",1,4,"1. vex
2. jex
3. evx
4. jve
5. xej

Since unscrambling as an anagram didn't reveal the original word, I will now try decrypting it using a Caesar cipher with different shifts.

1. Shift 1: dwiu
2. Shift 2: cvht
3. Shift 3: bugs
4. Shift 4: atfr
5. Sh",1,1.0
exjv,bugs,4,3,"1. vex
2. jex
3. evx
4. jve
5. xej

Since unscrambling as an anagram didn't reveal the original word, I will now try decrypting it using a Caesar cipher with different shifts.

1. Shift 1: dwiu
2. Shift 2: cvht
3. Shift 3: bugs
4. Shift 4: atfr
5. Shift 5: zseq

None of the attempts at decrypting with a Caesar cipher revealed an English word.",1,5,"1. vex
2. jex
3. evx
4. jve
5. xej

Since unscrambling as an anagram didn't reveal the original word, I will now try decrypting it using a Caesar cipher with different shifts.

1. Shift 1: dwiu
2. Shift 2: cvht
3. Shift 3: bugs
4. Shift 4: atfr
5. Shift 5: zseq

None of the attempts at decrypting wi",1,1.0
exjv,bugs,4,3,"1. vex
2. jex
3. evx
4. jve
5. xej

Since unscrambling as an anagram didn't reveal the original word, I will now try decrypting it using a Caesar cipher with different shifts.

1. Shift 1: dwiu
2. Shift 2: cvht
3. Shift 3: bugs
4. Shift 4: atfr
5. Shift 5: zseq

None of the attempts at decrypting with a Caesar cipher revealed an English word.",1,6,"1. vex
2. jex
3. evx
4. jve
5. xej

Since unscrambling as an anagram didn't reveal the original word, I will now try decrypting it using a Caesar cipher with different shifts.

1. Shift 1: dwiu
2. Shift 2: cvht
3. Shift 3: bugs
4. Shift 4: atfr
5. Shift 5: zseq

None of the attempts at decrypting with a Caesar cipher revealed an English word.",1,1.0
hevo,dark,4,4,"1. hove
2. hove
3. love
4. Dove
5. give

Now, I will try to decrypt the ciphertext using the Caesar cipher with different shift values:

1. Shift 1: gidu
2. Shift 2: fhct
3. Shift 3: egbs
4. Shift 4: dfar
5. Shift 5: cezq",0,0,"1. hove
2. hove
3. love
4. Dove
5. give

Now, I wi",1,0.0
hevo,dark,4,4,"1. hove
2. hove
3. love
4. Dove
5. give

Now, I will try to decrypt the ciphertext using the Caesar cipher with different shift values:

1. Shift 1: gidu
2. Shift 2: fhct
3. Shift 3: egbs
4. Shift 4: dfar
5. Shift 5: cezq",0,1,"1. hove
2. hove
3. love
4. Dove
5. give

Now, I will try to decrypt the ciphertext using the Caesar ",1,0.0
hevo,dark,4,4,"1. hove
2. hove
3. love
4. Dove
5. give

Now, I will try to decrypt the ciphertext using the Caesar cipher with different shift values:

1. Shift 1: gidu
2. Shift 2: fhct
3. Shift 3: egbs
4. Shift 4: dfar
5. Shift 5: cezq",0,2,"1. hove
2. hove
3. love
4. Dove
5. give

Now, I will try to decrypt the ciphertext using the Caesar cipher with different shift values:

1. Shift 1: g",1,0.0
hevo,dark,4,4,"1. hove
2. hove
3. love
4. Dove
5. give

Now, I will try to decrypt the ciphertext using the Caesar cipher with different shift values:

1. Shift 1: gidu
2. Shift 2: fhct
3. Shift 3: egbs
4. Shift 4: dfar
5. Shift 5: cezq",0,3,"1. hove
2. hove
3. love
4. Dove
5. give

Now, I will try to decrypt the ciphertext using the Caesar cipher with different shift values:

1. Shift 1: gidu
2. Shift 2: fhct
3. Shift 3: egbs
4. Shift 4: ",1,0.0
hevo,dark,4,4,"1. hove
2. hove
3. love
4. Dove
5. give

Now, I will try to decrypt the ciphertext using the Caesar cipher with different shift values:

1. Shift 1: gidu
2. Shift 2: fhct
3. Shift 3: egbs
4. Shift 4: dfar
5. Shift 5: cezq",0,4,"1. hove
2. hove
3. love
4. Dove
5. give

Now, I will try to decrypt the ciphertext using the Caesar cipher with different shift values:

1. Shift 1: gidu
2. Shift 2: fhct
3. Shift 3: egbs
4. Shift 4: dfar
5. Shift 5: cezq",1,0.0
fshc,body,4,4,"1. chfs
2. sfch
3. cfsh
4. hfsc
5. shcf

Since unscrambling the anagram did not provide a clear English word, I will now try decrypting the ciphertext using different Caesar shifts.

1. Shift 1: ergb
2. Shift 2: dqfa
3. Shift 3: cpaz
4. Shift 4: boyz
5. Shift 5: anx

None of the shifts decoded the ciphertext into a recognizable English word.",0,0,"1. chfs
2. sfch
3. cfsh
4. hfsc
5. shcf

Since uns",0,1.0
fshc,body,4,4,"1. chfs
2. sfch
3. cfsh
4. hfsc
5. shcf

Since unscrambling the anagram did not provide a clear English word, I will now try decrypting the ciphertext using different Caesar shifts.

1. Shift 1: ergb
2. Shift 2: dqfa
3. Shift 3: cpaz
4. Shift 4: boyz
5. Shift 5: anx

None of the shifts decoded the ciphertext into a recognizable English word.",0,1,"1. chfs
2. sfch
3. cfsh
4. hfsc
5. shcf

Since unscrambling the anagram did not provide a clear Engl",1,1.0
fshc,body,4,4,"1. chfs
2. sfch
3. cfsh
4. hfsc
5. shcf

Since unscrambling the anagram did not provide a clear English word, I will now try decrypting the ciphertext using different Caesar shifts.

1. Shift 1: ergb
2. Shift 2: dqfa
3. Shift 3: cpaz
4. Shift 4: boyz
5. Shift 5: anx

None of the shifts decoded the ciphertext into a recognizable English word.",0,2,"1. chfs
2. sfch
3. cfsh
4. hfsc
5. shcf

Since unscrambling the anagram did not provide a clear English word, I will now try decrypting the ciphertext",1,1.0
fshc,body,4,4,"1. chfs
2. sfch
3. cfsh
4. hfsc
5. shcf

Since unscrambling the anagram did not provide a clear English word, I will now try decrypting the ciphertext using different Caesar shifts.

1. Shift 1: ergb
2. Shift 2: dqfa
3. Shift 3: cpaz
4. Shift 4: boyz
5. Shift 5: anx

None of the shifts decoded the ciphertext into a recognizable English word.",0,3,"1. chfs
2. sfch
3. cfsh
4. hfsc
5. shcf

Since unscrambling the anagram did not provide a clear English word, I will now try decrypting the ciphertext using different Caesar shifts.

1. Shift 1: ergb
",1,1.0
fshc,body,4,4,"1. chfs
2. sfch
3. cfsh
4. hfsc
5. shcf

Since unscrambling the anagram did not provide a clear English word, I will now try decrypting the ciphertext using different Caesar shifts.

1. Shift 1: ergb
2. Shift 2: dqfa
3. Shift 3: cpaz
4. Shift 4: boyz
5. Shift 5: anx

None of the shifts decoded the ciphertext into a recognizable English word.",0,4,"1. chfs
2. sfch
3. cfsh
4. hfsc
5. shcf

Since unscrambling the anagram did not provide a clear English word, I will now try decrypting the ciphertext using different Caesar shifts.

1. Shift 1: ergb
2. Shift 2: dqfa
3. Shift 3: cpaz
4. Shift 4: boyz",1,1.0
fshc,body,4,4,"1. chfs
2. sfch
3. cfsh
4. hfsc
5. shcf

Since unscrambling the anagram did not provide a clear English word, I will now try decrypting the ciphertext using different Caesar shifts.

1. Shift 1: ergb
2. Shift 2: dqfa
3. Shift 3: cpaz
4. Shift 4: boyz
5. Shift 5: anx

None of the shifts decoded the ciphertext into a recognizable English word.",0,5,"1. chfs
2. sfch
3. cfsh
4. hfsc
5. shcf

Since unscrambling the anagram did not provide a clear English word, I will now try decrypting the ciphertext using different Caesar shifts.

1. Shift 1: ergb
2. Shift 2: dqfa
3. Shift 3: cpaz
4. Shift 4: boyz
5. Shift 5: anx

None of the shifts decoded the c",1,1.0
fshc,body,4,4,"1. chfs
2. sfch
3. cfsh
4. hfsc
5. shcf

Since unscrambling the anagram did not provide a clear English word, I will now try decrypting the ciphertext using different Caesar shifts.

1. Shift 1: ergb
2. Shift 2: dqfa
3. Shift 3: cpaz
4. Shift 4: boyz
5. Shift 5: anx

None of the shifts decoded the ciphertext into a recognizable English word.",0,6,"1. chfs
2. sfch
3. cfsh
4. hfsc
5. shcf

Since unscrambling the anagram did not provide a clear English word, I will now try decrypting the ciphertext using different Caesar shifts.

1. Shift 1: ergb
2. Shift 2: dqfa
3. Shift 3: cpaz
4. Shift 4: boyz
5. Shift 5: anx

None of the shifts decoded the ciphertext into a recognizable English word.",1,1.0
xlex,that,4,4,"1. xlex = lex
2. xlex = lexx
3. xlex = xlxe
4. xlex = xel
5. xlex = xle

Since unscrambling as an anagram did not provide any meaningful English words, let's now try decrypting it as a Caesar cipher using at least 5 different shifts:

1. With a Caesar shift of 1:
xlex -> ymfy

2. With a Caesar shift of 2:
xlex -> zngz

3. With a Caesar shift of 3:
xlex -> aoha

4. With a Caesar shift of 4:
xlex -> bpib

5. With a Caesar shift of 5:
xlex -> cqjc

Based on this analysis, it seems that decrypting the original ciphertext ""xlex"" with a Caesar cipher did not reveal any recognizable English word.",1,0,"1. xlex = lex
2. xlex = lexx
3. xlex = xlxe
4. xle",0,3.0
xlex,that,4,4,"1. xlex = lex
2. xlex = lexx
3. xlex = xlxe
4. xlex = xel
5. xlex = xle

Since unscrambling as an anagram did not provide any meaningful English words, let's now try decrypting it as a Caesar cipher using at least 5 different shifts:

1. With a Caesar shift of 1:
xlex -> ymfy

2. With a Caesar shift of 2:
xlex -> zngz

3. With a Caesar shift of 3:
xlex -> aoha

4. With a Caesar shift of 4:
xlex -> bpib

5. With a Caesar shift of 5:
xlex -> cqjc

Based on this analysis, it seems that decrypting the original ciphertext ""xlex"" with a Caesar cipher did not reveal any recognizable English word.",1,1,"1. xlex = lex
2. xlex = lexx
3. xlex = xlxe
4. xlex = xel
5. xlex = xle

Since unscrambling as an an",0,3.0
xlex,that,4,4,"1. xlex = lex
2. xlex = lexx
3. xlex = xlxe
4. xlex = xel
5. xlex = xle

Since unscrambling as an anagram did not provide any meaningful English words, let's now try decrypting it as a Caesar cipher using at least 5 different shifts:

1. With a Caesar shift of 1:
xlex -> ymfy

2. With a Caesar shift of 2:
xlex -> zngz

3. With a Caesar shift of 3:
xlex -> aoha

4. With a Caesar shift of 4:
xlex -> bpib

5. With a Caesar shift of 5:
xlex -> cqjc

Based on this analysis, it seems that decrypting the original ciphertext ""xlex"" with a Caesar cipher did not reveal any recognizable English word.",1,2,"1. xlex = lex
2. xlex = lexx
3. xlex = xlxe
4. xlex = xel
5. xlex = xle

Since unscrambling as an anagram did not provide any meaningful English words",0,3.0
xlex,that,4,4,"1. xlex = lex
2. xlex = lexx
3. xlex = xlxe
4. xlex = xel
5. xlex = xle

Since unscrambling as an anagram did not provide any meaningful English words, let's now try decrypting it as a Caesar cipher using at least 5 different shifts:

1. With a Caesar shift of 1:
xlex -> ymfy

2. With a Caesar shift of 2:
xlex -> zngz

3. With a Caesar shift of 3:
xlex -> aoha

4. With a Caesar shift of 4:
xlex -> bpib

5. With a Caesar shift of 5:
xlex -> cqjc

Based on this analysis, it seems that decrypting the original ciphertext ""xlex"" with a Caesar cipher did not reveal any recognizable English word.",1,3,"1. xlex = lex
2. xlex = lexx
3. xlex = xlxe
4. xlex = xel
5. xlex = xle

Since unscrambling as an anagram did not provide any meaningful English words, let's now try decrypting it as a Caesar cipher u",1,3.0
xlex,that,4,4,"1. xlex = lex
2. xlex = lexx
3. xlex = xlxe
4. xlex = xel
5. xlex = xle

Since unscrambling as an anagram did not provide any meaningful English words, let's now try decrypting it as a Caesar cipher using at least 5 different shifts:

1. With a Caesar shift of 1:
xlex -> ymfy

2. With a Caesar shift of 2:
xlex -> zngz

3. With a Caesar shift of 3:
xlex -> aoha

4. With a Caesar shift of 4:
xlex -> bpib

5. With a Caesar shift of 5:
xlex -> cqjc

Based on this analysis, it seems that decrypting the original ciphertext ""xlex"" with a Caesar cipher did not reveal any recognizable English word.",1,4,"1. xlex = lex
2. xlex = lexx
3. xlex = xlxe
4. xlex = xel
5. xlex = xle

Since unscrambling as an anagram did not provide any meaningful English words, let's now try decrypting it as a Caesar cipher using at least 5 different shifts:

1. With a Caesa",1,3.0
xlex,that,4,4,"1. xlex = lex
2. xlex = lexx
3. xlex = xlxe
4. xlex = xel
5. xlex = xle

Since unscrambling as an anagram did not provide any meaningful English words, let's now try decrypting it as a Caesar cipher using at least 5 different shifts:

1. With a Caesar shift of 1:
xlex -> ymfy

2. With a Caesar shift of 2:
xlex -> zngz

3. With a Caesar shift of 3:
xlex -> aoha

4. With a Caesar shift of 4:
xlex -> bpib

5. With a Caesar shift of 5:
xlex -> cqjc

Based on this analysis, it seems that decrypting the original ciphertext ""xlex"" with a Caesar cipher did not reveal any recognizable English word.",1,5,"1. xlex = lex
2. xlex = lexx
3. xlex = xlxe
4. xlex = xel
5. xlex = xle

Since unscrambling as an anagram did not provide any meaningful English words, let's now try decrypting it as a Caesar cipher using at least 5 different shifts:

1. With a Caesar shift of 1:
xlex -> ymfy

2. With a Caesar shift",1,3.0
xlex,that,4,4,"1. xlex = lex
2. xlex = lexx
3. xlex = xlxe
4. xlex = xel
5. xlex = xle

Since unscrambling as an anagram did not provide any meaningful English words, let's now try decrypting it as a Caesar cipher using at least 5 different shifts:

1. With a Caesar shift of 1:
xlex -> ymfy

2. With a Caesar shift of 2:
xlex -> zngz

3. With a Caesar shift of 3:
xlex -> aoha

4. With a Caesar shift of 4:
xlex -> bpib

5. With a Caesar shift of 5:
xlex -> cqjc

Based on this analysis, it seems that decrypting the original ciphertext ""xlex"" with a Caesar cipher did not reveal any recognizable English word.",1,6,"1. xlex = lex
2. xlex = lexx
3. xlex = xlxe
4. xlex = xel
5. xlex = xle

Since unscrambling as an anagram did not provide any meaningful English words, let's now try decrypting it as a Caesar cipher using at least 5 different shifts:

1. With a Caesar shift of 1:
xlex -> ymfy

2. With a Caesar shift of 2:
xlex -> zngz

3. With a Caesar shift of 3:
",1,3.0
xlex,that,4,4,"1. xlex = lex
2. xlex = lexx
3. xlex = xlxe
4. xlex = xel
5. xlex = xle

Since unscrambling as an anagram did not provide any meaningful English words, let's now try decrypting it as a Caesar cipher using at least 5 different shifts:

1. With a Caesar shift of 1:
xlex -> ymfy

2. With a Caesar shift of 2:
xlex -> zngz

3. With a Caesar shift of 3:
xlex -> aoha

4. With a Caesar shift of 4:
xlex -> bpib

5. With a Caesar shift of 5:
xlex -> cqjc

Based on this analysis, it seems that decrypting the original ciphertext ""xlex"" with a Caesar cipher did not reveal any recognizable English word.",1,7,"1. xlex = lex
2. xlex = lexx
3. xlex = xlxe
4. xlex = xel
5. xlex = xle

Since unscrambling as an anagram did not provide any meaningful English words, let's now try decrypting it as a Caesar cipher using at least 5 different shifts:

1. With a Caesar shift of 1:
xlex -> ymfy

2. With a Caesar shift of 2:
xlex -> zngz

3. With a Caesar shift of 3:
xlex -> aoha

4. With a Caesar shift of 4:
xlex ->",1,3.0
xlex,that,4,4,"1. xlex = lex
2. xlex = lexx
3. xlex = xlxe
4. xlex = xel
5. xlex = xle

Since unscrambling as an anagram did not provide any meaningful English words, let's now try decrypting it as a Caesar cipher using at least 5 different shifts:

1. With a Caesar shift of 1:
xlex -> ymfy

2. With a Caesar shift of 2:
xlex -> zngz

3. With a Caesar shift of 3:
xlex -> aoha

4. With a Caesar shift of 4:
xlex -> bpib

5. With a Caesar shift of 5:
xlex -> cqjc

Based on this analysis, it seems that decrypting the original ciphertext ""xlex"" with a Caesar cipher did not reveal any recognizable English word.",1,8,"1. xlex = lex
2. xlex = lexx
3. xlex = xlxe
4. xlex = xel
5. xlex = xle

Since unscrambling as an anagram did not provide any meaningful English words, let's now try decrypting it as a Caesar cipher using at least 5 different shifts:

1. With a Caesar shift of 1:
xlex -> ymfy

2. With a Caesar shift of 2:
xlex -> zngz

3. With a Caesar shift of 3:
xlex -> aoha

4. With a Caesar shift of 4:
xlex -> bpib

5. With a Caesar shift of 5:
xlex -> cqjc

",1,3.0
xlex,that,4,4,"1. xlex = lex
2. xlex = lexx
3. xlex = xlxe
4. xlex = xel
5. xlex = xle

Since unscrambling as an anagram did not provide any meaningful English words, let's now try decrypting it as a Caesar cipher using at least 5 different shifts:

1. With a Caesar shift of 1:
xlex -> ymfy

2. With a Caesar shift of 2:
xlex -> zngz

3. With a Caesar shift of 3:
xlex -> aoha

4. With a Caesar shift of 4:
xlex -> bpib

5. With a Caesar shift of 5:
xlex -> cqjc

Based on this analysis, it seems that decrypting the original ciphertext ""xlex"" with a Caesar cipher did not reveal any recognizable English word.",1,9,"1. xlex = lex
2. xlex = lexx
3. xlex = xlxe
4. xlex = xel
5. xlex = xle

Since unscrambling as an anagram did not provide any meaningful English words, let's now try decrypting it as a Caesar cipher using at least 5 different shifts:

1. With a Caesar shift of 1:
xlex -> ymfy

2. With a Caesar shift of 2:
xlex -> zngz

3. With a Caesar shift of 3:
xlex -> aoha

4. With a Caesar shift of 4:
xlex -> bpib

5. With a Caesar shift of 5:
xlex -> cqjc

Based on this analysis, it seems that decrypting t",1,3.0
xlex,that,4,4,"1. xlex = lex
2. xlex = lexx
3. xlex = xlxe
4. xlex = xel
5. xlex = xle

Since unscrambling as an anagram did not provide any meaningful English words, let's now try decrypting it as a Caesar cipher using at least 5 different shifts:

1. With a Caesar shift of 1:
xlex -> ymfy

2. With a Caesar shift of 2:
xlex -> zngz

3. With a Caesar shift of 3:
xlex -> aoha

4. With a Caesar shift of 4:
xlex -> bpib

5. With a Caesar shift of 5:
xlex -> cqjc

Based on this analysis, it seems that decrypting the original ciphertext ""xlex"" with a Caesar cipher did not reveal any recognizable English word.",1,10,"1. xlex = lex
2. xlex = lexx
3. xlex = xlxe
4. xlex = xel
5. xlex = xle

Since unscrambling as an anagram did not provide any meaningful English words, let's now try decrypting it as a Caesar cipher using at least 5 different shifts:

1. With a Caesar shift of 1:
xlex -> ymfy

2. With a Caesar shift of 2:
xlex -> zngz

3. With a Caesar shift of 3:
xlex -> aoha

4. With a Caesar shift of 4:
xlex -> bpib

5. With a Caesar shift of 5:
xlex -> cqjc

Based on this analysis, it seems that decrypting the original ciphertext ""xlex"" with a Caesar cipher",1,3.0
xlex,that,4,4,"1. xlex = lex
2. xlex = lexx
3. xlex = xlxe
4. xlex = xel
5. xlex = xle

Since unscrambling as an anagram did not provide any meaningful English words, let's now try decrypting it as a Caesar cipher using at least 5 different shifts:

1. With a Caesar shift of 1:
xlex -> ymfy

2. With a Caesar shift of 2:
xlex -> zngz

3. With a Caesar shift of 3:
xlex -> aoha

4. With a Caesar shift of 4:
xlex -> bpib

5. With a Caesar shift of 5:
xlex -> cqjc

Based on this analysis, it seems that decrypting the original ciphertext ""xlex"" with a Caesar cipher did not reveal any recognizable English word.",1,11,"1. xlex = lex
2. xlex = lexx
3. xlex = xlxe
4. xlex = xel
5. xlex = xle

Since unscrambling as an anagram did not provide any meaningful English words, let's now try decrypting it as a Caesar cipher using at least 5 different shifts:

1. With a Caesar shift of 1:
xlex -> ymfy

2. With a Caesar shift of 2:
xlex -> zngz

3. With a Caesar shift of 3:
xlex -> aoha

4. With a Caesar shift of 4:
xlex -> bpib

5. With a Caesar shift of 5:
xlex -> cqjc

Based on this analysis, it seems that decrypting the original ciphertext ""xlex"" with a Caesar cipher did not reveal any recognizable English word.",1,3.0
efpi,able,4,4,"1. pipe
2. fipe
3. pie
4. fepi
5. pife",0,0,"1. pipe
2. fipe
3. pie
4. fepi
5. pife",0,
amxl,with,4,4,"1. calm
2. clam
3. max
4. mal
5. lam

Now, I will try decrypting the ciphertext using a Caesar cipher with different shifts.

1. Shift of 1:
znwk

2. Shift of 2:
ymvj

3. Shift of 3:
xlui

4. Shift of 4:
wktj

5. Shift of 5:
vksi

It looks like none of the shifts revealed an English word, so it's possible that the ciphertext is not a Caesar cipher. Let's stick with the anagram approach for now.",1,0,"1. calm
2. clam
3. max
4. mal
5. lam

Now, I will ",1,0.0
amxl,with,4,4,"1. calm
2. clam
3. max
4. mal
5. lam

Now, I will try decrypting the ciphertext using a Caesar cipher with different shifts.

1. Shift of 1:
znwk

2. Shift of 2:
ymvj

3. Shift of 3:
xlui

4. Shift of 4:
wktj

5. Shift of 5:
vksi

It looks like none of the shifts revealed an English word, so it's possible that the ciphertext is not a Caesar cipher. Let's stick with the anagram approach for now.",1,1,"1. calm
2. clam
3. max
4. mal
5. lam

Now, I will try decrypting the ciphertext using a Caesar ciphe",1,0.0
amxl,with,4,4,"1. calm
2. clam
3. max
4. mal
5. lam

Now, I will try decrypting the ciphertext using a Caesar cipher with different shifts.

1. Shift of 1:
znwk

2. Shift of 2:
ymvj

3. Shift of 3:
xlui

4. Shift of 4:
wktj

5. Shift of 5:
vksi

It looks like none of the shifts revealed an English word, so it's possible that the ciphertext is not a Caesar cipher. Let's stick with the anagram approach for now.",1,2,"1. calm
2. clam
3. max
4. mal
5. lam

Now, I will try decrypting the ciphertext using a Caesar cipher with different shifts.

1. Shift of 1:
znwk

2. ",1,0.0
amxl,with,4,4,"1. calm
2. clam
3. max
4. mal
5. lam

Now, I will try decrypting the ciphertext using a Caesar cipher with different shifts.

1. Shift of 1:
znwk

2. Shift of 2:
ymvj

3. Shift of 3:
xlui

4. Shift of 4:
wktj

5. Shift of 5:
vksi

It looks like none of the shifts revealed an English word, so it's possible that the ciphertext is not a Caesar cipher. Let's stick with the anagram approach for now.",1,3,"1. calm
2. clam
3. max
4. mal
5. lam

Now, I will try decrypting the ciphertext using a Caesar cipher with different shifts.

1. Shift of 1:
znwk

2. Shift of 2:
ymvj

3. Shift of 3:
xlui

4. Shift of",1,0.0
amxl,with,4,4,"1. calm
2. clam
3. max
4. mal
5. lam

Now, I will try decrypting the ciphertext using a Caesar cipher with different shifts.

1. Shift of 1:
znwk

2. Shift of 2:
ymvj

3. Shift of 3:
xlui

4. Shift of 4:
wktj

5. Shift of 5:
vksi

It looks like none of the shifts revealed an English word, so it's possible that the ciphertext is not a Caesar cipher. Let's stick with the anagram approach for now.",1,4,"1. calm
2. clam
3. max
4. mal
5. lam

Now, I will try decrypting the ciphertext using a Caesar cipher with different shifts.

1. Shift of 1:
znwk

2. Shift of 2:
ymvj

3. Shift of 3:
xlui

4. Shift of 4:
wktj

5. Shift of 5:
vksi

It looks like none ",1,0.0
amxl,with,4,4,"1. calm
2. clam
3. max
4. mal
5. lam

Now, I will try decrypting the ciphertext using a Caesar cipher with different shifts.

1. Shift of 1:
znwk

2. Shift of 2:
ymvj

3. Shift of 3:
xlui

4. Shift of 4:
wktj

5. Shift of 5:
vksi

It looks like none of the shifts revealed an English word, so it's possible that the ciphertext is not a Caesar cipher. Let's stick with the anagram approach for now.",1,5,"1. calm
2. clam
3. max
4. mal
5. lam

Now, I will try decrypting the ciphertext using a Caesar cipher with different shifts.

1. Shift of 1:
znwk

2. Shift of 2:
ymvj

3. Shift of 3:
xlui

4. Shift of 4:
wktj

5. Shift of 5:
vksi

It looks like none of the shifts revealed an English word, so it's po",1,0.0
amxl,with,4,4,"1. calm
2. clam
3. max
4. mal
5. lam

Now, I will try decrypting the ciphertext using a Caesar cipher with different shifts.

1. Shift of 1:
znwk

2. Shift of 2:
ymvj

3. Shift of 3:
xlui

4. Shift of 4:
wktj

5. Shift of 5:
vksi

It looks like none of the shifts revealed an English word, so it's possible that the ciphertext is not a Caesar cipher. Let's stick with the anagram approach for now.",1,6,"1. calm
2. clam
3. max
4. mal
5. lam

Now, I will try decrypting the ciphertext using a Caesar cipher with different shifts.

1. Shift of 1:
znwk

2. Shift of 2:
ymvj

3. Shift of 3:
xlui

4. Shift of 4:
wktj

5. Shift of 5:
vksi

It looks like none of the shifts revealed an English word, so it's possible that the ciphertext is not a Caesar cipher.",1,0.0
amxl,with,4,4,"1. calm
2. clam
3. max
4. mal
5. lam

Now, I will try decrypting the ciphertext using a Caesar cipher with different shifts.

1. Shift of 1:
znwk

2. Shift of 2:
ymvj

3. Shift of 3:
xlui

4. Shift of 4:
wktj

5. Shift of 5:
vksi

It looks like none of the shifts revealed an English word, so it's possible that the ciphertext is not a Caesar cipher. Let's stick with the anagram approach for now.",1,7,"1. calm
2. clam
3. max
4. mal
5. lam

Now, I will try decrypting the ciphertext using a Caesar cipher with different shifts.

1. Shift of 1:
znwk

2. Shift of 2:
ymvj

3. Shift of 3:
xlui

4. Shift of 4:
wktj

5. Shift of 5:
vksi

It looks like none of the shifts revealed an English word, so it's possible that the ciphertext is not a Caesar cipher. Let's stick with the anagram approach for now.",1,0.0
irhw,ends,4,4,"1. wirh
2. rhiw
3. ihwr
4. wrih
5. hriw

Since unscrambling the ciphertext as an anagram didn't provide any meaningful results, I will now try decrypting it assuming it's a Caesar cipher with a shift of 1, 2, 3, 4, and 5.

1. Shift 1: hqgv
2. Shift 2: gpfu
3. Shift 3: fote
4. Shift 4: ensd
5. Shift 5: dmrc

None of the results obtained by decrypting the ciphertext using different Caesar shifts give a meaningful English word. The ciphertext ""irhw"" remains unresolved.",0,0,"1. wirh
2. rhiw
3. ihwr
4. wrih
5. hriw

Since uns",0,1.0
irhw,ends,4,4,"1. wirh
2. rhiw
3. ihwr
4. wrih
5. hriw

Since unscrambling the ciphertext as an anagram didn't provide any meaningful results, I will now try decrypting it assuming it's a Caesar cipher with a shift of 1, 2, 3, 4, and 5.

1. Shift 1: hqgv
2. Shift 2: gpfu
3. Shift 3: fote
4. Shift 4: ensd
5. Shift 5: dmrc

None of the results obtained by decrypting the ciphertext using different Caesar shifts give a meaningful English word. The ciphertext ""irhw"" remains unresolved.",0,1,"1. wirh
2. rhiw
3. ihwr
4. wrih
5. hriw

Since unscrambling the ciphertext as an anagram didn't prov",1,1.0
irhw,ends,4,4,"1. wirh
2. rhiw
3. ihwr
4. wrih
5. hriw

Since unscrambling the ciphertext as an anagram didn't provide any meaningful results, I will now try decrypting it assuming it's a Caesar cipher with a shift of 1, 2, 3, 4, and 5.

1. Shift 1: hqgv
2. Shift 2: gpfu
3. Shift 3: fote
4. Shift 4: ensd
5. Shift 5: dmrc

None of the results obtained by decrypting the ciphertext using different Caesar shifts give a meaningful English word. The ciphertext ""irhw"" remains unresolved.",0,2,"1. wirh
2. rhiw
3. ihwr
4. wrih
5. hriw

Since unscrambling the ciphertext as an anagram didn't provide any meaningful results, I will now try decrypt",1,1.0
irhw,ends,4,4,"1. wirh
2. rhiw
3. ihwr
4. wrih
5. hriw

Since unscrambling the ciphertext as an anagram didn't provide any meaningful results, I will now try decrypting it assuming it's a Caesar cipher with a shift of 1, 2, 3, 4, and 5.

1. Shift 1: hqgv
2. Shift 2: gpfu
3. Shift 3: fote
4. Shift 4: ensd
5. Shift 5: dmrc

None of the results obtained by decrypting the ciphertext using different Caesar shifts give a meaningful English word. The ciphertext ""irhw"" remains unresolved.",0,3,"1. wirh
2. rhiw
3. ihwr
4. wrih
5. hriw

Since unscrambling the ciphertext as an anagram didn't provide any meaningful results, I will now try decrypting it assuming it's a Caesar cipher with a shift ",1,1.0
irhw,ends,4,4,"1. wirh
2. rhiw
3. ihwr
4. wrih
5. hriw

Since unscrambling the ciphertext as an anagram didn't provide any meaningful results, I will now try decrypting it assuming it's a Caesar cipher with a shift of 1, 2, 3, 4, and 5.

1. Shift 1: hqgv
2. Shift 2: gpfu
3. Shift 3: fote
4. Shift 4: ensd
5. Shift 5: dmrc

None of the results obtained by decrypting the ciphertext using different Caesar shifts give a meaningful English word. The ciphertext ""irhw"" remains unresolved.",0,4,"1. wirh
2. rhiw
3. ihwr
4. wrih
5. hriw

Since unscrambling the ciphertext as an anagram didn't provide any meaningful results, I will now try decrypting it assuming it's a Caesar cipher with a shift of 1, 2, 3, 4, and 5.

1. Shift 1: hqgv
2. Shift 2",1,1.0
irhw,ends,4,4,"1. wirh
2. rhiw
3. ihwr
4. wrih
5. hriw

Since unscrambling the ciphertext as an anagram didn't provide any meaningful results, I will now try decrypting it assuming it's a Caesar cipher with a shift of 1, 2, 3, 4, and 5.

1. Shift 1: hqgv
2. Shift 2: gpfu
3. Shift 3: fote
4. Shift 4: ensd
5. Shift 5: dmrc

None of the results obtained by decrypting the ciphertext using different Caesar shifts give a meaningful English word. The ciphertext ""irhw"" remains unresolved.",0,5,"1. wirh
2. rhiw
3. ihwr
4. wrih
5. hriw

Since unscrambling the ciphertext as an anagram didn't provide any meaningful results, I will now try decrypting it assuming it's a Caesar cipher with a shift of 1, 2, 3, 4, and 5.

1. Shift 1: hqgv
2. Shift 2: gpfu
3. Shift 3: fote
4. Shift 4: ensd
5. Shift ",1,1.0
irhw,ends,4,4,"1. wirh
2. rhiw
3. ihwr
4. wrih
5. hriw

Since unscrambling the ciphertext as an anagram didn't provide any meaningful results, I will now try decrypting it assuming it's a Caesar cipher with a shift of 1, 2, 3, 4, and 5.

1. Shift 1: hqgv
2. Shift 2: gpfu
3. Shift 3: fote
4. Shift 4: ensd
5. Shift 5: dmrc

None of the results obtained by decrypting the ciphertext using different Caesar shifts give a meaningful English word. The ciphertext ""irhw"" remains unresolved.",0,6,"1. wirh
2. rhiw
3. ihwr
4. wrih
5. hriw

Since unscrambling the ciphertext as an anagram didn't provide any meaningful results, I will now try decrypting it assuming it's a Caesar cipher with a shift of 1, 2, 3, 4, and 5.

1. Shift 1: hqgv
2. Shift 2: gpfu
3. Shift 3: fote
4. Shift 4: ensd
5. Shift 5: dmrc

None of the results obtained by decryptin",1,1.0
irhw,ends,4,4,"1. wirh
2. rhiw
3. ihwr
4. wrih
5. hriw

Since unscrambling the ciphertext as an anagram didn't provide any meaningful results, I will now try decrypting it assuming it's a Caesar cipher with a shift of 1, 2, 3, 4, and 5.

1. Shift 1: hqgv
2. Shift 2: gpfu
3. Shift 3: fote
4. Shift 4: ensd
5. Shift 5: dmrc

None of the results obtained by decrypting the ciphertext using different Caesar shifts give a meaningful English word. The ciphertext ""irhw"" remains unresolved.",0,7,"1. wirh
2. rhiw
3. ihwr
4. wrih
5. hriw

Since unscrambling the ciphertext as an anagram didn't provide any meaningful results, I will now try decrypting it assuming it's a Caesar cipher with a shift of 1, 2, 3, 4, and 5.

1. Shift 1: hqgv
2. Shift 2: gpfu
3. Shift 3: fote
4. Shift 4: ensd
5. Shift 5: dmrc

None of the results obtained by decrypting the ciphertext using different Caesar shifts giv",1,1.0
irhw,ends,4,4,"1. wirh
2. rhiw
3. ihwr
4. wrih
5. hriw

Since unscrambling the ciphertext as an anagram didn't provide any meaningful results, I will now try decrypting it assuming it's a Caesar cipher with a shift of 1, 2, 3, 4, and 5.

1. Shift 1: hqgv
2. Shift 2: gpfu
3. Shift 3: fote
4. Shift 4: ensd
5. Shift 5: dmrc

None of the results obtained by decrypting the ciphertext using different Caesar shifts give a meaningful English word. The ciphertext ""irhw"" remains unresolved.",0,8,"1. wirh
2. rhiw
3. ihwr
4. wrih
5. hriw

Since unscrambling the ciphertext as an anagram didn't provide any meaningful results, I will now try decrypting it assuming it's a Caesar cipher with a shift of 1, 2, 3, 4, and 5.

1. Shift 1: hqgv
2. Shift 2: gpfu
3. Shift 3: fote
4. Shift 4: ensd
5. Shift 5: dmrc

None of the results obtained by decrypting the ciphertext using different Caesar shifts give a meaningful English word. The ciphertext ""irhw""",1,1.0
irhw,ends,4,4,"1. wirh
2. rhiw
3. ihwr
4. wrih
5. hriw

Since unscrambling the ciphertext as an anagram didn't provide any meaningful results, I will now try decrypting it assuming it's a Caesar cipher with a shift of 1, 2, 3, 4, and 5.

1. Shift 1: hqgv
2. Shift 2: gpfu
3. Shift 3: fote
4. Shift 4: ensd
5. Shift 5: dmrc

None of the results obtained by decrypting the ciphertext using different Caesar shifts give a meaningful English word. The ciphertext ""irhw"" remains unresolved.",0,9,"1. wirh
2. rhiw
3. ihwr
4. wrih
5. hriw

Since unscrambling the ciphertext as an anagram didn't provide any meaningful results, I will now try decrypting it assuming it's a Caesar cipher with a shift of 1, 2, 3, 4, and 5.

1. Shift 1: hqgv
2. Shift 2: gpfu
3. Shift 3: fote
4. Shift 4: ensd
5. Shift 5: dmrc

None of the results obtained by decrypting the ciphertext using different Caesar shifts give a meaningful English word. The ciphertext ""irhw"" remains unresolved.",1,1.0
kmzi,give,4,4,"1. mzik
2. zimk
3. zikm
4. kzmi
5. izmk",0,0,"1. mzik
2. zimk
3. zikm
4. kzmi
5. izmk",0,
xlex,that,4,4,"1. xlex = lex
2. xlex = lexx
3. xlex = xel
4. xlex = xle
5. xlex = exl",0,0,"1. xlex = lex
2. xlex = lexx
3. xlex = xel
4. xlex",0,
xlex,that,4,4,"1. xlex = lex
2. xlex = lexx
3. xlex = xel
4. xlex = xle
5. xlex = exl",0,1,"1. xlex = lex
2. xlex = lexx
3. xlex = xel
4. xlex = xle
5. xlex = exl",0,
epws,also,4,4,"1. spew
2. ewps
3. seep
4. weps
5. pews

Now, I will try decrypting the ciphertext assuming it's a Caesar cipher with different shift values:

1. dovr
2. dotq
3. dout
4. doit
5. doiv

None of the attempts at decrypting the Caesar cipher appear to yield a valid English word. It is more likely that the ciphertext is an anagram of an English word.",0,0,"1. spew
2. ewps
3. seep
4. weps
5. pews

Now, I wi",1,0.0
epws,also,4,4,"1. spew
2. ewps
3. seep
4. weps
5. pews

Now, I will try decrypting the ciphertext assuming it's a Caesar cipher with different shift values:

1. dovr
2. dotq
3. dout
4. doit
5. doiv

None of the attempts at decrypting the Caesar cipher appear to yield a valid English word. It is more likely that the ciphertext is an anagram of an English word.",0,1,"1. spew
2. ewps
3. seep
4. weps
5. pews

Now, I will try decrypting the ciphertext assuming it's a C",1,0.0
epws,also,4,4,"1. spew
2. ewps
3. seep
4. weps
5. pews

Now, I will try decrypting the ciphertext assuming it's a Caesar cipher with different shift values:

1. dovr
2. dotq
3. dout
4. doit
5. doiv

None of the attempts at decrypting the Caesar cipher appear to yield a valid English word. It is more likely that the ciphertext is an anagram of an English word.",0,2,"1. spew
2. ewps
3. seep
4. weps
5. pews

Now, I will try decrypting the ciphertext assuming it's a Caesar cipher with different shift values:

1. dovr",1,0.0
epws,also,4,4,"1. spew
2. ewps
3. seep
4. weps
5. pews

Now, I will try decrypting the ciphertext assuming it's a Caesar cipher with different shift values:

1. dovr
2. dotq
3. dout
4. doit
5. doiv

None of the attempts at decrypting the Caesar cipher appear to yield a valid English word. It is more likely that the ciphertext is an anagram of an English word.",0,3,"1. spew
2. ewps
3. seep
4. weps
5. pews

Now, I will try decrypting the ciphertext assuming it's a Caesar cipher with different shift values:

1. dovr
2. dotq
3. dout
4. doit
5. doiv

None of the atte",1,0.0
epws,also,4,4,"1. spew
2. ewps
3. seep
4. weps
5. pews

Now, I will try decrypting the ciphertext assuming it's a Caesar cipher with different shift values:

1. dovr
2. dotq
3. dout
4. doit
5. doiv

None of the attempts at decrypting the Caesar cipher appear to yield a valid English word. It is more likely that the ciphertext is an anagram of an English word.",0,4,"1. spew
2. ewps
3. seep
4. weps
5. pews

Now, I will try decrypting the ciphertext assuming it's a Caesar cipher with different shift values:

1. dovr
2. dotq
3. dout
4. doit
5. doiv

None of the attempts at decrypting the Caesar cipher appear to yie",1,0.0
epws,also,4,4,"1. spew
2. ewps
3. seep
4. weps
5. pews

Now, I will try decrypting the ciphertext assuming it's a Caesar cipher with different shift values:

1. dovr
2. dotq
3. dout
4. doit
5. doiv

None of the attempts at decrypting the Caesar cipher appear to yield a valid English word. It is more likely that the ciphertext is an anagram of an English word.",0,5,"1. spew
2. ewps
3. seep
4. weps
5. pews

Now, I will try decrypting the ciphertext assuming it's a Caesar cipher with different shift values:

1. dovr
2. dotq
3. dout
4. doit
5. doiv

None of the attempts at decrypting the Caesar cipher appear to yield a valid English word. It is more likely that th",1,0.0
epws,also,4,4,"1. spew
2. ewps
3. seep
4. weps
5. pews

Now, I will try decrypting the ciphertext assuming it's a Caesar cipher with different shift values:

1. dovr
2. dotq
3. dout
4. doit
5. doiv

None of the attempts at decrypting the Caesar cipher appear to yield a valid English word. It is more likely that the ciphertext is an anagram of an English word.",0,6,"1. spew
2. ewps
3. seep
4. weps
5. pews

Now, I will try decrypting the ciphertext assuming it's a Caesar cipher with different shift values:

1. dovr
2. dotq
3. dout
4. doit
5. doiv

None of the attempts at decrypting the Caesar cipher appear to yield a valid English word. It is more likely that the ciphertext is an anagram of an English word.",1,0.0
jvsq,from,4,4,"1. jqvs
2. svjq
3. sjvq
4. vqjs
5. qjvs

Next, I will try decrypting the ciphertext using a Caesar cipher with different shifts.

1. Shift 1: iurp
2. Shift 2: htqo
3. Shift 3: gsnp
4. Shift 4: from
5. Shift 5: enol

It looks like ""from"" might be a possible decryption.",1,0,"1. jqvs
2. svjq
3. sjvq
4. vqjs
5. qjvs

Next, I w",1,0.0
jvsq,from,4,4,"1. jqvs
2. svjq
3. sjvq
4. vqjs
5. qjvs

Next, I will try decrypting the ciphertext using a Caesar cipher with different shifts.

1. Shift 1: iurp
2. Shift 2: htqo
3. Shift 3: gsnp
4. Shift 4: from
5. Shift 5: enol

It looks like ""from"" might be a possible decryption.",1,1,"1. jqvs
2. svjq
3. sjvq
4. vqjs
5. qjvs

Next, I will try decrypting the ciphertext using a Caesar c",1,0.0
jvsq,from,4,4,"1. jqvs
2. svjq
3. sjvq
4. vqjs
5. qjvs

Next, I will try decrypting the ciphertext using a Caesar cipher with different shifts.

1. Shift 1: iurp
2. Shift 2: htqo
3. Shift 3: gsnp
4. Shift 4: from
5. Shift 5: enol

It looks like ""from"" might be a possible decryption.",1,2,"1. jqvs
2. svjq
3. sjvq
4. vqjs
5. qjvs

Next, I will try decrypting the ciphertext using a Caesar cipher with different shifts.

1. Shift 1: iurp
2. ",1,0.0
jvsq,from,4,4,"1. jqvs
2. svjq
3. sjvq
4. vqjs
5. qjvs

Next, I will try decrypting the ciphertext using a Caesar cipher with different shifts.

1. Shift 1: iurp
2. Shift 2: htqo
3. Shift 3: gsnp
4. Shift 4: from
5. Shift 5: enol

It looks like ""from"" might be a possible decryption.",1,3,"1. jqvs
2. svjq
3. sjvq
4. vqjs
5. qjvs

Next, I will try decrypting the ciphertext using a Caesar cipher with different shifts.

1. Shift 1: iurp
2. Shift 2: htqo
3. Shift 3: gsnp
4. Shift 4: from
5.",1,0.0
jvsq,from,4,4,"1. jqvs
2. svjq
3. sjvq
4. vqjs
5. qjvs

Next, I will try decrypting the ciphertext using a Caesar cipher with different shifts.

1. Shift 1: iurp
2. Shift 2: htqo
3. Shift 3: gsnp
4. Shift 4: from
5. Shift 5: enol

It looks like ""from"" might be a possible decryption.",1,4,"1. jqvs
2. svjq
3. sjvq
4. vqjs
5. qjvs

Next, I will try decrypting the ciphertext using a Caesar cipher with different shifts.

1. Shift 1: iurp
2. Shift 2: htqo
3. Shift 3: gsnp
4. Shift 4: from
5. Shift 5: enol

It looks like ""from"" might be a po",1,0.0
jvsq,from,4,4,"1. jqvs
2. svjq
3. sjvq
4. vqjs
5. qjvs

Next, I will try decrypting the ciphertext using a Caesar cipher with different shifts.

1. Shift 1: iurp
2. Shift 2: htqo
3. Shift 3: gsnp
4. Shift 4: from
5. Shift 5: enol

It looks like ""from"" might be a possible decryption.",1,5,"1. jqvs
2. svjq
3. sjvq
4. vqjs
5. qjvs

Next, I will try decrypting the ciphertext using a Caesar cipher with different shifts.

1. Shift 1: iurp
2. Shift 2: htqo
3. Shift 3: gsnp
4. Shift 4: from
5. Shift 5: enol

It looks like ""from"" might be a possible decryption.",1,0.0
nsyt,into,4,5,"1. tsyn
2. tyns
3. ynst
4. ynts
5. stny

It seems like unscrambling it as an anagram did not result in any recognizable English word. Let's continue by assuming it's a Caesar cipher and try to decrypt it using at least 5 different shifts.

1. Shift 1: mrsx
2. Shift 2: lqry
3. Shift 3: kqpx
4. Shift 4: jpow
5. Shift 5: ionv

None of the decrypted words seem to be recognizable either. Let's try a few more shifts.

6. Shift 6: hmnu
7. Shift 7: glmt
8. Shift 8: flks
9. Shift 9: ekjr
10. Shift 10: djiq

After trying multiple shifts, the decrypted words using a Caesar cipher also do not seem to be understandable. It's possible that the ciphertext may not actually represent a single English word in either form.",0,0,"1. tsyn
2. tyns
3. ynst
4. ynts
5. stny

It seems ",0,1.0
nsyt,into,4,5,"1. tsyn
2. tyns
3. ynst
4. ynts
5. stny

It seems like unscrambling it as an anagram did not result in any recognizable English word. Let's continue by assuming it's a Caesar cipher and try to decrypt it using at least 5 different shifts.

1. Shift 1: mrsx
2. Shift 2: lqry
3. Shift 3: kqpx
4. Shift 4: jpow
5. Shift 5: ionv

None of the decrypted words seem to be recognizable either. Let's try a few more shifts.

6. Shift 6: hmnu
7. Shift 7: glmt
8. Shift 8: flks
9. Shift 9: ekjr
10. Shift 10: djiq

After trying multiple shifts, the decrypted words using a Caesar cipher also do not seem to be understandable. It's possible that the ciphertext may not actually represent a single English word in either form.",0,1,"1. tsyn
2. tyns
3. ynst
4. ynts
5. stny

It seems like unscrambling it as an anagram did not result ",1,1.0
nsyt,into,4,5,"1. tsyn
2. tyns
3. ynst
4. ynts
5. stny

It seems like unscrambling it as an anagram did not result in any recognizable English word. Let's continue by assuming it's a Caesar cipher and try to decrypt it using at least 5 different shifts.

1. Shift 1: mrsx
2. Shift 2: lqry
3. Shift 3: kqpx
4. Shift 4: jpow
5. Shift 5: ionv

None of the decrypted words seem to be recognizable either. Let's try a few more shifts.

6. Shift 6: hmnu
7. Shift 7: glmt
8. Shift 8: flks
9. Shift 9: ekjr
10. Shift 10: djiq

After trying multiple shifts, the decrypted words using a Caesar cipher also do not seem to be understandable. It's possible that the ciphertext may not actually represent a single English word in either form.",0,2,"1. tsyn
2. tyns
3. ynst
4. ynts
5. stny

It seems like unscrambling it as an anagram did not result in any recognizable English word. Let's continue b",1,1.0
nsyt,into,4,5,"1. tsyn
2. tyns
3. ynst
4. ynts
5. stny

It seems like unscrambling it as an anagram did not result in any recognizable English word. Let's continue by assuming it's a Caesar cipher and try to decrypt it using at least 5 different shifts.

1. Shift 1: mrsx
2. Shift 2: lqry
3. Shift 3: kqpx
4. Shift 4: jpow
5. Shift 5: ionv

None of the decrypted words seem to be recognizable either. Let's try a few more shifts.

6. Shift 6: hmnu
7. Shift 7: glmt
8. Shift 8: flks
9. Shift 9: ekjr
10. Shift 10: djiq

After trying multiple shifts, the decrypted words using a Caesar cipher also do not seem to be understandable. It's possible that the ciphertext may not actually represent a single English word in either form.",0,3,"1. tsyn
2. tyns
3. ynst
4. ynts
5. stny

It seems like unscrambling it as an anagram did not result in any recognizable English word. Let's continue by assuming it's a Caesar cipher and try to decrypt",1,1.0
nsyt,into,4,5,"1. tsyn
2. tyns
3. ynst
4. ynts
5. stny

It seems like unscrambling it as an anagram did not result in any recognizable English word. Let's continue by assuming it's a Caesar cipher and try to decrypt it using at least 5 different shifts.

1. Shift 1: mrsx
2. Shift 2: lqry
3. Shift 3: kqpx
4. Shift 4: jpow
5. Shift 5: ionv

None of the decrypted words seem to be recognizable either. Let's try a few more shifts.

6. Shift 6: hmnu
7. Shift 7: glmt
8. Shift 8: flks
9. Shift 9: ekjr
10. Shift 10: djiq

After trying multiple shifts, the decrypted words using a Caesar cipher also do not seem to be understandable. It's possible that the ciphertext may not actually represent a single English word in either form.",0,4,"1. tsyn
2. tyns
3. ynst
4. ynts
5. stny

It seems like unscrambling it as an anagram did not result in any recognizable English word. Let's continue by assuming it's a Caesar cipher and try to decrypt it using at least 5 different shifts.

1. Shift 1",1,1.0
nsyt,into,4,5,"1. tsyn
2. tyns
3. ynst
4. ynts
5. stny

It seems like unscrambling it as an anagram did not result in any recognizable English word. Let's continue by assuming it's a Caesar cipher and try to decrypt it using at least 5 different shifts.

1. Shift 1: mrsx
2. Shift 2: lqry
3. Shift 3: kqpx
4. Shift 4: jpow
5. Shift 5: ionv

None of the decrypted words seem to be recognizable either. Let's try a few more shifts.

6. Shift 6: hmnu
7. Shift 7: glmt
8. Shift 8: flks
9. Shift 9: ekjr
10. Shift 10: djiq

After trying multiple shifts, the decrypted words using a Caesar cipher also do not seem to be understandable. It's possible that the ciphertext may not actually represent a single English word in either form.",0,5,"1. tsyn
2. tyns
3. ynst
4. ynts
5. stny

It seems like unscrambling it as an anagram did not result in any recognizable English word. Let's continue by assuming it's a Caesar cipher and try to decrypt it using at least 5 different shifts.

1. Shift 1: mrsx
2. Shift 2: lqry
3. Shift 3: kqpx
4. Shift ",1,1.0
nsyt,into,4,5,"1. tsyn
2. tyns
3. ynst
4. ynts
5. stny

It seems like unscrambling it as an anagram did not result in any recognizable English word. Let's continue by assuming it's a Caesar cipher and try to decrypt it using at least 5 different shifts.

1. Shift 1: mrsx
2. Shift 2: lqry
3. Shift 3: kqpx
4. Shift 4: jpow
5. Shift 5: ionv

None of the decrypted words seem to be recognizable either. Let's try a few more shifts.

6. Shift 6: hmnu
7. Shift 7: glmt
8. Shift 8: flks
9. Shift 9: ekjr
10. Shift 10: djiq

After trying multiple shifts, the decrypted words using a Caesar cipher also do not seem to be understandable. It's possible that the ciphertext may not actually represent a single English word in either form.",0,6,"1. tsyn
2. tyns
3. ynst
4. ynts
5. stny

It seems like unscrambling it as an anagram did not result in any recognizable English word. Let's continue by assuming it's a Caesar cipher and try to decrypt it using at least 5 different shifts.

1. Shift 1: mrsx
2. Shift 2: lqry
3. Shift 3: kqpx
4. Shift 4: jpow
5. Shift 5: ionv

None of the decrypted wo",1,1.0
nsyt,into,4,5,"1. tsyn
2. tyns
3. ynst
4. ynts
5. stny

It seems like unscrambling it as an anagram did not result in any recognizable English word. Let's continue by assuming it's a Caesar cipher and try to decrypt it using at least 5 different shifts.

1. Shift 1: mrsx
2. Shift 2: lqry
3. Shift 3: kqpx
4. Shift 4: jpow
5. Shift 5: ionv

None of the decrypted words seem to be recognizable either. Let's try a few more shifts.

6. Shift 6: hmnu
7. Shift 7: glmt
8. Shift 8: flks
9. Shift 9: ekjr
10. Shift 10: djiq

After trying multiple shifts, the decrypted words using a Caesar cipher also do not seem to be understandable. It's possible that the ciphertext may not actually represent a single English word in either form.",0,7,"1. tsyn
2. tyns
3. ynst
4. ynts
5. stny

It seems like unscrambling it as an anagram did not result in any recognizable English word. Let's continue by assuming it's a Caesar cipher and try to decrypt it using at least 5 different shifts.

1. Shift 1: mrsx
2. Shift 2: lqry
3. Shift 3: kqpx
4. Shift 4: jpow
5. Shift 5: ionv

None of the decrypted words seem to be recognizable either. Let's try a fe",1,1.0
nsyt,into,4,5,"1. tsyn
2. tyns
3. ynst
4. ynts
5. stny

It seems like unscrambling it as an anagram did not result in any recognizable English word. Let's continue by assuming it's a Caesar cipher and try to decrypt it using at least 5 different shifts.

1. Shift 1: mrsx
2. Shift 2: lqry
3. Shift 3: kqpx
4. Shift 4: jpow
5. Shift 5: ionv

None of the decrypted words seem to be recognizable either. Let's try a few more shifts.

6. Shift 6: hmnu
7. Shift 7: glmt
8. Shift 8: flks
9. Shift 9: ekjr
10. Shift 10: djiq

After trying multiple shifts, the decrypted words using a Caesar cipher also do not seem to be understandable. It's possible that the ciphertext may not actually represent a single English word in either form.",0,8,"1. tsyn
2. tyns
3. ynst
4. ynts
5. stny

It seems like unscrambling it as an anagram did not result in any recognizable English word. Let's continue by assuming it's a Caesar cipher and try to decrypt it using at least 5 different shifts.

1. Shift 1: mrsx
2. Shift 2: lqry
3. Shift 3: kqpx
4. Shift 4: jpow
5. Shift 5: ionv

None of the decrypted words seem to be recognizable either. Let's try a few more shifts.

6. Shift 6: hmnu
7. Shift 7: glmt
",1,1.0
nsyt,into,4,5,"1. tsyn
2. tyns
3. ynst
4. ynts
5. stny

It seems like unscrambling it as an anagram did not result in any recognizable English word. Let's continue by assuming it's a Caesar cipher and try to decrypt it using at least 5 different shifts.

1. Shift 1: mrsx
2. Shift 2: lqry
3. Shift 3: kqpx
4. Shift 4: jpow
5. Shift 5: ionv

None of the decrypted words seem to be recognizable either. Let's try a few more shifts.

6. Shift 6: hmnu
7. Shift 7: glmt
8. Shift 8: flks
9. Shift 9: ekjr
10. Shift 10: djiq

After trying multiple shifts, the decrypted words using a Caesar cipher also do not seem to be understandable. It's possible that the ciphertext may not actually represent a single English word in either form.",0,9,"1. tsyn
2. tyns
3. ynst
4. ynts
5. stny

It seems like unscrambling it as an anagram did not result in any recognizable English word. Let's continue by assuming it's a Caesar cipher and try to decrypt it using at least 5 different shifts.

1. Shift 1: mrsx
2. Shift 2: lqry
3. Shift 3: kqpx
4. Shift 4: jpow
5. Shift 5: ionv

None of the decrypted words seem to be recognizable either. Let's try a few more shifts.

6. Shift 6: hmnu
7. Shift 7: glmt
8. Shift 8: flks
9. Shift 9: ekjr
10. Shift 10: dj",1,1.0
nsyt,into,4,5,"1. tsyn
2. tyns
3. ynst
4. ynts
5. stny

It seems like unscrambling it as an anagram did not result in any recognizable English word. Let's continue by assuming it's a Caesar cipher and try to decrypt it using at least 5 different shifts.

1. Shift 1: mrsx
2. Shift 2: lqry
3. Shift 3: kqpx
4. Shift 4: jpow
5. Shift 5: ionv

None of the decrypted words seem to be recognizable either. Let's try a few more shifts.

6. Shift 6: hmnu
7. Shift 7: glmt
8. Shift 8: flks
9. Shift 9: ekjr
10. Shift 10: djiq

After trying multiple shifts, the decrypted words using a Caesar cipher also do not seem to be understandable. It's possible that the ciphertext may not actually represent a single English word in either form.",0,10,"1. tsyn
2. tyns
3. ynst
4. ynts
5. stny

It seems like unscrambling it as an anagram did not result in any recognizable English word. Let's continue by assuming it's a Caesar cipher and try to decrypt it using at least 5 different shifts.

1. Shift 1: mrsx
2. Shift 2: lqry
3. Shift 3: kqpx
4. Shift 4: jpow
5. Shift 5: ionv

None of the decrypted words seem to be recognizable either. Let's try a few more shifts.

6. Shift 6: hmnu
7. Shift 7: glmt
8. Shift 8: flks
9. Shift 9: ekjr
10. Shift 10: djiq

After trying multiple shifts, the decrypted wo",1,1.0
nsyt,into,4,5,"1. tsyn
2. tyns
3. ynst
4. ynts
5. stny

It seems like unscrambling it as an anagram did not result in any recognizable English word. Let's continue by assuming it's a Caesar cipher and try to decrypt it using at least 5 different shifts.

1. Shift 1: mrsx
2. Shift 2: lqry
3. Shift 3: kqpx
4. Shift 4: jpow
5. Shift 5: ionv

None of the decrypted words seem to be recognizable either. Let's try a few more shifts.

6. Shift 6: hmnu
7. Shift 7: glmt
8. Shift 8: flks
9. Shift 9: ekjr
10. Shift 10: djiq

After trying multiple shifts, the decrypted words using a Caesar cipher also do not seem to be understandable. It's possible that the ciphertext may not actually represent a single English word in either form.",0,11,"1. tsyn
2. tyns
3. ynst
4. ynts
5. stny

It seems like unscrambling it as an anagram did not result in any recognizable English word. Let's continue by assuming it's a Caesar cipher and try to decrypt it using at least 5 different shifts.

1. Shift 1: mrsx
2. Shift 2: lqry
3. Shift 3: kqpx
4. Shift 4: jpow
5. Shift 5: ionv

None of the decrypted words seem to be recognizable either. Let's try a few more shifts.

6. Shift 6: hmnu
7. Shift 7: glmt
8. Shift 8: flks
9. Shift 9: ekjr
10. Shift 10: djiq

After trying multiple shifts, the decrypted words using a Caesar cipher also do not seem to be u",1,1.0
nsyt,into,4,5,"1. tsyn
2. tyns
3. ynst
4. ynts
5. stny

It seems like unscrambling it as an anagram did not result in any recognizable English word. Let's continue by assuming it's a Caesar cipher and try to decrypt it using at least 5 different shifts.

1. Shift 1: mrsx
2. Shift 2: lqry
3. Shift 3: kqpx
4. Shift 4: jpow
5. Shift 5: ionv

None of the decrypted words seem to be recognizable either. Let's try a few more shifts.

6. Shift 6: hmnu
7. Shift 7: glmt
8. Shift 8: flks
9. Shift 9: ekjr
10. Shift 10: djiq

After trying multiple shifts, the decrypted words using a Caesar cipher also do not seem to be understandable. It's possible that the ciphertext may not actually represent a single English word in either form.",0,12,"1. tsyn
2. tyns
3. ynst
4. ynts
5. stny

It seems like unscrambling it as an anagram did not result in any recognizable English word. Let's continue by assuming it's a Caesar cipher and try to decrypt it using at least 5 different shifts.

1. Shift 1: mrsx
2. Shift 2: lqry
3. Shift 3: kqpx
4. Shift 4: jpow
5. Shift 5: ionv

None of the decrypted words seem to be recognizable either. Let's try a few more shifts.

6. Shift 6: hmnu
7. Shift 7: glmt
8. Shift 8: flks
9. Shift 9: ekjr
10. Shift 10: djiq

After trying multiple shifts, the decrypted words using a Caesar cipher also do not seem to be understandable. It's possible that the ciphertext m",1,1.0
nsyt,into,4,5,"1. tsyn
2. tyns
3. ynst
4. ynts
5. stny

It seems like unscrambling it as an anagram did not result in any recognizable English word. Let's continue by assuming it's a Caesar cipher and try to decrypt it using at least 5 different shifts.

1. Shift 1: mrsx
2. Shift 2: lqry
3. Shift 3: kqpx
4. Shift 4: jpow
5. Shift 5: ionv

None of the decrypted words seem to be recognizable either. Let's try a few more shifts.

6. Shift 6: hmnu
7. Shift 7: glmt
8. Shift 8: flks
9. Shift 9: ekjr
10. Shift 10: djiq

After trying multiple shifts, the decrypted words using a Caesar cipher also do not seem to be understandable. It's possible that the ciphertext may not actually represent a single English word in either form.",0,13,"1. tsyn
2. tyns
3. ynst
4. ynts
5. stny

It seems like unscrambling it as an anagram did not result in any recognizable English word. Let's continue by assuming it's a Caesar cipher and try to decrypt it using at least 5 different shifts.

1. Shift 1: mrsx
2. Shift 2: lqry
3. Shift 3: kqpx
4. Shift 4: jpow
5. Shift 5: ionv

None of the decrypted words seem to be recognizable either. Let's try a few more shifts.

6. Shift 6: hmnu
7. Shift 7: glmt
8. Shift 8: flks
9. Shift 9: ekjr
10. Shift 10: djiq

After trying multiple shifts, the decrypted words using a Caesar cipher also do not seem to be understandable. It's possible that the ciphertext may not actually represent a single English word in",1,1.0
nsyt,into,4,5,"1. tsyn
2. tyns
3. ynst
4. ynts
5. stny

It seems like unscrambling it as an anagram did not result in any recognizable English word. Let's continue by assuming it's a Caesar cipher and try to decrypt it using at least 5 different shifts.

1. Shift 1: mrsx
2. Shift 2: lqry
3. Shift 3: kqpx
4. Shift 4: jpow
5. Shift 5: ionv

None of the decrypted words seem to be recognizable either. Let's try a few more shifts.

6. Shift 6: hmnu
7. Shift 7: glmt
8. Shift 8: flks
9. Shift 9: ekjr
10. Shift 10: djiq

After trying multiple shifts, the decrypted words using a Caesar cipher also do not seem to be understandable. It's possible that the ciphertext may not actually represent a single English word in either form.",0,14,"1. tsyn
2. tyns
3. ynst
4. ynts
5. stny

It seems like unscrambling it as an anagram did not result in any recognizable English word. Let's continue by assuming it's a Caesar cipher and try to decrypt it using at least 5 different shifts.

1. Shift 1: mrsx
2. Shift 2: lqry
3. Shift 3: kqpx
4. Shift 4: jpow
5. Shift 5: ionv

None of the decrypted words seem to be recognizable either. Let's try a few more shifts.

6. Shift 6: hmnu
7. Shift 7: glmt
8. Shift 8: flks
9. Shift 9: ekjr
10. Shift 10: djiq

After trying multiple shifts, the decrypted words using a Caesar cipher also do not seem to be understandable. It's possible that the ciphertext may not actually represent a single English word in either form.",1,1.0
rtwj,more,4,5,"1. rtjw
2. rjtw
3. wjrt
4. wtjr
5. jwrt

Since unscrambling the ciphertext as an anagram did not provide any meaningful words, I will now try decrypting it using a Caesar cipher with different shifts.

1. Shift 1: qsvi
2. Shift 2: pruh
3. Shift 3: oqtg
4. Shift 4: npsf
5. Shift 5: more

Based on the results of the Caesar cipher decryption, the most likely decrypted word is ""more"" when using a shift of 5.",1,0,"1. rtjw
2. rjtw
3. wjrt
4. wtjr
5. jwrt

Since uns",0,2.0
rtwj,more,4,5,"1. rtjw
2. rjtw
3. wjrt
4. wtjr
5. jwrt

Since unscrambling the ciphertext as an anagram did not provide any meaningful words, I will now try decrypting it using a Caesar cipher with different shifts.

1. Shift 1: qsvi
2. Shift 2: pruh
3. Shift 3: oqtg
4. Shift 4: npsf
5. Shift 5: more

Based on the results of the Caesar cipher decryption, the most likely decrypted word is ""more"" when using a shift of 5.",1,1,"1. rtjw
2. rjtw
3. wjrt
4. wtjr
5. jwrt

Since unscrambling the ciphertext as an anagram did not pro",0,2.0
rtwj,more,4,5,"1. rtjw
2. rjtw
3. wjrt
4. wtjr
5. jwrt

Since unscrambling the ciphertext as an anagram did not provide any meaningful words, I will now try decrypting it using a Caesar cipher with different shifts.

1. Shift 1: qsvi
2. Shift 2: pruh
3. Shift 3: oqtg
4. Shift 4: npsf
5. Shift 5: more

Based on the results of the Caesar cipher decryption, the most likely decrypted word is ""more"" when using a shift of 5.",1,2,"1. rtjw
2. rjtw
3. wjrt
4. wtjr
5. jwrt

Since unscrambling the ciphertext as an anagram did not provide any meaningful words, I will now try decrypti",1,2.0
rtwj,more,4,5,"1. rtjw
2. rjtw
3. wjrt
4. wtjr
5. jwrt

Since unscrambling the ciphertext as an anagram did not provide any meaningful words, I will now try decrypting it using a Caesar cipher with different shifts.

1. Shift 1: qsvi
2. Shift 2: pruh
3. Shift 3: oqtg
4. Shift 4: npsf
5. Shift 5: more

Based on the results of the Caesar cipher decryption, the most likely decrypted word is ""more"" when using a shift of 5.",1,3,"1. rtjw
2. rjtw
3. wjrt
4. wtjr
5. jwrt

Since unscrambling the ciphertext as an anagram did not provide any meaningful words, I will now try decrypting it using a Caesar cipher with different shifts.",1,2.0
rtwj,more,4,5,"1. rtjw
2. rjtw
3. wjrt
4. wtjr
5. jwrt

Since unscrambling the ciphertext as an anagram did not provide any meaningful words, I will now try decrypting it using a Caesar cipher with different shifts.

1. Shift 1: qsvi
2. Shift 2: pruh
3. Shift 3: oqtg
4. Shift 4: npsf
5. Shift 5: more

Based on the results of the Caesar cipher decryption, the most likely decrypted word is ""more"" when using a shift of 5.",1,4,"1. rtjw
2. rjtw
3. wjrt
4. wtjr
5. jwrt

Since unscrambling the ciphertext as an anagram did not provide any meaningful words, I will now try decrypting it using a Caesar cipher with different shifts.

1. Shift 1: qsvi
2. Shift 2: pruh
3. Shift 3: oq",1,2.0
rtwj,more,4,5,"1. rtjw
2. rjtw
3. wjrt
4. wtjr
5. jwrt

Since unscrambling the ciphertext as an anagram did not provide any meaningful words, I will now try decrypting it using a Caesar cipher with different shifts.

1. Shift 1: qsvi
2. Shift 2: pruh
3. Shift 3: oqtg
4. Shift 4: npsf
5. Shift 5: more

Based on the results of the Caesar cipher decryption, the most likely decrypted word is ""more"" when using a shift of 5.",1,5,"1. rtjw
2. rjtw
3. wjrt
4. wtjr
5. jwrt

Since unscrambling the ciphertext as an anagram did not provide any meaningful words, I will now try decrypting it using a Caesar cipher with different shifts.

1. Shift 1: qsvi
2. Shift 2: pruh
3. Shift 3: oqtg
4. Shift 4: npsf
5. Shift 5: more

Based on the",1,2.0
rtwj,more,4,5,"1. rtjw
2. rjtw
3. wjrt
4. wtjr
5. jwrt

Since unscrambling the ciphertext as an anagram did not provide any meaningful words, I will now try decrypting it using a Caesar cipher with different shifts.

1. Shift 1: qsvi
2. Shift 2: pruh
3. Shift 3: oqtg
4. Shift 4: npsf
5. Shift 5: more

Based on the results of the Caesar cipher decryption, the most likely decrypted word is ""more"" when using a shift of 5.",1,6,"1. rtjw
2. rjtw
3. wjrt
4. wtjr
5. jwrt

Since unscrambling the ciphertext as an anagram did not provide any meaningful words, I will now try decrypting it using a Caesar cipher with different shifts.

1. Shift 1: qsvi
2. Shift 2: pruh
3. Shift 3: oqtg
4. Shift 4: npsf
5. Shift 5: more

Based on the results of the Caesar cipher decryption, the most",1,2.0
rtwj,more,4,5,"1. rtjw
2. rjtw
3. wjrt
4. wtjr
5. jwrt

Since unscrambling the ciphertext as an anagram did not provide any meaningful words, I will now try decrypting it using a Caesar cipher with different shifts.

1. Shift 1: qsvi
2. Shift 2: pruh
3. Shift 3: oqtg
4. Shift 4: npsf
5. Shift 5: more

Based on the results of the Caesar cipher decryption, the most likely decrypted word is ""more"" when using a shift of 5.",1,7,"1. rtjw
2. rjtw
3. wjrt
4. wtjr
5. jwrt

Since unscrambling the ciphertext as an anagram did not provide any meaningful words, I will now try decrypting it using a Caesar cipher with different shifts.

1. Shift 1: qsvi
2. Shift 2: pruh
3. Shift 3: oqtg
4. Shift 4: npsf
5. Shift 5: more

Based on the results of the Caesar cipher decryption, the most likely decrypted word is ""more"" when using a shif",1,2.0
rtwj,more,4,5,"1. rtjw
2. rjtw
3. wjrt
4. wtjr
5. jwrt

Since unscrambling the ciphertext as an anagram did not provide any meaningful words, I will now try decrypting it using a Caesar cipher with different shifts.

1. Shift 1: qsvi
2. Shift 2: pruh
3. Shift 3: oqtg
4. Shift 4: npsf
5. Shift 5: more

Based on the results of the Caesar cipher decryption, the most likely decrypted word is ""more"" when using a shift of 5.",1,8,"1. rtjw
2. rjtw
3. wjrt
4. wtjr
5. jwrt

Since unscrambling the ciphertext as an anagram did not provide any meaningful words, I will now try decrypting it using a Caesar cipher with different shifts.

1. Shift 1: qsvi
2. Shift 2: pruh
3. Shift 3: oqtg
4. Shift 4: npsf
5. Shift 5: more

Based on the results of the Caesar cipher decryption, the most likely decrypted word is ""more"" when using a shift of 5.",1,2.0
ymfy,that,4,5,"1. myfy
2. fymy
3. fyym
4. yfmy
5. ymfy

Now, I will try decrypting the ciphertext using a Caesar cipher with different shifts.

Shift 1:
xlfx
Shift 2:
wlew
Shift 3:
vkdv
Shift 4:
ujcu
Shift 5:
tibt",0,0,"1. myfy
2. fymy
3. fyym
4. yfmy
5. ymfy

Now, I wi",0,1.0
ymfy,that,4,5,"1. myfy
2. fymy
3. fyym
4. yfmy
5. ymfy

Now, I will try decrypting the ciphertext using a Caesar cipher with different shifts.

Shift 1:
xlfx
Shift 2:
wlew
Shift 3:
vkdv
Shift 4:
ujcu
Shift 5:
tibt",0,1,"1. myfy
2. fymy
3. fyym
4. yfmy
5. ymfy

Now, I will try decrypting the ciphertext using a Caesar ci",1,1.0
ymfy,that,4,5,"1. myfy
2. fymy
3. fyym
4. yfmy
5. ymfy

Now, I will try decrypting the ciphertext using a Caesar cipher with different shifts.

Shift 1:
xlfx
Shift 2:
wlew
Shift 3:
vkdv
Shift 4:
ujcu
Shift 5:
tibt",0,2,"1. myfy
2. fymy
3. fyym
4. yfmy
5. ymfy

Now, I will try decrypting the ciphertext using a Caesar cipher with different shifts.

Shift 1:
xlfx
Shift 2",1,1.0
ymfy,that,4,5,"1. myfy
2. fymy
3. fyym
4. yfmy
5. ymfy

Now, I will try decrypting the ciphertext using a Caesar cipher with different shifts.

Shift 1:
xlfx
Shift 2:
wlew
Shift 3:
vkdv
Shift 4:
ujcu
Shift 5:
tibt",0,3,"1. myfy
2. fymy
3. fyym
4. yfmy
5. ymfy

Now, I will try decrypting the ciphertext using a Caesar cipher with different shifts.

Shift 1:
xlfx
Shift 2:
wlew
Shift 3:
vkdv
Shift 4:
ujcu
Shift 5:
tibt",1,1.0
ujfp,peak,4,5,"1. puff
2. fuji
3. jup
4. up
5. jug

Since unscrambling as an anagram didn't lead to any recognizable English words, I will now try to decrypt the ciphertext using a Caesar cipher with different shifts.

1. Shift 1: tieo
2. Shift 2: shdn
3. Shift 3: rgcm
4. Shift 4: qfbl
5. Shift 5: peak

None of these decrypted versions appear to be meaningful English words, so it's possible that the initial assumption (that the ciphertext represents a single English word) may be incorrect.",1,0,"1. puff
2. fuji
3. jup
4. up
5. jug

Since unscram",0,2.0
ujfp,peak,4,5,"1. puff
2. fuji
3. jup
4. up
5. jug

Since unscrambling as an anagram didn't lead to any recognizable English words, I will now try to decrypt the ciphertext using a Caesar cipher with different shifts.

1. Shift 1: tieo
2. Shift 2: shdn
3. Shift 3: rgcm
4. Shift 4: qfbl
5. Shift 5: peak

None of these decrypted versions appear to be meaningful English words, so it's possible that the initial assumption (that the ciphertext represents a single English word) may be incorrect.",1,1,"1. puff
2. fuji
3. jup
4. up
5. jug

Since unscrambling as an anagram didn't lead to any recognizabl",0,2.0
ujfp,peak,4,5,"1. puff
2. fuji
3. jup
4. up
5. jug

Since unscrambling as an anagram didn't lead to any recognizable English words, I will now try to decrypt the ciphertext using a Caesar cipher with different shifts.

1. Shift 1: tieo
2. Shift 2: shdn
3. Shift 3: rgcm
4. Shift 4: qfbl
5. Shift 5: peak

None of these decrypted versions appear to be meaningful English words, so it's possible that the initial assumption (that the ciphertext represents a single English word) may be incorrect.",1,2,"1. puff
2. fuji
3. jup
4. up
5. jug

Since unscrambling as an anagram didn't lead to any recognizable English words, I will now try to decrypt the cip",1,2.0
ujfp,peak,4,5,"1. puff
2. fuji
3. jup
4. up
5. jug

Since unscrambling as an anagram didn't lead to any recognizable English words, I will now try to decrypt the ciphertext using a Caesar cipher with different shifts.

1. Shift 1: tieo
2. Shift 2: shdn
3. Shift 3: rgcm
4. Shift 4: qfbl
5. Shift 5: peak

None of these decrypted versions appear to be meaningful English words, so it's possible that the initial assumption (that the ciphertext represents a single English word) may be incorrect.",1,3,"1. puff
2. fuji
3. jup
4. up
5. jug

Since unscrambling as an anagram didn't lead to any recognizable English words, I will now try to decrypt the ciphertext using a Caesar cipher with different shift",1,2.0
ujfp,peak,4,5,"1. puff
2. fuji
3. jup
4. up
5. jug

Since unscrambling as an anagram didn't lead to any recognizable English words, I will now try to decrypt the ciphertext using a Caesar cipher with different shifts.

1. Shift 1: tieo
2. Shift 2: shdn
3. Shift 3: rgcm
4. Shift 4: qfbl
5. Shift 5: peak

None of these decrypted versions appear to be meaningful English words, so it's possible that the initial assumption (that the ciphertext represents a single English word) may be incorrect.",1,4,"1. puff
2. fuji
3. jup
4. up
5. jug

Since unscrambling as an anagram didn't lead to any recognizable English words, I will now try to decrypt the ciphertext using a Caesar cipher with different shifts.

1. Shift 1: tieo
2. Shift 2: shdn
3. Shift 3: ",1,2.0
ujfp,peak,4,5,"1. puff
2. fuji
3. jup
4. up
5. jug

Since unscrambling as an anagram didn't lead to any recognizable English words, I will now try to decrypt the ciphertext using a Caesar cipher with different shifts.

1. Shift 1: tieo
2. Shift 2: shdn
3. Shift 3: rgcm
4. Shift 4: qfbl
5. Shift 5: peak

None of these decrypted versions appear to be meaningful English words, so it's possible that the initial assumption (that the ciphertext represents a single English word) may be incorrect.",1,5,"1. puff
2. fuji
3. jup
4. up
5. jug

Since unscrambling as an anagram didn't lead to any recognizable English words, I will now try to decrypt the ciphertext using a Caesar cipher with different shifts.

1. Shift 1: tieo
2. Shift 2: shdn
3. Shift 3: rgcm
4. Shift 4: qfbl
5. Shift 5: peak

None of th",1,2.0
ujfp,peak,4,5,"1. puff
2. fuji
3. jup
4. up
5. jug

Since unscrambling as an anagram didn't lead to any recognizable English words, I will now try to decrypt the ciphertext using a Caesar cipher with different shifts.

1. Shift 1: tieo
2. Shift 2: shdn
3. Shift 3: rgcm
4. Shift 4: qfbl
5. Shift 5: peak

None of these decrypted versions appear to be meaningful English words, so it's possible that the initial assumption (that the ciphertext represents a single English word) may be incorrect.",1,6,"1. puff
2. fuji
3. jup
4. up
5. jug

Since unscrambling as an anagram didn't lead to any recognizable English words, I will now try to decrypt the ciphertext using a Caesar cipher with different shifts.

1. Shift 1: tieo
2. Shift 2: shdn
3. Shift 3: rgcm
4. Shift 4: qfbl
5. Shift 5: peak

None of these decrypted versions appear to be meaningful Eng",1,2.0
ujfp,peak,4,5,"1. puff
2. fuji
3. jup
4. up
5. jug

Since unscrambling as an anagram didn't lead to any recognizable English words, I will now try to decrypt the ciphertext using a Caesar cipher with different shifts.

1. Shift 1: tieo
2. Shift 2: shdn
3. Shift 3: rgcm
4. Shift 4: qfbl
5. Shift 5: peak

None of these decrypted versions appear to be meaningful English words, so it's possible that the initial assumption (that the ciphertext represents a single English word) may be incorrect.",1,7,"1. puff
2. fuji
3. jup
4. up
5. jug

Since unscrambling as an anagram didn't lead to any recognizable English words, I will now try to decrypt the ciphertext using a Caesar cipher with different shifts.

1. Shift 1: tieo
2. Shift 2: shdn
3. Shift 3: rgcm
4. Shift 4: qfbl
5. Shift 5: peak

None of these decrypted versions appear to be meaningful English words, so it's possible that the initial assu",1,2.0
ujfp,peak,4,5,"1. puff
2. fuji
3. jup
4. up
5. jug

Since unscrambling as an anagram didn't lead to any recognizable English words, I will now try to decrypt the ciphertext using a Caesar cipher with different shifts.

1. Shift 1: tieo
2. Shift 2: shdn
3. Shift 3: rgcm
4. Shift 4: qfbl
5. Shift 5: peak

None of these decrypted versions appear to be meaningful English words, so it's possible that the initial assumption (that the ciphertext represents a single English word) may be incorrect.",1,8,"1. puff
2. fuji
3. jup
4. up
5. jug

Since unscrambling as an anagram didn't lead to any recognizable English words, I will now try to decrypt the ciphertext using a Caesar cipher with different shifts.

1. Shift 1: tieo
2. Shift 2: shdn
3. Shift 3: rgcm
4. Shift 4: qfbl
5. Shift 5: peak

None of these decrypted versions appear to be meaningful English words, so it's possible that the initial assumption (that the ciphertext represents a single En",1,2.0
ujfp,peak,4,5,"1. puff
2. fuji
3. jup
4. up
5. jug

Since unscrambling as an anagram didn't lead to any recognizable English words, I will now try to decrypt the ciphertext using a Caesar cipher with different shifts.

1. Shift 1: tieo
2. Shift 2: shdn
3. Shift 3: rgcm
4. Shift 4: qfbl
5. Shift 5: peak

None of these decrypted versions appear to be meaningful English words, so it's possible that the initial assumption (that the ciphertext represents a single English word) may be incorrect.",1,9,"1. puff
2. fuji
3. jup
4. up
5. jug

Since unscrambling as an anagram didn't lead to any recognizable English words, I will now try to decrypt the ciphertext using a Caesar cipher with different shifts.

1. Shift 1: tieo
2. Shift 2: shdn
3. Shift 3: rgcm
4. Shift 4: qfbl
5. Shift 5: peak

None of these decrypted versions appear to be meaningful English words, so it's possible that the initial assumption (that the ciphertext represents a single English word) may be incorrect.",1,2.0
wfns,rain,4,5,"1. sfwn
2. nsfw
3. fwns
4. swfn
5. nswf",0,0,"1. sfwn
2. nsfw
3. fwns
4. swfn
5. nswf",0,
gjjs,been,4,5,"1. gjjs -> jgjs
2. gjjs -> sjgj
3. gjjs -> jjgs
4. gjjs -> gjsj
5. gjjs -> jjsg

Since unscrambling as an anagram did not provide any meaningful words, I will now try decrypting it as a Caesar cipher using at least 5 different shifts.

1. Shift 1:
gjjs -> fire

2. Shift 2:
gjjs -> gidd

3. Shift 3:
gjjs -> hfkt

4. Shift 4:
gjjs -> iglu

5. Shift 5:
gjjs -> jhmv

It seems that decrypting the ciphertext with a Caesar cipher does not yield any meaningful words either. The original word might not be a simple English word, or there could be an error in the encryption process.",0,0,"1. gjjs -> jgjs
2. gjjs -> sjgj
3. gjjs -> jjgs
4.",0,3.0
gjjs,been,4,5,"1. gjjs -> jgjs
2. gjjs -> sjgj
3. gjjs -> jjgs
4. gjjs -> gjsj
5. gjjs -> jjsg

Since unscrambling as an anagram did not provide any meaningful words, I will now try decrypting it as a Caesar cipher using at least 5 different shifts.

1. Shift 1:
gjjs -> fire

2. Shift 2:
gjjs -> gidd

3. Shift 3:
gjjs -> hfkt

4. Shift 4:
gjjs -> iglu

5. Shift 5:
gjjs -> jhmv

It seems that decrypting the ciphertext with a Caesar cipher does not yield any meaningful words either. The original word might not be a simple English word, or there could be an error in the encryption process.",0,1,"1. gjjs -> jgjs
2. gjjs -> sjgj
3. gjjs -> jjgs
4. gjjs -> gjsj
5. gjjs -> jjsg

Since unscrambling ",0,3.0
gjjs,been,4,5,"1. gjjs -> jgjs
2. gjjs -> sjgj
3. gjjs -> jjgs
4. gjjs -> gjsj
5. gjjs -> jjsg

Since unscrambling as an anagram did not provide any meaningful words, I will now try decrypting it as a Caesar cipher using at least 5 different shifts.

1. Shift 1:
gjjs -> fire

2. Shift 2:
gjjs -> gidd

3. Shift 3:
gjjs -> hfkt

4. Shift 4:
gjjs -> iglu

5. Shift 5:
gjjs -> jhmv

It seems that decrypting the ciphertext with a Caesar cipher does not yield any meaningful words either. The original word might not be a simple English word, or there could be an error in the encryption process.",0,2,"1. gjjs -> jgjs
2. gjjs -> sjgj
3. gjjs -> jjgs
4. gjjs -> gjsj
5. gjjs -> jjsg

Since unscrambling as an anagram did not provide any meaningful words",0,3.0
gjjs,been,4,5,"1. gjjs -> jgjs
2. gjjs -> sjgj
3. gjjs -> jjgs
4. gjjs -> gjsj
5. gjjs -> jjsg

Since unscrambling as an anagram did not provide any meaningful words, I will now try decrypting it as a Caesar cipher using at least 5 different shifts.

1. Shift 1:
gjjs -> fire

2. Shift 2:
gjjs -> gidd

3. Shift 3:
gjjs -> hfkt

4. Shift 4:
gjjs -> iglu

5. Shift 5:
gjjs -> jhmv

It seems that decrypting the ciphertext with a Caesar cipher does not yield any meaningful words either. The original word might not be a simple English word, or there could be an error in the encryption process.",0,3,"1. gjjs -> jgjs
2. gjjs -> sjgj
3. gjjs -> jjgs
4. gjjs -> gjsj
5. gjjs -> jjsg

Since unscrambling as an anagram did not provide any meaningful words, I will now try decrypting it as a Caesar cipher ",1,3.0
gjjs,been,4,5,"1. gjjs -> jgjs
2. gjjs -> sjgj
3. gjjs -> jjgs
4. gjjs -> gjsj
5. gjjs -> jjsg

Since unscrambling as an anagram did not provide any meaningful words, I will now try decrypting it as a Caesar cipher using at least 5 different shifts.

1. Shift 1:
gjjs -> fire

2. Shift 2:
gjjs -> gidd

3. Shift 3:
gjjs -> hfkt

4. Shift 4:
gjjs -> iglu

5. Shift 5:
gjjs -> jhmv

It seems that decrypting the ciphertext with a Caesar cipher does not yield any meaningful words either. The original word might not be a simple English word, or there could be an error in the encryption process.",0,4,"1. gjjs -> jgjs
2. gjjs -> sjgj
3. gjjs -> jjgs
4. gjjs -> gjsj
5. gjjs -> jjsg

Since unscrambling as an anagram did not provide any meaningful words, I will now try decrypting it as a Caesar cipher using at least 5 different shifts.

1. Shift 1:
gj",1,3.0
gjjs,been,4,5,"1. gjjs -> jgjs
2. gjjs -> sjgj
3. gjjs -> jjgs
4. gjjs -> gjsj
5. gjjs -> jjsg

Since unscrambling as an anagram did not provide any meaningful words, I will now try decrypting it as a Caesar cipher using at least 5 different shifts.

1. Shift 1:
gjjs -> fire

2. Shift 2:
gjjs -> gidd

3. Shift 3:
gjjs -> hfkt

4. Shift 4:
gjjs -> iglu

5. Shift 5:
gjjs -> jhmv

It seems that decrypting the ciphertext with a Caesar cipher does not yield any meaningful words either. The original word might not be a simple English word, or there could be an error in the encryption process.",0,5,"1. gjjs -> jgjs
2. gjjs -> sjgj
3. gjjs -> jjgs
4. gjjs -> gjsj
5. gjjs -> jjsg

Since unscrambling as an anagram did not provide any meaningful words, I will now try decrypting it as a Caesar cipher using at least 5 different shifts.

1. Shift 1:
gjjs -> fire

2. Shift 2:
gjjs -> gidd

3. Shift 3:
",1,3.0
gjjs,been,4,5,"1. gjjs -> jgjs
2. gjjs -> sjgj
3. gjjs -> jjgs
4. gjjs -> gjsj
5. gjjs -> jjsg

Since unscrambling as an anagram did not provide any meaningful words, I will now try decrypting it as a Caesar cipher using at least 5 different shifts.

1. Shift 1:
gjjs -> fire

2. Shift 2:
gjjs -> gidd

3. Shift 3:
gjjs -> hfkt

4. Shift 4:
gjjs -> iglu

5. Shift 5:
gjjs -> jhmv

It seems that decrypting the ciphertext with a Caesar cipher does not yield any meaningful words either. The original word might not be a simple English word, or there could be an error in the encryption process.",0,6,"1. gjjs -> jgjs
2. gjjs -> sjgj
3. gjjs -> jjgs
4. gjjs -> gjsj
5. gjjs -> jjsg

Since unscrambling as an anagram did not provide any meaningful words, I will now try decrypting it as a Caesar cipher using at least 5 different shifts.

1. Shift 1:
gjjs -> fire

2. Shift 2:
gjjs -> gidd

3. Shift 3:
gjjs -> hfkt

4. Shift 4:
gjjs -> iglu

5. Shift 5",1,3.0
gjjs,been,4,5,"1. gjjs -> jgjs
2. gjjs -> sjgj
3. gjjs -> jjgs
4. gjjs -> gjsj
5. gjjs -> jjsg

Since unscrambling as an anagram did not provide any meaningful words, I will now try decrypting it as a Caesar cipher using at least 5 different shifts.

1. Shift 1:
gjjs -> fire

2. Shift 2:
gjjs -> gidd

3. Shift 3:
gjjs -> hfkt

4. Shift 4:
gjjs -> iglu

5. Shift 5:
gjjs -> jhmv

It seems that decrypting the ciphertext with a Caesar cipher does not yield any meaningful words either. The original word might not be a simple English word, or there could be an error in the encryption process.",0,7,"1. gjjs -> jgjs
2. gjjs -> sjgj
3. gjjs -> jjgs
4. gjjs -> gjsj
5. gjjs -> jjsg

Since unscrambling as an anagram did not provide any meaningful words, I will now try decrypting it as a Caesar cipher using at least 5 different shifts.

1. Shift 1:
gjjs -> fire

2. Shift 2:
gjjs -> gidd

3. Shift 3:
gjjs -> hfkt

4. Shift 4:
gjjs -> iglu

5. Shift 5:
gjjs -> jhmv

It seems that decrypting the ciphe",1,3.0
gjjs,been,4,5,"1. gjjs -> jgjs
2. gjjs -> sjgj
3. gjjs -> jjgs
4. gjjs -> gjsj
5. gjjs -> jjsg

Since unscrambling as an anagram did not provide any meaningful words, I will now try decrypting it as a Caesar cipher using at least 5 different shifts.

1. Shift 1:
gjjs -> fire

2. Shift 2:
gjjs -> gidd

3. Shift 3:
gjjs -> hfkt

4. Shift 4:
gjjs -> iglu

5. Shift 5:
gjjs -> jhmv

It seems that decrypting the ciphertext with a Caesar cipher does not yield any meaningful words either. The original word might not be a simple English word, or there could be an error in the encryption process.",0,8,"1. gjjs -> jgjs
2. gjjs -> sjgj
3. gjjs -> jjgs
4. gjjs -> gjsj
5. gjjs -> jjsg

Since unscrambling as an anagram did not provide any meaningful words, I will now try decrypting it as a Caesar cipher using at least 5 different shifts.

1. Shift 1:
gjjs -> fire

2. Shift 2:
gjjs -> gidd

3. Shift 3:
gjjs -> hfkt

4. Shift 4:
gjjs -> iglu

5. Shift 5:
gjjs -> jhmv

It seems that decrypting the ciphertext with a Caesar cipher does not yield any mean",1,3.0
gjjs,been,4,5,"1. gjjs -> jgjs
2. gjjs -> sjgj
3. gjjs -> jjgs
4. gjjs -> gjsj
5. gjjs -> jjsg

Since unscrambling as an anagram did not provide any meaningful words, I will now try decrypting it as a Caesar cipher using at least 5 different shifts.

1. Shift 1:
gjjs -> fire

2. Shift 2:
gjjs -> gidd

3. Shift 3:
gjjs -> hfkt

4. Shift 4:
gjjs -> iglu

5. Shift 5:
gjjs -> jhmv

It seems that decrypting the ciphertext with a Caesar cipher does not yield any meaningful words either. The original word might not be a simple English word, or there could be an error in the encryption process.",0,9,"1. gjjs -> jgjs
2. gjjs -> sjgj
3. gjjs -> jjgs
4. gjjs -> gjsj
5. gjjs -> jjsg

Since unscrambling as an anagram did not provide any meaningful words, I will now try decrypting it as a Caesar cipher using at least 5 different shifts.

1. Shift 1:
gjjs -> fire

2. Shift 2:
gjjs -> gidd

3. Shift 3:
gjjs -> hfkt

4. Shift 4:
gjjs -> iglu

5. Shift 5:
gjjs -> jhmv

It seems that decrypting the ciphertext with a Caesar cipher does not yield any meaningful words either. The original word might not b",1,3.0
gjjs,been,4,5,"1. gjjs -> jgjs
2. gjjs -> sjgj
3. gjjs -> jjgs
4. gjjs -> gjsj
5. gjjs -> jjsg

Since unscrambling as an anagram did not provide any meaningful words, I will now try decrypting it as a Caesar cipher using at least 5 different shifts.

1. Shift 1:
gjjs -> fire

2. Shift 2:
gjjs -> gidd

3. Shift 3:
gjjs -> hfkt

4. Shift 4:
gjjs -> iglu

5. Shift 5:
gjjs -> jhmv

It seems that decrypting the ciphertext with a Caesar cipher does not yield any meaningful words either. The original word might not be a simple English word, or there could be an error in the encryption process.",0,10,"1. gjjs -> jgjs
2. gjjs -> sjgj
3. gjjs -> jjgs
4. gjjs -> gjsj
5. gjjs -> jjsg

Since unscrambling as an anagram did not provide any meaningful words, I will now try decrypting it as a Caesar cipher using at least 5 different shifts.

1. Shift 1:
gjjs -> fire

2. Shift 2:
gjjs -> gidd

3. Shift 3:
gjjs -> hfkt

4. Shift 4:
gjjs -> iglu

5. Shift 5:
gjjs -> jhmv

It seems that decrypting the ciphertext with a Caesar cipher does not yield any meaningful words either. The original word might not be a simple English word, or there could be an erro",1,3.0
gjjs,been,4,5,"1. gjjs -> jgjs
2. gjjs -> sjgj
3. gjjs -> jjgs
4. gjjs -> gjsj
5. gjjs -> jjsg

Since unscrambling as an anagram did not provide any meaningful words, I will now try decrypting it as a Caesar cipher using at least 5 different shifts.

1. Shift 1:
gjjs -> fire

2. Shift 2:
gjjs -> gidd

3. Shift 3:
gjjs -> hfkt

4. Shift 4:
gjjs -> iglu

5. Shift 5:
gjjs -> jhmv

It seems that decrypting the ciphertext with a Caesar cipher does not yield any meaningful words either. The original word might not be a simple English word, or there could be an error in the encryption process.",0,11,"1. gjjs -> jgjs
2. gjjs -> sjgj
3. gjjs -> jjgs
4. gjjs -> gjsj
5. gjjs -> jjsg

Since unscrambling as an anagram did not provide any meaningful words, I will now try decrypting it as a Caesar cipher using at least 5 different shifts.

1. Shift 1:
gjjs -> fire

2. Shift 2:
gjjs -> gidd

3. Shift 3:
gjjs -> hfkt

4. Shift 4:
gjjs -> iglu

5. Shift 5:
gjjs -> jhmv

It seems that decrypting the ciphertext with a Caesar cipher does not yield any meaningful words either. The original word might not be a simple English word, or there could be an error in the encryption process.",1,3.0
mfaj,have,4,5,"1. jamf
2. famj
3. majf
4. afmj
5. jmaf

Since unscrambling as an anagram did not yield any recognizable English word, I will now try decrypting it using a Caesar cipher with different shifts.
Shift 1: lezi
Shift 2: kdyh
Shift 3: jcxf
Shift 4: ibwe
Shift 5: have

The word ""have"" seems to make the most sense for this ciphertext.",1,0,"1. jamf
2. famj
3. majf
4. afmj
5. jmaf

Since uns",0,1.0
mfaj,have,4,5,"1. jamf
2. famj
3. majf
4. afmj
5. jmaf

Since unscrambling as an anagram did not yield any recognizable English word, I will now try decrypting it using a Caesar cipher with different shifts.
Shift 1: lezi
Shift 2: kdyh
Shift 3: jcxf
Shift 4: ibwe
Shift 5: have

The word ""have"" seems to make the most sense for this ciphertext.",1,1,"1. jamf
2. famj
3. majf
4. afmj
5. jmaf

Since unscrambling as an anagram did not yield any recogniz",1,1.0
mfaj,have,4,5,"1. jamf
2. famj
3. majf
4. afmj
5. jmaf

Since unscrambling as an anagram did not yield any recognizable English word, I will now try decrypting it using a Caesar cipher with different shifts.
Shift 1: lezi
Shift 2: kdyh
Shift 3: jcxf
Shift 4: ibwe
Shift 5: have

The word ""have"" seems to make the most sense for this ciphertext.",1,2,"1. jamf
2. famj
3. majf
4. afmj
5. jmaf

Since unscrambling as an anagram did not yield any recognizable English word, I will now try decrypting it us",1,1.0
mfaj,have,4,5,"1. jamf
2. famj
3. majf
4. afmj
5. jmaf

Since unscrambling as an anagram did not yield any recognizable English word, I will now try decrypting it using a Caesar cipher with different shifts.
Shift 1: lezi
Shift 2: kdyh
Shift 3: jcxf
Shift 4: ibwe
Shift 5: have

The word ""have"" seems to make the most sense for this ciphertext.",1,3,"1. jamf
2. famj
3. majf
4. afmj
5. jmaf

Since unscrambling as an anagram did not yield any recognizable English word, I will now try decrypting it using a Caesar cipher with different shifts.
Shift 1",1,1.0
mfaj,have,4,5,"1. jamf
2. famj
3. majf
4. afmj
5. jmaf

Since unscrambling as an anagram did not yield any recognizable English word, I will now try decrypting it using a Caesar cipher with different shifts.
Shift 1: lezi
Shift 2: kdyh
Shift 3: jcxf
Shift 4: ibwe
Shift 5: have

The word ""have"" seems to make the most sense for this ciphertext.",1,4,"1. jamf
2. famj
3. majf
4. afmj
5. jmaf

Since unscrambling as an anagram did not yield any recognizable English word, I will now try decrypting it using a Caesar cipher with different shifts.
Shift 1: lezi
Shift 2: kdyh
Shift 3: jcxf
Shift 4: ibwe
S",1,1.0
mfaj,have,4,5,"1. jamf
2. famj
3. majf
4. afmj
5. jmaf

Since unscrambling as an anagram did not yield any recognizable English word, I will now try decrypting it using a Caesar cipher with different shifts.
Shift 1: lezi
Shift 2: kdyh
Shift 3: jcxf
Shift 4: ibwe
Shift 5: have

The word ""have"" seems to make the most sense for this ciphertext.",1,5,"1. jamf
2. famj
3. majf
4. afmj
5. jmaf

Since unscrambling as an anagram did not yield any recognizable English word, I will now try decrypting it using a Caesar cipher with different shifts.
Shift 1: lezi
Shift 2: kdyh
Shift 3: jcxf
Shift 4: ibwe
Shift 5: have

The word ""have"" seems to make the mo",1,1.0
mfaj,have,4,5,"1. jamf
2. famj
3. majf
4. afmj
5. jmaf

Since unscrambling as an anagram did not yield any recognizable English word, I will now try decrypting it using a Caesar cipher with different shifts.
Shift 1: lezi
Shift 2: kdyh
Shift 3: jcxf
Shift 4: ibwe
Shift 5: have

The word ""have"" seems to make the most sense for this ciphertext.",1,6,"1. jamf
2. famj
3. majf
4. afmj
5. jmaf

Since unscrambling as an anagram did not yield any recognizable English word, I will now try decrypting it using a Caesar cipher with different shifts.
Shift 1: lezi
Shift 2: kdyh
Shift 3: jcxf
Shift 4: ibwe
Shift 5: have

The word ""have"" seems to make the most sense for this ciphertext.",1,1.0
djfw,year,4,5,"1. djfw -> jwdf
2. djfw -> wjfd
3. djfw -> fjdw
4. djfw -> fjd
5. djfw -> wdjf

Since unscrambling as an anagram did not reveal any English word, I will now try to decrypt it using a Caesar cipher with different shifts.

1. Shift = 1
Ciphertext: djfw
Plaintext: ciev

2. Shift = 2
Ciphertext: djfw
Plaintext: bhdu

3. Shift = 3
Ciphertext: djfw
Plaintext: agct

4. Shift = 4
Ciphertext: djfw
Plaintext: zfbv

5. Shift = 5
Ciphertext: djfw
Plaintext: yaeu

It appears that the word ""djfw"" does not decrypt to any meaningful English word using a Caesar cipher with shifts 1-5.",0,0,"1. djfw -> jwdf
2. djfw -> wjfd
3. djfw -> fjdw
4.",0,3.0
djfw,year,4,5,"1. djfw -> jwdf
2. djfw -> wjfd
3. djfw -> fjdw
4. djfw -> fjd
5. djfw -> wdjf

Since unscrambling as an anagram did not reveal any English word, I will now try to decrypt it using a Caesar cipher with different shifts.

1. Shift = 1
Ciphertext: djfw
Plaintext: ciev

2. Shift = 2
Ciphertext: djfw
Plaintext: bhdu

3. Shift = 3
Ciphertext: djfw
Plaintext: agct

4. Shift = 4
Ciphertext: djfw
Plaintext: zfbv

5. Shift = 5
Ciphertext: djfw
Plaintext: yaeu

It appears that the word ""djfw"" does not decrypt to any meaningful English word using a Caesar cipher with shifts 1-5.",0,1,"1. djfw -> jwdf
2. djfw -> wjfd
3. djfw -> fjdw
4. djfw -> fjd
5. djfw -> wdjf

Since unscrambling a",0,3.0
djfw,year,4,5,"1. djfw -> jwdf
2. djfw -> wjfd
3. djfw -> fjdw
4. djfw -> fjd
5. djfw -> wdjf

Since unscrambling as an anagram did not reveal any English word, I will now try to decrypt it using a Caesar cipher with different shifts.

1. Shift = 1
Ciphertext: djfw
Plaintext: ciev

2. Shift = 2
Ciphertext: djfw
Plaintext: bhdu

3. Shift = 3
Ciphertext: djfw
Plaintext: agct

4. Shift = 4
Ciphertext: djfw
Plaintext: zfbv

5. Shift = 5
Ciphertext: djfw
Plaintext: yaeu

It appears that the word ""djfw"" does not decrypt to any meaningful English word using a Caesar cipher with shifts 1-5.",0,2,"1. djfw -> jwdf
2. djfw -> wjfd
3. djfw -> fjdw
4. djfw -> fjd
5. djfw -> wdjf

Since unscrambling as an anagram did not reveal any English word, I wi",0,3.0
djfw,year,4,5,"1. djfw -> jwdf
2. djfw -> wjfd
3. djfw -> fjdw
4. djfw -> fjd
5. djfw -> wdjf

Since unscrambling as an anagram did not reveal any English word, I will now try to decrypt it using a Caesar cipher with different shifts.

1. Shift = 1
Ciphertext: djfw
Plaintext: ciev

2. Shift = 2
Ciphertext: djfw
Plaintext: bhdu

3. Shift = 3
Ciphertext: djfw
Plaintext: agct

4. Shift = 4
Ciphertext: djfw
Plaintext: zfbv

5. Shift = 5
Ciphertext: djfw
Plaintext: yaeu

It appears that the word ""djfw"" does not decrypt to any meaningful English word using a Caesar cipher with shifts 1-5.",0,3,"1. djfw -> jwdf
2. djfw -> wjfd
3. djfw -> fjdw
4. djfw -> fjd
5. djfw -> wdjf

Since unscrambling as an anagram did not reveal any English word, I will now try to decrypt it using a Caesar cipher wit",1,3.0
djfw,year,4,5,"1. djfw -> jwdf
2. djfw -> wjfd
3. djfw -> fjdw
4. djfw -> fjd
5. djfw -> wdjf

Since unscrambling as an anagram did not reveal any English word, I will now try to decrypt it using a Caesar cipher with different shifts.

1. Shift = 1
Ciphertext: djfw
Plaintext: ciev

2. Shift = 2
Ciphertext: djfw
Plaintext: bhdu

3. Shift = 3
Ciphertext: djfw
Plaintext: agct

4. Shift = 4
Ciphertext: djfw
Plaintext: zfbv

5. Shift = 5
Ciphertext: djfw
Plaintext: yaeu

It appears that the word ""djfw"" does not decrypt to any meaningful English word using a Caesar cipher with shifts 1-5.",0,4,"1. djfw -> jwdf
2. djfw -> wjfd
3. djfw -> fjdw
4. djfw -> fjd
5. djfw -> wdjf

Since unscrambling as an anagram did not reveal any English word, I will now try to decrypt it using a Caesar cipher with different shifts.

1. Shift = 1
Ciphertext: djfw",1,3.0
djfw,year,4,5,"1. djfw -> jwdf
2. djfw -> wjfd
3. djfw -> fjdw
4. djfw -> fjd
5. djfw -> wdjf

Since unscrambling as an anagram did not reveal any English word, I will now try to decrypt it using a Caesar cipher with different shifts.

1. Shift = 1
Ciphertext: djfw
Plaintext: ciev

2. Shift = 2
Ciphertext: djfw
Plaintext: bhdu

3. Shift = 3
Ciphertext: djfw
Plaintext: agct

4. Shift = 4
Ciphertext: djfw
Plaintext: zfbv

5. Shift = 5
Ciphertext: djfw
Plaintext: yaeu

It appears that the word ""djfw"" does not decrypt to any meaningful English word using a Caesar cipher with shifts 1-5.",0,5,"1. djfw -> jwdf
2. djfw -> wjfd
3. djfw -> fjdw
4. djfw -> fjd
5. djfw -> wdjf

Since unscrambling as an anagram did not reveal any English word, I will now try to decrypt it using a Caesar cipher with different shifts.

1. Shift = 1
Ciphertext: djfw
Plaintext: ciev

2. Shift = 2
Ciphertext: djfw
Pl",1,3.0
djfw,year,4,5,"1. djfw -> jwdf
2. djfw -> wjfd
3. djfw -> fjdw
4. djfw -> fjd
5. djfw -> wdjf

Since unscrambling as an anagram did not reveal any English word, I will now try to decrypt it using a Caesar cipher with different shifts.

1. Shift = 1
Ciphertext: djfw
Plaintext: ciev

2. Shift = 2
Ciphertext: djfw
Plaintext: bhdu

3. Shift = 3
Ciphertext: djfw
Plaintext: agct

4. Shift = 4
Ciphertext: djfw
Plaintext: zfbv

5. Shift = 5
Ciphertext: djfw
Plaintext: yaeu

It appears that the word ""djfw"" does not decrypt to any meaningful English word using a Caesar cipher with shifts 1-5.",0,6,"1. djfw -> jwdf
2. djfw -> wjfd
3. djfw -> fjdw
4. djfw -> fjd
5. djfw -> wdjf

Since unscrambling as an anagram did not reveal any English word, I will now try to decrypt it using a Caesar cipher with different shifts.

1. Shift = 1
Ciphertext: djfw
Plaintext: ciev

2. Shift = 2
Ciphertext: djfw
Plaintext: bhdu

3. Shift = 3
Ciphertext: djfw
Plain",1,3.0
djfw,year,4,5,"1. djfw -> jwdf
2. djfw -> wjfd
3. djfw -> fjdw
4. djfw -> fjd
5. djfw -> wdjf

Since unscrambling as an anagram did not reveal any English word, I will now try to decrypt it using a Caesar cipher with different shifts.

1. Shift = 1
Ciphertext: djfw
Plaintext: ciev

2. Shift = 2
Ciphertext: djfw
Plaintext: bhdu

3. Shift = 3
Ciphertext: djfw
Plaintext: agct

4. Shift = 4
Ciphertext: djfw
Plaintext: zfbv

5. Shift = 5
Ciphertext: djfw
Plaintext: yaeu

It appears that the word ""djfw"" does not decrypt to any meaningful English word using a Caesar cipher with shifts 1-5.",0,7,"1. djfw -> jwdf
2. djfw -> wjfd
3. djfw -> fjdw
4. djfw -> fjd
5. djfw -> wdjf

Since unscrambling as an anagram did not reveal any English word, I will now try to decrypt it using a Caesar cipher with different shifts.

1. Shift = 1
Ciphertext: djfw
Plaintext: ciev

2. Shift = 2
Ciphertext: djfw
Plaintext: bhdu

3. Shift = 3
Ciphertext: djfw
Plaintext: agct

4. Shift = 4
Ciphertext: djfw
Plaintex",1,3.0
djfw,year,4,5,"1. djfw -> jwdf
2. djfw -> wjfd
3. djfw -> fjdw
4. djfw -> fjd
5. djfw -> wdjf

Since unscrambling as an anagram did not reveal any English word, I will now try to decrypt it using a Caesar cipher with different shifts.

1. Shift = 1
Ciphertext: djfw
Plaintext: ciev

2. Shift = 2
Ciphertext: djfw
Plaintext: bhdu

3. Shift = 3
Ciphertext: djfw
Plaintext: agct

4. Shift = 4
Ciphertext: djfw
Plaintext: zfbv

5. Shift = 5
Ciphertext: djfw
Plaintext: yaeu

It appears that the word ""djfw"" does not decrypt to any meaningful English word using a Caesar cipher with shifts 1-5.",0,8,"1. djfw -> jwdf
2. djfw -> wjfd
3. djfw -> fjdw
4. djfw -> fjd
5. djfw -> wdjf

Since unscrambling as an anagram did not reveal any English word, I will now try to decrypt it using a Caesar cipher with different shifts.

1. Shift = 1
Ciphertext: djfw
Plaintext: ciev

2. Shift = 2
Ciphertext: djfw
Plaintext: bhdu

3. Shift = 3
Ciphertext: djfw
Plaintext: agct

4. Shift = 4
Ciphertext: djfw
Plaintext: zfbv

5. Shift = 5
Ciphertext: djfw
Plaintext: ",1,3.0
djfw,year,4,5,"1. djfw -> jwdf
2. djfw -> wjfd
3. djfw -> fjdw
4. djfw -> fjd
5. djfw -> wdjf

Since unscrambling as an anagram did not reveal any English word, I will now try to decrypt it using a Caesar cipher with different shifts.

1. Shift = 1
Ciphertext: djfw
Plaintext: ciev

2. Shift = 2
Ciphertext: djfw
Plaintext: bhdu

3. Shift = 3
Ciphertext: djfw
Plaintext: agct

4. Shift = 4
Ciphertext: djfw
Plaintext: zfbv

5. Shift = 5
Ciphertext: djfw
Plaintext: yaeu

It appears that the word ""djfw"" does not decrypt to any meaningful English word using a Caesar cipher with shifts 1-5.",0,9,"1. djfw -> jwdf
2. djfw -> wjfd
3. djfw -> fjdw
4. djfw -> fjd
5. djfw -> wdjf

Since unscrambling as an anagram did not reveal any English word, I will now try to decrypt it using a Caesar cipher with different shifts.

1. Shift = 1
Ciphertext: djfw
Plaintext: ciev

2. Shift = 2
Ciphertext: djfw
Plaintext: bhdu

3. Shift = 3
Ciphertext: djfw
Plaintext: agct

4. Shift = 4
Ciphertext: djfw
Plaintext: zfbv

5. Shift = 5
Ciphertext: djfw
Plaintext: yaeu

It appears that the word ""djfw"" does not dec",1,3.0
djfw,year,4,5,"1. djfw -> jwdf
2. djfw -> wjfd
3. djfw -> fjdw
4. djfw -> fjd
5. djfw -> wdjf

Since unscrambling as an anagram did not reveal any English word, I will now try to decrypt it using a Caesar cipher with different shifts.

1. Shift = 1
Ciphertext: djfw
Plaintext: ciev

2. Shift = 2
Ciphertext: djfw
Plaintext: bhdu

3. Shift = 3
Ciphertext: djfw
Plaintext: agct

4. Shift = 4
Ciphertext: djfw
Plaintext: zfbv

5. Shift = 5
Ciphertext: djfw
Plaintext: yaeu

It appears that the word ""djfw"" does not decrypt to any meaningful English word using a Caesar cipher with shifts 1-5.",0,10,"1. djfw -> jwdf
2. djfw -> wjfd
3. djfw -> fjdw
4. djfw -> fjd
5. djfw -> wdjf

Since unscrambling as an anagram did not reveal any English word, I will now try to decrypt it using a Caesar cipher with different shifts.

1. Shift = 1
Ciphertext: djfw
Plaintext: ciev

2. Shift = 2
Ciphertext: djfw
Plaintext: bhdu

3. Shift = 3
Ciphertext: djfw
Plaintext: agct

4. Shift = 4
Ciphertext: djfw
Plaintext: zfbv

5. Shift = 5
Ciphertext: djfw
Plaintext: yaeu

It appears that the word ""djfw"" does not decrypt to any meaningful English word using a Caesar",1,3.0
djfw,year,4,5,"1. djfw -> jwdf
2. djfw -> wjfd
3. djfw -> fjdw
4. djfw -> fjd
5. djfw -> wdjf

Since unscrambling as an anagram did not reveal any English word, I will now try to decrypt it using a Caesar cipher with different shifts.

1. Shift = 1
Ciphertext: djfw
Plaintext: ciev

2. Shift = 2
Ciphertext: djfw
Plaintext: bhdu

3. Shift = 3
Ciphertext: djfw
Plaintext: agct

4. Shift = 4
Ciphertext: djfw
Plaintext: zfbv

5. Shift = 5
Ciphertext: djfw
Plaintext: yaeu

It appears that the word ""djfw"" does not decrypt to any meaningful English word using a Caesar cipher with shifts 1-5.",0,11,"1. djfw -> jwdf
2. djfw -> wjfd
3. djfw -> fjdw
4. djfw -> fjd
5. djfw -> wdjf

Since unscrambling as an anagram did not reveal any English word, I will now try to decrypt it using a Caesar cipher with different shifts.

1. Shift = 1
Ciphertext: djfw
Plaintext: ciev

2. Shift = 2
Ciphertext: djfw
Plaintext: bhdu

3. Shift = 3
Ciphertext: djfw
Plaintext: agct

4. Shift = 4
Ciphertext: djfw
Plaintext: zfbv

5. Shift = 5
Ciphertext: djfw
Plaintext: yaeu

It appears that the word ""djfw"" does not decrypt to any meaningful English word using a Caesar cipher with shifts 1-5.",1,3.0
mjqu,help,4,5,"1. jump
2. quilt
3. jumq
4. mujq
5. mjuq

Now, I will try to decrypt the ciphertext assuming it's a Caesar cipher and try at least 5 different shifts:

1. lipt
2. kpos
3. lprt
4. lspt
5. kspt",0,0,"1. jump
2. quilt
3. jumq
4. mujq
5. mjuq

Now, I w",0,1.0
mjqu,help,4,5,"1. jump
2. quilt
3. jumq
4. mujq
5. mjuq

Now, I will try to decrypt the ciphertext assuming it's a Caesar cipher and try at least 5 different shifts:

1. lipt
2. kpos
3. lprt
4. lspt
5. kspt",0,1,"1. jump
2. quilt
3. jumq
4. mujq
5. mjuq

Now, I will try to decrypt the ciphertext assuming it's a ",1,1.0
mjqu,help,4,5,"1. jump
2. quilt
3. jumq
4. mujq
5. mjuq

Now, I will try to decrypt the ciphertext assuming it's a Caesar cipher and try at least 5 different shifts:

1. lipt
2. kpos
3. lprt
4. lspt
5. kspt",0,2,"1. jump
2. quilt
3. jumq
4. mujq
5. mjuq

Now, I will try to decrypt the ciphertext assuming it's a Caesar cipher and try at least 5 different shifts:",1,1.0
mjqu,help,4,5,"1. jump
2. quilt
3. jumq
4. mujq
5. mjuq

Now, I will try to decrypt the ciphertext assuming it's a Caesar cipher and try at least 5 different shifts:

1. lipt
2. kpos
3. lprt
4. lspt
5. kspt",0,3,"1. jump
2. quilt
3. jumq
4. mujq
5. mjuq

Now, I will try to decrypt the ciphertext assuming it's a Caesar cipher and try at least 5 different shifts:

1. lipt
2. kpos
3. lprt
4. lspt
5. kspt",1,1.0
mfaj,have,4,5,"1. jamf
2. famj
3. mafj
4. ajmf
5. fjam

Since unscrambling as an anagram didn't yield any meaningful English word, I will try decrypting it using a Caesar cipher with shifts of 1, 2, 3, 4, and 5 next.

1. Shift 1: lezi
2. Shift 2: kdzh
3. Shift 3: jcyg
4. Shift 4: ibxf
5. Shift 5: hawe

None of the decryptions using the Caesar cipher resulted in a meaningful English word either. The original word for the ciphertext ""mfaj"" remains unknown.",0,0,"1. jamf
2. famj
3. mafj
4. ajmf
5. fjam

Since uns",0,1.0
mfaj,have,4,5,"1. jamf
2. famj
3. mafj
4. ajmf
5. fjam

Since unscrambling as an anagram didn't yield any meaningful English word, I will try decrypting it using a Caesar cipher with shifts of 1, 2, 3, 4, and 5 next.

1. Shift 1: lezi
2. Shift 2: kdzh
3. Shift 3: jcyg
4. Shift 4: ibxf
5. Shift 5: hawe

None of the decryptions using the Caesar cipher resulted in a meaningful English word either. The original word for the ciphertext ""mfaj"" remains unknown.",0,1,"1. jamf
2. famj
3. mafj
4. ajmf
5. fjam

Since unscrambling as an anagram didn't yield any meaningfu",1,1.0
mfaj,have,4,5,"1. jamf
2. famj
3. mafj
4. ajmf
5. fjam

Since unscrambling as an anagram didn't yield any meaningful English word, I will try decrypting it using a Caesar cipher with shifts of 1, 2, 3, 4, and 5 next.

1. Shift 1: lezi
2. Shift 2: kdzh
3. Shift 3: jcyg
4. Shift 4: ibxf
5. Shift 5: hawe

None of the decryptions using the Caesar cipher resulted in a meaningful English word either. The original word for the ciphertext ""mfaj"" remains unknown.",0,2,"1. jamf
2. famj
3. mafj
4. ajmf
5. fjam

Since unscrambling as an anagram didn't yield any meaningful English word, I will try decrypting it using a C",1,1.0
mfaj,have,4,5,"1. jamf
2. famj
3. mafj
4. ajmf
5. fjam

Since unscrambling as an anagram didn't yield any meaningful English word, I will try decrypting it using a Caesar cipher with shifts of 1, 2, 3, 4, and 5 next.

1. Shift 1: lezi
2. Shift 2: kdzh
3. Shift 3: jcyg
4. Shift 4: ibxf
5. Shift 5: hawe

None of the decryptions using the Caesar cipher resulted in a meaningful English word either. The original word for the ciphertext ""mfaj"" remains unknown.",0,3,"1. jamf
2. famj
3. mafj
4. ajmf
5. fjam

Since unscrambling as an anagram didn't yield any meaningful English word, I will try decrypting it using a Caesar cipher with shifts of 1, 2, 3, 4, and 5 next",1,1.0
mfaj,have,4,5,"1. jamf
2. famj
3. mafj
4. ajmf
5. fjam

Since unscrambling as an anagram didn't yield any meaningful English word, I will try decrypting it using a Caesar cipher with shifts of 1, 2, 3, 4, and 5 next.

1. Shift 1: lezi
2. Shift 2: kdzh
3. Shift 3: jcyg
4. Shift 4: ibxf
5. Shift 5: hawe

None of the decryptions using the Caesar cipher resulted in a meaningful English word either. The original word for the ciphertext ""mfaj"" remains unknown.",0,4,"1. jamf
2. famj
3. mafj
4. ajmf
5. fjam

Since unscrambling as an anagram didn't yield any meaningful English word, I will try decrypting it using a Caesar cipher with shifts of 1, 2, 3, 4, and 5 next.

1. Shift 1: lezi
2. Shift 2: kdzh
3. Shift 3: j",1,1.0
mfaj,have,4,5,"1. jamf
2. famj
3. mafj
4. ajmf
5. fjam

Since unscrambling as an anagram didn't yield any meaningful English word, I will try decrypting it using a Caesar cipher with shifts of 1, 2, 3, 4, and 5 next.

1. Shift 1: lezi
2. Shift 2: kdzh
3. Shift 3: jcyg
4. Shift 4: ibxf
5. Shift 5: hawe

None of the decryptions using the Caesar cipher resulted in a meaningful English word either. The original word for the ciphertext ""mfaj"" remains unknown.",0,5,"1. jamf
2. famj
3. mafj
4. ajmf
5. fjam

Since unscrambling as an anagram didn't yield any meaningful English word, I will try decrypting it using a Caesar cipher with shifts of 1, 2, 3, 4, and 5 next.

1. Shift 1: lezi
2. Shift 2: kdzh
3. Shift 3: jcyg
4. Shift 4: ibxf
5. Shift 5: hawe

None of the",1,1.0
mfaj,have,4,5,"1. jamf
2. famj
3. mafj
4. ajmf
5. fjam

Since unscrambling as an anagram didn't yield any meaningful English word, I will try decrypting it using a Caesar cipher with shifts of 1, 2, 3, 4, and 5 next.

1. Shift 1: lezi
2. Shift 2: kdzh
3. Shift 3: jcyg
4. Shift 4: ibxf
5. Shift 5: hawe

None of the decryptions using the Caesar cipher resulted in a meaningful English word either. The original word for the ciphertext ""mfaj"" remains unknown.",0,6,"1. jamf
2. famj
3. mafj
4. ajmf
5. fjam

Since unscrambling as an anagram didn't yield any meaningful English word, I will try decrypting it using a Caesar cipher with shifts of 1, 2, 3, 4, and 5 next.

1. Shift 1: lezi
2. Shift 2: kdzh
3. Shift 3: jcyg
4. Shift 4: ibxf
5. Shift 5: hawe

None of the decryptions using the Caesar cipher resulted in a",1,1.0
mfaj,have,4,5,"1. jamf
2. famj
3. mafj
4. ajmf
5. fjam

Since unscrambling as an anagram didn't yield any meaningful English word, I will try decrypting it using a Caesar cipher with shifts of 1, 2, 3, 4, and 5 next.

1. Shift 1: lezi
2. Shift 2: kdzh
3. Shift 3: jcyg
4. Shift 4: ibxf
5. Shift 5: hawe

None of the decryptions using the Caesar cipher resulted in a meaningful English word either. The original word for the ciphertext ""mfaj"" remains unknown.",0,7,"1. jamf
2. famj
3. mafj
4. ajmf
5. fjam

Since unscrambling as an anagram didn't yield any meaningful English word, I will try decrypting it using a Caesar cipher with shifts of 1, 2, 3, 4, and 5 next.

1. Shift 1: lezi
2. Shift 2: kdzh
3. Shift 3: jcyg
4. Shift 4: ibxf
5. Shift 5: hawe

None of the decryptions using the Caesar cipher resulted in a meaningful English word either. The original word",1,1.0
mfaj,have,4,5,"1. jamf
2. famj
3. mafj
4. ajmf
5. fjam

Since unscrambling as an anagram didn't yield any meaningful English word, I will try decrypting it using a Caesar cipher with shifts of 1, 2, 3, 4, and 5 next.

1. Shift 1: lezi
2. Shift 2: kdzh
3. Shift 3: jcyg
4. Shift 4: ibxf
5. Shift 5: hawe

None of the decryptions using the Caesar cipher resulted in a meaningful English word either. The original word for the ciphertext ""mfaj"" remains unknown.",0,8,"1. jamf
2. famj
3. mafj
4. ajmf
5. fjam

Since unscrambling as an anagram didn't yield any meaningful English word, I will try decrypting it using a Caesar cipher with shifts of 1, 2, 3, 4, and 5 next.

1. Shift 1: lezi
2. Shift 2: kdzh
3. Shift 3: jcyg
4. Shift 4: ibxf
5. Shift 5: hawe

None of the decryptions using the Caesar cipher resulted in a meaningful English word either. The original word for the ciphertext ""mfaj"" remains unknown.",1,1.0
usjft,tries,5,1,"1. Justf
2. Tujsf
3. Fjust
4. Stufj
5. Ftsuj

Since unscrambling as an anagram did not reveal any clear English word, I will now try to decrypt it as a Caesar cipher with different shifts.
1. Shift 1: tries
2. Shift 2: qhder
3. Shift 3: pgcdq
4. Shift 4: ofbcp
5. Shift 5: neabo

None of the shifts produced a clear English word, so the original word remains unidentified.",1,0,"1. Justf
2. Tujsf
3. Fjust
4. Stufj
5. Ftsuj

Sinc",0,1.0
usjft,tries,5,1,"1. Justf
2. Tujsf
3. Fjust
4. Stufj
5. Ftsuj

Since unscrambling as an anagram did not reveal any clear English word, I will now try to decrypt it as a Caesar cipher with different shifts.
1. Shift 1: tries
2. Shift 2: qhder
3. Shift 3: pgcdq
4. Shift 4: ofbcp
5. Shift 5: neabo

None of the shifts produced a clear English word, so the original word remains unidentified.",1,1,"1. Justf
2. Tujsf
3. Fjust
4. Stufj
5. Ftsuj

Since unscrambling as an anagram did not reveal any cl",1,1.0
usjft,tries,5,1,"1. Justf
2. Tujsf
3. Fjust
4. Stufj
5. Ftsuj

Since unscrambling as an anagram did not reveal any clear English word, I will now try to decrypt it as a Caesar cipher with different shifts.
1. Shift 1: tries
2. Shift 2: qhder
3. Shift 3: pgcdq
4. Shift 4: ofbcp
5. Shift 5: neabo

None of the shifts produced a clear English word, so the original word remains unidentified.",1,2,"1. Justf
2. Tujsf
3. Fjust
4. Stufj
5. Ftsuj

Since unscrambling as an anagram did not reveal any clear English word, I will now try to decrypt it as ",1,1.0
usjft,tries,5,1,"1. Justf
2. Tujsf
3. Fjust
4. Stufj
5. Ftsuj

Since unscrambling as an anagram did not reveal any clear English word, I will now try to decrypt it as a Caesar cipher with different shifts.
1. Shift 1: tries
2. Shift 2: qhder
3. Shift 3: pgcdq
4. Shift 4: ofbcp
5. Shift 5: neabo

None of the shifts produced a clear English word, so the original word remains unidentified.",1,3,"1. Justf
2. Tujsf
3. Fjust
4. Stufj
5. Ftsuj

Since unscrambling as an anagram did not reveal any clear English word, I will now try to decrypt it as a Caesar cipher with different shifts.
1. Shift 1:",1,1.0
usjft,tries,5,1,"1. Justf
2. Tujsf
3. Fjust
4. Stufj
5. Ftsuj

Since unscrambling as an anagram did not reveal any clear English word, I will now try to decrypt it as a Caesar cipher with different shifts.
1. Shift 1: tries
2. Shift 2: qhder
3. Shift 3: pgcdq
4. Shift 4: ofbcp
5. Shift 5: neabo

None of the shifts produced a clear English word, so the original word remains unidentified.",1,4,"1. Justf
2. Tujsf
3. Fjust
4. Stufj
5. Ftsuj

Since unscrambling as an anagram did not reveal any clear English word, I will now try to decrypt it as a Caesar cipher with different shifts.
1. Shift 1: tries
2. Shift 2: qhder
3. Shift 3: pgcdq
4. Shif",1,1.0
usjft,tries,5,1,"1. Justf
2. Tujsf
3. Fjust
4. Stufj
5. Ftsuj

Since unscrambling as an anagram did not reveal any clear English word, I will now try to decrypt it as a Caesar cipher with different shifts.
1. Shift 1: tries
2. Shift 2: qhder
3. Shift 3: pgcdq
4. Shift 4: ofbcp
5. Shift 5: neabo

None of the shifts produced a clear English word, so the original word remains unidentified.",1,5,"1. Justf
2. Tujsf
3. Fjust
4. Stufj
5. Ftsuj

Since unscrambling as an anagram did not reveal any clear English word, I will now try to decrypt it as a Caesar cipher with different shifts.
1. Shift 1: tries
2. Shift 2: qhder
3. Shift 3: pgcdq
4. Shift 4: ofbcp
5. Shift 5: neabo

None of the shifts p",1,1.0
usjft,tries,5,1,"1. Justf
2. Tujsf
3. Fjust
4. Stufj
5. Ftsuj

Since unscrambling as an anagram did not reveal any clear English word, I will now try to decrypt it as a Caesar cipher with different shifts.
1. Shift 1: tries
2. Shift 2: qhder
3. Shift 3: pgcdq
4. Shift 4: ofbcp
5. Shift 5: neabo

None of the shifts produced a clear English word, so the original word remains unidentified.",1,6,"1. Justf
2. Tujsf
3. Fjust
4. Stufj
5. Ftsuj

Since unscrambling as an anagram did not reveal any clear English word, I will now try to decrypt it as a Caesar cipher with different shifts.
1. Shift 1: tries
2. Shift 2: qhder
3. Shift 3: pgcdq
4. Shift 4: ofbcp
5. Shift 5: neabo

None of the shifts produced a clear English word, so the original word",1,1.0
usjft,tries,5,1,"1. Justf
2. Tujsf
3. Fjust
4. Stufj
5. Ftsuj

Since unscrambling as an anagram did not reveal any clear English word, I will now try to decrypt it as a Caesar cipher with different shifts.
1. Shift 1: tries
2. Shift 2: qhder
3. Shift 3: pgcdq
4. Shift 4: ofbcp
5. Shift 5: neabo

None of the shifts produced a clear English word, so the original word remains unidentified.",1,7,"1. Justf
2. Tujsf
3. Fjust
4. Stufj
5. Ftsuj

Since unscrambling as an anagram did not reveal any clear English word, I will now try to decrypt it as a Caesar cipher with different shifts.
1. Shift 1: tries
2. Shift 2: qhder
3. Shift 3: pgcdq
4. Shift 4: ofbcp
5. Shift 5: neabo

None of the shifts produced a clear English word, so the original word remains unidentified.",1,1.0
sbejp,radio,5,1,"1. jbesp
2. bjesp
3. psebj
4. epsbj
5. bpjes

Since unscrambling as an anagram did not yield any recognizable English words, I will now try assuming it's a Caesar cipher and decrypt using at least 5 different shifts. 

Shift 1:
radow
Shift 2:
qzcnv
Shift 3:
pybmu
Shift 4:
oxalt
Shift 5:
nwzks

None of the decrypted texts from the Caesar cipher shifts make sense as single English words, so the original word remains unknown based on the given information.",0,0,"1. jbesp
2. bjesp
3. psebj
4. epsbj
5. bpjes

Sinc",0,1.0
sbejp,radio,5,1,"1. jbesp
2. bjesp
3. psebj
4. epsbj
5. bpjes

Since unscrambling as an anagram did not yield any recognizable English words, I will now try assuming it's a Caesar cipher and decrypt using at least 5 different shifts. 

Shift 1:
radow
Shift 2:
qzcnv
Shift 3:
pybmu
Shift 4:
oxalt
Shift 5:
nwzks

None of the decrypted texts from the Caesar cipher shifts make sense as single English words, so the original word remains unknown based on the given information.",0,1,"1. jbesp
2. bjesp
3. psebj
4. epsbj
5. bpjes

Since unscrambling as an anagram did not yield any rec",1,1.0
sbejp,radio,5,1,"1. jbesp
2. bjesp
3. psebj
4. epsbj
5. bpjes

Since unscrambling as an anagram did not yield any recognizable English words, I will now try assuming it's a Caesar cipher and decrypt using at least 5 different shifts. 

Shift 1:
radow
Shift 2:
qzcnv
Shift 3:
pybmu
Shift 4:
oxalt
Shift 5:
nwzks

None of the decrypted texts from the Caesar cipher shifts make sense as single English words, so the original word remains unknown based on the given information.",0,2,"1. jbesp
2. bjesp
3. psebj
4. epsbj
5. bpjes

Since unscrambling as an anagram did not yield any recognizable English words, I will now try assuming i",1,1.0
sbejp,radio,5,1,"1. jbesp
2. bjesp
3. psebj
4. epsbj
5. bpjes

Since unscrambling as an anagram did not yield any recognizable English words, I will now try assuming it's a Caesar cipher and decrypt using at least 5 different shifts. 

Shift 1:
radow
Shift 2:
qzcnv
Shift 3:
pybmu
Shift 4:
oxalt
Shift 5:
nwzks

None of the decrypted texts from the Caesar cipher shifts make sense as single English words, so the original word remains unknown based on the given information.",0,3,"1. jbesp
2. bjesp
3. psebj
4. epsbj
5. bpjes

Since unscrambling as an anagram did not yield any recognizable English words, I will now try assuming it's a Caesar cipher and decrypt using at least 5 d",1,1.0
sbejp,radio,5,1,"1. jbesp
2. bjesp
3. psebj
4. epsbj
5. bpjes

Since unscrambling as an anagram did not yield any recognizable English words, I will now try assuming it's a Caesar cipher and decrypt using at least 5 different shifts. 

Shift 1:
radow
Shift 2:
qzcnv
Shift 3:
pybmu
Shift 4:
oxalt
Shift 5:
nwzks

None of the decrypted texts from the Caesar cipher shifts make sense as single English words, so the original word remains unknown based on the given information.",0,4,"1. jbesp
2. bjesp
3. psebj
4. epsbj
5. bpjes

Since unscrambling as an anagram did not yield any recognizable English words, I will now try assuming it's a Caesar cipher and decrypt using at least 5 different shifts. 

Shift 1:
radow
Shift 2:
qzcnv
S",1,1.0
sbejp,radio,5,1,"1. jbesp
2. bjesp
3. psebj
4. epsbj
5. bpjes

Since unscrambling as an anagram did not yield any recognizable English words, I will now try assuming it's a Caesar cipher and decrypt using at least 5 different shifts. 

Shift 1:
radow
Shift 2:
qzcnv
Shift 3:
pybmu
Shift 4:
oxalt
Shift 5:
nwzks

None of the decrypted texts from the Caesar cipher shifts make sense as single English words, so the original word remains unknown based on the given information.",0,5,"1. jbesp
2. bjesp
3. psebj
4. epsbj
5. bpjes

Since unscrambling as an anagram did not yield any recognizable English words, I will now try assuming it's a Caesar cipher and decrypt using at least 5 different shifts. 

Shift 1:
radow
Shift 2:
qzcnv
Shift 3:
pybmu
Shift 4:
oxalt
Shift 5:
nwzks

None ",1,1.0
sbejp,radio,5,1,"1. jbesp
2. bjesp
3. psebj
4. epsbj
5. bpjes

Since unscrambling as an anagram did not yield any recognizable English words, I will now try assuming it's a Caesar cipher and decrypt using at least 5 different shifts. 

Shift 1:
radow
Shift 2:
qzcnv
Shift 3:
pybmu
Shift 4:
oxalt
Shift 5:
nwzks

None of the decrypted texts from the Caesar cipher shifts make sense as single English words, so the original word remains unknown based on the given information.",0,6,"1. jbesp
2. bjesp
3. psebj
4. epsbj
5. bpjes

Since unscrambling as an anagram did not yield any recognizable English words, I will now try assuming it's a Caesar cipher and decrypt using at least 5 different shifts. 

Shift 1:
radow
Shift 2:
qzcnv
Shift 3:
pybmu
Shift 4:
oxalt
Shift 5:
nwzks

None of the decrypted texts from the Caesar cipher shif",1,1.0
sbejp,radio,5,1,"1. jbesp
2. bjesp
3. psebj
4. epsbj
5. bpjes

Since unscrambling as an anagram did not yield any recognizable English words, I will now try assuming it's a Caesar cipher and decrypt using at least 5 different shifts. 

Shift 1:
radow
Shift 2:
qzcnv
Shift 3:
pybmu
Shift 4:
oxalt
Shift 5:
nwzks

None of the decrypted texts from the Caesar cipher shifts make sense as single English words, so the original word remains unknown based on the given information.",0,7,"1. jbesp
2. bjesp
3. psebj
4. epsbj
5. bpjes

Since unscrambling as an anagram did not yield any recognizable English words, I will now try assuming it's a Caesar cipher and decrypt using at least 5 different shifts. 

Shift 1:
radow
Shift 2:
qzcnv
Shift 3:
pybmu
Shift 4:
oxalt
Shift 5:
nwzks

None of the decrypted texts from the Caesar cipher shifts make sense as single English words, so the orig",1,1.0
sbejp,radio,5,1,"1. jbesp
2. bjesp
3. psebj
4. epsbj
5. bpjes

Since unscrambling as an anagram did not yield any recognizable English words, I will now try assuming it's a Caesar cipher and decrypt using at least 5 different shifts. 

Shift 1:
radow
Shift 2:
qzcnv
Shift 3:
pybmu
Shift 4:
oxalt
Shift 5:
nwzks

None of the decrypted texts from the Caesar cipher shifts make sense as single English words, so the original word remains unknown based on the given information.",0,8,"1. jbesp
2. bjesp
3. psebj
4. epsbj
5. bpjes

Since unscrambling as an anagram did not yield any recognizable English words, I will now try assuming it's a Caesar cipher and decrypt using at least 5 different shifts. 

Shift 1:
radow
Shift 2:
qzcnv
Shift 3:
pybmu
Shift 4:
oxalt
Shift 5:
nwzks

None of the decrypted texts from the Caesar cipher shifts make sense as single English words, so the original word remains unknown based on the given infor",1,1.0
sbejp,radio,5,1,"1. jbesp
2. bjesp
3. psebj
4. epsbj
5. bpjes

Since unscrambling as an anagram did not yield any recognizable English words, I will now try assuming it's a Caesar cipher and decrypt using at least 5 different shifts. 

Shift 1:
radow
Shift 2:
qzcnv
Shift 3:
pybmu
Shift 4:
oxalt
Shift 5:
nwzks

None of the decrypted texts from the Caesar cipher shifts make sense as single English words, so the original word remains unknown based on the given information.",0,9,"1. jbesp
2. bjesp
3. psebj
4. epsbj
5. bpjes

Since unscrambling as an anagram did not yield any recognizable English words, I will now try assuming it's a Caesar cipher and decrypt using at least 5 different shifts. 

Shift 1:
radow
Shift 2:
qzcnv
Shift 3:
pybmu
Shift 4:
oxalt
Shift 5:
nwzks

None of the decrypted texts from the Caesar cipher shifts make sense as single English words, so the original word remains unknown based on the given information.",1,1.0
uifsf,there,5,1,"1. FUSI
2. FUSSI
3. SIFU
4. SUFI
5. ISFU

Since unscrambling as an anagram did not yield any meaningful words, I will try decrypting the ciphertext assuming it's a Caesar cipher and trying 5 different shifts.

1. Shift of 1: THESE
2. Shift of 2: SGDRD
3. Shift of 3: RFQC
4. Shift of 4: QEPB
5. Shift of 5: PDOA

The shift of 1 yielded a possible word ""THESE,"" so it's likely that the original word is ""THESE"" encoded with a Caesar cipher of 1.",0,0,"1. FUSI
2. FUSSI
3. SIFU
4. SUFI
5. ISFU

Since un",1,0.0
uifsf,there,5,1,"1. FUSI
2. FUSSI
3. SIFU
4. SUFI
5. ISFU

Since unscrambling as an anagram did not yield any meaningful words, I will try decrypting the ciphertext assuming it's a Caesar cipher and trying 5 different shifts.

1. Shift of 1: THESE
2. Shift of 2: SGDRD
3. Shift of 3: RFQC
4. Shift of 4: QEPB
5. Shift of 5: PDOA

The shift of 1 yielded a possible word ""THESE,"" so it's likely that the original word is ""THESE"" encoded with a Caesar cipher of 1.",0,1,"1. FUSI
2. FUSSI
3. SIFU
4. SUFI
5. ISFU

Since unscrambling as an anagram did not yield any meaning",1,0.0
uifsf,there,5,1,"1. FUSI
2. FUSSI
3. SIFU
4. SUFI
5. ISFU

Since unscrambling as an anagram did not yield any meaningful words, I will try decrypting the ciphertext assuming it's a Caesar cipher and trying 5 different shifts.

1. Shift of 1: THESE
2. Shift of 2: SGDRD
3. Shift of 3: RFQC
4. Shift of 4: QEPB
5. Shift of 5: PDOA

The shift of 1 yielded a possible word ""THESE,"" so it's likely that the original word is ""THESE"" encoded with a Caesar cipher of 1.",0,2,"1. FUSI
2. FUSSI
3. SIFU
4. SUFI
5. ISFU

Since unscrambling as an anagram did not yield any meaningful words, I will try decrypting the ciphertext as",1,0.0
uifsf,there,5,1,"1. FUSI
2. FUSSI
3. SIFU
4. SUFI
5. ISFU

Since unscrambling as an anagram did not yield any meaningful words, I will try decrypting the ciphertext assuming it's a Caesar cipher and trying 5 different shifts.

1. Shift of 1: THESE
2. Shift of 2: SGDRD
3. Shift of 3: RFQC
4. Shift of 4: QEPB
5. Shift of 5: PDOA

The shift of 1 yielded a possible word ""THESE,"" so it's likely that the original word is ""THESE"" encoded with a Caesar cipher of 1.",0,3,"1. FUSI
2. FUSSI
3. SIFU
4. SUFI
5. ISFU

Since unscrambling as an anagram did not yield any meaningful words, I will try decrypting the ciphertext assuming it's a Caesar cipher and trying 5 different",1,0.0
uifsf,there,5,1,"1. FUSI
2. FUSSI
3. SIFU
4. SUFI
5. ISFU

Since unscrambling as an anagram did not yield any meaningful words, I will try decrypting the ciphertext assuming it's a Caesar cipher and trying 5 different shifts.

1. Shift of 1: THESE
2. Shift of 2: SGDRD
3. Shift of 3: RFQC
4. Shift of 4: QEPB
5. Shift of 5: PDOA

The shift of 1 yielded a possible word ""THESE,"" so it's likely that the original word is ""THESE"" encoded with a Caesar cipher of 1.",0,4,"1. FUSI
2. FUSSI
3. SIFU
4. SUFI
5. ISFU

Since unscrambling as an anagram did not yield any meaningful words, I will try decrypting the ciphertext assuming it's a Caesar cipher and trying 5 different shifts.

1. Shift of 1: THESE
2. Shift of 2: SGDR",1,0.0
uifsf,there,5,1,"1. FUSI
2. FUSSI
3. SIFU
4. SUFI
5. ISFU

Since unscrambling as an anagram did not yield any meaningful words, I will try decrypting the ciphertext assuming it's a Caesar cipher and trying 5 different shifts.

1. Shift of 1: THESE
2. Shift of 2: SGDRD
3. Shift of 3: RFQC
4. Shift of 4: QEPB
5. Shift of 5: PDOA

The shift of 1 yielded a possible word ""THESE,"" so it's likely that the original word is ""THESE"" encoded with a Caesar cipher of 1.",0,5,"1. FUSI
2. FUSSI
3. SIFU
4. SUFI
5. ISFU

Since unscrambling as an anagram did not yield any meaningful words, I will try decrypting the ciphertext assuming it's a Caesar cipher and trying 5 different shifts.

1. Shift of 1: THESE
2. Shift of 2: SGDRD
3. Shift of 3: RFQC
4. Shift of 4: QEPB
5. Shift",1,0.0
uifsf,there,5,1,"1. FUSI
2. FUSSI
3. SIFU
4. SUFI
5. ISFU

Since unscrambling as an anagram did not yield any meaningful words, I will try decrypting the ciphertext assuming it's a Caesar cipher and trying 5 different shifts.

1. Shift of 1: THESE
2. Shift of 2: SGDRD
3. Shift of 3: RFQC
4. Shift of 4: QEPB
5. Shift of 5: PDOA

The shift of 1 yielded a possible word ""THESE,"" so it's likely that the original word is ""THESE"" encoded with a Caesar cipher of 1.",0,6,"1. FUSI
2. FUSSI
3. SIFU
4. SUFI
5. ISFU

Since unscrambling as an anagram did not yield any meaningful words, I will try decrypting the ciphertext assuming it's a Caesar cipher and trying 5 different shifts.

1. Shift of 1: THESE
2. Shift of 2: SGDRD
3. Shift of 3: RFQC
4. Shift of 4: QEPB
5. Shift of 5: PDOA

The shift of 1 yielded a possible wor",1,0.0
uifsf,there,5,1,"1. FUSI
2. FUSSI
3. SIFU
4. SUFI
5. ISFU

Since unscrambling as an anagram did not yield any meaningful words, I will try decrypting the ciphertext assuming it's a Caesar cipher and trying 5 different shifts.

1. Shift of 1: THESE
2. Shift of 2: SGDRD
3. Shift of 3: RFQC
4. Shift of 4: QEPB
5. Shift of 5: PDOA

The shift of 1 yielded a possible word ""THESE,"" so it's likely that the original word is ""THESE"" encoded with a Caesar cipher of 1.",0,7,"1. FUSI
2. FUSSI
3. SIFU
4. SUFI
5. ISFU

Since unscrambling as an anagram did not yield any meaningful words, I will try decrypting the ciphertext assuming it's a Caesar cipher and trying 5 different shifts.

1. Shift of 1: THESE
2. Shift of 2: SGDRD
3. Shift of 3: RFQC
4. Shift of 4: QEPB
5. Shift of 5: PDOA

The shift of 1 yielded a possible word ""THESE,"" so it's likely that the original word i",1,0.0
uifsf,there,5,1,"1. FUSI
2. FUSSI
3. SIFU
4. SUFI
5. ISFU

Since unscrambling as an anagram did not yield any meaningful words, I will try decrypting the ciphertext assuming it's a Caesar cipher and trying 5 different shifts.

1. Shift of 1: THESE
2. Shift of 2: SGDRD
3. Shift of 3: RFQC
4. Shift of 4: QEPB
5. Shift of 5: PDOA

The shift of 1 yielded a possible word ""THESE,"" so it's likely that the original word is ""THESE"" encoded with a Caesar cipher of 1.",0,8,"1. FUSI
2. FUSSI
3. SIFU
4. SUFI
5. ISFU

Since unscrambling as an anagram did not yield any meaningful words, I will try decrypting the ciphertext assuming it's a Caesar cipher and trying 5 different shifts.

1. Shift of 1: THESE
2. Shift of 2: SGDRD
3. Shift of 3: RFQC
4. Shift of 4: QEPB
5. Shift of 5: PDOA

The shift of 1 yielded a possible word ""THESE,"" so it's likely that the original word is ""THESE"" encoded with a Caesar cipher of 1.",1,0.0
usvtu,trust,5,1,"1. tuvus
2. vustu
3. tsvuu
4. tsvuu
5. sutuv

Since unscrambling the ciphertext did not provide a meaningful English word, I will continue by assuming it's a Caesar cipher and try decrypting it with at least 5 different shifts.

1. Shift 1: trust
2. Shift 2: trstu
3. Shift 3: trstt
4. Shift 4: trsrs
5. Shift 5: trsrq

The decrypted words did not give a meaningful English word, so it seems the ciphertext may not be a simple Caesar cipher. It may be a different type of cipher or encoding.",1,0,"1. tuvus
2. vustu
3. tsvuu
4. tsvuu
5. sutuv

Sinc",0,2.0
usvtu,trust,5,1,"1. tuvus
2. vustu
3. tsvuu
4. tsvuu
5. sutuv

Since unscrambling the ciphertext did not provide a meaningful English word, I will continue by assuming it's a Caesar cipher and try decrypting it with at least 5 different shifts.

1. Shift 1: trust
2. Shift 2: trstu
3. Shift 3: trstt
4. Shift 4: trsrs
5. Shift 5: trsrq

The decrypted words did not give a meaningful English word, so it seems the ciphertext may not be a simple Caesar cipher. It may be a different type of cipher or encoding.",1,1,"1. tuvus
2. vustu
3. tsvuu
4. tsvuu
5. sutuv

Since unscrambling the ciphertext did not provide a me",0,2.0
usvtu,trust,5,1,"1. tuvus
2. vustu
3. tsvuu
4. tsvuu
5. sutuv

Since unscrambling the ciphertext did not provide a meaningful English word, I will continue by assuming it's a Caesar cipher and try decrypting it with at least 5 different shifts.

1. Shift 1: trust
2. Shift 2: trstu
3. Shift 3: trstt
4. Shift 4: trsrs
5. Shift 5: trsrq

The decrypted words did not give a meaningful English word, so it seems the ciphertext may not be a simple Caesar cipher. It may be a different type of cipher or encoding.",1,2,"1. tuvus
2. vustu
3. tsvuu
4. tsvuu
5. sutuv

Since unscrambling the ciphertext did not provide a meaningful English word, I will continue by assuming",1,2.0
usvtu,trust,5,1,"1. tuvus
2. vustu
3. tsvuu
4. tsvuu
5. sutuv

Since unscrambling the ciphertext did not provide a meaningful English word, I will continue by assuming it's a Caesar cipher and try decrypting it with at least 5 different shifts.

1. Shift 1: trust
2. Shift 2: trstu
3. Shift 3: trstt
4. Shift 4: trsrs
5. Shift 5: trsrq

The decrypted words did not give a meaningful English word, so it seems the ciphertext may not be a simple Caesar cipher. It may be a different type of cipher or encoding.",1,3,"1. tuvus
2. vustu
3. tsvuu
4. tsvuu
5. sutuv

Since unscrambling the ciphertext did not provide a meaningful English word, I will continue by assuming it's a Caesar cipher and try decrypting it with a",1,2.0
usvtu,trust,5,1,"1. tuvus
2. vustu
3. tsvuu
4. tsvuu
5. sutuv

Since unscrambling the ciphertext did not provide a meaningful English word, I will continue by assuming it's a Caesar cipher and try decrypting it with at least 5 different shifts.

1. Shift 1: trust
2. Shift 2: trstu
3. Shift 3: trstt
4. Shift 4: trsrs
5. Shift 5: trsrq

The decrypted words did not give a meaningful English word, so it seems the ciphertext may not be a simple Caesar cipher. It may be a different type of cipher or encoding.",1,4,"1. tuvus
2. vustu
3. tsvuu
4. tsvuu
5. sutuv

Since unscrambling the ciphertext did not provide a meaningful English word, I will continue by assuming it's a Caesar cipher and try decrypting it with at least 5 different shifts.

1. Shift 1: trust
2. ",1,2.0
usvtu,trust,5,1,"1. tuvus
2. vustu
3. tsvuu
4. tsvuu
5. sutuv

Since unscrambling the ciphertext did not provide a meaningful English word, I will continue by assuming it's a Caesar cipher and try decrypting it with at least 5 different shifts.

1. Shift 1: trust
2. Shift 2: trstu
3. Shift 3: trstt
4. Shift 4: trsrs
5. Shift 5: trsrq

The decrypted words did not give a meaningful English word, so it seems the ciphertext may not be a simple Caesar cipher. It may be a different type of cipher or encoding.",1,5,"1. tuvus
2. vustu
3. tsvuu
4. tsvuu
5. sutuv

Since unscrambling the ciphertext did not provide a meaningful English word, I will continue by assuming it's a Caesar cipher and try decrypting it with at least 5 different shifts.

1. Shift 1: trust
2. Shift 2: trstu
3. Shift 3: trstt
4. Shift 4: trsrs",1,2.0
usvtu,trust,5,1,"1. tuvus
2. vustu
3. tsvuu
4. tsvuu
5. sutuv

Since unscrambling the ciphertext did not provide a meaningful English word, I will continue by assuming it's a Caesar cipher and try decrypting it with at least 5 different shifts.

1. Shift 1: trust
2. Shift 2: trstu
3. Shift 3: trstt
4. Shift 4: trsrs
5. Shift 5: trsrq

The decrypted words did not give a meaningful English word, so it seems the ciphertext may not be a simple Caesar cipher. It may be a different type of cipher or encoding.",1,6,"1. tuvus
2. vustu
3. tsvuu
4. tsvuu
5. sutuv

Since unscrambling the ciphertext did not provide a meaningful English word, I will continue by assuming it's a Caesar cipher and try decrypting it with at least 5 different shifts.

1. Shift 1: trust
2. Shift 2: trstu
3. Shift 3: trstt
4. Shift 4: trsrs
5. Shift 5: trsrq

The decrypted words did not gi",1,2.0
usvtu,trust,5,1,"1. tuvus
2. vustu
3. tsvuu
4. tsvuu
5. sutuv

Since unscrambling the ciphertext did not provide a meaningful English word, I will continue by assuming it's a Caesar cipher and try decrypting it with at least 5 different shifts.

1. Shift 1: trust
2. Shift 2: trstu
3. Shift 3: trstt
4. Shift 4: trsrs
5. Shift 5: trsrq

The decrypted words did not give a meaningful English word, so it seems the ciphertext may not be a simple Caesar cipher. It may be a different type of cipher or encoding.",1,7,"1. tuvus
2. vustu
3. tsvuu
4. tsvuu
5. sutuv

Since unscrambling the ciphertext did not provide a meaningful English word, I will continue by assuming it's a Caesar cipher and try decrypting it with at least 5 different shifts.

1. Shift 1: trust
2. Shift 2: trstu
3. Shift 3: trstt
4. Shift 4: trsrs
5. Shift 5: trsrq

The decrypted words did not give a meaningful English word, so it seems the ciph",1,2.0
usvtu,trust,5,1,"1. tuvus
2. vustu
3. tsvuu
4. tsvuu
5. sutuv

Since unscrambling the ciphertext did not provide a meaningful English word, I will continue by assuming it's a Caesar cipher and try decrypting it with at least 5 different shifts.

1. Shift 1: trust
2. Shift 2: trstu
3. Shift 3: trstt
4. Shift 4: trsrs
5. Shift 5: trsrq

The decrypted words did not give a meaningful English word, so it seems the ciphertext may not be a simple Caesar cipher. It may be a different type of cipher or encoding.",1,8,"1. tuvus
2. vustu
3. tsvuu
4. tsvuu
5. sutuv

Since unscrambling the ciphertext did not provide a meaningful English word, I will continue by assuming it's a Caesar cipher and try decrypting it with at least 5 different shifts.

1. Shift 1: trust
2. Shift 2: trstu
3. Shift 3: trstt
4. Shift 4: trsrs
5. Shift 5: trsrq

The decrypted words did not give a meaningful English word, so it seems the ciphertext may not be a simple Caesar cipher. It may b",1,2.0
usvtu,trust,5,1,"1. tuvus
2. vustu
3. tsvuu
4. tsvuu
5. sutuv

Since unscrambling the ciphertext did not provide a meaningful English word, I will continue by assuming it's a Caesar cipher and try decrypting it with at least 5 different shifts.

1. Shift 1: trust
2. Shift 2: trstu
3. Shift 3: trstt
4. Shift 4: trsrs
5. Shift 5: trsrq

The decrypted words did not give a meaningful English word, so it seems the ciphertext may not be a simple Caesar cipher. It may be a different type of cipher or encoding.",1,9,"1. tuvus
2. vustu
3. tsvuu
4. tsvuu
5. sutuv

Since unscrambling the ciphertext did not provide a meaningful English word, I will continue by assuming it's a Caesar cipher and try decrypting it with at least 5 different shifts.

1. Shift 1: trust
2. Shift 2: trstu
3. Shift 3: trstt
4. Shift 4: trsrs
5. Shift 5: trsrq

The decrypted words did not give a meaningful English word, so it seems the ciphertext may not be a simple Caesar cipher. It may be a different type of cipher or encoding.",1,2.0
bgufs,after,5,1,"1. sfbug
2. gsbuf
3. ubfgs
4. sgfub
5. fbusg

Next, I will try decrypting the ciphertext using a Caesar cipher with different shifts:

1. Shift 1: after decrypting with a shift of 1, the result is ""after"".
2. Shift 2: after decrypting with a shift of 2, the result is ""aeser"".
3. Shift 3: after decrypting with a shift of 3, the result is ""adesc"".
4. Shift 4: after decrypting with a shift of 4, the result is ""zcdrb"".
5. Shift 5: after decrypting with a shift of 5, the result is ""ybcaq"".

Based on these results, it seems most likely that the word is ""after"" and the correct shift is 1.",1,0,"1. sfbug
2. gsbuf
3. ubfgs
4. sgfub
5. fbusg

Next",0,1.0
bgufs,after,5,1,"1. sfbug
2. gsbuf
3. ubfgs
4. sgfub
5. fbusg

Next, I will try decrypting the ciphertext using a Caesar cipher with different shifts:

1. Shift 1: after decrypting with a shift of 1, the result is ""after"".
2. Shift 2: after decrypting with a shift of 2, the result is ""aeser"".
3. Shift 3: after decrypting with a shift of 3, the result is ""adesc"".
4. Shift 4: after decrypting with a shift of 4, the result is ""zcdrb"".
5. Shift 5: after decrypting with a shift of 5, the result is ""ybcaq"".

Based on these results, it seems most likely that the word is ""after"" and the correct shift is 1.",1,1,"1. sfbug
2. gsbuf
3. ubfgs
4. sgfub
5. fbusg

Next, I will try decrypting the ciphertext using a Cae",1,1.0
bgufs,after,5,1,"1. sfbug
2. gsbuf
3. ubfgs
4. sgfub
5. fbusg

Next, I will try decrypting the ciphertext using a Caesar cipher with different shifts:

1. Shift 1: after decrypting with a shift of 1, the result is ""after"".
2. Shift 2: after decrypting with a shift of 2, the result is ""aeser"".
3. Shift 3: after decrypting with a shift of 3, the result is ""adesc"".
4. Shift 4: after decrypting with a shift of 4, the result is ""zcdrb"".
5. Shift 5: after decrypting with a shift of 5, the result is ""ybcaq"".

Based on these results, it seems most likely that the word is ""after"" and the correct shift is 1.",1,2,"1. sfbug
2. gsbuf
3. ubfgs
4. sgfub
5. fbusg

Next, I will try decrypting the ciphertext using a Caesar cipher with different shifts:

1. Shift 1: aft",1,1.0
bgufs,after,5,1,"1. sfbug
2. gsbuf
3. ubfgs
4. sgfub
5. fbusg

Next, I will try decrypting the ciphertext using a Caesar cipher with different shifts:

1. Shift 1: after decrypting with a shift of 1, the result is ""after"".
2. Shift 2: after decrypting with a shift of 2, the result is ""aeser"".
3. Shift 3: after decrypting with a shift of 3, the result is ""adesc"".
4. Shift 4: after decrypting with a shift of 4, the result is ""zcdrb"".
5. Shift 5: after decrypting with a shift of 5, the result is ""ybcaq"".

Based on these results, it seems most likely that the word is ""after"" and the correct shift is 1.",1,3,"1. sfbug
2. gsbuf
3. ubfgs
4. sgfub
5. fbusg

Next, I will try decrypting the ciphertext using a Caesar cipher with different shifts:

1. Shift 1: after decrypting with a shift of 1, the result is ""af",1,1.0
bgufs,after,5,1,"1. sfbug
2. gsbuf
3. ubfgs
4. sgfub
5. fbusg

Next, I will try decrypting the ciphertext using a Caesar cipher with different shifts:

1. Shift 1: after decrypting with a shift of 1, the result is ""after"".
2. Shift 2: after decrypting with a shift of 2, the result is ""aeser"".
3. Shift 3: after decrypting with a shift of 3, the result is ""adesc"".
4. Shift 4: after decrypting with a shift of 4, the result is ""zcdrb"".
5. Shift 5: after decrypting with a shift of 5, the result is ""ybcaq"".

Based on these results, it seems most likely that the word is ""after"" and the correct shift is 1.",1,4,"1. sfbug
2. gsbuf
3. ubfgs
4. sgfub
5. fbusg

Next, I will try decrypting the ciphertext using a Caesar cipher with different shifts:

1. Shift 1: after decrypting with a shift of 1, the result is ""after"".
2. Shift 2: after decrypting with a shift of",1,1.0
bgufs,after,5,1,"1. sfbug
2. gsbuf
3. ubfgs
4. sgfub
5. fbusg

Next, I will try decrypting the ciphertext using a Caesar cipher with different shifts:

1. Shift 1: after decrypting with a shift of 1, the result is ""after"".
2. Shift 2: after decrypting with a shift of 2, the result is ""aeser"".
3. Shift 3: after decrypting with a shift of 3, the result is ""adesc"".
4. Shift 4: after decrypting with a shift of 4, the result is ""zcdrb"".
5. Shift 5: after decrypting with a shift of 5, the result is ""ybcaq"".

Based on these results, it seems most likely that the word is ""after"" and the correct shift is 1.",1,5,"1. sfbug
2. gsbuf
3. ubfgs
4. sgfub
5. fbusg

Next, I will try decrypting the ciphertext using a Caesar cipher with different shifts:

1. Shift 1: after decrypting with a shift of 1, the result is ""after"".
2. Shift 2: after decrypting with a shift of 2, the result is ""aeser"".
3. Shift 3: after decry",1,1.0
bgufs,after,5,1,"1. sfbug
2. gsbuf
3. ubfgs
4. sgfub
5. fbusg

Next, I will try decrypting the ciphertext using a Caesar cipher with different shifts:

1. Shift 1: after decrypting with a shift of 1, the result is ""after"".
2. Shift 2: after decrypting with a shift of 2, the result is ""aeser"".
3. Shift 3: after decrypting with a shift of 3, the result is ""adesc"".
4. Shift 4: after decrypting with a shift of 4, the result is ""zcdrb"".
5. Shift 5: after decrypting with a shift of 5, the result is ""ybcaq"".

Based on these results, it seems most likely that the word is ""after"" and the correct shift is 1.",1,6,"1. sfbug
2. gsbuf
3. ubfgs
4. sgfub
5. fbusg

Next, I will try decrypting the ciphertext using a Caesar cipher with different shifts:

1. Shift 1: after decrypting with a shift of 1, the result is ""after"".
2. Shift 2: after decrypting with a shift of 2, the result is ""aeser"".
3. Shift 3: after decrypting with a shift of 3, the result is ""adesc"".
4.",1,1.0
bgufs,after,5,1,"1. sfbug
2. gsbuf
3. ubfgs
4. sgfub
5. fbusg

Next, I will try decrypting the ciphertext using a Caesar cipher with different shifts:

1. Shift 1: after decrypting with a shift of 1, the result is ""after"".
2. Shift 2: after decrypting with a shift of 2, the result is ""aeser"".
3. Shift 3: after decrypting with a shift of 3, the result is ""adesc"".
4. Shift 4: after decrypting with a shift of 4, the result is ""zcdrb"".
5. Shift 5: after decrypting with a shift of 5, the result is ""ybcaq"".

Based on these results, it seems most likely that the word is ""after"" and the correct shift is 1.",1,7,"1. sfbug
2. gsbuf
3. ubfgs
4. sgfub
5. fbusg

Next, I will try decrypting the ciphertext using a Caesar cipher with different shifts:

1. Shift 1: after decrypting with a shift of 1, the result is ""after"".
2. Shift 2: after decrypting with a shift of 2, the result is ""aeser"".
3. Shift 3: after decrypting with a shift of 3, the result is ""adesc"".
4. Shift 4: after decrypting with a shift of 4, the ",1,1.0
bgufs,after,5,1,"1. sfbug
2. gsbuf
3. ubfgs
4. sgfub
5. fbusg

Next, I will try decrypting the ciphertext using a Caesar cipher with different shifts:

1. Shift 1: after decrypting with a shift of 1, the result is ""after"".
2. Shift 2: after decrypting with a shift of 2, the result is ""aeser"".
3. Shift 3: after decrypting with a shift of 3, the result is ""adesc"".
4. Shift 4: after decrypting with a shift of 4, the result is ""zcdrb"".
5. Shift 5: after decrypting with a shift of 5, the result is ""ybcaq"".

Based on these results, it seems most likely that the word is ""after"" and the correct shift is 1.",1,8,"1. sfbug
2. gsbuf
3. ubfgs
4. sgfub
5. fbusg

Next, I will try decrypting the ciphertext using a Caesar cipher with different shifts:

1. Shift 1: after decrypting with a shift of 1, the result is ""after"".
2. Shift 2: after decrypting with a shift of 2, the result is ""aeser"".
3. Shift 3: after decrypting with a shift of 3, the result is ""adesc"".
4. Shift 4: after decrypting with a shift of 4, the result is ""zcdrb"".
5. Shift 5: after decrypting wi",1,1.0
bgufs,after,5,1,"1. sfbug
2. gsbuf
3. ubfgs
4. sgfub
5. fbusg

Next, I will try decrypting the ciphertext using a Caesar cipher with different shifts:

1. Shift 1: after decrypting with a shift of 1, the result is ""after"".
2. Shift 2: after decrypting with a shift of 2, the result is ""aeser"".
3. Shift 3: after decrypting with a shift of 3, the result is ""adesc"".
4. Shift 4: after decrypting with a shift of 4, the result is ""zcdrb"".
5. Shift 5: after decrypting with a shift of 5, the result is ""ybcaq"".

Based on these results, it seems most likely that the word is ""after"" and the correct shift is 1.",1,9,"1. sfbug
2. gsbuf
3. ubfgs
4. sgfub
5. fbusg

Next, I will try decrypting the ciphertext using a Caesar cipher with different shifts:

1. Shift 1: after decrypting with a shift of 1, the result is ""after"".
2. Shift 2: after decrypting with a shift of 2, the result is ""aeser"".
3. Shift 3: after decrypting with a shift of 3, the result is ""adesc"".
4. Shift 4: after decrypting with a shift of 4, the result is ""zcdrb"".
5. Shift 5: after decrypting with a shift of 5, the result is ""ybcaq"".

Based on ",1,1.0
bgufs,after,5,1,"1. sfbug
2. gsbuf
3. ubfgs
4. sgfub
5. fbusg

Next, I will try decrypting the ciphertext using a Caesar cipher with different shifts:

1. Shift 1: after decrypting with a shift of 1, the result is ""after"".
2. Shift 2: after decrypting with a shift of 2, the result is ""aeser"".
3. Shift 3: after decrypting with a shift of 3, the result is ""adesc"".
4. Shift 4: after decrypting with a shift of 4, the result is ""zcdrb"".
5. Shift 5: after decrypting with a shift of 5, the result is ""ybcaq"".

Based on these results, it seems most likely that the word is ""after"" and the correct shift is 1.",1,10,"1. sfbug
2. gsbuf
3. ubfgs
4. sgfub
5. fbusg

Next, I will try decrypting the ciphertext using a Caesar cipher with different shifts:

1. Shift 1: after decrypting with a shift of 1, the result is ""after"".
2. Shift 2: after decrypting with a shift of 2, the result is ""aeser"".
3. Shift 3: after decrypting with a shift of 3, the result is ""adesc"".
4. Shift 4: after decrypting with a shift of 4, the result is ""zcdrb"".
5. Shift 5: after decrypting with a shift of 5, the result is ""ybcaq"".

Based on these results, it seems most likely that the word ",1,1.0
bgufs,after,5,1,"1. sfbug
2. gsbuf
3. ubfgs
4. sgfub
5. fbusg

Next, I will try decrypting the ciphertext using a Caesar cipher with different shifts:

1. Shift 1: after decrypting with a shift of 1, the result is ""after"".
2. Shift 2: after decrypting with a shift of 2, the result is ""aeser"".
3. Shift 3: after decrypting with a shift of 3, the result is ""adesc"".
4. Shift 4: after decrypting with a shift of 4, the result is ""zcdrb"".
5. Shift 5: after decrypting with a shift of 5, the result is ""ybcaq"".

Based on these results, it seems most likely that the word is ""after"" and the correct shift is 1.",1,11,"1. sfbug
2. gsbuf
3. ubfgs
4. sgfub
5. fbusg

Next, I will try decrypting the ciphertext using a Caesar cipher with different shifts:

1. Shift 1: after decrypting with a shift of 1, the result is ""after"".
2. Shift 2: after decrypting with a shift of 2, the result is ""aeser"".
3. Shift 3: after decrypting with a shift of 3, the result is ""adesc"".
4. Shift 4: after decrypting with a shift of 4, the result is ""zcdrb"".
5. Shift 5: after decrypting with a shift of 5, the result is ""ybcaq"".

Based on these results, it seems most likely that the word is ""after"" and the correct shift is 1.",1,1.0
xijdi,which,5,1,"1) jixid
2) dijix
3) dixij
4) jidix
5) ixjid

Since unscrambling the letters did not reveal any clear English word, I will now try decrypting the ciphertext using a Caesar cipher with different shifts:

Shift 1: which
Shift 2: whence
Shift 3: where
Shift 4: wheel
Shift 5: flown

None of the decrypted words from the Caesar cipher shifts seem to make sense. I will continue to try more shifts to see if any clear word emerges.",1,0,"1) jixid
2) dijix
3) dixij
4) jidix
5) ixjid

Sinc",0,1.0
xijdi,which,5,1,"1) jixid
2) dijix
3) dixij
4) jidix
5) ixjid

Since unscrambling the letters did not reveal any clear English word, I will now try decrypting the ciphertext using a Caesar cipher with different shifts:

Shift 1: which
Shift 2: whence
Shift 3: where
Shift 4: wheel
Shift 5: flown

None of the decrypted words from the Caesar cipher shifts seem to make sense. I will continue to try more shifts to see if any clear word emerges.",1,1,"1) jixid
2) dijix
3) dixij
4) jidix
5) ixjid

Since unscrambling the letters did not reveal any clea",1,1.0
xijdi,which,5,1,"1) jixid
2) dijix
3) dixij
4) jidix
5) ixjid

Since unscrambling the letters did not reveal any clear English word, I will now try decrypting the ciphertext using a Caesar cipher with different shifts:

Shift 1: which
Shift 2: whence
Shift 3: where
Shift 4: wheel
Shift 5: flown

None of the decrypted words from the Caesar cipher shifts seem to make sense. I will continue to try more shifts to see if any clear word emerges.",1,2,"1) jixid
2) dijix
3) dixij
4) jidix
5) ixjid

Since unscrambling the letters did not reveal any clear English word, I will now try decrypting the ciph",1,1.0
xijdi,which,5,1,"1) jixid
2) dijix
3) dixij
4) jidix
5) ixjid

Since unscrambling the letters did not reveal any clear English word, I will now try decrypting the ciphertext using a Caesar cipher with different shifts:

Shift 1: which
Shift 2: whence
Shift 3: where
Shift 4: wheel
Shift 5: flown

None of the decrypted words from the Caesar cipher shifts seem to make sense. I will continue to try more shifts to see if any clear word emerges.",1,3,"1) jixid
2) dijix
3) dixij
4) jidix
5) ixjid

Since unscrambling the letters did not reveal any clear English word, I will now try decrypting the ciphertext using a Caesar cipher with different shifts",1,1.0
xijdi,which,5,1,"1) jixid
2) dijix
3) dixij
4) jidix
5) ixjid

Since unscrambling the letters did not reveal any clear English word, I will now try decrypting the ciphertext using a Caesar cipher with different shifts:

Shift 1: which
Shift 2: whence
Shift 3: where
Shift 4: wheel
Shift 5: flown

None of the decrypted words from the Caesar cipher shifts seem to make sense. I will continue to try more shifts to see if any clear word emerges.",1,4,"1) jixid
2) dijix
3) dixij
4) jidix
5) ixjid

Since unscrambling the letters did not reveal any clear English word, I will now try decrypting the ciphertext using a Caesar cipher with different shifts:

Shift 1: which
Shift 2: whence
Shift 3: where
S",1,1.0
xijdi,which,5,1,"1) jixid
2) dijix
3) dixij
4) jidix
5) ixjid

Since unscrambling the letters did not reveal any clear English word, I will now try decrypting the ciphertext using a Caesar cipher with different shifts:

Shift 1: which
Shift 2: whence
Shift 3: where
Shift 4: wheel
Shift 5: flown

None of the decrypted words from the Caesar cipher shifts seem to make sense. I will continue to try more shifts to see if any clear word emerges.",1,5,"1) jixid
2) dijix
3) dixij
4) jidix
5) ixjid

Since unscrambling the letters did not reveal any clear English word, I will now try decrypting the ciphertext using a Caesar cipher with different shifts:

Shift 1: which
Shift 2: whence
Shift 3: where
Shift 4: wheel
Shift 5: flown

None of the decrypte",1,1.0
xijdi,which,5,1,"1) jixid
2) dijix
3) dixij
4) jidix
5) ixjid

Since unscrambling the letters did not reveal any clear English word, I will now try decrypting the ciphertext using a Caesar cipher with different shifts:

Shift 1: which
Shift 2: whence
Shift 3: where
Shift 4: wheel
Shift 5: flown

None of the decrypted words from the Caesar cipher shifts seem to make sense. I will continue to try more shifts to see if any clear word emerges.",1,6,"1) jixid
2) dijix
3) dixij
4) jidix
5) ixjid

Since unscrambling the letters did not reveal any clear English word, I will now try decrypting the ciphertext using a Caesar cipher with different shifts:

Shift 1: which
Shift 2: whence
Shift 3: where
Shift 4: wheel
Shift 5: flown

None of the decrypted words from the Caesar cipher shifts seem to make",1,1.0
xijdi,which,5,1,"1) jixid
2) dijix
3) dixij
4) jidix
5) ixjid

Since unscrambling the letters did not reveal any clear English word, I will now try decrypting the ciphertext using a Caesar cipher with different shifts:

Shift 1: which
Shift 2: whence
Shift 3: where
Shift 4: wheel
Shift 5: flown

None of the decrypted words from the Caesar cipher shifts seem to make sense. I will continue to try more shifts to see if any clear word emerges.",1,7,"1) jixid
2) dijix
3) dixij
4) jidix
5) ixjid

Since unscrambling the letters did not reveal any clear English word, I will now try decrypting the ciphertext using a Caesar cipher with different shifts:

Shift 1: which
Shift 2: whence
Shift 3: where
Shift 4: wheel
Shift 5: flown

None of the decrypted words from the Caesar cipher shifts seem to make sense. I will continue to try more shifts to see ",1,1.0
xijdi,which,5,1,"1) jixid
2) dijix
3) dixij
4) jidix
5) ixjid

Since unscrambling the letters did not reveal any clear English word, I will now try decrypting the ciphertext using a Caesar cipher with different shifts:

Shift 1: which
Shift 2: whence
Shift 3: where
Shift 4: wheel
Shift 5: flown

None of the decrypted words from the Caesar cipher shifts seem to make sense. I will continue to try more shifts to see if any clear word emerges.",1,8,"1) jixid
2) dijix
3) dixij
4) jidix
5) ixjid

Since unscrambling the letters did not reveal any clear English word, I will now try decrypting the ciphertext using a Caesar cipher with different shifts:

Shift 1: which
Shift 2: whence
Shift 3: where
Shift 4: wheel
Shift 5: flown

None of the decrypted words from the Caesar cipher shifts seem to make sense. I will continue to try more shifts to see if any clear word emerges.",1,1.0
tuvez,study,5,1,"1. vetzu
2. zutev
3. tezvu
4. zvute
5. uvtez

Now, I will try decrypting it assuming it's a Caesar cipher with different shifts.

1. Shift 1: study
2. Shift 2: rtxcx
3. Shift 3: qswbw
4. Shift 4: prvav
5. Shift 5: oquzu",1,0,"1. vetzu
2. zutev
3. tezvu
4. zvute
5. uvtez

Now,",1,0.0
tuvez,study,5,1,"1. vetzu
2. zutev
3. tezvu
4. zvute
5. uvtez

Now, I will try decrypting it assuming it's a Caesar cipher with different shifts.

1. Shift 1: study
2. Shift 2: rtxcx
3. Shift 3: qswbw
4. Shift 4: prvav
5. Shift 5: oquzu",1,1,"1. vetzu
2. zutev
3. tezvu
4. zvute
5. uvtez

Now, I will try decrypting it assuming it's a Caesar c",1,0.0
tuvez,study,5,1,"1. vetzu
2. zutev
3. tezvu
4. zvute
5. uvtez

Now, I will try decrypting it assuming it's a Caesar cipher with different shifts.

1. Shift 1: study
2. Shift 2: rtxcx
3. Shift 3: qswbw
4. Shift 4: prvav
5. Shift 5: oquzu",1,2,"1. vetzu
2. zutev
3. tezvu
4. zvute
5. uvtez

Now, I will try decrypting it assuming it's a Caesar cipher with different shifts.

1. Shift 1: study
2.",1,0.0
tuvez,study,5,1,"1. vetzu
2. zutev
3. tezvu
4. zvute
5. uvtez

Now, I will try decrypting it assuming it's a Caesar cipher with different shifts.

1. Shift 1: study
2. Shift 2: rtxcx
3. Shift 3: qswbw
4. Shift 4: prvav
5. Shift 5: oquzu",1,3,"1. vetzu
2. zutev
3. tezvu
4. zvute
5. uvtez

Now, I will try decrypting it assuming it's a Caesar cipher with different shifts.

1. Shift 1: study
2. Shift 2: rtxcx
3. Shift 3: qswbw
4. Shift 4: prva",1,0.0
tuvez,study,5,1,"1. vetzu
2. zutev
3. tezvu
4. zvute
5. uvtez

Now, I will try decrypting it assuming it's a Caesar cipher with different shifts.

1. Shift 1: study
2. Shift 2: rtxcx
3. Shift 3: qswbw
4. Shift 4: prvav
5. Shift 5: oquzu",1,4,"1. vetzu
2. zutev
3. tezvu
4. zvute
5. uvtez

Now, I will try decrypting it assuming it's a Caesar cipher with different shifts.

1. Shift 1: study
2. Shift 2: rtxcx
3. Shift 3: qswbw
4. Shift 4: prvav
5. Shift 5: oquzu",1,0.0
tjhot,signs,5,1,"1. tohjt
2. hotjt
3. thjot
4. thotj
5. jotth

Now, I will try decrypting the ciphertext using the Caesar cipher technique by trying at least 5 different shifts.

1. Shift 1: signs
2. Shift 2: rfgmr
3. Shift 3: qeflq
4. Shift 4: pedkp
5. Shift 5: odcjo

Based on the results, it looks like the decryption using a Caesar cipher didn't provide a clear English word. It's possible that the original word was not encrypted using a simple Caesar cipher with a shift.",1,0,"1. tohjt
2. hotjt
3. thjot
4. thotj
5. jotth

Now,",1,0.0
tjhot,signs,5,1,"1. tohjt
2. hotjt
3. thjot
4. thotj
5. jotth

Now, I will try decrypting the ciphertext using the Caesar cipher technique by trying at least 5 different shifts.

1. Shift 1: signs
2. Shift 2: rfgmr
3. Shift 3: qeflq
4. Shift 4: pedkp
5. Shift 5: odcjo

Based on the results, it looks like the decryption using a Caesar cipher didn't provide a clear English word. It's possible that the original word was not encrypted using a simple Caesar cipher with a shift.",1,1,"1. tohjt
2. hotjt
3. thjot
4. thotj
5. jotth

Now, I will try decrypting the ciphertext using the Ca",1,0.0
tjhot,signs,5,1,"1. tohjt
2. hotjt
3. thjot
4. thotj
5. jotth

Now, I will try decrypting the ciphertext using the Caesar cipher technique by trying at least 5 different shifts.

1. Shift 1: signs
2. Shift 2: rfgmr
3. Shift 3: qeflq
4. Shift 4: pedkp
5. Shift 5: odcjo

Based on the results, it looks like the decryption using a Caesar cipher didn't provide a clear English word. It's possible that the original word was not encrypted using a simple Caesar cipher with a shift.",1,2,"1. tohjt
2. hotjt
3. thjot
4. thotj
5. jotth

Now, I will try decrypting the ciphertext using the Caesar cipher technique by trying at least 5 differe",1,0.0
tjhot,signs,5,1,"1. tohjt
2. hotjt
3. thjot
4. thotj
5. jotth

Now, I will try decrypting the ciphertext using the Caesar cipher technique by trying at least 5 different shifts.

1. Shift 1: signs
2. Shift 2: rfgmr
3. Shift 3: qeflq
4. Shift 4: pedkp
5. Shift 5: odcjo

Based on the results, it looks like the decryption using a Caesar cipher didn't provide a clear English word. It's possible that the original word was not encrypted using a simple Caesar cipher with a shift.",1,3,"1. tohjt
2. hotjt
3. thjot
4. thotj
5. jotth

Now, I will try decrypting the ciphertext using the Caesar cipher technique by trying at least 5 different shifts.

1. Shift 1: signs
2. Shift 2: rfgmr
3.",1,0.0
tjhot,signs,5,1,"1. tohjt
2. hotjt
3. thjot
4. thotj
5. jotth

Now, I will try decrypting the ciphertext using the Caesar cipher technique by trying at least 5 different shifts.

1. Shift 1: signs
2. Shift 2: rfgmr
3. Shift 3: qeflq
4. Shift 4: pedkp
5. Shift 5: odcjo

Based on the results, it looks like the decryption using a Caesar cipher didn't provide a clear English word. It's possible that the original word was not encrypted using a simple Caesar cipher with a shift.",1,4,"1. tohjt
2. hotjt
3. thjot
4. thotj
5. jotth

Now, I will try decrypting the ciphertext using the Caesar cipher technique by trying at least 5 different shifts.

1. Shift 1: signs
2. Shift 2: rfgmr
3. Shift 3: qeflq
4. Shift 4: pedkp
5. Shift 5: odcj",1,0.0
tjhot,signs,5,1,"1. tohjt
2. hotjt
3. thjot
4. thotj
5. jotth

Now, I will try decrypting the ciphertext using the Caesar cipher technique by trying at least 5 different shifts.

1. Shift 1: signs
2. Shift 2: rfgmr
3. Shift 3: qeflq
4. Shift 4: pedkp
5. Shift 5: odcjo

Based on the results, it looks like the decryption using a Caesar cipher didn't provide a clear English word. It's possible that the original word was not encrypted using a simple Caesar cipher with a shift.",1,5,"1. tohjt
2. hotjt
3. thjot
4. thotj
5. jotth

Now, I will try decrypting the ciphertext using the Caesar cipher technique by trying at least 5 different shifts.

1. Shift 1: signs
2. Shift 2: rfgmr
3. Shift 3: qeflq
4. Shift 4: pedkp
5. Shift 5: odcjo

Based on the results, it looks like the decrypt",1,0.0
tjhot,signs,5,1,"1. tohjt
2. hotjt
3. thjot
4. thotj
5. jotth

Now, I will try decrypting the ciphertext using the Caesar cipher technique by trying at least 5 different shifts.

1. Shift 1: signs
2. Shift 2: rfgmr
3. Shift 3: qeflq
4. Shift 4: pedkp
5. Shift 5: odcjo

Based on the results, it looks like the decryption using a Caesar cipher didn't provide a clear English word. It's possible that the original word was not encrypted using a simple Caesar cipher with a shift.",1,6,"1. tohjt
2. hotjt
3. thjot
4. thotj
5. jotth

Now, I will try decrypting the ciphertext using the Caesar cipher technique by trying at least 5 different shifts.

1. Shift 1: signs
2. Shift 2: rfgmr
3. Shift 3: qeflq
4. Shift 4: pedkp
5. Shift 5: odcjo

Based on the results, it looks like the decryption using a Caesar cipher didn't provide a clear E",1,0.0
tjhot,signs,5,1,"1. tohjt
2. hotjt
3. thjot
4. thotj
5. jotth

Now, I will try decrypting the ciphertext using the Caesar cipher technique by trying at least 5 different shifts.

1. Shift 1: signs
2. Shift 2: rfgmr
3. Shift 3: qeflq
4. Shift 4: pedkp
5. Shift 5: odcjo

Based on the results, it looks like the decryption using a Caesar cipher didn't provide a clear English word. It's possible that the original word was not encrypted using a simple Caesar cipher with a shift.",1,7,"1. tohjt
2. hotjt
3. thjot
4. thotj
5. jotth

Now, I will try decrypting the ciphertext using the Caesar cipher technique by trying at least 5 different shifts.

1. Shift 1: signs
2. Shift 2: rfgmr
3. Shift 3: qeflq
4. Shift 4: pedkp
5. Shift 5: odcjo

Based on the results, it looks like the decryption using a Caesar cipher didn't provide a clear English word. It's possible that the original word ",1,0.0
tjhot,signs,5,1,"1. tohjt
2. hotjt
3. thjot
4. thotj
5. jotth

Now, I will try decrypting the ciphertext using the Caesar cipher technique by trying at least 5 different shifts.

1. Shift 1: signs
2. Shift 2: rfgmr
3. Shift 3: qeflq
4. Shift 4: pedkp
5. Shift 5: odcjo

Based on the results, it looks like the decryption using a Caesar cipher didn't provide a clear English word. It's possible that the original word was not encrypted using a simple Caesar cipher with a shift.",1,8,"1. tohjt
2. hotjt
3. thjot
4. thotj
5. jotth

Now, I will try decrypting the ciphertext using the Caesar cipher technique by trying at least 5 different shifts.

1. Shift 1: signs
2. Shift 2: rfgmr
3. Shift 3: qeflq
4. Shift 4: pedkp
5. Shift 5: odcjo

Based on the results, it looks like the decryption using a Caesar cipher didn't provide a clear English word. It's possible that the original word was not encrypted using a simple Caesar cipher wit",1,0.0
tjhot,signs,5,1,"1. tohjt
2. hotjt
3. thjot
4. thotj
5. jotth

Now, I will try decrypting the ciphertext using the Caesar cipher technique by trying at least 5 different shifts.

1. Shift 1: signs
2. Shift 2: rfgmr
3. Shift 3: qeflq
4. Shift 4: pedkp
5. Shift 5: odcjo

Based on the results, it looks like the decryption using a Caesar cipher didn't provide a clear English word. It's possible that the original word was not encrypted using a simple Caesar cipher with a shift.",1,9,"1. tohjt
2. hotjt
3. thjot
4. thotj
5. jotth

Now, I will try decrypting the ciphertext using the Caesar cipher technique by trying at least 5 different shifts.

1. Shift 1: signs
2. Shift 2: rfgmr
3. Shift 3: qeflq
4. Shift 4: pedkp
5. Shift 5: odcjo

Based on the results, it looks like the decryption using a Caesar cipher didn't provide a clear English word. It's possible that the original word was not encrypted using a simple Caesar cipher with a shift.",1,0.0
qbqfs,paper,5,1,"1. sqfqb
2. sbqfq
3. fbqqq
4. bfqqq
5. fqbbq

Since unscrambling as an anagram didn't yield any English word, I will try decrypting it as a Caesar cipher with shifts from 1 to 5.

1. Shift 1: paper
2. Shift 2: oodqo
3. Shift 3: nncpn
4. Shift 4: mmbom
5. Shift 5: lalan

None of the decryption attempts as a Caesar cipher produced any English word. Let me try a few more shifts.

6. Shift 6: kzkzk
7. Shift 7: jyjyj
8. Shift 8: ixiyi
9. Shift 9: hwhxh

None of the decryption attempts yielded an English word either. At this point, it seems like the ciphertext might not be easily decryptable.",1,0,"1. sqfqb
2. sbqfq
3. fbqqq
4. bfqqq
5. fqbbq

Sinc",0,1.0
qbqfs,paper,5,1,"1. sqfqb
2. sbqfq
3. fbqqq
4. bfqqq
5. fqbbq

Since unscrambling as an anagram didn't yield any English word, I will try decrypting it as a Caesar cipher with shifts from 1 to 5.

1. Shift 1: paper
2. Shift 2: oodqo
3. Shift 3: nncpn
4. Shift 4: mmbom
5. Shift 5: lalan

None of the decryption attempts as a Caesar cipher produced any English word. Let me try a few more shifts.

6. Shift 6: kzkzk
7. Shift 7: jyjyj
8. Shift 8: ixiyi
9. Shift 9: hwhxh

None of the decryption attempts yielded an English word either. At this point, it seems like the ciphertext might not be easily decryptable.",1,1,"1. sqfqb
2. sbqfq
3. fbqqq
4. bfqqq
5. fqbbq

Since unscrambling as an anagram didn't yield any Engl",1,1.0
qbqfs,paper,5,1,"1. sqfqb
2. sbqfq
3. fbqqq
4. bfqqq
5. fqbbq

Since unscrambling as an anagram didn't yield any English word, I will try decrypting it as a Caesar cipher with shifts from 1 to 5.

1. Shift 1: paper
2. Shift 2: oodqo
3. Shift 3: nncpn
4. Shift 4: mmbom
5. Shift 5: lalan

None of the decryption attempts as a Caesar cipher produced any English word. Let me try a few more shifts.

6. Shift 6: kzkzk
7. Shift 7: jyjyj
8. Shift 8: ixiyi
9. Shift 9: hwhxh

None of the decryption attempts yielded an English word either. At this point, it seems like the ciphertext might not be easily decryptable.",1,2,"1. sqfqb
2. sbqfq
3. fbqqq
4. bfqqq
5. fqbbq

Since unscrambling as an anagram didn't yield any English word, I will try decrypting it as a Caesar cip",1,1.0
qbqfs,paper,5,1,"1. sqfqb
2. sbqfq
3. fbqqq
4. bfqqq
5. fqbbq

Since unscrambling as an anagram didn't yield any English word, I will try decrypting it as a Caesar cipher with shifts from 1 to 5.

1. Shift 1: paper
2. Shift 2: oodqo
3. Shift 3: nncpn
4. Shift 4: mmbom
5. Shift 5: lalan

None of the decryption attempts as a Caesar cipher produced any English word. Let me try a few more shifts.

6. Shift 6: kzkzk
7. Shift 7: jyjyj
8. Shift 8: ixiyi
9. Shift 9: hwhxh

None of the decryption attempts yielded an English word either. At this point, it seems like the ciphertext might not be easily decryptable.",1,3,"1. sqfqb
2. sbqfq
3. fbqqq
4. bfqqq
5. fqbbq

Since unscrambling as an anagram didn't yield any English word, I will try decrypting it as a Caesar cipher with shifts from 1 to 5.

1. Shift 1: paper
2.",1,1.0
qbqfs,paper,5,1,"1. sqfqb
2. sbqfq
3. fbqqq
4. bfqqq
5. fqbbq

Since unscrambling as an anagram didn't yield any English word, I will try decrypting it as a Caesar cipher with shifts from 1 to 5.

1. Shift 1: paper
2. Shift 2: oodqo
3. Shift 3: nncpn
4. Shift 4: mmbom
5. Shift 5: lalan

None of the decryption attempts as a Caesar cipher produced any English word. Let me try a few more shifts.

6. Shift 6: kzkzk
7. Shift 7: jyjyj
8. Shift 8: ixiyi
9. Shift 9: hwhxh

None of the decryption attempts yielded an English word either. At this point, it seems like the ciphertext might not be easily decryptable.",1,4,"1. sqfqb
2. sbqfq
3. fbqqq
4. bfqqq
5. fqbbq

Since unscrambling as an anagram didn't yield any English word, I will try decrypting it as a Caesar cipher with shifts from 1 to 5.

1. Shift 1: paper
2. Shift 2: oodqo
3. Shift 3: nncpn
4. Shift 4: mmbo",1,1.0
qbqfs,paper,5,1,"1. sqfqb
2. sbqfq
3. fbqqq
4. bfqqq
5. fqbbq

Since unscrambling as an anagram didn't yield any English word, I will try decrypting it as a Caesar cipher with shifts from 1 to 5.

1. Shift 1: paper
2. Shift 2: oodqo
3. Shift 3: nncpn
4. Shift 4: mmbom
5. Shift 5: lalan

None of the decryption attempts as a Caesar cipher produced any English word. Let me try a few more shifts.

6. Shift 6: kzkzk
7. Shift 7: jyjyj
8. Shift 8: ixiyi
9. Shift 9: hwhxh

None of the decryption attempts yielded an English word either. At this point, it seems like the ciphertext might not be easily decryptable.",1,5,"1. sqfqb
2. sbqfq
3. fbqqq
4. bfqqq
5. fqbbq

Since unscrambling as an anagram didn't yield any English word, I will try decrypting it as a Caesar cipher with shifts from 1 to 5.

1. Shift 1: paper
2. Shift 2: oodqo
3. Shift 3: nncpn
4. Shift 4: mmbom
5. Shift 5: lalan

None of the decryption attemp",1,1.0
qbqfs,paper,5,1,"1. sqfqb
2. sbqfq
3. fbqqq
4. bfqqq
5. fqbbq

Since unscrambling as an anagram didn't yield any English word, I will try decrypting it as a Caesar cipher with shifts from 1 to 5.

1. Shift 1: paper
2. Shift 2: oodqo
3. Shift 3: nncpn
4. Shift 4: mmbom
5. Shift 5: lalan

None of the decryption attempts as a Caesar cipher produced any English word. Let me try a few more shifts.

6. Shift 6: kzkzk
7. Shift 7: jyjyj
8. Shift 8: ixiyi
9. Shift 9: hwhxh

None of the decryption attempts yielded an English word either. At this point, it seems like the ciphertext might not be easily decryptable.",1,6,"1. sqfqb
2. sbqfq
3. fbqqq
4. bfqqq
5. fqbbq

Since unscrambling as an anagram didn't yield any English word, I will try decrypting it as a Caesar cipher with shifts from 1 to 5.

1. Shift 1: paper
2. Shift 2: oodqo
3. Shift 3: nncpn
4. Shift 4: mmbom
5. Shift 5: lalan

None of the decryption attempts as a Caesar cipher produced any English word. L",1,1.0
qbqfs,paper,5,1,"1. sqfqb
2. sbqfq
3. fbqqq
4. bfqqq
5. fqbbq

Since unscrambling as an anagram didn't yield any English word, I will try decrypting it as a Caesar cipher with shifts from 1 to 5.

1. Shift 1: paper
2. Shift 2: oodqo
3. Shift 3: nncpn
4. Shift 4: mmbom
5. Shift 5: lalan

None of the decryption attempts as a Caesar cipher produced any English word. Let me try a few more shifts.

6. Shift 6: kzkzk
7. Shift 7: jyjyj
8. Shift 8: ixiyi
9. Shift 9: hwhxh

None of the decryption attempts yielded an English word either. At this point, it seems like the ciphertext might not be easily decryptable.",1,7,"1. sqfqb
2. sbqfq
3. fbqqq
4. bfqqq
5. fqbbq

Since unscrambling as an anagram didn't yield any English word, I will try decrypting it as a Caesar cipher with shifts from 1 to 5.

1. Shift 1: paper
2. Shift 2: oodqo
3. Shift 3: nncpn
4. Shift 4: mmbom
5. Shift 5: lalan

None of the decryption attempts as a Caesar cipher produced any English word. Let me try a few more shifts.

6. Shift 6: kzkzk
7.",1,1.0
qbqfs,paper,5,1,"1. sqfqb
2. sbqfq
3. fbqqq
4. bfqqq
5. fqbbq

Since unscrambling as an anagram didn't yield any English word, I will try decrypting it as a Caesar cipher with shifts from 1 to 5.

1. Shift 1: paper
2. Shift 2: oodqo
3. Shift 3: nncpn
4. Shift 4: mmbom
5. Shift 5: lalan

None of the decryption attempts as a Caesar cipher produced any English word. Let me try a few more shifts.

6. Shift 6: kzkzk
7. Shift 7: jyjyj
8. Shift 8: ixiyi
9. Shift 9: hwhxh

None of the decryption attempts yielded an English word either. At this point, it seems like the ciphertext might not be easily decryptable.",1,8,"1. sqfqb
2. sbqfq
3. fbqqq
4. bfqqq
5. fqbbq

Since unscrambling as an anagram didn't yield any English word, I will try decrypting it as a Caesar cipher with shifts from 1 to 5.

1. Shift 1: paper
2. Shift 2: oodqo
3. Shift 3: nncpn
4. Shift 4: mmbom
5. Shift 5: lalan

None of the decryption attempts as a Caesar cipher produced any English word. Let me try a few more shifts.

6. Shift 6: kzkzk
7. Shift 7: jyjyj
8. Shift 8: ixiyi
9. Shift 9: hwhx",1,1.0
qbqfs,paper,5,1,"1. sqfqb
2. sbqfq
3. fbqqq
4. bfqqq
5. fqbbq

Since unscrambling as an anagram didn't yield any English word, I will try decrypting it as a Caesar cipher with shifts from 1 to 5.

1. Shift 1: paper
2. Shift 2: oodqo
3. Shift 3: nncpn
4. Shift 4: mmbom
5. Shift 5: lalan

None of the decryption attempts as a Caesar cipher produced any English word. Let me try a few more shifts.

6. Shift 6: kzkzk
7. Shift 7: jyjyj
8. Shift 8: ixiyi
9. Shift 9: hwhxh

None of the decryption attempts yielded an English word either. At this point, it seems like the ciphertext might not be easily decryptable.",1,9,"1. sqfqb
2. sbqfq
3. fbqqq
4. bfqqq
5. fqbbq

Since unscrambling as an anagram didn't yield any English word, I will try decrypting it as a Caesar cipher with shifts from 1 to 5.

1. Shift 1: paper
2. Shift 2: oodqo
3. Shift 3: nncpn
4. Shift 4: mmbom
5. Shift 5: lalan

None of the decryption attempts as a Caesar cipher produced any English word. Let me try a few more shifts.

6. Shift 6: kzkzk
7. Shift 7: jyjyj
8. Shift 8: ixiyi
9. Shift 9: hwhxh

None of the decryption attempts yielded an Engl",1,1.0
qbqfs,paper,5,1,"1. sqfqb
2. sbqfq
3. fbqqq
4. bfqqq
5. fqbbq

Since unscrambling as an anagram didn't yield any English word, I will try decrypting it as a Caesar cipher with shifts from 1 to 5.

1. Shift 1: paper
2. Shift 2: oodqo
3. Shift 3: nncpn
4. Shift 4: mmbom
5. Shift 5: lalan

None of the decryption attempts as a Caesar cipher produced any English word. Let me try a few more shifts.

6. Shift 6: kzkzk
7. Shift 7: jyjyj
8. Shift 8: ixiyi
9. Shift 9: hwhxh

None of the decryption attempts yielded an English word either. At this point, it seems like the ciphertext might not be easily decryptable.",1,10,"1. sqfqb
2. sbqfq
3. fbqqq
4. bfqqq
5. fqbbq

Since unscrambling as an anagram didn't yield any English word, I will try decrypting it as a Caesar cipher with shifts from 1 to 5.

1. Shift 1: paper
2. Shift 2: oodqo
3. Shift 3: nncpn
4. Shift 4: mmbom
5. Shift 5: lalan

None of the decryption attempts as a Caesar cipher produced any English word. Let me try a few more shifts.

6. Shift 6: kzkzk
7. Shift 7: jyjyj
8. Shift 8: ixiyi
9. Shift 9: hwhxh

None of the decryption attempts yielded an English word either. At this point, it seems like the ",1,1.0
qbqfs,paper,5,1,"1. sqfqb
2. sbqfq
3. fbqqq
4. bfqqq
5. fqbbq

Since unscrambling as an anagram didn't yield any English word, I will try decrypting it as a Caesar cipher with shifts from 1 to 5.

1. Shift 1: paper
2. Shift 2: oodqo
3. Shift 3: nncpn
4. Shift 4: mmbom
5. Shift 5: lalan

None of the decryption attempts as a Caesar cipher produced any English word. Let me try a few more shifts.

6. Shift 6: kzkzk
7. Shift 7: jyjyj
8. Shift 8: ixiyi
9. Shift 9: hwhxh

None of the decryption attempts yielded an English word either. At this point, it seems like the ciphertext might not be easily decryptable.",1,11,"1. sqfqb
2. sbqfq
3. fbqqq
4. bfqqq
5. fqbbq

Since unscrambling as an anagram didn't yield any English word, I will try decrypting it as a Caesar cipher with shifts from 1 to 5.

1. Shift 1: paper
2. Shift 2: oodqo
3. Shift 3: nncpn
4. Shift 4: mmbom
5. Shift 5: lalan

None of the decryption attempts as a Caesar cipher produced any English word. Let me try a few more shifts.

6. Shift 6: kzkzk
7. Shift 7: jyjyj
8. Shift 8: ixiyi
9. Shift 9: hwhxh

None of the decryption attempts yielded an English word either. At this point, it seems like the ciphertext might not be easily decryptable.",1,1.0
cmbdl,black,5,1,"1. clbmd
2. dlcmb
3. blcmd
4. cmdbl
5. bcmld",0,0,"1. clbmd
2. dlcmb
3. blcmd
4. cmdbl
5. bcmld",0,
vjgtg,there,5,2,"1. jgtvg
2. gjvtg
3. gvgjt
4. tvggj
5. ggjvt

Now, I'll try decrypting the ciphertext using a Caesar cipher with different shifts:

1. Shift 1: uifsf
2. Shift 2: therf
3. Shift 3: sgreq
4. Shift 4: rqfdp
5. Shift 5: qpeco

After trying both anagram and Caesar cipher decryption, it seems that the word may not be easily unscrambled. Let's try a few more Caesar cipher shifts:

6. Shift 6: poadn
7. Shift 7: onzcm
8. Shift 8: nmybl
9. Shift 9: mlxak
10. Shift 10: lkxaj

It appears that by using Caesar cipher decryption with a shift of 10, we get the potential English word ""kjzkj"".",0,0,"1. jgtvg
2. gjvtg
3. gvgjt
4. tvggj
5. ggjvt

Now,",1,0.0
vjgtg,there,5,2,"1. jgtvg
2. gjvtg
3. gvgjt
4. tvggj
5. ggjvt

Now, I'll try decrypting the ciphertext using a Caesar cipher with different shifts:

1. Shift 1: uifsf
2. Shift 2: therf
3. Shift 3: sgreq
4. Shift 4: rqfdp
5. Shift 5: qpeco

After trying both anagram and Caesar cipher decryption, it seems that the word may not be easily unscrambled. Let's try a few more Caesar cipher shifts:

6. Shift 6: poadn
7. Shift 7: onzcm
8. Shift 8: nmybl
9. Shift 9: mlxak
10. Shift 10: lkxaj

It appears that by using Caesar cipher decryption with a shift of 10, we get the potential English word ""kjzkj"".",0,1,"1. jgtvg
2. gjvtg
3. gvgjt
4. tvggj
5. ggjvt

Now, I'll try decrypting the ciphertext using a Caesar",1,0.0
vjgtg,there,5,2,"1. jgtvg
2. gjvtg
3. gvgjt
4. tvggj
5. ggjvt

Now, I'll try decrypting the ciphertext using a Caesar cipher with different shifts:

1. Shift 1: uifsf
2. Shift 2: therf
3. Shift 3: sgreq
4. Shift 4: rqfdp
5. Shift 5: qpeco

After trying both anagram and Caesar cipher decryption, it seems that the word may not be easily unscrambled. Let's try a few more Caesar cipher shifts:

6. Shift 6: poadn
7. Shift 7: onzcm
8. Shift 8: nmybl
9. Shift 9: mlxak
10. Shift 10: lkxaj

It appears that by using Caesar cipher decryption with a shift of 10, we get the potential English word ""kjzkj"".",0,2,"1. jgtvg
2. gjvtg
3. gvgjt
4. tvggj
5. ggjvt

Now, I'll try decrypting the ciphertext using a Caesar cipher with different shifts:

1. Shift 1: uifsf
",1,0.0
vjgtg,there,5,2,"1. jgtvg
2. gjvtg
3. gvgjt
4. tvggj
5. ggjvt

Now, I'll try decrypting the ciphertext using a Caesar cipher with different shifts:

1. Shift 1: uifsf
2. Shift 2: therf
3. Shift 3: sgreq
4. Shift 4: rqfdp
5. Shift 5: qpeco

After trying both anagram and Caesar cipher decryption, it seems that the word may not be easily unscrambled. Let's try a few more Caesar cipher shifts:

6. Shift 6: poadn
7. Shift 7: onzcm
8. Shift 8: nmybl
9. Shift 9: mlxak
10. Shift 10: lkxaj

It appears that by using Caesar cipher decryption with a shift of 10, we get the potential English word ""kjzkj"".",0,3,"1. jgtvg
2. gjvtg
3. gvgjt
4. tvggj
5. ggjvt

Now, I'll try decrypting the ciphertext using a Caesar cipher with different shifts:

1. Shift 1: uifsf
2. Shift 2: therf
3. Shift 3: sgreq
4. Shift 4: rq",1,0.0
vjgtg,there,5,2,"1. jgtvg
2. gjvtg
3. gvgjt
4. tvggj
5. ggjvt

Now, I'll try decrypting the ciphertext using a Caesar cipher with different shifts:

1. Shift 1: uifsf
2. Shift 2: therf
3. Shift 3: sgreq
4. Shift 4: rqfdp
5. Shift 5: qpeco

After trying both anagram and Caesar cipher decryption, it seems that the word may not be easily unscrambled. Let's try a few more Caesar cipher shifts:

6. Shift 6: poadn
7. Shift 7: onzcm
8. Shift 8: nmybl
9. Shift 9: mlxak
10. Shift 10: lkxaj

It appears that by using Caesar cipher decryption with a shift of 10, we get the potential English word ""kjzkj"".",0,4,"1. jgtvg
2. gjvtg
3. gvgjt
4. tvggj
5. ggjvt

Now, I'll try decrypting the ciphertext using a Caesar cipher with different shifts:

1. Shift 1: uifsf
2. Shift 2: therf
3. Shift 3: sgreq
4. Shift 4: rqfdp
5. Shift 5: qpeco

After trying both anagram a",1,0.0
vjgtg,there,5,2,"1. jgtvg
2. gjvtg
3. gvgjt
4. tvggj
5. ggjvt

Now, I'll try decrypting the ciphertext using a Caesar cipher with different shifts:

1. Shift 1: uifsf
2. Shift 2: therf
3. Shift 3: sgreq
4. Shift 4: rqfdp
5. Shift 5: qpeco

After trying both anagram and Caesar cipher decryption, it seems that the word may not be easily unscrambled. Let's try a few more Caesar cipher shifts:

6. Shift 6: poadn
7. Shift 7: onzcm
8. Shift 8: nmybl
9. Shift 9: mlxak
10. Shift 10: lkxaj

It appears that by using Caesar cipher decryption with a shift of 10, we get the potential English word ""kjzkj"".",0,5,"1. jgtvg
2. gjvtg
3. gvgjt
4. tvggj
5. ggjvt

Now, I'll try decrypting the ciphertext using a Caesar cipher with different shifts:

1. Shift 1: uifsf
2. Shift 2: therf
3. Shift 3: sgreq
4. Shift 4: rqfdp
5. Shift 5: qpeco

After trying both anagram and Caesar cipher decryption, it seems that the wor",1,0.0
vjgtg,there,5,2,"1. jgtvg
2. gjvtg
3. gvgjt
4. tvggj
5. ggjvt

Now, I'll try decrypting the ciphertext using a Caesar cipher with different shifts:

1. Shift 1: uifsf
2. Shift 2: therf
3. Shift 3: sgreq
4. Shift 4: rqfdp
5. Shift 5: qpeco

After trying both anagram and Caesar cipher decryption, it seems that the word may not be easily unscrambled. Let's try a few more Caesar cipher shifts:

6. Shift 6: poadn
7. Shift 7: onzcm
8. Shift 8: nmybl
9. Shift 9: mlxak
10. Shift 10: lkxaj

It appears that by using Caesar cipher decryption with a shift of 10, we get the potential English word ""kjzkj"".",0,6,"1. jgtvg
2. gjvtg
3. gvgjt
4. tvggj
5. ggjvt

Now, I'll try decrypting the ciphertext using a Caesar cipher with different shifts:

1. Shift 1: uifsf
2. Shift 2: therf
3. Shift 3: sgreq
4. Shift 4: rqfdp
5. Shift 5: qpeco

After trying both anagram and Caesar cipher decryption, it seems that the word may not be easily unscrambled. Let's try a few m",1,0.0
vjgtg,there,5,2,"1. jgtvg
2. gjvtg
3. gvgjt
4. tvggj
5. ggjvt

Now, I'll try decrypting the ciphertext using a Caesar cipher with different shifts:

1. Shift 1: uifsf
2. Shift 2: therf
3. Shift 3: sgreq
4. Shift 4: rqfdp
5. Shift 5: qpeco

After trying both anagram and Caesar cipher decryption, it seems that the word may not be easily unscrambled. Let's try a few more Caesar cipher shifts:

6. Shift 6: poadn
7. Shift 7: onzcm
8. Shift 8: nmybl
9. Shift 9: mlxak
10. Shift 10: lkxaj

It appears that by using Caesar cipher decryption with a shift of 10, we get the potential English word ""kjzkj"".",0,7,"1. jgtvg
2. gjvtg
3. gvgjt
4. tvggj
5. ggjvt

Now, I'll try decrypting the ciphertext using a Caesar cipher with different shifts:

1. Shift 1: uifsf
2. Shift 2: therf
3. Shift 3: sgreq
4. Shift 4: rqfdp
5. Shift 5: qpeco

After trying both anagram and Caesar cipher decryption, it seems that the word may not be easily unscrambled. Let's try a few more Caesar cipher shifts:

6. Shift 6: poadn
7. Sh",1,0.0
vjgtg,there,5,2,"1. jgtvg
2. gjvtg
3. gvgjt
4. tvggj
5. ggjvt

Now, I'll try decrypting the ciphertext using a Caesar cipher with different shifts:

1. Shift 1: uifsf
2. Shift 2: therf
3. Shift 3: sgreq
4. Shift 4: rqfdp
5. Shift 5: qpeco

After trying both anagram and Caesar cipher decryption, it seems that the word may not be easily unscrambled. Let's try a few more Caesar cipher shifts:

6. Shift 6: poadn
7. Shift 7: onzcm
8. Shift 8: nmybl
9. Shift 9: mlxak
10. Shift 10: lkxaj

It appears that by using Caesar cipher decryption with a shift of 10, we get the potential English word ""kjzkj"".",0,8,"1. jgtvg
2. gjvtg
3. gvgjt
4. tvggj
5. ggjvt

Now, I'll try decrypting the ciphertext using a Caesar cipher with different shifts:

1. Shift 1: uifsf
2. Shift 2: therf
3. Shift 3: sgreq
4. Shift 4: rqfdp
5. Shift 5: qpeco

After trying both anagram and Caesar cipher decryption, it seems that the word may not be easily unscrambled. Let's try a few more Caesar cipher shifts:

6. Shift 6: poadn
7. Shift 7: onzcm
8. Shift 8: nmybl
9. Shift 9: mlxak
1",1,0.0
vjgtg,there,5,2,"1. jgtvg
2. gjvtg
3. gvgjt
4. tvggj
5. ggjvt

Now, I'll try decrypting the ciphertext using a Caesar cipher with different shifts:

1. Shift 1: uifsf
2. Shift 2: therf
3. Shift 3: sgreq
4. Shift 4: rqfdp
5. Shift 5: qpeco

After trying both anagram and Caesar cipher decryption, it seems that the word may not be easily unscrambled. Let's try a few more Caesar cipher shifts:

6. Shift 6: poadn
7. Shift 7: onzcm
8. Shift 8: nmybl
9. Shift 9: mlxak
10. Shift 10: lkxaj

It appears that by using Caesar cipher decryption with a shift of 10, we get the potential English word ""kjzkj"".",0,9,"1. jgtvg
2. gjvtg
3. gvgjt
4. tvggj
5. ggjvt

Now, I'll try decrypting the ciphertext using a Caesar cipher with different shifts:

1. Shift 1: uifsf
2. Shift 2: therf
3. Shift 3: sgreq
4. Shift 4: rqfdp
5. Shift 5: qpeco

After trying both anagram and Caesar cipher decryption, it seems that the word may not be easily unscrambled. Let's try a few more Caesar cipher shifts:

6. Shift 6: poadn
7. Shift 7: onzcm
8. Shift 8: nmybl
9. Shift 9: mlxak
10. Shift 10: lkxaj

It appears that by using Caesa",1,0.0
vjgtg,there,5,2,"1. jgtvg
2. gjvtg
3. gvgjt
4. tvggj
5. ggjvt

Now, I'll try decrypting the ciphertext using a Caesar cipher with different shifts:

1. Shift 1: uifsf
2. Shift 2: therf
3. Shift 3: sgreq
4. Shift 4: rqfdp
5. Shift 5: qpeco

After trying both anagram and Caesar cipher decryption, it seems that the word may not be easily unscrambled. Let's try a few more Caesar cipher shifts:

6. Shift 6: poadn
7. Shift 7: onzcm
8. Shift 8: nmybl
9. Shift 9: mlxak
10. Shift 10: lkxaj

It appears that by using Caesar cipher decryption with a shift of 10, we get the potential English word ""kjzkj"".",0,10,"1. jgtvg
2. gjvtg
3. gvgjt
4. tvggj
5. ggjvt

Now, I'll try decrypting the ciphertext using a Caesar cipher with different shifts:

1. Shift 1: uifsf
2. Shift 2: therf
3. Shift 3: sgreq
4. Shift 4: rqfdp
5. Shift 5: qpeco

After trying both anagram and Caesar cipher decryption, it seems that the word may not be easily unscrambled. Let's try a few more Caesar cipher shifts:

6. Shift 6: poadn
7. Shift 7: onzcm
8. Shift 8: nmybl
9. Shift 9: mlxak
10. Shift 10: lkxaj

It appears that by using Caesar cipher decryption with a shift of 10, we get the",1,0.0
vjgtg,there,5,2,"1. jgtvg
2. gjvtg
3. gvgjt
4. tvggj
5. ggjvt

Now, I'll try decrypting the ciphertext using a Caesar cipher with different shifts:

1. Shift 1: uifsf
2. Shift 2: therf
3. Shift 3: sgreq
4. Shift 4: rqfdp
5. Shift 5: qpeco

After trying both anagram and Caesar cipher decryption, it seems that the word may not be easily unscrambled. Let's try a few more Caesar cipher shifts:

6. Shift 6: poadn
7. Shift 7: onzcm
8. Shift 8: nmybl
9. Shift 9: mlxak
10. Shift 10: lkxaj

It appears that by using Caesar cipher decryption with a shift of 10, we get the potential English word ""kjzkj"".",0,11,"1. jgtvg
2. gjvtg
3. gvgjt
4. tvggj
5. ggjvt

Now, I'll try decrypting the ciphertext using a Caesar cipher with different shifts:

1. Shift 1: uifsf
2. Shift 2: therf
3. Shift 3: sgreq
4. Shift 4: rqfdp
5. Shift 5: qpeco

After trying both anagram and Caesar cipher decryption, it seems that the word may not be easily unscrambled. Let's try a few more Caesar cipher shifts:

6. Shift 6: poadn
7. Shift 7: onzcm
8. Shift 8: nmybl
9. Shift 9: mlxak
10. Shift 10: lkxaj

It appears that by using Caesar cipher decryption with a shift of 10, we get the potential English word ""kjzkj"".",1,0.0
yqwnf,would,5,2,"1. Funny
2. Fywnq
3. Nyqwf
4. Fnyqw
5. Qwnfy

Since unscrambling the ciphertext as an anagram did not yield any meaningful English words, I will now try decrypting it using the Caesar cipher method with at least 5 different shifts.

Shift 1: xpvmg
Shift 2: woulf
Shift 3: vntke
Shift 4: umsjd
Shift 5: tlric

None of the Caesar cipher shifts produced any meaningful English word. It is likely that the original word is not a simple Caesar cipher or anagram.",0,0,"1. Funny
2. Fywnq
3. Nyqwf
4. Fnyqw
5. Qwnfy

Sinc",0,1.0
yqwnf,would,5,2,"1. Funny
2. Fywnq
3. Nyqwf
4. Fnyqw
5. Qwnfy

Since unscrambling the ciphertext as an anagram did not yield any meaningful English words, I will now try decrypting it using the Caesar cipher method with at least 5 different shifts.

Shift 1: xpvmg
Shift 2: woulf
Shift 3: vntke
Shift 4: umsjd
Shift 5: tlric

None of the Caesar cipher shifts produced any meaningful English word. It is likely that the original word is not a simple Caesar cipher or anagram.",0,1,"1. Funny
2. Fywnq
3. Nyqwf
4. Fnyqw
5. Qwnfy

Since unscrambling the ciphertext as an anagram did no",1,1.0
yqwnf,would,5,2,"1. Funny
2. Fywnq
3. Nyqwf
4. Fnyqw
5. Qwnfy

Since unscrambling the ciphertext as an anagram did not yield any meaningful English words, I will now try decrypting it using the Caesar cipher method with at least 5 different shifts.

Shift 1: xpvmg
Shift 2: woulf
Shift 3: vntke
Shift 4: umsjd
Shift 5: tlric

None of the Caesar cipher shifts produced any meaningful English word. It is likely that the original word is not a simple Caesar cipher or anagram.",0,2,"1. Funny
2. Fywnq
3. Nyqwf
4. Fnyqw
5. Qwnfy

Since unscrambling the ciphertext as an anagram did not yield any meaningful English words, I will now t",1,1.0
yqwnf,would,5,2,"1. Funny
2. Fywnq
3. Nyqwf
4. Fnyqw
5. Qwnfy

Since unscrambling the ciphertext as an anagram did not yield any meaningful English words, I will now try decrypting it using the Caesar cipher method with at least 5 different shifts.

Shift 1: xpvmg
Shift 2: woulf
Shift 3: vntke
Shift 4: umsjd
Shift 5: tlric

None of the Caesar cipher shifts produced any meaningful English word. It is likely that the original word is not a simple Caesar cipher or anagram.",0,3,"1. Funny
2. Fywnq
3. Nyqwf
4. Fnyqw
5. Qwnfy

Since unscrambling the ciphertext as an anagram did not yield any meaningful English words, I will now try decrypting it using the Caesar cipher method wi",1,1.0
yqwnf,would,5,2,"1. Funny
2. Fywnq
3. Nyqwf
4. Fnyqw
5. Qwnfy

Since unscrambling the ciphertext as an anagram did not yield any meaningful English words, I will now try decrypting it using the Caesar cipher method with at least 5 different shifts.

Shift 1: xpvmg
Shift 2: woulf
Shift 3: vntke
Shift 4: umsjd
Shift 5: tlric

None of the Caesar cipher shifts produced any meaningful English word. It is likely that the original word is not a simple Caesar cipher or anagram.",0,4,"1. Funny
2. Fywnq
3. Nyqwf
4. Fnyqw
5. Qwnfy

Since unscrambling the ciphertext as an anagram did not yield any meaningful English words, I will now try decrypting it using the Caesar cipher method with at least 5 different shifts.

Shift 1: xpvmg
Sh",1,1.0
yqwnf,would,5,2,"1. Funny
2. Fywnq
3. Nyqwf
4. Fnyqw
5. Qwnfy

Since unscrambling the ciphertext as an anagram did not yield any meaningful English words, I will now try decrypting it using the Caesar cipher method with at least 5 different shifts.

Shift 1: xpvmg
Shift 2: woulf
Shift 3: vntke
Shift 4: umsjd
Shift 5: tlric

None of the Caesar cipher shifts produced any meaningful English word. It is likely that the original word is not a simple Caesar cipher or anagram.",0,5,"1. Funny
2. Fywnq
3. Nyqwf
4. Fnyqw
5. Qwnfy

Since unscrambling the ciphertext as an anagram did not yield any meaningful English words, I will now try decrypting it using the Caesar cipher method with at least 5 different shifts.

Shift 1: xpvmg
Shift 2: woulf
Shift 3: vntke
Shift 4: umsjd
Shift 5",1,1.0
yqwnf,would,5,2,"1. Funny
2. Fywnq
3. Nyqwf
4. Fnyqw
5. Qwnfy

Since unscrambling the ciphertext as an anagram did not yield any meaningful English words, I will now try decrypting it using the Caesar cipher method with at least 5 different shifts.

Shift 1: xpvmg
Shift 2: woulf
Shift 3: vntke
Shift 4: umsjd
Shift 5: tlric

None of the Caesar cipher shifts produced any meaningful English word. It is likely that the original word is not a simple Caesar cipher or anagram.",0,6,"1. Funny
2. Fywnq
3. Nyqwf
4. Fnyqw
5. Qwnfy

Since unscrambling the ciphertext as an anagram did not yield any meaningful English words, I will now try decrypting it using the Caesar cipher method with at least 5 different shifts.

Shift 1: xpvmg
Shift 2: woulf
Shift 3: vntke
Shift 4: umsjd
Shift 5: tlric

None of the Caesar cipher shifts produced",1,1.0
yqwnf,would,5,2,"1. Funny
2. Fywnq
3. Nyqwf
4. Fnyqw
5. Qwnfy

Since unscrambling the ciphertext as an anagram did not yield any meaningful English words, I will now try decrypting it using the Caesar cipher method with at least 5 different shifts.

Shift 1: xpvmg
Shift 2: woulf
Shift 3: vntke
Shift 4: umsjd
Shift 5: tlric

None of the Caesar cipher shifts produced any meaningful English word. It is likely that the original word is not a simple Caesar cipher or anagram.",0,7,"1. Funny
2. Fywnq
3. Nyqwf
4. Fnyqw
5. Qwnfy

Since unscrambling the ciphertext as an anagram did not yield any meaningful English words, I will now try decrypting it using the Caesar cipher method with at least 5 different shifts.

Shift 1: xpvmg
Shift 2: woulf
Shift 3: vntke
Shift 4: umsjd
Shift 5: tlric

None of the Caesar cipher shifts produced any meaningful English word. It is likely that th",1,1.0
yqwnf,would,5,2,"1. Funny
2. Fywnq
3. Nyqwf
4. Fnyqw
5. Qwnfy

Since unscrambling the ciphertext as an anagram did not yield any meaningful English words, I will now try decrypting it using the Caesar cipher method with at least 5 different shifts.

Shift 1: xpvmg
Shift 2: woulf
Shift 3: vntke
Shift 4: umsjd
Shift 5: tlric

None of the Caesar cipher shifts produced any meaningful English word. It is likely that the original word is not a simple Caesar cipher or anagram.",0,8,"1. Funny
2. Fywnq
3. Nyqwf
4. Fnyqw
5. Qwnfy

Since unscrambling the ciphertext as an anagram did not yield any meaningful English words, I will now try decrypting it using the Caesar cipher method with at least 5 different shifts.

Shift 1: xpvmg
Shift 2: woulf
Shift 3: vntke
Shift 4: umsjd
Shift 5: tlric

None of the Caesar cipher shifts produced any meaningful English word. It is likely that the original word is not a simple Caesar cipher or a",1,1.0
yqwnf,would,5,2,"1. Funny
2. Fywnq
3. Nyqwf
4. Fnyqw
5. Qwnfy

Since unscrambling the ciphertext as an anagram did not yield any meaningful English words, I will now try decrypting it using the Caesar cipher method with at least 5 different shifts.

Shift 1: xpvmg
Shift 2: woulf
Shift 3: vntke
Shift 4: umsjd
Shift 5: tlric

None of the Caesar cipher shifts produced any meaningful English word. It is likely that the original word is not a simple Caesar cipher or anagram.",0,9,"1. Funny
2. Fywnq
3. Nyqwf
4. Fnyqw
5. Qwnfy

Since unscrambling the ciphertext as an anagram did not yield any meaningful English words, I will now try decrypting it using the Caesar cipher method with at least 5 different shifts.

Shift 1: xpvmg
Shift 2: woulf
Shift 3: vntke
Shift 4: umsjd
Shift 5: tlric

None of the Caesar cipher shifts produced any meaningful English word. It is likely that the original word is not a simple Caesar cipher or anagram.",1,1.0
yqtug,worse,5,2,"1. ""ugytq""
2. ""qguty""
3. ""ytqug""
4. ""gtquy""
5. ""tqguy""

Now, I'll try decrypting the ciphertext using a Caesar cipher with different shifts:

Shift 1: ""xpstf""
Shift 2: ""worse""
Shift 3: ""vnqrd""
Shift 4: ""umpqc""
Shift 5: ""tlopb""

None of these attempts resulted in a meaningful English word. It's possible that the ciphertext is not a simple anagram or Caesar cipher. Let me know if you'd like me to try any other methods!",1,0,"1. ""ugytq""
2. ""qguty""
3. ""ytqug""
4. ""gtquy""
5. ""tq",0,1.0
yqtug,worse,5,2,"1. ""ugytq""
2. ""qguty""
3. ""ytqug""
4. ""gtquy""
5. ""tqguy""

Now, I'll try decrypting the ciphertext using a Caesar cipher with different shifts:

Shift 1: ""xpstf""
Shift 2: ""worse""
Shift 3: ""vnqrd""
Shift 4: ""umpqc""
Shift 5: ""tlopb""

None of these attempts resulted in a meaningful English word. It's possible that the ciphertext is not a simple anagram or Caesar cipher. Let me know if you'd like me to try any other methods!",1,1,"1. ""ugytq""
2. ""qguty""
3. ""ytqug""
4. ""gtquy""
5. ""tqguy""

Now, I'll try decrypting the ciphertext usin",1,1.0
yqtug,worse,5,2,"1. ""ugytq""
2. ""qguty""
3. ""ytqug""
4. ""gtquy""
5. ""tqguy""

Now, I'll try decrypting the ciphertext using a Caesar cipher with different shifts:

Shift 1: ""xpstf""
Shift 2: ""worse""
Shift 3: ""vnqrd""
Shift 4: ""umpqc""
Shift 5: ""tlopb""

None of these attempts resulted in a meaningful English word. It's possible that the ciphertext is not a simple anagram or Caesar cipher. Let me know if you'd like me to try any other methods!",1,2,"1. ""ugytq""
2. ""qguty""
3. ""ytqug""
4. ""gtquy""
5. ""tqguy""

Now, I'll try decrypting the ciphertext using a Caesar cipher with different shifts:

Shift 1:",1,1.0
yqtug,worse,5,2,"1. ""ugytq""
2. ""qguty""
3. ""ytqug""
4. ""gtquy""
5. ""tqguy""

Now, I'll try decrypting the ciphertext using a Caesar cipher with different shifts:

Shift 1: ""xpstf""
Shift 2: ""worse""
Shift 3: ""vnqrd""
Shift 4: ""umpqc""
Shift 5: ""tlopb""

None of these attempts resulted in a meaningful English word. It's possible that the ciphertext is not a simple anagram or Caesar cipher. Let me know if you'd like me to try any other methods!",1,3,"1. ""ugytq""
2. ""qguty""
3. ""ytqug""
4. ""gtquy""
5. ""tqguy""

Now, I'll try decrypting the ciphertext using a Caesar cipher with different shifts:

Shift 1: ""xpstf""
Shift 2: ""worse""
Shift 3: ""vnqrd""
Shift 4",1,1.0
yqtug,worse,5,2,"1. ""ugytq""
2. ""qguty""
3. ""ytqug""
4. ""gtquy""
5. ""tqguy""

Now, I'll try decrypting the ciphertext using a Caesar cipher with different shifts:

Shift 1: ""xpstf""
Shift 2: ""worse""
Shift 3: ""vnqrd""
Shift 4: ""umpqc""
Shift 5: ""tlopb""

None of these attempts resulted in a meaningful English word. It's possible that the ciphertext is not a simple anagram or Caesar cipher. Let me know if you'd like me to try any other methods!",1,4,"1. ""ugytq""
2. ""qguty""
3. ""ytqug""
4. ""gtquy""
5. ""tqguy""

Now, I'll try decrypting the ciphertext using a Caesar cipher with different shifts:

Shift 1: ""xpstf""
Shift 2: ""worse""
Shift 3: ""vnqrd""
Shift 4: ""umpqc""
Shift 5: ""tlopb""

None of these attempts",1,1.0
yqtug,worse,5,2,"1. ""ugytq""
2. ""qguty""
3. ""ytqug""
4. ""gtquy""
5. ""tqguy""

Now, I'll try decrypting the ciphertext using a Caesar cipher with different shifts:

Shift 1: ""xpstf""
Shift 2: ""worse""
Shift 3: ""vnqrd""
Shift 4: ""umpqc""
Shift 5: ""tlopb""

None of these attempts resulted in a meaningful English word. It's possible that the ciphertext is not a simple anagram or Caesar cipher. Let me know if you'd like me to try any other methods!",1,5,"1. ""ugytq""
2. ""qguty""
3. ""ytqug""
4. ""gtquy""
5. ""tqguy""

Now, I'll try decrypting the ciphertext using a Caesar cipher with different shifts:

Shift 1: ""xpstf""
Shift 2: ""worse""
Shift 3: ""vnqrd""
Shift 4: ""umpqc""
Shift 5: ""tlopb""

None of these attempts resulted in a meaningful English word. It's possi",1,1.0
yqtug,worse,5,2,"1. ""ugytq""
2. ""qguty""
3. ""ytqug""
4. ""gtquy""
5. ""tqguy""

Now, I'll try decrypting the ciphertext using a Caesar cipher with different shifts:

Shift 1: ""xpstf""
Shift 2: ""worse""
Shift 3: ""vnqrd""
Shift 4: ""umpqc""
Shift 5: ""tlopb""

None of these attempts resulted in a meaningful English word. It's possible that the ciphertext is not a simple anagram or Caesar cipher. Let me know if you'd like me to try any other methods!",1,6,"1. ""ugytq""
2. ""qguty""
3. ""ytqug""
4. ""gtquy""
5. ""tqguy""

Now, I'll try decrypting the ciphertext using a Caesar cipher with different shifts:

Shift 1: ""xpstf""
Shift 2: ""worse""
Shift 3: ""vnqrd""
Shift 4: ""umpqc""
Shift 5: ""tlopb""

None of these attempts resulted in a meaningful English word. It's possible that the ciphertext is not a simple anagram or",1,1.0
yqtug,worse,5,2,"1. ""ugytq""
2. ""qguty""
3. ""ytqug""
4. ""gtquy""
5. ""tqguy""

Now, I'll try decrypting the ciphertext using a Caesar cipher with different shifts:

Shift 1: ""xpstf""
Shift 2: ""worse""
Shift 3: ""vnqrd""
Shift 4: ""umpqc""
Shift 5: ""tlopb""

None of these attempts resulted in a meaningful English word. It's possible that the ciphertext is not a simple anagram or Caesar cipher. Let me know if you'd like me to try any other methods!",1,7,"1. ""ugytq""
2. ""qguty""
3. ""ytqug""
4. ""gtquy""
5. ""tqguy""

Now, I'll try decrypting the ciphertext using a Caesar cipher with different shifts:

Shift 1: ""xpstf""
Shift 2: ""worse""
Shift 3: ""vnqrd""
Shift 4: ""umpqc""
Shift 5: ""tlopb""

None of these attempts resulted in a meaningful English word. It's possible that the ciphertext is not a simple anagram or Caesar cipher. Let me know if you'd like me to tr",1,1.0
yqtug,worse,5,2,"1. ""ugytq""
2. ""qguty""
3. ""ytqug""
4. ""gtquy""
5. ""tqguy""

Now, I'll try decrypting the ciphertext using a Caesar cipher with different shifts:

Shift 1: ""xpstf""
Shift 2: ""worse""
Shift 3: ""vnqrd""
Shift 4: ""umpqc""
Shift 5: ""tlopb""

None of these attempts resulted in a meaningful English word. It's possible that the ciphertext is not a simple anagram or Caesar cipher. Let me know if you'd like me to try any other methods!",1,8,"1. ""ugytq""
2. ""qguty""
3. ""ytqug""
4. ""gtquy""
5. ""tqguy""

Now, I'll try decrypting the ciphertext using a Caesar cipher with different shifts:

Shift 1: ""xpstf""
Shift 2: ""worse""
Shift 3: ""vnqrd""
Shift 4: ""umpqc""
Shift 5: ""tlopb""

None of these attempts resulted in a meaningful English word. It's possible that the ciphertext is not a simple anagram or Caesar cipher. Let me know if you'd like me to try any other methods!",1,1.0
uvctv,start,5,2,"1. vcutv
2. vutcv
3. vtcvu
4. vtvuc
5. vuctv

These are all the possible anagram combinations for the ciphertext ""uvctv"". Now, I will attempt to decrypt it using a Caesar cipher with different shift values.

1. Shift 1: tubsu
2. Shift 2: stash
3. Shift 3: srsgr
4. Shift 4: qrqfq
5. Shift 5: qppep

None of the decrypted words seem to make sense, so it's possible that the original ciphertext may not be a simple Caesar cipher.",0,0,"1. vcutv
2. vutcv
3. vtcvu
4. vtvuc
5. vuctv

Thes",0,2.0
uvctv,start,5,2,"1. vcutv
2. vutcv
3. vtcvu
4. vtvuc
5. vuctv

These are all the possible anagram combinations for the ciphertext ""uvctv"". Now, I will attempt to decrypt it using a Caesar cipher with different shift values.

1. Shift 1: tubsu
2. Shift 2: stash
3. Shift 3: srsgr
4. Shift 4: qrqfq
5. Shift 5: qppep

None of the decrypted words seem to make sense, so it's possible that the original ciphertext may not be a simple Caesar cipher.",0,1,"1. vcutv
2. vutcv
3. vtcvu
4. vtvuc
5. vuctv

These are all the possible anagram combinations for th",0,2.0
uvctv,start,5,2,"1. vcutv
2. vutcv
3. vtcvu
4. vtvuc
5. vuctv

These are all the possible anagram combinations for the ciphertext ""uvctv"". Now, I will attempt to decrypt it using a Caesar cipher with different shift values.

1. Shift 1: tubsu
2. Shift 2: stash
3. Shift 3: srsgr
4. Shift 4: qrqfq
5. Shift 5: qppep

None of the decrypted words seem to make sense, so it's possible that the original ciphertext may not be a simple Caesar cipher.",0,2,"1. vcutv
2. vutcv
3. vtcvu
4. vtvuc
5. vuctv

These are all the possible anagram combinations for the ciphertext ""uvctv"". Now, I will attempt to decry",1,2.0
uvctv,start,5,2,"1. vcutv
2. vutcv
3. vtcvu
4. vtvuc
5. vuctv

These are all the possible anagram combinations for the ciphertext ""uvctv"". Now, I will attempt to decrypt it using a Caesar cipher with different shift values.

1. Shift 1: tubsu
2. Shift 2: stash
3. Shift 3: srsgr
4. Shift 4: qrqfq
5. Shift 5: qppep

None of the decrypted words seem to make sense, so it's possible that the original ciphertext may not be a simple Caesar cipher.",0,3,"1. vcutv
2. vutcv
3. vtcvu
4. vtvuc
5. vuctv

These are all the possible anagram combinations for the ciphertext ""uvctv"". Now, I will attempt to decrypt it using a Caesar cipher with different shift v",1,2.0
uvctv,start,5,2,"1. vcutv
2. vutcv
3. vtcvu
4. vtvuc
5. vuctv

These are all the possible anagram combinations for the ciphertext ""uvctv"". Now, I will attempt to decrypt it using a Caesar cipher with different shift values.

1. Shift 1: tubsu
2. Shift 2: stash
3. Shift 3: srsgr
4. Shift 4: qrqfq
5. Shift 5: qppep

None of the decrypted words seem to make sense, so it's possible that the original ciphertext may not be a simple Caesar cipher.",0,4,"1. vcutv
2. vutcv
3. vtcvu
4. vtvuc
5. vuctv

These are all the possible anagram combinations for the ciphertext ""uvctv"". Now, I will attempt to decrypt it using a Caesar cipher with different shift values.

1. Shift 1: tubsu
2. Shift 2: stash
3. Shi",1,2.0
uvctv,start,5,2,"1. vcutv
2. vutcv
3. vtcvu
4. vtvuc
5. vuctv

These are all the possible anagram combinations for the ciphertext ""uvctv"". Now, I will attempt to decrypt it using a Caesar cipher with different shift values.

1. Shift 1: tubsu
2. Shift 2: stash
3. Shift 3: srsgr
4. Shift 4: qrqfq
5. Shift 5: qppep

None of the decrypted words seem to make sense, so it's possible that the original ciphertext may not be a simple Caesar cipher.",0,5,"1. vcutv
2. vutcv
3. vtcvu
4. vtvuc
5. vuctv

These are all the possible anagram combinations for the ciphertext ""uvctv"". Now, I will attempt to decrypt it using a Caesar cipher with different shift values.

1. Shift 1: tubsu
2. Shift 2: stash
3. Shift 3: srsgr
4. Shift 4: qrqfq
5. Shift 5: qppep

N",1,2.0
uvctv,start,5,2,"1. vcutv
2. vutcv
3. vtcvu
4. vtvuc
5. vuctv

These are all the possible anagram combinations for the ciphertext ""uvctv"". Now, I will attempt to decrypt it using a Caesar cipher with different shift values.

1. Shift 1: tubsu
2. Shift 2: stash
3. Shift 3: srsgr
4. Shift 4: qrqfq
5. Shift 5: qppep

None of the decrypted words seem to make sense, so it's possible that the original ciphertext may not be a simple Caesar cipher.",0,6,"1. vcutv
2. vutcv
3. vtcvu
4. vtvuc
5. vuctv

These are all the possible anagram combinations for the ciphertext ""uvctv"". Now, I will attempt to decrypt it using a Caesar cipher with different shift values.

1. Shift 1: tubsu
2. Shift 2: stash
3. Shift 3: srsgr
4. Shift 4: qrqfq
5. Shift 5: qppep

None of the decrypted words seem to make sense, so ",1,2.0
uvctv,start,5,2,"1. vcutv
2. vutcv
3. vtcvu
4. vtvuc
5. vuctv

These are all the possible anagram combinations for the ciphertext ""uvctv"". Now, I will attempt to decrypt it using a Caesar cipher with different shift values.

1. Shift 1: tubsu
2. Shift 2: stash
3. Shift 3: srsgr
4. Shift 4: qrqfq
5. Shift 5: qppep

None of the decrypted words seem to make sense, so it's possible that the original ciphertext may not be a simple Caesar cipher.",0,7,"1. vcutv
2. vutcv
3. vtcvu
4. vtvuc
5. vuctv

These are all the possible anagram combinations for the ciphertext ""uvctv"". Now, I will attempt to decrypt it using a Caesar cipher with different shift values.

1. Shift 1: tubsu
2. Shift 2: stash
3. Shift 3: srsgr
4. Shift 4: qrqfq
5. Shift 5: qppep

None of the decrypted words seem to make sense, so it's possible that the original ciphertext may not",1,2.0
uvctv,start,5,2,"1. vcutv
2. vutcv
3. vtcvu
4. vtvuc
5. vuctv

These are all the possible anagram combinations for the ciphertext ""uvctv"". Now, I will attempt to decrypt it using a Caesar cipher with different shift values.

1. Shift 1: tubsu
2. Shift 2: stash
3. Shift 3: srsgr
4. Shift 4: qrqfq
5. Shift 5: qppep

None of the decrypted words seem to make sense, so it's possible that the original ciphertext may not be a simple Caesar cipher.",0,8,"1. vcutv
2. vutcv
3. vtcvu
4. vtvuc
5. vuctv

These are all the possible anagram combinations for the ciphertext ""uvctv"". Now, I will attempt to decrypt it using a Caesar cipher with different shift values.

1. Shift 1: tubsu
2. Shift 2: stash
3. Shift 3: srsgr
4. Shift 4: qrqfq
5. Shift 5: qppep

None of the decrypted words seem to make sense, so it's possible that the original ciphertext may not be a simple Caesar cipher.",1,2.0
hcevu,facts,5,2,"1. vechu
2. cuveh
3. euvhc
4. uevhc
5. chevu",0,0,"1. vechu
2. cuveh
3. euvhc
4. uevhc
5. chevu",0,
okuvu,mists,5,2,"1. Vouku
2. Ukovo
3. Vokuu
4. Kuvou
5. Uvuko

Now I will continue by assuming it's a Caesar cipher and try to decrypt it using at least 5 different shifts.

Shift 1: njtwt
Shift 2: mists
Shift 3: lhrsr
Shift 4: kgqrq
Shift 5: jfpqp

It appears that decrypting using the Caesar cipher did not yield any meaningful results.",1,0,"1. Vouku
2. Ukovo
3. Vokuu
4. Kuvou
5. Uvuko

Now ",1,0.0
okuvu,mists,5,2,"1. Vouku
2. Ukovo
3. Vokuu
4. Kuvou
5. Uvuko

Now I will continue by assuming it's a Caesar cipher and try to decrypt it using at least 5 different shifts.

Shift 1: njtwt
Shift 2: mists
Shift 3: lhrsr
Shift 4: kgqrq
Shift 5: jfpqp

It appears that decrypting using the Caesar cipher did not yield any meaningful results.",1,1,"1. Vouku
2. Ukovo
3. Vokuu
4. Kuvou
5. Uvuko

Now I will continue by assuming it's a Caesar cipher a",1,0.0
okuvu,mists,5,2,"1. Vouku
2. Ukovo
3. Vokuu
4. Kuvou
5. Uvuko

Now I will continue by assuming it's a Caesar cipher and try to decrypt it using at least 5 different shifts.

Shift 1: njtwt
Shift 2: mists
Shift 3: lhrsr
Shift 4: kgqrq
Shift 5: jfpqp

It appears that decrypting using the Caesar cipher did not yield any meaningful results.",1,2,"1. Vouku
2. Ukovo
3. Vokuu
4. Kuvou
5. Uvuko

Now I will continue by assuming it's a Caesar cipher and try to decrypt it using at least 5 different sh",1,0.0
okuvu,mists,5,2,"1. Vouku
2. Ukovo
3. Vokuu
4. Kuvou
5. Uvuko

Now I will continue by assuming it's a Caesar cipher and try to decrypt it using at least 5 different shifts.

Shift 1: njtwt
Shift 2: mists
Shift 3: lhrsr
Shift 4: kgqrq
Shift 5: jfpqp

It appears that decrypting using the Caesar cipher did not yield any meaningful results.",1,3,"1. Vouku
2. Ukovo
3. Vokuu
4. Kuvou
5. Uvuko

Now I will continue by assuming it's a Caesar cipher and try to decrypt it using at least 5 different shifts.

Shift 1: njtwt
Shift 2: mists
Shift 3: lhrs",1,0.0
okuvu,mists,5,2,"1. Vouku
2. Ukovo
3. Vokuu
4. Kuvou
5. Uvuko

Now I will continue by assuming it's a Caesar cipher and try to decrypt it using at least 5 different shifts.

Shift 1: njtwt
Shift 2: mists
Shift 3: lhrsr
Shift 4: kgqrq
Shift 5: jfpqp

It appears that decrypting using the Caesar cipher did not yield any meaningful results.",1,4,"1. Vouku
2. Ukovo
3. Vokuu
4. Kuvou
5. Uvuko

Now I will continue by assuming it's a Caesar cipher and try to decrypt it using at least 5 different shifts.

Shift 1: njtwt
Shift 2: mists
Shift 3: lhrsr
Shift 4: kgqrq
Shift 5: jfpqp

It appears that d",1,0.0
okuvu,mists,5,2,"1. Vouku
2. Ukovo
3. Vokuu
4. Kuvou
5. Uvuko

Now I will continue by assuming it's a Caesar cipher and try to decrypt it using at least 5 different shifts.

Shift 1: njtwt
Shift 2: mists
Shift 3: lhrsr
Shift 4: kgqrq
Shift 5: jfpqp

It appears that decrypting using the Caesar cipher did not yield any meaningful results.",1,5,"1. Vouku
2. Ukovo
3. Vokuu
4. Kuvou
5. Uvuko

Now I will continue by assuming it's a Caesar cipher and try to decrypt it using at least 5 different shifts.

Shift 1: njtwt
Shift 2: mists
Shift 3: lhrsr
Shift 4: kgqrq
Shift 5: jfpqp

It appears that decrypting using the Caesar cipher did not yield an",1,0.0
okuvu,mists,5,2,"1. Vouku
2. Ukovo
3. Vokuu
4. Kuvou
5. Uvuko

Now I will continue by assuming it's a Caesar cipher and try to decrypt it using at least 5 different shifts.

Shift 1: njtwt
Shift 2: mists
Shift 3: lhrsr
Shift 4: kgqrq
Shift 5: jfpqp

It appears that decrypting using the Caesar cipher did not yield any meaningful results.",1,6,"1. Vouku
2. Ukovo
3. Vokuu
4. Kuvou
5. Uvuko

Now I will continue by assuming it's a Caesar cipher and try to decrypt it using at least 5 different shifts.

Shift 1: njtwt
Shift 2: mists
Shift 3: lhrsr
Shift 4: kgqrq
Shift 5: jfpqp

It appears that decrypting using the Caesar cipher did not yield any meaningful results.",1,0.0
vjgkt,their,5,2,"1. jgktv
2. jvgtk
3. ktvgj
4. kvjgt
5. tkvjg

Now, I'll try decrypting the ciphertext using a Caesar cipher with different shifts:

Shift 1: uifjs
Shift 2: their
Shift 3: sgdhq
Shift 4: rfcpg
Shift 5: qebnf

Based on these attempts, the most likely decrypted word is ""their"" with a Caesar cipher shift of 2.",1,0,"1. jgktv
2. jvgtk
3. ktvgj
4. kvjgt
5. tkvjg

Now,",1,0.0
vjgkt,their,5,2,"1. jgktv
2. jvgtk
3. ktvgj
4. kvjgt
5. tkvjg

Now, I'll try decrypting the ciphertext using a Caesar cipher with different shifts:

Shift 1: uifjs
Shift 2: their
Shift 3: sgdhq
Shift 4: rfcpg
Shift 5: qebnf

Based on these attempts, the most likely decrypted word is ""their"" with a Caesar cipher shift of 2.",1,1,"1. jgktv
2. jvgtk
3. ktvgj
4. kvjgt
5. tkvjg

Now, I'll try decrypting the ciphertext using a Caesar",1,0.0
vjgkt,their,5,2,"1. jgktv
2. jvgtk
3. ktvgj
4. kvjgt
5. tkvjg

Now, I'll try decrypting the ciphertext using a Caesar cipher with different shifts:

Shift 1: uifjs
Shift 2: their
Shift 3: sgdhq
Shift 4: rfcpg
Shift 5: qebnf

Based on these attempts, the most likely decrypted word is ""their"" with a Caesar cipher shift of 2.",1,2,"1. jgktv
2. jvgtk
3. ktvgj
4. kvjgt
5. tkvjg

Now, I'll try decrypting the ciphertext using a Caesar cipher with different shifts:

Shift 1: uifjs
Shi",1,0.0
vjgkt,their,5,2,"1. jgktv
2. jvgtk
3. ktvgj
4. kvjgt
5. tkvjg

Now, I'll try decrypting the ciphertext using a Caesar cipher with different shifts:

Shift 1: uifjs
Shift 2: their
Shift 3: sgdhq
Shift 4: rfcpg
Shift 5: qebnf

Based on these attempts, the most likely decrypted word is ""their"" with a Caesar cipher shift of 2.",1,3,"1. jgktv
2. jvgtk
3. ktvgj
4. kvjgt
5. tkvjg

Now, I'll try decrypting the ciphertext using a Caesar cipher with different shifts:

Shift 1: uifjs
Shift 2: their
Shift 3: sgdhq
Shift 4: rfcpg
Shift 5:",1,0.0
vjgkt,their,5,2,"1. jgktv
2. jvgtk
3. ktvgj
4. kvjgt
5. tkvjg

Now, I'll try decrypting the ciphertext using a Caesar cipher with different shifts:

Shift 1: uifjs
Shift 2: their
Shift 3: sgdhq
Shift 4: rfcpg
Shift 5: qebnf

Based on these attempts, the most likely decrypted word is ""their"" with a Caesar cipher shift of 2.",1,4,"1. jgktv
2. jvgtk
3. ktvgj
4. kvjgt
5. tkvjg

Now, I'll try decrypting the ciphertext using a Caesar cipher with different shifts:

Shift 1: uifjs
Shift 2: their
Shift 3: sgdhq
Shift 4: rfcpg
Shift 5: qebnf

Based on these attempts, the most likely d",1,0.0
vjgkt,their,5,2,"1. jgktv
2. jvgtk
3. ktvgj
4. kvjgt
5. tkvjg

Now, I'll try decrypting the ciphertext using a Caesar cipher with different shifts:

Shift 1: uifjs
Shift 2: their
Shift 3: sgdhq
Shift 4: rfcpg
Shift 5: qebnf

Based on these attempts, the most likely decrypted word is ""their"" with a Caesar cipher shift of 2.",1,5,"1. jgktv
2. jvgtk
3. ktvgj
4. kvjgt
5. tkvjg

Now, I'll try decrypting the ciphertext using a Caesar cipher with different shifts:

Shift 1: uifjs
Shift 2: their
Shift 3: sgdhq
Shift 4: rfcpg
Shift 5: qebnf

Based on these attempts, the most likely decrypted word is ""their"" with a Caesar cipher shif",1,0.0
vjgkt,their,5,2,"1. jgktv
2. jvgtk
3. ktvgj
4. kvjgt
5. tkvjg

Now, I'll try decrypting the ciphertext using a Caesar cipher with different shifts:

Shift 1: uifjs
Shift 2: their
Shift 3: sgdhq
Shift 4: rfcpg
Shift 5: qebnf

Based on these attempts, the most likely decrypted word is ""their"" with a Caesar cipher shift of 2.",1,6,"1. jgktv
2. jvgtk
3. ktvgj
4. kvjgt
5. tkvjg

Now, I'll try decrypting the ciphertext using a Caesar cipher with different shifts:

Shift 1: uifjs
Shift 2: their
Shift 3: sgdhq
Shift 4: rfcpg
Shift 5: qebnf

Based on these attempts, the most likely decrypted word is ""their"" with a Caesar cipher shift of 2.",1,0.0
vjgkt,their,5,2,"1. vjgkt -> ktvgj
2. vjgkt -> jktvg
3. vjgkt -> jgvkt
4. vjgkt -> kvjgt
5. vjgkt -> kvgtj

Now, I'll try to decrypt the ciphertext using a Caesar cipher with different shifts:

1. Shift 1: uifjs
2. Shift 2: thisr
3. Shift 3: sghpq
4. Shift 4: rfgop
5. Shift 5: qefno

Based on these attempts, it seems that ""this"" is the likely decrypted word using a Caesar cipher with a shift of 2.",0,0,"1. vjgkt -> ktvgj
2. vjgkt -> jktvg
3. vjgkt -> jg",0,1.0
vjgkt,their,5,2,"1. vjgkt -> ktvgj
2. vjgkt -> jktvg
3. vjgkt -> jgvkt
4. vjgkt -> kvjgt
5. vjgkt -> kvgtj

Now, I'll try to decrypt the ciphertext using a Caesar cipher with different shifts:

1. Shift 1: uifjs
2. Shift 2: thisr
3. Shift 3: sghpq
4. Shift 4: rfgop
5. Shift 5: qefno

Based on these attempts, it seems that ""this"" is the likely decrypted word using a Caesar cipher with a shift of 2.",0,1,"1. vjgkt -> ktvgj
2. vjgkt -> jktvg
3. vjgkt -> jgvkt
4. vjgkt -> kvjgt
5. vjgkt -> kvgtj

Now, I'll",1,1.0
vjgkt,their,5,2,"1. vjgkt -> ktvgj
2. vjgkt -> jktvg
3. vjgkt -> jgvkt
4. vjgkt -> kvjgt
5. vjgkt -> kvgtj

Now, I'll try to decrypt the ciphertext using a Caesar cipher with different shifts:

1. Shift 1: uifjs
2. Shift 2: thisr
3. Shift 3: sghpq
4. Shift 4: rfgop
5. Shift 5: qefno

Based on these attempts, it seems that ""this"" is the likely decrypted word using a Caesar cipher with a shift of 2.",0,2,"1. vjgkt -> ktvgj
2. vjgkt -> jktvg
3. vjgkt -> jgvkt
4. vjgkt -> kvjgt
5. vjgkt -> kvgtj

Now, I'll try to decrypt the ciphertext using a Caesar ciph",1,1.0
vjgkt,their,5,2,"1. vjgkt -> ktvgj
2. vjgkt -> jktvg
3. vjgkt -> jgvkt
4. vjgkt -> kvjgt
5. vjgkt -> kvgtj

Now, I'll try to decrypt the ciphertext using a Caesar cipher with different shifts:

1. Shift 1: uifjs
2. Shift 2: thisr
3. Shift 3: sghpq
4. Shift 4: rfgop
5. Shift 5: qefno

Based on these attempts, it seems that ""this"" is the likely decrypted word using a Caesar cipher with a shift of 2.",0,3,"1. vjgkt -> ktvgj
2. vjgkt -> jktvg
3. vjgkt -> jgvkt
4. vjgkt -> kvjgt
5. vjgkt -> kvgtj

Now, I'll try to decrypt the ciphertext using a Caesar cipher with different shifts:

1. Shift 1: uifjs
2. Sh",1,1.0
vjgkt,their,5,2,"1. vjgkt -> ktvgj
2. vjgkt -> jktvg
3. vjgkt -> jgvkt
4. vjgkt -> kvjgt
5. vjgkt -> kvgtj

Now, I'll try to decrypt the ciphertext using a Caesar cipher with different shifts:

1. Shift 1: uifjs
2. Shift 2: thisr
3. Shift 3: sghpq
4. Shift 4: rfgop
5. Shift 5: qefno

Based on these attempts, it seems that ""this"" is the likely decrypted word using a Caesar cipher with a shift of 2.",0,4,"1. vjgkt -> ktvgj
2. vjgkt -> jktvg
3. vjgkt -> jgvkt
4. vjgkt -> kvjgt
5. vjgkt -> kvgtj

Now, I'll try to decrypt the ciphertext using a Caesar cipher with different shifts:

1. Shift 1: uifjs
2. Shift 2: thisr
3. Shift 3: sghpq
4. Shift 4: rfgop
5",1,1.0
vjgkt,their,5,2,"1. vjgkt -> ktvgj
2. vjgkt -> jktvg
3. vjgkt -> jgvkt
4. vjgkt -> kvjgt
5. vjgkt -> kvgtj

Now, I'll try to decrypt the ciphertext using a Caesar cipher with different shifts:

1. Shift 1: uifjs
2. Shift 2: thisr
3. Shift 3: sghpq
4. Shift 4: rfgop
5. Shift 5: qefno

Based on these attempts, it seems that ""this"" is the likely decrypted word using a Caesar cipher with a shift of 2.",0,5,"1. vjgkt -> ktvgj
2. vjgkt -> jktvg
3. vjgkt -> jgvkt
4. vjgkt -> kvjgt
5. vjgkt -> kvgtj

Now, I'll try to decrypt the ciphertext using a Caesar cipher with different shifts:

1. Shift 1: uifjs
2. Shift 2: thisr
3. Shift 3: sghpq
4. Shift 4: rfgop
5. Shift 5: qefno

Based on these attempts, it seem",1,1.0
vjgkt,their,5,2,"1. vjgkt -> ktvgj
2. vjgkt -> jktvg
3. vjgkt -> jgvkt
4. vjgkt -> kvjgt
5. vjgkt -> kvgtj

Now, I'll try to decrypt the ciphertext using a Caesar cipher with different shifts:

1. Shift 1: uifjs
2. Shift 2: thisr
3. Shift 3: sghpq
4. Shift 4: rfgop
5. Shift 5: qefno

Based on these attempts, it seems that ""this"" is the likely decrypted word using a Caesar cipher with a shift of 2.",0,6,"1. vjgkt -> ktvgj
2. vjgkt -> jktvg
3. vjgkt -> jgvkt
4. vjgkt -> kvjgt
5. vjgkt -> kvgtj

Now, I'll try to decrypt the ciphertext using a Caesar cipher with different shifts:

1. Shift 1: uifjs
2. Shift 2: thisr
3. Shift 3: sghpq
4. Shift 4: rfgop
5. Shift 5: qefno

Based on these attempts, it seems that ""this"" is the likely decrypted word using a",1,1.0
vjgkt,their,5,2,"1. vjgkt -> ktvgj
2. vjgkt -> jktvg
3. vjgkt -> jgvkt
4. vjgkt -> kvjgt
5. vjgkt -> kvgtj

Now, I'll try to decrypt the ciphertext using a Caesar cipher with different shifts:

1. Shift 1: uifjs
2. Shift 2: thisr
3. Shift 3: sghpq
4. Shift 4: rfgop
5. Shift 5: qefno

Based on these attempts, it seems that ""this"" is the likely decrypted word using a Caesar cipher with a shift of 2.",0,7,"1. vjgkt -> ktvgj
2. vjgkt -> jktvg
3. vjgkt -> jgvkt
4. vjgkt -> kvjgt
5. vjgkt -> kvgtj

Now, I'll try to decrypt the ciphertext using a Caesar cipher with different shifts:

1. Shift 1: uifjs
2. Shift 2: thisr
3. Shift 3: sghpq
4. Shift 4: rfgop
5. Shift 5: qefno

Based on these attempts, it seems that ""this"" is the likely decrypted word using a Caesar cipher with a shift of 2.",1,1.0
uvcig,stage,5,2,"Here are 5 possible anagrams of ""uvcig"":
1. civic
2. vicug
3. guvci
4. cigvu
5. icvug

Now, I will try decrypting the ciphertext using a Caesar cipher with different shifts:
1. Shift 1: tubhf
2. Shift 2: satge
3. Shift 3: rszfd
4. Shift 4: qryec
5. Shift 5: pqxdb

Based on the attempts, none of the deciphered words seem to match any common English word. Let me know if you would like me to continue trying more shifts.",0,0,"Here are 5 possible anagrams of ""uvcig"":
1. civic
",0,1.0
uvcig,stage,5,2,"Here are 5 possible anagrams of ""uvcig"":
1. civic
2. vicug
3. guvci
4. cigvu
5. icvug

Now, I will try decrypting the ciphertext using a Caesar cipher with different shifts:
1. Shift 1: tubhf
2. Shift 2: satge
3. Shift 3: rszfd
4. Shift 4: qryec
5. Shift 5: pqxdb

Based on the attempts, none of the deciphered words seem to match any common English word. Let me know if you would like me to continue trying more shifts.",0,1,"Here are 5 possible anagrams of ""uvcig"":
1. civic
2. vicug
3. guvci
4. cigvu
5. icvug

Now, I will t",1,1.0
uvcig,stage,5,2,"Here are 5 possible anagrams of ""uvcig"":
1. civic
2. vicug
3. guvci
4. cigvu
5. icvug

Now, I will try decrypting the ciphertext using a Caesar cipher with different shifts:
1. Shift 1: tubhf
2. Shift 2: satge
3. Shift 3: rszfd
4. Shift 4: qryec
5. Shift 5: pqxdb

Based on the attempts, none of the deciphered words seem to match any common English word. Let me know if you would like me to continue trying more shifts.",0,2,"Here are 5 possible anagrams of ""uvcig"":
1. civic
2. vicug
3. guvci
4. cigvu
5. icvug

Now, I will try decrypting the ciphertext using a Caesar cipher",1,1.0
uvcig,stage,5,2,"Here are 5 possible anagrams of ""uvcig"":
1. civic
2. vicug
3. guvci
4. cigvu
5. icvug

Now, I will try decrypting the ciphertext using a Caesar cipher with different shifts:
1. Shift 1: tubhf
2. Shift 2: satge
3. Shift 3: rszfd
4. Shift 4: qryec
5. Shift 5: pqxdb

Based on the attempts, none of the deciphered words seem to match any common English word. Let me know if you would like me to continue trying more shifts.",0,3,"Here are 5 possible anagrams of ""uvcig"":
1. civic
2. vicug
3. guvci
4. cigvu
5. icvug

Now, I will try decrypting the ciphertext using a Caesar cipher with different shifts:
1. Shift 1: tubhf
2. Shift",1,1.0
uvcig,stage,5,2,"Here are 5 possible anagrams of ""uvcig"":
1. civic
2. vicug
3. guvci
4. cigvu
5. icvug

Now, I will try decrypting the ciphertext using a Caesar cipher with different shifts:
1. Shift 1: tubhf
2. Shift 2: satge
3. Shift 3: rszfd
4. Shift 4: qryec
5. Shift 5: pqxdb

Based on the attempts, none of the deciphered words seem to match any common English word. Let me know if you would like me to continue trying more shifts.",0,4,"Here are 5 possible anagrams of ""uvcig"":
1. civic
2. vicug
3. guvci
4. cigvu
5. icvug

Now, I will try decrypting the ciphertext using a Caesar cipher with different shifts:
1. Shift 1: tubhf
2. Shift 2: satge
3. Shift 3: rszfd
4. Shift 4: qryec
5. S",1,1.0
uvcig,stage,5,2,"Here are 5 possible anagrams of ""uvcig"":
1. civic
2. vicug
3. guvci
4. cigvu
5. icvug

Now, I will try decrypting the ciphertext using a Caesar cipher with different shifts:
1. Shift 1: tubhf
2. Shift 2: satge
3. Shift 3: rszfd
4. Shift 4: qryec
5. Shift 5: pqxdb

Based on the attempts, none of the deciphered words seem to match any common English word. Let me know if you would like me to continue trying more shifts.",0,5,"Here are 5 possible anagrams of ""uvcig"":
1. civic
2. vicug
3. guvci
4. cigvu
5. icvug

Now, I will try decrypting the ciphertext using a Caesar cipher with different shifts:
1. Shift 1: tubhf
2. Shift 2: satge
3. Shift 3: rszfd
4. Shift 4: qryec
5. Shift 5: pqxdb

Based on the attempts, none of the ",1,1.0
uvcig,stage,5,2,"Here are 5 possible anagrams of ""uvcig"":
1. civic
2. vicug
3. guvci
4. cigvu
5. icvug

Now, I will try decrypting the ciphertext using a Caesar cipher with different shifts:
1. Shift 1: tubhf
2. Shift 2: satge
3. Shift 3: rszfd
4. Shift 4: qryec
5. Shift 5: pqxdb

Based on the attempts, none of the deciphered words seem to match any common English word. Let me know if you would like me to continue trying more shifts.",0,6,"Here are 5 possible anagrams of ""uvcig"":
1. civic
2. vicug
3. guvci
4. cigvu
5. icvug

Now, I will try decrypting the ciphertext using a Caesar cipher with different shifts:
1. Shift 1: tubhf
2. Shift 2: satge
3. Shift 3: rszfd
4. Shift 4: qryec
5. Shift 5: pqxdb

Based on the attempts, none of the deciphered words seem to match any common English ",1,1.0
uvcig,stage,5,2,"Here are 5 possible anagrams of ""uvcig"":
1. civic
2. vicug
3. guvci
4. cigvu
5. icvug

Now, I will try decrypting the ciphertext using a Caesar cipher with different shifts:
1. Shift 1: tubhf
2. Shift 2: satge
3. Shift 3: rszfd
4. Shift 4: qryec
5. Shift 5: pqxdb

Based on the attempts, none of the deciphered words seem to match any common English word. Let me know if you would like me to continue trying more shifts.",0,7,"Here are 5 possible anagrams of ""uvcig"":
1. civic
2. vicug
3. guvci
4. cigvu
5. icvug

Now, I will try decrypting the ciphertext using a Caesar cipher with different shifts:
1. Shift 1: tubhf
2. Shift 2: satge
3. Shift 3: rszfd
4. Shift 4: qryec
5. Shift 5: pqxdb

Based on the attempts, none of the deciphered words seem to match any common English word. Let me know if you would like me to continue",1,1.0
uvcig,stage,5,2,"Here are 5 possible anagrams of ""uvcig"":
1. civic
2. vicug
3. guvci
4. cigvu
5. icvug

Now, I will try decrypting the ciphertext using a Caesar cipher with different shifts:
1. Shift 1: tubhf
2. Shift 2: satge
3. Shift 3: rszfd
4. Shift 4: qryec
5. Shift 5: pqxdb

Based on the attempts, none of the deciphered words seem to match any common English word. Let me know if you would like me to continue trying more shifts.",0,8,"Here are 5 possible anagrams of ""uvcig"":
1. civic
2. vicug
3. guvci
4. cigvu
5. icvug

Now, I will try decrypting the ciphertext using a Caesar cipher with different shifts:
1. Shift 1: tubhf
2. Shift 2: satge
3. Shift 3: rszfd
4. Shift 4: qryec
5. Shift 5: pqxdb

Based on the attempts, none of the deciphered words seem to match any common English word. Let me know if you would like me to continue trying more shifts.",1,1.0
cyctf,award,5,2,"1. Cyctf
2. Cfcyt
3. Ctfcy
4. Fctcy
5. Tfccy

Since unscrambling didn't yield any results, I will now attempt to decrypt the ciphertext using a Caesar cipher with different shifts.

1. Shift 1: bxbse
2. Shift 2: award
3. Shift 3: zvzqc
4. Shift 4: uyypb
5. Shift 5: txxoa

After trying 5 different shifts, the word ""award"" decrypted with a shift of 2 seems like a likely candidate.",1,0,"1. Cyctf
2. Cfcyt
3. Ctfcy
4. Fctcy
5. Tfccy

Sinc",0,1.0
cyctf,award,5,2,"1. Cyctf
2. Cfcyt
3. Ctfcy
4. Fctcy
5. Tfccy

Since unscrambling didn't yield any results, I will now attempt to decrypt the ciphertext using a Caesar cipher with different shifts.

1. Shift 1: bxbse
2. Shift 2: award
3. Shift 3: zvzqc
4. Shift 4: uyypb
5. Shift 5: txxoa

After trying 5 different shifts, the word ""award"" decrypted with a shift of 2 seems like a likely candidate.",1,1,"1. Cyctf
2. Cfcyt
3. Ctfcy
4. Fctcy
5. Tfccy

Since unscrambling didn't yield any results, I will no",1,1.0
cyctf,award,5,2,"1. Cyctf
2. Cfcyt
3. Ctfcy
4. Fctcy
5. Tfccy

Since unscrambling didn't yield any results, I will now attempt to decrypt the ciphertext using a Caesar cipher with different shifts.

1. Shift 1: bxbse
2. Shift 2: award
3. Shift 3: zvzqc
4. Shift 4: uyypb
5. Shift 5: txxoa

After trying 5 different shifts, the word ""award"" decrypted with a shift of 2 seems like a likely candidate.",1,2,"1. Cyctf
2. Cfcyt
3. Ctfcy
4. Fctcy
5. Tfccy

Since unscrambling didn't yield any results, I will now attempt to decrypt the ciphertext using a Caesar",1,1.0
cyctf,award,5,2,"1. Cyctf
2. Cfcyt
3. Ctfcy
4. Fctcy
5. Tfccy

Since unscrambling didn't yield any results, I will now attempt to decrypt the ciphertext using a Caesar cipher with different shifts.

1. Shift 1: bxbse
2. Shift 2: award
3. Shift 3: zvzqc
4. Shift 4: uyypb
5. Shift 5: txxoa

After trying 5 different shifts, the word ""award"" decrypted with a shift of 2 seems like a likely candidate.",1,3,"1. Cyctf
2. Cfcyt
3. Ctfcy
4. Fctcy
5. Tfccy

Since unscrambling didn't yield any results, I will now attempt to decrypt the ciphertext using a Caesar cipher with different shifts.

1. Shift 1: bxbse
",1,1.0
cyctf,award,5,2,"1. Cyctf
2. Cfcyt
3. Ctfcy
4. Fctcy
5. Tfccy

Since unscrambling didn't yield any results, I will now attempt to decrypt the ciphertext using a Caesar cipher with different shifts.

1. Shift 1: bxbse
2. Shift 2: award
3. Shift 3: zvzqc
4. Shift 4: uyypb
5. Shift 5: txxoa

After trying 5 different shifts, the word ""award"" decrypted with a shift of 2 seems like a likely candidate.",1,4,"1. Cyctf
2. Cfcyt
3. Ctfcy
4. Fctcy
5. Tfccy

Since unscrambling didn't yield any results, I will now attempt to decrypt the ciphertext using a Caesar cipher with different shifts.

1. Shift 1: bxbse
2. Shift 2: award
3. Shift 3: zvzqc
4. Shift 4: uy",1,1.0
cyctf,award,5,2,"1. Cyctf
2. Cfcyt
3. Ctfcy
4. Fctcy
5. Tfccy

Since unscrambling didn't yield any results, I will now attempt to decrypt the ciphertext using a Caesar cipher with different shifts.

1. Shift 1: bxbse
2. Shift 2: award
3. Shift 3: zvzqc
4. Shift 4: uyypb
5. Shift 5: txxoa

After trying 5 different shifts, the word ""award"" decrypted with a shift of 2 seems like a likely candidate.",1,5,"1. Cyctf
2. Cfcyt
3. Ctfcy
4. Fctcy
5. Tfccy

Since unscrambling didn't yield any results, I will now attempt to decrypt the ciphertext using a Caesar cipher with different shifts.

1. Shift 1: bxbse
2. Shift 2: award
3. Shift 3: zvzqc
4. Shift 4: uyypb
5. Shift 5: txxoa

After trying 5 different sh",1,1.0
cyctf,award,5,2,"1. Cyctf
2. Cfcyt
3. Ctfcy
4. Fctcy
5. Tfccy

Since unscrambling didn't yield any results, I will now attempt to decrypt the ciphertext using a Caesar cipher with different shifts.

1. Shift 1: bxbse
2. Shift 2: award
3. Shift 3: zvzqc
4. Shift 4: uyypb
5. Shift 5: txxoa

After trying 5 different shifts, the word ""award"" decrypted with a shift of 2 seems like a likely candidate.",1,6,"1. Cyctf
2. Cfcyt
3. Ctfcy
4. Fctcy
5. Tfccy

Since unscrambling didn't yield any results, I will now attempt to decrypt the ciphertext using a Caesar cipher with different shifts.

1. Shift 1: bxbse
2. Shift 2: award
3. Shift 3: zvzqc
4. Shift 4: uyypb
5. Shift 5: txxoa

After trying 5 different shifts, the word ""award"" decrypted with a shift of 2",1,1.0
cyctf,award,5,2,"1. Cyctf
2. Cfcyt
3. Ctfcy
4. Fctcy
5. Tfccy

Since unscrambling didn't yield any results, I will now attempt to decrypt the ciphertext using a Caesar cipher with different shifts.

1. Shift 1: bxbse
2. Shift 2: award
3. Shift 3: zvzqc
4. Shift 4: uyypb
5. Shift 5: txxoa

After trying 5 different shifts, the word ""award"" decrypted with a shift of 2 seems like a likely candidate.",1,7,"1. Cyctf
2. Cfcyt
3. Ctfcy
4. Fctcy
5. Tfccy

Since unscrambling didn't yield any results, I will now attempt to decrypt the ciphertext using a Caesar cipher with different shifts.

1. Shift 1: bxbse
2. Shift 2: award
3. Shift 3: zvzqc
4. Shift 4: uyypb
5. Shift 5: txxoa

After trying 5 different shifts, the word ""award"" decrypted with a shift of 2 seems like a likely candidate.",1,1.0
whvwv,tests,5,3,"1. whvwv = whvwv (no change)
2. whvwv = wvwhv
3. whvwv = wvvhw
4. whvwv = wvhvw
5. whvwv = vvwhw

Since unscrambling the ciphertext as an anagram did not yield any recognizable English word, I will now try decrypting it using a Caesar cipher with different shifts.

1. Shift 1: whvwv -> vguvu
2. Shift 2: whvwv -> ufutu
3. Shift 3: whvwv -> tetsr
4. Shift 4: whvwv -> sdsrq
5. Shift 5: whvwv -> rcrqp

None of the attempts to decrypt the ciphertext using shifts for a Caesar cipher resulted in any recognizable English word.",0,0,"1. whvwv = whvwv (no change)
2. whvwv = wvwhv
3. w",0,3.0
whvwv,tests,5,3,"1. whvwv = whvwv (no change)
2. whvwv = wvwhv
3. whvwv = wvvhw
4. whvwv = wvhvw
5. whvwv = vvwhw

Since unscrambling the ciphertext as an anagram did not yield any recognizable English word, I will now try decrypting it using a Caesar cipher with different shifts.

1. Shift 1: whvwv -> vguvu
2. Shift 2: whvwv -> ufutu
3. Shift 3: whvwv -> tetsr
4. Shift 4: whvwv -> sdsrq
5. Shift 5: whvwv -> rcrqp

None of the attempts to decrypt the ciphertext using shifts for a Caesar cipher resulted in any recognizable English word.",0,1,"1. whvwv = whvwv (no change)
2. whvwv = wvwhv
3. whvwv = wvvhw
4. whvwv = wvhvw
5. whvwv = vvwhw

Si",0,3.0
whvwv,tests,5,3,"1. whvwv = whvwv (no change)
2. whvwv = wvwhv
3. whvwv = wvvhw
4. whvwv = wvhvw
5. whvwv = vvwhw

Since unscrambling the ciphertext as an anagram did not yield any recognizable English word, I will now try decrypting it using a Caesar cipher with different shifts.

1. Shift 1: whvwv -> vguvu
2. Shift 2: whvwv -> ufutu
3. Shift 3: whvwv -> tetsr
4. Shift 4: whvwv -> sdsrq
5. Shift 5: whvwv -> rcrqp

None of the attempts to decrypt the ciphertext using shifts for a Caesar cipher resulted in any recognizable English word.",0,2,"1. whvwv = whvwv (no change)
2. whvwv = wvwhv
3. whvwv = wvvhw
4. whvwv = wvhvw
5. whvwv = vvwhw

Since unscrambling the ciphertext as an anagram did ",0,3.0
whvwv,tests,5,3,"1. whvwv = whvwv (no change)
2. whvwv = wvwhv
3. whvwv = wvvhw
4. whvwv = wvhvw
5. whvwv = vvwhw

Since unscrambling the ciphertext as an anagram did not yield any recognizable English word, I will now try decrypting it using a Caesar cipher with different shifts.

1. Shift 1: whvwv -> vguvu
2. Shift 2: whvwv -> ufutu
3. Shift 3: whvwv -> tetsr
4. Shift 4: whvwv -> sdsrq
5. Shift 5: whvwv -> rcrqp

None of the attempts to decrypt the ciphertext using shifts for a Caesar cipher resulted in any recognizable English word.",0,3,"1. whvwv = whvwv (no change)
2. whvwv = wvwhv
3. whvwv = wvvhw
4. whvwv = wvhvw
5. whvwv = vvwhw

Since unscrambling the ciphertext as an anagram did not yield any recognizable English word, I will no",1,3.0
whvwv,tests,5,3,"1. whvwv = whvwv (no change)
2. whvwv = wvwhv
3. whvwv = wvvhw
4. whvwv = wvhvw
5. whvwv = vvwhw

Since unscrambling the ciphertext as an anagram did not yield any recognizable English word, I will now try decrypting it using a Caesar cipher with different shifts.

1. Shift 1: whvwv -> vguvu
2. Shift 2: whvwv -> ufutu
3. Shift 3: whvwv -> tetsr
4. Shift 4: whvwv -> sdsrq
5. Shift 5: whvwv -> rcrqp

None of the attempts to decrypt the ciphertext using shifts for a Caesar cipher resulted in any recognizable English word.",0,4,"1. whvwv = whvwv (no change)
2. whvwv = wvwhv
3. whvwv = wvvhw
4. whvwv = wvhvw
5. whvwv = vvwhw

Since unscrambling the ciphertext as an anagram did not yield any recognizable English word, I will now try decrypting it using a Caesar cipher with dif",1,3.0
whvwv,tests,5,3,"1. whvwv = whvwv (no change)
2. whvwv = wvwhv
3. whvwv = wvvhw
4. whvwv = wvhvw
5. whvwv = vvwhw

Since unscrambling the ciphertext as an anagram did not yield any recognizable English word, I will now try decrypting it using a Caesar cipher with different shifts.

1. Shift 1: whvwv -> vguvu
2. Shift 2: whvwv -> ufutu
3. Shift 3: whvwv -> tetsr
4. Shift 4: whvwv -> sdsrq
5. Shift 5: whvwv -> rcrqp

None of the attempts to decrypt the ciphertext using shifts for a Caesar cipher resulted in any recognizable English word.",0,5,"1. whvwv = whvwv (no change)
2. whvwv = wvwhv
3. whvwv = wvvhw
4. whvwv = wvhvw
5. whvwv = vvwhw

Since unscrambling the ciphertext as an anagram did not yield any recognizable English word, I will now try decrypting it using a Caesar cipher with different shifts.

1. Shift 1: whvwv -> vguvu
2. Shif",1,3.0
whvwv,tests,5,3,"1. whvwv = whvwv (no change)
2. whvwv = wvwhv
3. whvwv = wvvhw
4. whvwv = wvhvw
5. whvwv = vvwhw

Since unscrambling the ciphertext as an anagram did not yield any recognizable English word, I will now try decrypting it using a Caesar cipher with different shifts.

1. Shift 1: whvwv -> vguvu
2. Shift 2: whvwv -> ufutu
3. Shift 3: whvwv -> tetsr
4. Shift 4: whvwv -> sdsrq
5. Shift 5: whvwv -> rcrqp

None of the attempts to decrypt the ciphertext using shifts for a Caesar cipher resulted in any recognizable English word.",0,6,"1. whvwv = whvwv (no change)
2. whvwv = wvwhv
3. whvwv = wvvhw
4. whvwv = wvhvw
5. whvwv = vvwhw

Since unscrambling the ciphertext as an anagram did not yield any recognizable English word, I will now try decrypting it using a Caesar cipher with different shifts.

1. Shift 1: whvwv -> vguvu
2. Shift 2: whvwv -> ufutu
3. Shift 3: whvwv -> tetsr
4. ",1,3.0
whvwv,tests,5,3,"1. whvwv = whvwv (no change)
2. whvwv = wvwhv
3. whvwv = wvvhw
4. whvwv = wvhvw
5. whvwv = vvwhw

Since unscrambling the ciphertext as an anagram did not yield any recognizable English word, I will now try decrypting it using a Caesar cipher with different shifts.

1. Shift 1: whvwv -> vguvu
2. Shift 2: whvwv -> ufutu
3. Shift 3: whvwv -> tetsr
4. Shift 4: whvwv -> sdsrq
5. Shift 5: whvwv -> rcrqp

None of the attempts to decrypt the ciphertext using shifts for a Caesar cipher resulted in any recognizable English word.",0,7,"1. whvwv = whvwv (no change)
2. whvwv = wvwhv
3. whvwv = wvvhw
4. whvwv = wvhvw
5. whvwv = vvwhw

Since unscrambling the ciphertext as an anagram did not yield any recognizable English word, I will now try decrypting it using a Caesar cipher with different shifts.

1. Shift 1: whvwv -> vguvu
2. Shift 2: whvwv -> ufutu
3. Shift 3: whvwv -> tetsr
4. Shift 4: whvwv -> sdsrq
5. Shift 5: whvwv -> rcrqp",1,3.0
whvwv,tests,5,3,"1. whvwv = whvwv (no change)
2. whvwv = wvwhv
3. whvwv = wvvhw
4. whvwv = wvhvw
5. whvwv = vvwhw

Since unscrambling the ciphertext as an anagram did not yield any recognizable English word, I will now try decrypting it using a Caesar cipher with different shifts.

1. Shift 1: whvwv -> vguvu
2. Shift 2: whvwv -> ufutu
3. Shift 3: whvwv -> tetsr
4. Shift 4: whvwv -> sdsrq
5. Shift 5: whvwv -> rcrqp

None of the attempts to decrypt the ciphertext using shifts for a Caesar cipher resulted in any recognizable English word.",0,8,"1. whvwv = whvwv (no change)
2. whvwv = wvwhv
3. whvwv = wvvhw
4. whvwv = wvhvw
5. whvwv = vvwhw

Since unscrambling the ciphertext as an anagram did not yield any recognizable English word, I will now try decrypting it using a Caesar cipher with different shifts.

1. Shift 1: whvwv -> vguvu
2. Shift 2: whvwv -> ufutu
3. Shift 3: whvwv -> tetsr
4. Shift 4: whvwv -> sdsrq
5. Shift 5: whvwv -> rcrqp

None of the attempts to decrypt the ciphertext u",1,3.0
whvwv,tests,5,3,"1. whvwv = whvwv (no change)
2. whvwv = wvwhv
3. whvwv = wvvhw
4. whvwv = wvhvw
5. whvwv = vvwhw

Since unscrambling the ciphertext as an anagram did not yield any recognizable English word, I will now try decrypting it using a Caesar cipher with different shifts.

1. Shift 1: whvwv -> vguvu
2. Shift 2: whvwv -> ufutu
3. Shift 3: whvwv -> tetsr
4. Shift 4: whvwv -> sdsrq
5. Shift 5: whvwv -> rcrqp

None of the attempts to decrypt the ciphertext using shifts for a Caesar cipher resulted in any recognizable English word.",0,9,"1. whvwv = whvwv (no change)
2. whvwv = wvwhv
3. whvwv = wvvhw
4. whvwv = wvhvw
5. whvwv = vvwhw

Since unscrambling the ciphertext as an anagram did not yield any recognizable English word, I will now try decrypting it using a Caesar cipher with different shifts.

1. Shift 1: whvwv -> vguvu
2. Shift 2: whvwv -> ufutu
3. Shift 3: whvwv -> tetsr
4. Shift 4: whvwv -> sdsrq
5. Shift 5: whvwv -> rcrqp

None of the attempts to decrypt the ciphertext using shifts for a Caesar cipher resulted in any re",1,3.0
whvwv,tests,5,3,"1. whvwv = whvwv (no change)
2. whvwv = wvwhv
3. whvwv = wvvhw
4. whvwv = wvhvw
5. whvwv = vvwhw

Since unscrambling the ciphertext as an anagram did not yield any recognizable English word, I will now try decrypting it using a Caesar cipher with different shifts.

1. Shift 1: whvwv -> vguvu
2. Shift 2: whvwv -> ufutu
3. Shift 3: whvwv -> tetsr
4. Shift 4: whvwv -> sdsrq
5. Shift 5: whvwv -> rcrqp

None of the attempts to decrypt the ciphertext using shifts for a Caesar cipher resulted in any recognizable English word.",0,10,"1. whvwv = whvwv (no change)
2. whvwv = wvwhv
3. whvwv = wvvhw
4. whvwv = wvhvw
5. whvwv = vvwhw

Since unscrambling the ciphertext as an anagram did not yield any recognizable English word, I will now try decrypting it using a Caesar cipher with different shifts.

1. Shift 1: whvwv -> vguvu
2. Shift 2: whvwv -> ufutu
3. Shift 3: whvwv -> tetsr
4. Shift 4: whvwv -> sdsrq
5. Shift 5: whvwv -> rcrqp

None of the attempts to decrypt the ciphertext using shifts for a Caesar cipher resulted in any recognizable English word.",1,3.0
nqrzq,known,5,3,"1. nqrzq = qrqnz
2. nqrzq = qznrq
3. nqrzq = qznqr
4. nqrzq = rzqnq
5. nqrzq = rqzqn

Since unscrambling as an anagram didn't yield any meaningful English word, I will now try to decrypt the ciphertext using a Caesar cipher with different shifts.

1. nqrzq with a Caesar shift of 1: mqpyp
2. nqrzq with a Caesar shift of 2: lpoxo
3. nqrzq with a Caesar shift of 3: kownn
4. nqrzq with a Caesar shift of 4: jnvmn
5. nqrzq with a Caesar shift of 5: imulm

None of the attempts to decrypt the ciphertext using a Caesar cipher with different shifts resulted in a meaningful English word either.",0,0,"1. nqrzq = qrqnz
2. nqrzq = qznrq
3. nqrzq = qznqr",0,1.0
nqrzq,known,5,3,"1. nqrzq = qrqnz
2. nqrzq = qznrq
3. nqrzq = qznqr
4. nqrzq = rzqnq
5. nqrzq = rqzqn

Since unscrambling as an anagram didn't yield any meaningful English word, I will now try to decrypt the ciphertext using a Caesar cipher with different shifts.

1. nqrzq with a Caesar shift of 1: mqpyp
2. nqrzq with a Caesar shift of 2: lpoxo
3. nqrzq with a Caesar shift of 3: kownn
4. nqrzq with a Caesar shift of 4: jnvmn
5. nqrzq with a Caesar shift of 5: imulm

None of the attempts to decrypt the ciphertext using a Caesar cipher with different shifts resulted in a meaningful English word either.",0,1,"1. nqrzq = qrqnz
2. nqrzq = qznrq
3. nqrzq = qznqr
4. nqrzq = rzqnq
5. nqrzq = rqzqn

Since unscramb",1,1.0
nqrzq,known,5,3,"1. nqrzq = qrqnz
2. nqrzq = qznrq
3. nqrzq = qznqr
4. nqrzq = rzqnq
5. nqrzq = rqzqn

Since unscrambling as an anagram didn't yield any meaningful English word, I will now try to decrypt the ciphertext using a Caesar cipher with different shifts.

1. nqrzq with a Caesar shift of 1: mqpyp
2. nqrzq with a Caesar shift of 2: lpoxo
3. nqrzq with a Caesar shift of 3: kownn
4. nqrzq with a Caesar shift of 4: jnvmn
5. nqrzq with a Caesar shift of 5: imulm

None of the attempts to decrypt the ciphertext using a Caesar cipher with different shifts resulted in a meaningful English word either.",0,2,"1. nqrzq = qrqnz
2. nqrzq = qznrq
3. nqrzq = qznqr
4. nqrzq = rzqnq
5. nqrzq = rqzqn

Since unscrambling as an anagram didn't yield any meaningful Eng",1,1.0
nqrzq,known,5,3,"1. nqrzq = qrqnz
2. nqrzq = qznrq
3. nqrzq = qznqr
4. nqrzq = rzqnq
5. nqrzq = rqzqn

Since unscrambling as an anagram didn't yield any meaningful English word, I will now try to decrypt the ciphertext using a Caesar cipher with different shifts.

1. nqrzq with a Caesar shift of 1: mqpyp
2. nqrzq with a Caesar shift of 2: lpoxo
3. nqrzq with a Caesar shift of 3: kownn
4. nqrzq with a Caesar shift of 4: jnvmn
5. nqrzq with a Caesar shift of 5: imulm

None of the attempts to decrypt the ciphertext using a Caesar cipher with different shifts resulted in a meaningful English word either.",0,3,"1. nqrzq = qrqnz
2. nqrzq = qznrq
3. nqrzq = qznqr
4. nqrzq = rzqnq
5. nqrzq = rqzqn

Since unscrambling as an anagram didn't yield any meaningful English word, I will now try to decrypt the ciphertex",1,1.0
nqrzq,known,5,3,"1. nqrzq = qrqnz
2. nqrzq = qznrq
3. nqrzq = qznqr
4. nqrzq = rzqnq
5. nqrzq = rqzqn

Since unscrambling as an anagram didn't yield any meaningful English word, I will now try to decrypt the ciphertext using a Caesar cipher with different shifts.

1. nqrzq with a Caesar shift of 1: mqpyp
2. nqrzq with a Caesar shift of 2: lpoxo
3. nqrzq with a Caesar shift of 3: kownn
4. nqrzq with a Caesar shift of 4: jnvmn
5. nqrzq with a Caesar shift of 5: imulm

None of the attempts to decrypt the ciphertext using a Caesar cipher with different shifts resulted in a meaningful English word either.",0,4,"1. nqrzq = qrqnz
2. nqrzq = qznrq
3. nqrzq = qznqr
4. nqrzq = rzqnq
5. nqrzq = rqzqn

Since unscrambling as an anagram didn't yield any meaningful English word, I will now try to decrypt the ciphertext using a Caesar cipher with different shifts.

1.",1,1.0
nqrzq,known,5,3,"1. nqrzq = qrqnz
2. nqrzq = qznrq
3. nqrzq = qznqr
4. nqrzq = rzqnq
5. nqrzq = rqzqn

Since unscrambling as an anagram didn't yield any meaningful English word, I will now try to decrypt the ciphertext using a Caesar cipher with different shifts.

1. nqrzq with a Caesar shift of 1: mqpyp
2. nqrzq with a Caesar shift of 2: lpoxo
3. nqrzq with a Caesar shift of 3: kownn
4. nqrzq with a Caesar shift of 4: jnvmn
5. nqrzq with a Caesar shift of 5: imulm

None of the attempts to decrypt the ciphertext using a Caesar cipher with different shifts resulted in a meaningful English word either.",0,5,"1. nqrzq = qrqnz
2. nqrzq = qznrq
3. nqrzq = qznqr
4. nqrzq = rzqnq
5. nqrzq = rqzqn

Since unscrambling as an anagram didn't yield any meaningful English word, I will now try to decrypt the ciphertext using a Caesar cipher with different shifts.

1. nqrzq with a Caesar shift of 1: mqpyp
2. nqrzq wi",1,1.0
nqrzq,known,5,3,"1. nqrzq = qrqnz
2. nqrzq = qznrq
3. nqrzq = qznqr
4. nqrzq = rzqnq
5. nqrzq = rqzqn

Since unscrambling as an anagram didn't yield any meaningful English word, I will now try to decrypt the ciphertext using a Caesar cipher with different shifts.

1. nqrzq with a Caesar shift of 1: mqpyp
2. nqrzq with a Caesar shift of 2: lpoxo
3. nqrzq with a Caesar shift of 3: kownn
4. nqrzq with a Caesar shift of 4: jnvmn
5. nqrzq with a Caesar shift of 5: imulm

None of the attempts to decrypt the ciphertext using a Caesar cipher with different shifts resulted in a meaningful English word either.",0,6,"1. nqrzq = qrqnz
2. nqrzq = qznrq
3. nqrzq = qznqr
4. nqrzq = rzqnq
5. nqrzq = rqzqn

Since unscrambling as an anagram didn't yield any meaningful English word, I will now try to decrypt the ciphertext using a Caesar cipher with different shifts.

1. nqrzq with a Caesar shift of 1: mqpyp
2. nqrzq with a Caesar shift of 2: lpoxo
3. nqrzq with a Caes",1,1.0
nqrzq,known,5,3,"1. nqrzq = qrqnz
2. nqrzq = qznrq
3. nqrzq = qznqr
4. nqrzq = rzqnq
5. nqrzq = rqzqn

Since unscrambling as an anagram didn't yield any meaningful English word, I will now try to decrypt the ciphertext using a Caesar cipher with different shifts.

1. nqrzq with a Caesar shift of 1: mqpyp
2. nqrzq with a Caesar shift of 2: lpoxo
3. nqrzq with a Caesar shift of 3: kownn
4. nqrzq with a Caesar shift of 4: jnvmn
5. nqrzq with a Caesar shift of 5: imulm

None of the attempts to decrypt the ciphertext using a Caesar cipher with different shifts resulted in a meaningful English word either.",0,7,"1. nqrzq = qrqnz
2. nqrzq = qznrq
3. nqrzq = qznqr
4. nqrzq = rzqnq
5. nqrzq = rqzqn

Since unscrambling as an anagram didn't yield any meaningful English word, I will now try to decrypt the ciphertext using a Caesar cipher with different shifts.

1. nqrzq with a Caesar shift of 1: mqpyp
2. nqrzq with a Caesar shift of 2: lpoxo
3. nqrzq with a Caesar shift of 3: kownn
4. nqrzq with a Caesar shift ",1,1.0
nqrzq,known,5,3,"1. nqrzq = qrqnz
2. nqrzq = qznrq
3. nqrzq = qznqr
4. nqrzq = rzqnq
5. nqrzq = rqzqn

Since unscrambling as an anagram didn't yield any meaningful English word, I will now try to decrypt the ciphertext using a Caesar cipher with different shifts.

1. nqrzq with a Caesar shift of 1: mqpyp
2. nqrzq with a Caesar shift of 2: lpoxo
3. nqrzq with a Caesar shift of 3: kownn
4. nqrzq with a Caesar shift of 4: jnvmn
5. nqrzq with a Caesar shift of 5: imulm

None of the attempts to decrypt the ciphertext using a Caesar cipher with different shifts resulted in a meaningful English word either.",0,8,"1. nqrzq = qrqnz
2. nqrzq = qznrq
3. nqrzq = qznqr
4. nqrzq = rzqnq
5. nqrzq = rqzqn

Since unscrambling as an anagram didn't yield any meaningful English word, I will now try to decrypt the ciphertext using a Caesar cipher with different shifts.

1. nqrzq with a Caesar shift of 1: mqpyp
2. nqrzq with a Caesar shift of 2: lpoxo
3. nqrzq with a Caesar shift of 3: kownn
4. nqrzq with a Caesar shift of 4: jnvmn
5. nqrzq with a Caesar shift of 5: imu",1,1.0
nqrzq,known,5,3,"1. nqrzq = qrqnz
2. nqrzq = qznrq
3. nqrzq = qznqr
4. nqrzq = rzqnq
5. nqrzq = rqzqn

Since unscrambling as an anagram didn't yield any meaningful English word, I will now try to decrypt the ciphertext using a Caesar cipher with different shifts.

1. nqrzq with a Caesar shift of 1: mqpyp
2. nqrzq with a Caesar shift of 2: lpoxo
3. nqrzq with a Caesar shift of 3: kownn
4. nqrzq with a Caesar shift of 4: jnvmn
5. nqrzq with a Caesar shift of 5: imulm

None of the attempts to decrypt the ciphertext using a Caesar cipher with different shifts resulted in a meaningful English word either.",0,9,"1. nqrzq = qrqnz
2. nqrzq = qznrq
3. nqrzq = qznqr
4. nqrzq = rzqnq
5. nqrzq = rqzqn

Since unscrambling as an anagram didn't yield any meaningful English word, I will now try to decrypt the ciphertext using a Caesar cipher with different shifts.

1. nqrzq with a Caesar shift of 1: mqpyp
2. nqrzq with a Caesar shift of 2: lpoxo
3. nqrzq with a Caesar shift of 3: kownn
4. nqrzq with a Caesar shift of 4: jnvmn
5. nqrzq with a Caesar shift of 5: imulm

None of the attempts to decrypt the ciphertext",1,1.0
nqrzq,known,5,3,"1. nqrzq = qrqnz
2. nqrzq = qznrq
3. nqrzq = qznqr
4. nqrzq = rzqnq
5. nqrzq = rqzqn

Since unscrambling as an anagram didn't yield any meaningful English word, I will now try to decrypt the ciphertext using a Caesar cipher with different shifts.

1. nqrzq with a Caesar shift of 1: mqpyp
2. nqrzq with a Caesar shift of 2: lpoxo
3. nqrzq with a Caesar shift of 3: kownn
4. nqrzq with a Caesar shift of 4: jnvmn
5. nqrzq with a Caesar shift of 5: imulm

None of the attempts to decrypt the ciphertext using a Caesar cipher with different shifts resulted in a meaningful English word either.",0,10,"1. nqrzq = qrqnz
2. nqrzq = qznrq
3. nqrzq = qznqr
4. nqrzq = rzqnq
5. nqrzq = rqzqn

Since unscrambling as an anagram didn't yield any meaningful English word, I will now try to decrypt the ciphertext using a Caesar cipher with different shifts.

1. nqrzq with a Caesar shift of 1: mqpyp
2. nqrzq with a Caesar shift of 2: lpoxo
3. nqrzq with a Caesar shift of 3: kownn
4. nqrzq with a Caesar shift of 4: jnvmn
5. nqrzq with a Caesar shift of 5: imulm

None of the attempts to decrypt the ciphertext using a Caesar cipher with different shifts resul",1,1.0
nqrzq,known,5,3,"1. nqrzq = qrqnz
2. nqrzq = qznrq
3. nqrzq = qznqr
4. nqrzq = rzqnq
5. nqrzq = rqzqn

Since unscrambling as an anagram didn't yield any meaningful English word, I will now try to decrypt the ciphertext using a Caesar cipher with different shifts.

1. nqrzq with a Caesar shift of 1: mqpyp
2. nqrzq with a Caesar shift of 2: lpoxo
3. nqrzq with a Caesar shift of 3: kownn
4. nqrzq with a Caesar shift of 4: jnvmn
5. nqrzq with a Caesar shift of 5: imulm

None of the attempts to decrypt the ciphertext using a Caesar cipher with different shifts resulted in a meaningful English word either.",0,11,"1. nqrzq = qrqnz
2. nqrzq = qznrq
3. nqrzq = qznqr
4. nqrzq = rzqnq
5. nqrzq = rqzqn

Since unscrambling as an anagram didn't yield any meaningful English word, I will now try to decrypt the ciphertext using a Caesar cipher with different shifts.

1. nqrzq with a Caesar shift of 1: mqpyp
2. nqrzq with a Caesar shift of 2: lpoxo
3. nqrzq with a Caesar shift of 3: kownn
4. nqrzq with a Caesar shift of 4: jnvmn
5. nqrzq with a Caesar shift of 5: imulm

None of the attempts to decrypt the ciphertext using a Caesar cipher with different shifts resulted in a meaningful English word either.",1,1.0
ehjlq,begin,5,3,"1. heljq
2. lehjq
3. qelhj
4. jqhel
5. lqjeh

Now, I will try decrypting the ciphertext using the Caesar cipher method with different shifts.

1. Shift 1: digkp
2. Shift 2: cfhjo
3. Shift 3: begin
4. Shift 4: afdhm
5. Shift 5: zecgl

Based on the results, ""begin"" seems to be a valid English word that can be formed by decrypting the ciphertext using a Caesar cipher with a shift of 3.",1,0,"1. heljq
2. lehjq
3. qelhj
4. jqhel
5. lqjeh

Now,",1,0.0
ehjlq,begin,5,3,"1. heljq
2. lehjq
3. qelhj
4. jqhel
5. lqjeh

Now, I will try decrypting the ciphertext using the Caesar cipher method with different shifts.

1. Shift 1: digkp
2. Shift 2: cfhjo
3. Shift 3: begin
4. Shift 4: afdhm
5. Shift 5: zecgl

Based on the results, ""begin"" seems to be a valid English word that can be formed by decrypting the ciphertext using a Caesar cipher with a shift of 3.",1,1,"1. heljq
2. lehjq
3. qelhj
4. jqhel
5. lqjeh

Now, I will try decrypting the ciphertext using the Ca",1,0.0
ehjlq,begin,5,3,"1. heljq
2. lehjq
3. qelhj
4. jqhel
5. lqjeh

Now, I will try decrypting the ciphertext using the Caesar cipher method with different shifts.

1. Shift 1: digkp
2. Shift 2: cfhjo
3. Shift 3: begin
4. Shift 4: afdhm
5. Shift 5: zecgl

Based on the results, ""begin"" seems to be a valid English word that can be formed by decrypting the ciphertext using a Caesar cipher with a shift of 3.",1,2,"1. heljq
2. lehjq
3. qelhj
4. jqhel
5. lqjeh

Now, I will try decrypting the ciphertext using the Caesar cipher method with different shifts.

1. Shif",1,0.0
ehjlq,begin,5,3,"1. heljq
2. lehjq
3. qelhj
4. jqhel
5. lqjeh

Now, I will try decrypting the ciphertext using the Caesar cipher method with different shifts.

1. Shift 1: digkp
2. Shift 2: cfhjo
3. Shift 3: begin
4. Shift 4: afdhm
5. Shift 5: zecgl

Based on the results, ""begin"" seems to be a valid English word that can be formed by decrypting the ciphertext using a Caesar cipher with a shift of 3.",1,3,"1. heljq
2. lehjq
3. qelhj
4. jqhel
5. lqjeh

Now, I will try decrypting the ciphertext using the Caesar cipher method with different shifts.

1. Shift 1: digkp
2. Shift 2: cfhjo
3. Shift 3: begin
4. ",1,0.0
ehjlq,begin,5,3,"1. heljq
2. lehjq
3. qelhj
4. jqhel
5. lqjeh

Now, I will try decrypting the ciphertext using the Caesar cipher method with different shifts.

1. Shift 1: digkp
2. Shift 2: cfhjo
3. Shift 3: begin
4. Shift 4: afdhm
5. Shift 5: zecgl

Based on the results, ""begin"" seems to be a valid English word that can be formed by decrypting the ciphertext using a Caesar cipher with a shift of 3.",1,4,"1. heljq
2. lehjq
3. qelhj
4. jqhel
5. lqjeh

Now, I will try decrypting the ciphertext using the Caesar cipher method with different shifts.

1. Shift 1: digkp
2. Shift 2: cfhjo
3. Shift 3: begin
4. Shift 4: afdhm
5. Shift 5: zecgl

Based on the res",1,0.0
ehjlq,begin,5,3,"1. heljq
2. lehjq
3. qelhj
4. jqhel
5. lqjeh

Now, I will try decrypting the ciphertext using the Caesar cipher method with different shifts.

1. Shift 1: digkp
2. Shift 2: cfhjo
3. Shift 3: begin
4. Shift 4: afdhm
5. Shift 5: zecgl

Based on the results, ""begin"" seems to be a valid English word that can be formed by decrypting the ciphertext using a Caesar cipher with a shift of 3.",1,5,"1. heljq
2. lehjq
3. qelhj
4. jqhel
5. lqjeh

Now, I will try decrypting the ciphertext using the Caesar cipher method with different shifts.

1. Shift 1: digkp
2. Shift 2: cfhjo
3. Shift 3: begin
4. Shift 4: afdhm
5. Shift 5: zecgl

Based on the results, ""begin"" seems to be a valid English word tha",1,0.0
ehjlq,begin,5,3,"1. heljq
2. lehjq
3. qelhj
4. jqhel
5. lqjeh

Now, I will try decrypting the ciphertext using the Caesar cipher method with different shifts.

1. Shift 1: digkp
2. Shift 2: cfhjo
3. Shift 3: begin
4. Shift 4: afdhm
5. Shift 5: zecgl

Based on the results, ""begin"" seems to be a valid English word that can be formed by decrypting the ciphertext using a Caesar cipher with a shift of 3.",1,6,"1. heljq
2. lehjq
3. qelhj
4. jqhel
5. lqjeh

Now, I will try decrypting the ciphertext using the Caesar cipher method with different shifts.

1. Shift 1: digkp
2. Shift 2: cfhjo
3. Shift 3: begin
4. Shift 4: afdhm
5. Shift 5: zecgl

Based on the results, ""begin"" seems to be a valid English word that can be formed by decrypting the ciphertext using",1,0.0
ehjlq,begin,5,3,"1. heljq
2. lehjq
3. qelhj
4. jqhel
5. lqjeh

Now, I will try decrypting the ciphertext using the Caesar cipher method with different shifts.

1. Shift 1: digkp
2. Shift 2: cfhjo
3. Shift 3: begin
4. Shift 4: afdhm
5. Shift 5: zecgl

Based on the results, ""begin"" seems to be a valid English word that can be formed by decrypting the ciphertext using a Caesar cipher with a shift of 3.",1,7,"1. heljq
2. lehjq
3. qelhj
4. jqhel
5. lqjeh

Now, I will try decrypting the ciphertext using the Caesar cipher method with different shifts.

1. Shift 1: digkp
2. Shift 2: cfhjo
3. Shift 3: begin
4. Shift 4: afdhm
5. Shift 5: zecgl

Based on the results, ""begin"" seems to be a valid English word that can be formed by decrypting the ciphertext using a Caesar cipher with a shift of 3.",1,0.0
xvlqj,using,5,3,"1. jxlqv
2. lvxqj
3. qxvlj
4. vljxq
5. jqxlv

Since unscrambling as an anagram did not yield any meaningful results, I will now try decrypting it as a Caesar cipher using at least 5 different shifts.",1,0,"1. jxlqv
2. lvxqj
3. qxvlj
4. vljxq
5. jqxlv

Sinc",0,2.0
xvlqj,using,5,3,"1. jxlqv
2. lvxqj
3. qxvlj
4. vljxq
5. jqxlv

Since unscrambling as an anagram did not yield any meaningful results, I will now try decrypting it as a Caesar cipher using at least 5 different shifts.",1,1,"1. jxlqv
2. lvxqj
3. qxvlj
4. vljxq
5. jqxlv

Since unscrambling as an anagram did not yield any mea",0,2.0
xvlqj,using,5,3,"1. jxlqv
2. lvxqj
3. qxvlj
4. vljxq
5. jqxlv

Since unscrambling as an anagram did not yield any meaningful results, I will now try decrypting it as a Caesar cipher using at least 5 different shifts.",1,2,"1. jxlqv
2. lvxqj
3. qxvlj
4. vljxq
5. jqxlv

Since unscrambling as an anagram did not yield any meaningful results, I will now try decrypting it as a",1,2.0
xvlqj,using,5,3,"1. jxlqv
2. lvxqj
3. qxvlj
4. vljxq
5. jqxlv

Since unscrambling as an anagram did not yield any meaningful results, I will now try decrypting it as a Caesar cipher using at least 5 different shifts.",1,3,"1. jxlqv
2. lvxqj
3. qxvlj
4. vljxq
5. jqxlv

Since unscrambling as an anagram did not yield any meaningful results, I will now try decrypting it as a Caesar cipher using at least 5 different shifts.",1,2.0
vwdwh,state,5,3,"1. vwdwh → whvwd
2. vwdwh → dvhww
3. vwdwh → wvwhd
4. vwdwh → whwdv
5. vwdwh → dwhvw

Next, I'll assume it's a Caesar cipher and try to decrypt it using at least 5 different shifts:

1. vwdwh → uvcvg
2. vwdwh → tubuf
3. vwdwh → stata
4. vwdwh → rsrsz
5. vwdwh → qrqr y

After trying both approaches, it seems like none of the attempts were successful in revealing a valid English word. Let me know if you'd like me to try any other methods!",0,0,"1. vwdwh → whvwd
2. vwdwh → dvhww
3. vwdwh → wvwhd",0,1.0
vwdwh,state,5,3,"1. vwdwh → whvwd
2. vwdwh → dvhww
3. vwdwh → wvwhd
4. vwdwh → whwdv
5. vwdwh → dwhvw

Next, I'll assume it's a Caesar cipher and try to decrypt it using at least 5 different shifts:

1. vwdwh → uvcvg
2. vwdwh → tubuf
3. vwdwh → stata
4. vwdwh → rsrsz
5. vwdwh → qrqr y

After trying both approaches, it seems like none of the attempts were successful in revealing a valid English word. Let me know if you'd like me to try any other methods!",0,1,"1. vwdwh → whvwd
2. vwdwh → dvhww
3. vwdwh → wvwhd
4. vwdwh → whwdv
5. vwdwh → dwhvw

Next, I'll ass",1,1.0
vwdwh,state,5,3,"1. vwdwh → whvwd
2. vwdwh → dvhww
3. vwdwh → wvwhd
4. vwdwh → whwdv
5. vwdwh → dwhvw

Next, I'll assume it's a Caesar cipher and try to decrypt it using at least 5 different shifts:

1. vwdwh → uvcvg
2. vwdwh → tubuf
3. vwdwh → stata
4. vwdwh → rsrsz
5. vwdwh → qrqr y

After trying both approaches, it seems like none of the attempts were successful in revealing a valid English word. Let me know if you'd like me to try any other methods!",0,2,"1. vwdwh → whvwd
2. vwdwh → dvhww
3. vwdwh → wvwhd
4. vwdwh → whwdv
5. vwdwh → dwhvw

Next, I'll assume it's a Caesar cipher and try to decrypt it usi",1,1.0
vwdwh,state,5,3,"1. vwdwh → whvwd
2. vwdwh → dvhww
3. vwdwh → wvwhd
4. vwdwh → whwdv
5. vwdwh → dwhvw

Next, I'll assume it's a Caesar cipher and try to decrypt it using at least 5 different shifts:

1. vwdwh → uvcvg
2. vwdwh → tubuf
3. vwdwh → stata
4. vwdwh → rsrsz
5. vwdwh → qrqr y

After trying both approaches, it seems like none of the attempts were successful in revealing a valid English word. Let me know if you'd like me to try any other methods!",0,3,"1. vwdwh → whvwd
2. vwdwh → dvhww
3. vwdwh → wvwhd
4. vwdwh → whwdv
5. vwdwh → dwhvw

Next, I'll assume it's a Caesar cipher and try to decrypt it using at least 5 different shifts:

1. vwdwh → uvcvg
",1,1.0
vwdwh,state,5,3,"1. vwdwh → whvwd
2. vwdwh → dvhww
3. vwdwh → wvwhd
4. vwdwh → whwdv
5. vwdwh → dwhvw

Next, I'll assume it's a Caesar cipher and try to decrypt it using at least 5 different shifts:

1. vwdwh → uvcvg
2. vwdwh → tubuf
3. vwdwh → stata
4. vwdwh → rsrsz
5. vwdwh → qrqr y

After trying both approaches, it seems like none of the attempts were successful in revealing a valid English word. Let me know if you'd like me to try any other methods!",0,4,"1. vwdwh → whvwd
2. vwdwh → dvhww
3. vwdwh → wvwhd
4. vwdwh → whwdv
5. vwdwh → dwhvw

Next, I'll assume it's a Caesar cipher and try to decrypt it using at least 5 different shifts:

1. vwdwh → uvcvg
2. vwdwh → tubuf
3. vwdwh → stata
4. vwdwh → rsrsz",1,1.0
vwdwh,state,5,3,"1. vwdwh → whvwd
2. vwdwh → dvhww
3. vwdwh → wvwhd
4. vwdwh → whwdv
5. vwdwh → dwhvw

Next, I'll assume it's a Caesar cipher and try to decrypt it using at least 5 different shifts:

1. vwdwh → uvcvg
2. vwdwh → tubuf
3. vwdwh → stata
4. vwdwh → rsrsz
5. vwdwh → qrqr y

After trying both approaches, it seems like none of the attempts were successful in revealing a valid English word. Let me know if you'd like me to try any other methods!",0,5,"1. vwdwh → whvwd
2. vwdwh → dvhww
3. vwdwh → wvwhd
4. vwdwh → whwdv
5. vwdwh → dwhvw

Next, I'll assume it's a Caesar cipher and try to decrypt it using at least 5 different shifts:

1. vwdwh → uvcvg
2. vwdwh → tubuf
3. vwdwh → stata
4. vwdwh → rsrsz
5. vwdwh → qrqr y

After trying both approaches, ",1,1.0
vwdwh,state,5,3,"1. vwdwh → whvwd
2. vwdwh → dvhww
3. vwdwh → wvwhd
4. vwdwh → whwdv
5. vwdwh → dwhvw

Next, I'll assume it's a Caesar cipher and try to decrypt it using at least 5 different shifts:

1. vwdwh → uvcvg
2. vwdwh → tubuf
3. vwdwh → stata
4. vwdwh → rsrsz
5. vwdwh → qrqr y

After trying both approaches, it seems like none of the attempts were successful in revealing a valid English word. Let me know if you'd like me to try any other methods!",0,6,"1. vwdwh → whvwd
2. vwdwh → dvhww
3. vwdwh → wvwhd
4. vwdwh → whwdv
5. vwdwh → dwhvw

Next, I'll assume it's a Caesar cipher and try to decrypt it using at least 5 different shifts:

1. vwdwh → uvcvg
2. vwdwh → tubuf
3. vwdwh → stata
4. vwdwh → rsrsz
5. vwdwh → qrqr y

After trying both approaches, it seems like none of the attempts were successful",1,1.0
vwdwh,state,5,3,"1. vwdwh → whvwd
2. vwdwh → dvhww
3. vwdwh → wvwhd
4. vwdwh → whwdv
5. vwdwh → dwhvw

Next, I'll assume it's a Caesar cipher and try to decrypt it using at least 5 different shifts:

1. vwdwh → uvcvg
2. vwdwh → tubuf
3. vwdwh → stata
4. vwdwh → rsrsz
5. vwdwh → qrqr y

After trying both approaches, it seems like none of the attempts were successful in revealing a valid English word. Let me know if you'd like me to try any other methods!",0,7,"1. vwdwh → whvwd
2. vwdwh → dvhww
3. vwdwh → wvwhd
4. vwdwh → whwdv
5. vwdwh → dwhvw

Next, I'll assume it's a Caesar cipher and try to decrypt it using at least 5 different shifts:

1. vwdwh → uvcvg
2. vwdwh → tubuf
3. vwdwh → stata
4. vwdwh → rsrsz
5. vwdwh → qrqr y

After trying both approaches, it seems like none of the attempts were successful in revealing a valid English word. Let me know if",1,1.0
vwdwh,state,5,3,"1. vwdwh → whvwd
2. vwdwh → dvhww
3. vwdwh → wvwhd
4. vwdwh → whwdv
5. vwdwh → dwhvw

Next, I'll assume it's a Caesar cipher and try to decrypt it using at least 5 different shifts:

1. vwdwh → uvcvg
2. vwdwh → tubuf
3. vwdwh → stata
4. vwdwh → rsrsz
5. vwdwh → qrqr y

After trying both approaches, it seems like none of the attempts were successful in revealing a valid English word. Let me know if you'd like me to try any other methods!",0,8,"1. vwdwh → whvwd
2. vwdwh → dvhww
3. vwdwh → wvwhd
4. vwdwh → whwdv
5. vwdwh → dwhvw

Next, I'll assume it's a Caesar cipher and try to decrypt it using at least 5 different shifts:

1. vwdwh → uvcvg
2. vwdwh → tubuf
3. vwdwh → stata
4. vwdwh → rsrsz
5. vwdwh → qrqr y

After trying both approaches, it seems like none of the attempts were successful in revealing a valid English word. Let me know if you'd like me to try any other methods!",1,1.0
lpdjh,image,5,3,"1. ""pldjh""
2. ""djhpl""
3. ""jpldh""
4. ""jldph""
5. ""hjdpl""",0,0,"1. ""pldjh""
2. ""djhpl""
3. ""jpldh""
4. ""jldph""
5. ""hj",0,
lpdjh,image,5,3,"1. ""pldjh""
2. ""djhpl""
3. ""jpldh""
4. ""jldph""
5. ""hjdpl""",0,1,"1. ""pldjh""
2. ""djhpl""
3. ""jpldh""
4. ""jldph""
5. ""hjdpl""",0,
edvhg,based,5,3,"1. hedge
2. vghed
3. egvdh
4. devhg
5. gevdh

Now, I will try decrypting the ciphertext using a Caesar cipher with different shifts:

1. Shift 1: dcugf
2. Shift 2: cbtfe
3. Shift 3: based
4. Shift 4: azrdc
5. Shift 5: zyqcb

Based on the results, it seems like the word ""based"" could be the original word encrypted using a Caesar cipher with a shift of 3.",1,0,"1. hedge
2. vghed
3. egvdh
4. devhg
5. gevdh

Now,",1,0.0
edvhg,based,5,3,"1. hedge
2. vghed
3. egvdh
4. devhg
5. gevdh

Now, I will try decrypting the ciphertext using a Caesar cipher with different shifts:

1. Shift 1: dcugf
2. Shift 2: cbtfe
3. Shift 3: based
4. Shift 4: azrdc
5. Shift 5: zyqcb

Based on the results, it seems like the word ""based"" could be the original word encrypted using a Caesar cipher with a shift of 3.",1,1,"1. hedge
2. vghed
3. egvdh
4. devhg
5. gevdh

Now, I will try decrypting the ciphertext using a Caes",1,0.0
edvhg,based,5,3,"1. hedge
2. vghed
3. egvdh
4. devhg
5. gevdh

Now, I will try decrypting the ciphertext using a Caesar cipher with different shifts:

1. Shift 1: dcugf
2. Shift 2: cbtfe
3. Shift 3: based
4. Shift 4: azrdc
5. Shift 5: zyqcb

Based on the results, it seems like the word ""based"" could be the original word encrypted using a Caesar cipher with a shift of 3.",1,2,"1. hedge
2. vghed
3. egvdh
4. devhg
5. gevdh

Now, I will try decrypting the ciphertext using a Caesar cipher with different shifts:

1. Shift 1: dcug",1,0.0
edvhg,based,5,3,"1. hedge
2. vghed
3. egvdh
4. devhg
5. gevdh

Now, I will try decrypting the ciphertext using a Caesar cipher with different shifts:

1. Shift 1: dcugf
2. Shift 2: cbtfe
3. Shift 3: based
4. Shift 4: azrdc
5. Shift 5: zyqcb

Based on the results, it seems like the word ""based"" could be the original word encrypted using a Caesar cipher with a shift of 3.",1,3,"1. hedge
2. vghed
3. egvdh
4. devhg
5. gevdh

Now, I will try decrypting the ciphertext using a Caesar cipher with different shifts:

1. Shift 1: dcugf
2. Shift 2: cbtfe
3. Shift 3: based
4. Shift 4: ",1,0.0
edvhg,based,5,3,"1. hedge
2. vghed
3. egvdh
4. devhg
5. gevdh

Now, I will try decrypting the ciphertext using a Caesar cipher with different shifts:

1. Shift 1: dcugf
2. Shift 2: cbtfe
3. Shift 3: based
4. Shift 4: azrdc
5. Shift 5: zyqcb

Based on the results, it seems like the word ""based"" could be the original word encrypted using a Caesar cipher with a shift of 3.",1,4,"1. hedge
2. vghed
3. egvdh
4. devhg
5. gevdh

Now, I will try decrypting the ciphertext using a Caesar cipher with different shifts:

1. Shift 1: dcugf
2. Shift 2: cbtfe
3. Shift 3: based
4. Shift 4: azrdc
5. Shift 5: zyqcb

Based on the results, it ",1,0.0
edvhg,based,5,3,"1. hedge
2. vghed
3. egvdh
4. devhg
5. gevdh

Now, I will try decrypting the ciphertext using a Caesar cipher with different shifts:

1. Shift 1: dcugf
2. Shift 2: cbtfe
3. Shift 3: based
4. Shift 4: azrdc
5. Shift 5: zyqcb

Based on the results, it seems like the word ""based"" could be the original word encrypted using a Caesar cipher with a shift of 3.",1,5,"1. hedge
2. vghed
3. egvdh
4. devhg
5. gevdh

Now, I will try decrypting the ciphertext using a Caesar cipher with different shifts:

1. Shift 1: dcugf
2. Shift 2: cbtfe
3. Shift 3: based
4. Shift 4: azrdc
5. Shift 5: zyqcb

Based on the results, it seems like the word ""based"" could be the original ",1,0.0
edvhg,based,5,3,"1. hedge
2. vghed
3. egvdh
4. devhg
5. gevdh

Now, I will try decrypting the ciphertext using a Caesar cipher with different shifts:

1. Shift 1: dcugf
2. Shift 2: cbtfe
3. Shift 3: based
4. Shift 4: azrdc
5. Shift 5: zyqcb

Based on the results, it seems like the word ""based"" could be the original word encrypted using a Caesar cipher with a shift of 3.",1,6,"1. hedge
2. vghed
3. egvdh
4. devhg
5. gevdh

Now, I will try decrypting the ciphertext using a Caesar cipher with different shifts:

1. Shift 1: dcugf
2. Shift 2: cbtfe
3. Shift 3: based
4. Shift 4: azrdc
5. Shift 5: zyqcb

Based on the results, it seems like the word ""based"" could be the original word encrypted using a Caesar cipher with a shift ",1,0.0
edvhg,based,5,3,"1. hedge
2. vghed
3. egvdh
4. devhg
5. gevdh

Now, I will try decrypting the ciphertext using a Caesar cipher with different shifts:

1. Shift 1: dcugf
2. Shift 2: cbtfe
3. Shift 3: based
4. Shift 4: azrdc
5. Shift 5: zyqcb

Based on the results, it seems like the word ""based"" could be the original word encrypted using a Caesar cipher with a shift of 3.",1,7,"1. hedge
2. vghed
3. egvdh
4. devhg
5. gevdh

Now, I will try decrypting the ciphertext using a Caesar cipher with different shifts:

1. Shift 1: dcugf
2. Shift 2: cbtfe
3. Shift 3: based
4. Shift 4: azrdc
5. Shift 5: zyqcb

Based on the results, it seems like the word ""based"" could be the original word encrypted using a Caesar cipher with a shift of 3.",1,0.0
gulqn,drink,5,3,"1. lung
2. lung
3. snug
4. lung
5. glun

Now, I will try decrypting the ciphertext using a Caesar cipher with different shifts:

Shift 1: ftkpm
Shift 2: esjol
Shift 3: dribk
Shift 4: cqhaj
Shift 5: bpgzi

None of the attempts at treating the ciphertext as a Caesar shift produced an English word. Let me know if you'd like me to try anything else.",0,0,"1. lung
2. lung
3. snug
4. lung
5. glun

Now, I wi",1,0.0
gulqn,drink,5,3,"1. lung
2. lung
3. snug
4. lung
5. glun

Now, I will try decrypting the ciphertext using a Caesar cipher with different shifts:

Shift 1: ftkpm
Shift 2: esjol
Shift 3: dribk
Shift 4: cqhaj
Shift 5: bpgzi

None of the attempts at treating the ciphertext as a Caesar shift produced an English word. Let me know if you'd like me to try anything else.",0,1,"1. lung
2. lung
3. snug
4. lung
5. glun

Now, I will try decrypting the ciphertext using a Caesar ci",1,0.0
gulqn,drink,5,3,"1. lung
2. lung
3. snug
4. lung
5. glun

Now, I will try decrypting the ciphertext using a Caesar cipher with different shifts:

Shift 1: ftkpm
Shift 2: esjol
Shift 3: dribk
Shift 4: cqhaj
Shift 5: bpgzi

None of the attempts at treating the ciphertext as a Caesar shift produced an English word. Let me know if you'd like me to try anything else.",0,2,"1. lung
2. lung
3. snug
4. lung
5. glun

Now, I will try decrypting the ciphertext using a Caesar cipher with different shifts:

Shift 1: ftkpm
Shift ",1,0.0
gulqn,drink,5,3,"1. lung
2. lung
3. snug
4. lung
5. glun

Now, I will try decrypting the ciphertext using a Caesar cipher with different shifts:

Shift 1: ftkpm
Shift 2: esjol
Shift 3: dribk
Shift 4: cqhaj
Shift 5: bpgzi

None of the attempts at treating the ciphertext as a Caesar shift produced an English word. Let me know if you'd like me to try anything else.",0,3,"1. lung
2. lung
3. snug
4. lung
5. glun

Now, I will try decrypting the ciphertext using a Caesar cipher with different shifts:

Shift 1: ftkpm
Shift 2: esjol
Shift 3: dribk
Shift 4: cqhaj
Shift 5: bp",1,0.0
gulqn,drink,5,3,"1. lung
2. lung
3. snug
4. lung
5. glun

Now, I will try decrypting the ciphertext using a Caesar cipher with different shifts:

Shift 1: ftkpm
Shift 2: esjol
Shift 3: dribk
Shift 4: cqhaj
Shift 5: bpgzi

None of the attempts at treating the ciphertext as a Caesar shift produced an English word. Let me know if you'd like me to try anything else.",0,4,"1. lung
2. lung
3. snug
4. lung
5. glun

Now, I will try decrypting the ciphertext using a Caesar cipher with different shifts:

Shift 1: ftkpm
Shift 2: esjol
Shift 3: dribk
Shift 4: cqhaj
Shift 5: bpgzi

None of the attempts at treating the cipherte",1,0.0
gulqn,drink,5,3,"1. lung
2. lung
3. snug
4. lung
5. glun

Now, I will try decrypting the ciphertext using a Caesar cipher with different shifts:

Shift 1: ftkpm
Shift 2: esjol
Shift 3: dribk
Shift 4: cqhaj
Shift 5: bpgzi

None of the attempts at treating the ciphertext as a Caesar shift produced an English word. Let me know if you'd like me to try anything else.",0,5,"1. lung
2. lung
3. snug
4. lung
5. glun

Now, I will try decrypting the ciphertext using a Caesar cipher with different shifts:

Shift 1: ftkpm
Shift 2: esjol
Shift 3: dribk
Shift 4: cqhaj
Shift 5: bpgzi

None of the attempts at treating the ciphertext as a Caesar shift produced an English word. Let",1,0.0
gulqn,drink,5,3,"1. lung
2. lung
3. snug
4. lung
5. glun

Now, I will try decrypting the ciphertext using a Caesar cipher with different shifts:

Shift 1: ftkpm
Shift 2: esjol
Shift 3: dribk
Shift 4: cqhaj
Shift 5: bpgzi

None of the attempts at treating the ciphertext as a Caesar shift produced an English word. Let me know if you'd like me to try anything else.",0,6,"1. lung
2. lung
3. snug
4. lung
5. glun

Now, I will try decrypting the ciphertext using a Caesar cipher with different shifts:

Shift 1: ftkpm
Shift 2: esjol
Shift 3: dribk
Shift 4: cqhaj
Shift 5: bpgzi

None of the attempts at treating the ciphertext as a Caesar shift produced an English word. Let me know if you'd like me to try anything else.",1,0.0
bhduv,years,5,3,"1. budvh
2. hdbuv
3. dvuhb
4. bhvud
5. uhvbd

Since unscrambling as an anagram did not provide a clear English word, I will try decrypting it as a Caesar cipher with different shifts.

1. Shift 1: a gctu
2. Shift 2: z fbst
3. Shift 3: y ears
4. Shift 4: x dzqr
5. Shift 5: w cypq

Decrypting the ciphertext with different Caesar shifts did not reveal an English word either. Let me try with more shifts.",0,0,"1. budvh
2. hdbuv
3. dvuhb
4. bhvud
5. uhvbd

Sinc",0,1.0
bhduv,years,5,3,"1. budvh
2. hdbuv
3. dvuhb
4. bhvud
5. uhvbd

Since unscrambling as an anagram did not provide a clear English word, I will try decrypting it as a Caesar cipher with different shifts.

1. Shift 1: a gctu
2. Shift 2: z fbst
3. Shift 3: y ears
4. Shift 4: x dzqr
5. Shift 5: w cypq

Decrypting the ciphertext with different Caesar shifts did not reveal an English word either. Let me try with more shifts.",0,1,"1. budvh
2. hdbuv
3. dvuhb
4. bhvud
5. uhvbd

Since unscrambling as an anagram did not provide a cle",1,1.0
bhduv,years,5,3,"1. budvh
2. hdbuv
3. dvuhb
4. bhvud
5. uhvbd

Since unscrambling as an anagram did not provide a clear English word, I will try decrypting it as a Caesar cipher with different shifts.

1. Shift 1: a gctu
2. Shift 2: z fbst
3. Shift 3: y ears
4. Shift 4: x dzqr
5. Shift 5: w cypq

Decrypting the ciphertext with different Caesar shifts did not reveal an English word either. Let me try with more shifts.",0,2,"1. budvh
2. hdbuv
3. dvuhb
4. bhvud
5. uhvbd

Since unscrambling as an anagram did not provide a clear English word, I will try decrypting it as a Cae",1,1.0
bhduv,years,5,3,"1. budvh
2. hdbuv
3. dvuhb
4. bhvud
5. uhvbd

Since unscrambling as an anagram did not provide a clear English word, I will try decrypting it as a Caesar cipher with different shifts.

1. Shift 1: a gctu
2. Shift 2: z fbst
3. Shift 3: y ears
4. Shift 4: x dzqr
5. Shift 5: w cypq

Decrypting the ciphertext with different Caesar shifts did not reveal an English word either. Let me try with more shifts.",0,3,"1. budvh
2. hdbuv
3. dvuhb
4. bhvud
5. uhvbd

Since unscrambling as an anagram did not provide a clear English word, I will try decrypting it as a Caesar cipher with different shifts.

1. Shift 1: a g",1,1.0
bhduv,years,5,3,"1. budvh
2. hdbuv
3. dvuhb
4. bhvud
5. uhvbd

Since unscrambling as an anagram did not provide a clear English word, I will try decrypting it as a Caesar cipher with different shifts.

1. Shift 1: a gctu
2. Shift 2: z fbst
3. Shift 3: y ears
4. Shift 4: x dzqr
5. Shift 5: w cypq

Decrypting the ciphertext with different Caesar shifts did not reveal an English word either. Let me try with more shifts.",0,4,"1. budvh
2. hdbuv
3. dvuhb
4. bhvud
5. uhvbd

Since unscrambling as an anagram did not provide a clear English word, I will try decrypting it as a Caesar cipher with different shifts.

1. Shift 1: a gctu
2. Shift 2: z fbst
3. Shift 3: y ears
4. Shift",1,1.0
bhduv,years,5,3,"1. budvh
2. hdbuv
3. dvuhb
4. bhvud
5. uhvbd

Since unscrambling as an anagram did not provide a clear English word, I will try decrypting it as a Caesar cipher with different shifts.

1. Shift 1: a gctu
2. Shift 2: z fbst
3. Shift 3: y ears
4. Shift 4: x dzqr
5. Shift 5: w cypq

Decrypting the ciphertext with different Caesar shifts did not reveal an English word either. Let me try with more shifts.",0,5,"1. budvh
2. hdbuv
3. dvuhb
4. bhvud
5. uhvbd

Since unscrambling as an anagram did not provide a clear English word, I will try decrypting it as a Caesar cipher with different shifts.

1. Shift 1: a gctu
2. Shift 2: z fbst
3. Shift 3: y ears
4. Shift 4: x dzqr
5. Shift 5: w cypq

Decrypting the ciph",1,1.0
bhduv,years,5,3,"1. budvh
2. hdbuv
3. dvuhb
4. bhvud
5. uhvbd

Since unscrambling as an anagram did not provide a clear English word, I will try decrypting it as a Caesar cipher with different shifts.

1. Shift 1: a gctu
2. Shift 2: z fbst
3. Shift 3: y ears
4. Shift 4: x dzqr
5. Shift 5: w cypq

Decrypting the ciphertext with different Caesar shifts did not reveal an English word either. Let me try with more shifts.",0,6,"1. budvh
2. hdbuv
3. dvuhb
4. bhvud
5. uhvbd

Since unscrambling as an anagram did not provide a clear English word, I will try decrypting it as a Caesar cipher with different shifts.

1. Shift 1: a gctu
2. Shift 2: z fbst
3. Shift 3: y ears
4. Shift 4: x dzqr
5. Shift 5: w cypq

Decrypting the ciphertext with different Caesar shifts did not reveal",1,1.0
bhduv,years,5,3,"1. budvh
2. hdbuv
3. dvuhb
4. bhvud
5. uhvbd

Since unscrambling as an anagram did not provide a clear English word, I will try decrypting it as a Caesar cipher with different shifts.

1. Shift 1: a gctu
2. Shift 2: z fbst
3. Shift 3: y ears
4. Shift 4: x dzqr
5. Shift 5: w cypq

Decrypting the ciphertext with different Caesar shifts did not reveal an English word either. Let me try with more shifts.",0,7,"1. budvh
2. hdbuv
3. dvuhb
4. bhvud
5. uhvbd

Since unscrambling as an anagram did not provide a clear English word, I will try decrypting it as a Caesar cipher with different shifts.

1. Shift 1: a gctu
2. Shift 2: z fbst
3. Shift 3: y ears
4. Shift 4: x dzqr
5. Shift 5: w cypq

Decrypting the ciphertext with different Caesar shifts did not reveal an English word either. Let me try with more shif",1,1.0
bhduv,years,5,3,"1. budvh
2. hdbuv
3. dvuhb
4. bhvud
5. uhvbd

Since unscrambling as an anagram did not provide a clear English word, I will try decrypting it as a Caesar cipher with different shifts.

1. Shift 1: a gctu
2. Shift 2: z fbst
3. Shift 3: y ears
4. Shift 4: x dzqr
5. Shift 5: w cypq

Decrypting the ciphertext with different Caesar shifts did not reveal an English word either. Let me try with more shifts.",0,8,"1. budvh
2. hdbuv
3. dvuhb
4. bhvud
5. uhvbd

Since unscrambling as an anagram did not provide a clear English word, I will try decrypting it as a Caesar cipher with different shifts.

1. Shift 1: a gctu
2. Shift 2: z fbst
3. Shift 3: y ears
4. Shift 4: x dzqr
5. Shift 5: w cypq

Decrypting the ciphertext with different Caesar shifts did not reveal an English word either. Let me try with more shifts.",1,1.0
pljkw,might,5,3,"1. pljkw -> kwjlp  
2. pljkw -> jwlpk  
3. pljkw -> pjklw  
4. pljkw -> kjwlp  
5. pljkw -> wpljk  

Since unscrambling it as an anagram did not reveal any English word, I will now try decrypting it with a Caesar cipher using at least 5 different shifts.

1. Shift 1: okijv
2. Shift 2: nijiu
3. Shift 3: mhitv
4. Shift 4: lghsu
5. Shift 5: kgfrt

Based on the attempts, none of the potential decryptions from Caesar cipher shifts revealed an English word. It is possible that the original word is uncommon or misspelled.",0,0,"1. pljkw -> kwjlp  
2. pljkw -> jwlpk  
3. pljkw -",0,2.0
pljkw,might,5,3,"1. pljkw -> kwjlp  
2. pljkw -> jwlpk  
3. pljkw -> pjklw  
4. pljkw -> kjwlp  
5. pljkw -> wpljk  

Since unscrambling it as an anagram did not reveal any English word, I will now try decrypting it with a Caesar cipher using at least 5 different shifts.

1. Shift 1: okijv
2. Shift 2: nijiu
3. Shift 3: mhitv
4. Shift 4: lghsu
5. Shift 5: kgfrt

Based on the attempts, none of the potential decryptions from Caesar cipher shifts revealed an English word. It is possible that the original word is uncommon or misspelled.",0,1,"1. pljkw -> kwjlp  
2. pljkw -> jwlpk  
3. pljkw -> pjklw  
4. pljkw -> kjwlp  
5. pljkw -> wpljk  
",0,2.0
pljkw,might,5,3,"1. pljkw -> kwjlp  
2. pljkw -> jwlpk  
3. pljkw -> pjklw  
4. pljkw -> kjwlp  
5. pljkw -> wpljk  

Since unscrambling it as an anagram did not reveal any English word, I will now try decrypting it with a Caesar cipher using at least 5 different shifts.

1. Shift 1: okijv
2. Shift 2: nijiu
3. Shift 3: mhitv
4. Shift 4: lghsu
5. Shift 5: kgfrt

Based on the attempts, none of the potential decryptions from Caesar cipher shifts revealed an English word. It is possible that the original word is uncommon or misspelled.",0,2,"1. pljkw -> kwjlp  
2. pljkw -> jwlpk  
3. pljkw -> pjklw  
4. pljkw -> kjwlp  
5. pljkw -> wpljk  

Since unscrambling it as an anagram did not revea",1,2.0
pljkw,might,5,3,"1. pljkw -> kwjlp  
2. pljkw -> jwlpk  
3. pljkw -> pjklw  
4. pljkw -> kjwlp  
5. pljkw -> wpljk  

Since unscrambling it as an anagram did not reveal any English word, I will now try decrypting it with a Caesar cipher using at least 5 different shifts.

1. Shift 1: okijv
2. Shift 2: nijiu
3. Shift 3: mhitv
4. Shift 4: lghsu
5. Shift 5: kgfrt

Based on the attempts, none of the potential decryptions from Caesar cipher shifts revealed an English word. It is possible that the original word is uncommon or misspelled.",0,3,"1. pljkw -> kwjlp  
2. pljkw -> jwlpk  
3. pljkw -> pjklw  
4. pljkw -> kjwlp  
5. pljkw -> wpljk  

Since unscrambling it as an anagram did not reveal any English word, I will now try decrypting it w",1,2.0
pljkw,might,5,3,"1. pljkw -> kwjlp  
2. pljkw -> jwlpk  
3. pljkw -> pjklw  
4. pljkw -> kjwlp  
5. pljkw -> wpljk  

Since unscrambling it as an anagram did not reveal any English word, I will now try decrypting it with a Caesar cipher using at least 5 different shifts.

1. Shift 1: okijv
2. Shift 2: nijiu
3. Shift 3: mhitv
4. Shift 4: lghsu
5. Shift 5: kgfrt

Based on the attempts, none of the potential decryptions from Caesar cipher shifts revealed an English word. It is possible that the original word is uncommon or misspelled.",0,4,"1. pljkw -> kwjlp  
2. pljkw -> jwlpk  
3. pljkw -> pjklw  
4. pljkw -> kjwlp  
5. pljkw -> wpljk  

Since unscrambling it as an anagram did not reveal any English word, I will now try decrypting it with a Caesar cipher using at least 5 different shi",1,2.0
pljkw,might,5,3,"1. pljkw -> kwjlp  
2. pljkw -> jwlpk  
3. pljkw -> pjklw  
4. pljkw -> kjwlp  
5. pljkw -> wpljk  

Since unscrambling it as an anagram did not reveal any English word, I will now try decrypting it with a Caesar cipher using at least 5 different shifts.

1. Shift 1: okijv
2. Shift 2: nijiu
3. Shift 3: mhitv
4. Shift 4: lghsu
5. Shift 5: kgfrt

Based on the attempts, none of the potential decryptions from Caesar cipher shifts revealed an English word. It is possible that the original word is uncommon or misspelled.",0,5,"1. pljkw -> kwjlp  
2. pljkw -> jwlpk  
3. pljkw -> pjklw  
4. pljkw -> kjwlp  
5. pljkw -> wpljk  

Since unscrambling it as an anagram did not reveal any English word, I will now try decrypting it with a Caesar cipher using at least 5 different shifts.

1. Shift 1: okijv
2. Shift 2: nijiu
3. Shift",1,2.0
pljkw,might,5,3,"1. pljkw -> kwjlp  
2. pljkw -> jwlpk  
3. pljkw -> pjklw  
4. pljkw -> kjwlp  
5. pljkw -> wpljk  

Since unscrambling it as an anagram did not reveal any English word, I will now try decrypting it with a Caesar cipher using at least 5 different shifts.

1. Shift 1: okijv
2. Shift 2: nijiu
3. Shift 3: mhitv
4. Shift 4: lghsu
5. Shift 5: kgfrt

Based on the attempts, none of the potential decryptions from Caesar cipher shifts revealed an English word. It is possible that the original word is uncommon or misspelled.",0,6,"1. pljkw -> kwjlp  
2. pljkw -> jwlpk  
3. pljkw -> pjklw  
4. pljkw -> kjwlp  
5. pljkw -> wpljk  

Since unscrambling it as an anagram did not reveal any English word, I will now try decrypting it with a Caesar cipher using at least 5 different shifts.

1. Shift 1: okijv
2. Shift 2: nijiu
3. Shift 3: mhitv
4. Shift 4: lghsu
5. Shift 5: kgfrt

Bas",1,2.0
pljkw,might,5,3,"1. pljkw -> kwjlp  
2. pljkw -> jwlpk  
3. pljkw -> pjklw  
4. pljkw -> kjwlp  
5. pljkw -> wpljk  

Since unscrambling it as an anagram did not reveal any English word, I will now try decrypting it with a Caesar cipher using at least 5 different shifts.

1. Shift 1: okijv
2. Shift 2: nijiu
3. Shift 3: mhitv
4. Shift 4: lghsu
5. Shift 5: kgfrt

Based on the attempts, none of the potential decryptions from Caesar cipher shifts revealed an English word. It is possible that the original word is uncommon or misspelled.",0,7,"1. pljkw -> kwjlp  
2. pljkw -> jwlpk  
3. pljkw -> pjklw  
4. pljkw -> kjwlp  
5. pljkw -> wpljk  

Since unscrambling it as an anagram did not reveal any English word, I will now try decrypting it with a Caesar cipher using at least 5 different shifts.

1. Shift 1: okijv
2. Shift 2: nijiu
3. Shift 3: mhitv
4. Shift 4: lghsu
5. Shift 5: kgfrt

Based on the attempts, none of the potential decrypti",1,2.0
pljkw,might,5,3,"1. pljkw -> kwjlp  
2. pljkw -> jwlpk  
3. pljkw -> pjklw  
4. pljkw -> kjwlp  
5. pljkw -> wpljk  

Since unscrambling it as an anagram did not reveal any English word, I will now try decrypting it with a Caesar cipher using at least 5 different shifts.

1. Shift 1: okijv
2. Shift 2: nijiu
3. Shift 3: mhitv
4. Shift 4: lghsu
5. Shift 5: kgfrt

Based on the attempts, none of the potential decryptions from Caesar cipher shifts revealed an English word. It is possible that the original word is uncommon or misspelled.",0,8,"1. pljkw -> kwjlp  
2. pljkw -> jwlpk  
3. pljkw -> pjklw  
4. pljkw -> kjwlp  
5. pljkw -> wpljk  

Since unscrambling it as an anagram did not reveal any English word, I will now try decrypting it with a Caesar cipher using at least 5 different shifts.

1. Shift 1: okijv
2. Shift 2: nijiu
3. Shift 3: mhitv
4. Shift 4: lghsu
5. Shift 5: kgfrt

Based on the attempts, none of the potential decryptions from Caesar cipher shifts revealed an English ",1,2.0
pljkw,might,5,3,"1. pljkw -> kwjlp  
2. pljkw -> jwlpk  
3. pljkw -> pjklw  
4. pljkw -> kjwlp  
5. pljkw -> wpljk  

Since unscrambling it as an anagram did not reveal any English word, I will now try decrypting it with a Caesar cipher using at least 5 different shifts.

1. Shift 1: okijv
2. Shift 2: nijiu
3. Shift 3: mhitv
4. Shift 4: lghsu
5. Shift 5: kgfrt

Based on the attempts, none of the potential decryptions from Caesar cipher shifts revealed an English word. It is possible that the original word is uncommon or misspelled.",0,9,"1. pljkw -> kwjlp  
2. pljkw -> jwlpk  
3. pljkw -> pjklw  
4. pljkw -> kjwlp  
5. pljkw -> wpljk  

Since unscrambling it as an anagram did not reveal any English word, I will now try decrypting it with a Caesar cipher using at least 5 different shifts.

1. Shift 1: okijv
2. Shift 2: nijiu
3. Shift 3: mhitv
4. Shift 4: lghsu
5. Shift 5: kgfrt

Based on the attempts, none of the potential decryptions from Caesar cipher shifts revealed an English word. It is possible that the original word is unc",1,2.0
pljkw,might,5,3,"1. pljkw -> kwjlp  
2. pljkw -> jwlpk  
3. pljkw -> pjklw  
4. pljkw -> kjwlp  
5. pljkw -> wpljk  

Since unscrambling it as an anagram did not reveal any English word, I will now try decrypting it with a Caesar cipher using at least 5 different shifts.

1. Shift 1: okijv
2. Shift 2: nijiu
3. Shift 3: mhitv
4. Shift 4: lghsu
5. Shift 5: kgfrt

Based on the attempts, none of the potential decryptions from Caesar cipher shifts revealed an English word. It is possible that the original word is uncommon or misspelled.",0,10,"1. pljkw -> kwjlp  
2. pljkw -> jwlpk  
3. pljkw -> pjklw  
4. pljkw -> kjwlp  
5. pljkw -> wpljk  

Since unscrambling it as an anagram did not reveal any English word, I will now try decrypting it with a Caesar cipher using at least 5 different shifts.

1. Shift 1: okijv
2. Shift 2: nijiu
3. Shift 3: mhitv
4. Shift 4: lghsu
5. Shift 5: kgfrt

Based on the attempts, none of the potential decryptions from Caesar cipher shifts revealed an English word. It is possible that the original word is uncommon or misspelled.",1,2.0
kvsyt,group,5,4,"1. skytv
2. kyvts
3. vykst
4. styvk
5. kvsty

Next, I'll try decrypting the ciphertext using a Caesar cipher with a shift of 1.
1. jurxs
2. iqrst
3. hqprs
4. gporq
5. fopqp

Next, I'll try decrypting the ciphertext using a Caesar cipher with a shift of 2.
1. itqwr
2. hspvq
3. group
4. fqnpo
5. epmol

Next, I'll try decrypting the ciphertext using a Caesar cipher with a shift of 3.
1. hspvq
2. group
3. fqnpo
4. epmol
5. dolnk

Next, I'll try decrypting the ciphertext using a Caesar cipher with a shift of 4.
1. growp
2. fqnpo
3. epmol
4. dolnk
5. cnkmj

Next, I'll try decrypting the ciphertext using a Caesar cipher with a shift of 5.
1. fqnpo
2. epmol
3. dolnk
4. cnkml
5. bmklj

I hope one of these methods helped to decode the ciphertext!",1,0,"1. skytv
2. kyvts
3. vykst
4. styvk
5. kvsty

Next",1,0.0
kvsyt,group,5,4,"1. skytv
2. kyvts
3. vykst
4. styvk
5. kvsty

Next, I'll try decrypting the ciphertext using a Caesar cipher with a shift of 1.
1. jurxs
2. iqrst
3. hqprs
4. gporq
5. fopqp

Next, I'll try decrypting the ciphertext using a Caesar cipher with a shift of 2.
1. itqwr
2. hspvq
3. group
4. fqnpo
5. epmol

Next, I'll try decrypting the ciphertext using a Caesar cipher with a shift of 3.
1. hspvq
2. group
3. fqnpo
4. epmol
5. dolnk

Next, I'll try decrypting the ciphertext using a Caesar cipher with a shift of 4.
1. growp
2. fqnpo
3. epmol
4. dolnk
5. cnkmj

Next, I'll try decrypting the ciphertext using a Caesar cipher with a shift of 5.
1. fqnpo
2. epmol
3. dolnk
4. cnkml
5. bmklj

I hope one of these methods helped to decode the ciphertext!",1,1,"1. skytv
2. kyvts
3. vykst
4. styvk
5. kvsty

Next, I'll try decrypting the ciphertext using a Caesa",1,0.0
kvsyt,group,5,4,"1. skytv
2. kyvts
3. vykst
4. styvk
5. kvsty

Next, I'll try decrypting the ciphertext using a Caesar cipher with a shift of 1.
1. jurxs
2. iqrst
3. hqprs
4. gporq
5. fopqp

Next, I'll try decrypting the ciphertext using a Caesar cipher with a shift of 2.
1. itqwr
2. hspvq
3. group
4. fqnpo
5. epmol

Next, I'll try decrypting the ciphertext using a Caesar cipher with a shift of 3.
1. hspvq
2. group
3. fqnpo
4. epmol
5. dolnk

Next, I'll try decrypting the ciphertext using a Caesar cipher with a shift of 4.
1. growp
2. fqnpo
3. epmol
4. dolnk
5. cnkmj

Next, I'll try decrypting the ciphertext using a Caesar cipher with a shift of 5.
1. fqnpo
2. epmol
3. dolnk
4. cnkml
5. bmklj

I hope one of these methods helped to decode the ciphertext!",1,2,"1. skytv
2. kyvts
3. vykst
4. styvk
5. kvsty

Next, I'll try decrypting the ciphertext using a Caesar cipher with a shift of 1.
1. jurxs
2. iqrst
3. h",1,0.0
kvsyt,group,5,4,"1. skytv
2. kyvts
3. vykst
4. styvk
5. kvsty

Next, I'll try decrypting the ciphertext using a Caesar cipher with a shift of 1.
1. jurxs
2. iqrst
3. hqprs
4. gporq
5. fopqp

Next, I'll try decrypting the ciphertext using a Caesar cipher with a shift of 2.
1. itqwr
2. hspvq
3. group
4. fqnpo
5. epmol

Next, I'll try decrypting the ciphertext using a Caesar cipher with a shift of 3.
1. hspvq
2. group
3. fqnpo
4. epmol
5. dolnk

Next, I'll try decrypting the ciphertext using a Caesar cipher with a shift of 4.
1. growp
2. fqnpo
3. epmol
4. dolnk
5. cnkmj

Next, I'll try decrypting the ciphertext using a Caesar cipher with a shift of 5.
1. fqnpo
2. epmol
3. dolnk
4. cnkml
5. bmklj

I hope one of these methods helped to decode the ciphertext!",1,3,"1. skytv
2. kyvts
3. vykst
4. styvk
5. kvsty

Next, I'll try decrypting the ciphertext using a Caesar cipher with a shift of 1.
1. jurxs
2. iqrst
3. hqprs
4. gporq
5. fopqp

Next, I'll try decrypting ",1,0.0
kvsyt,group,5,4,"1. skytv
2. kyvts
3. vykst
4. styvk
5. kvsty

Next, I'll try decrypting the ciphertext using a Caesar cipher with a shift of 1.
1. jurxs
2. iqrst
3. hqprs
4. gporq
5. fopqp

Next, I'll try decrypting the ciphertext using a Caesar cipher with a shift of 2.
1. itqwr
2. hspvq
3. group
4. fqnpo
5. epmol

Next, I'll try decrypting the ciphertext using a Caesar cipher with a shift of 3.
1. hspvq
2. group
3. fqnpo
4. epmol
5. dolnk

Next, I'll try decrypting the ciphertext using a Caesar cipher with a shift of 4.
1. growp
2. fqnpo
3. epmol
4. dolnk
5. cnkmj

Next, I'll try decrypting the ciphertext using a Caesar cipher with a shift of 5.
1. fqnpo
2. epmol
3. dolnk
4. cnkml
5. bmklj

I hope one of these methods helped to decode the ciphertext!",1,4,"1. skytv
2. kyvts
3. vykst
4. styvk
5. kvsty

Next, I'll try decrypting the ciphertext using a Caesar cipher with a shift of 1.
1. jurxs
2. iqrst
3. hqprs
4. gporq
5. fopqp

Next, I'll try decrypting the ciphertext using a Caesar cipher with a shift ",1,0.0
kvsyt,group,5,4,"1. skytv
2. kyvts
3. vykst
4. styvk
5. kvsty

Next, I'll try decrypting the ciphertext using a Caesar cipher with a shift of 1.
1. jurxs
2. iqrst
3. hqprs
4. gporq
5. fopqp

Next, I'll try decrypting the ciphertext using a Caesar cipher with a shift of 2.
1. itqwr
2. hspvq
3. group
4. fqnpo
5. epmol

Next, I'll try decrypting the ciphertext using a Caesar cipher with a shift of 3.
1. hspvq
2. group
3. fqnpo
4. epmol
5. dolnk

Next, I'll try decrypting the ciphertext using a Caesar cipher with a shift of 4.
1. growp
2. fqnpo
3. epmol
4. dolnk
5. cnkmj

Next, I'll try decrypting the ciphertext using a Caesar cipher with a shift of 5.
1. fqnpo
2. epmol
3. dolnk
4. cnkml
5. bmklj

I hope one of these methods helped to decode the ciphertext!",1,5,"1. skytv
2. kyvts
3. vykst
4. styvk
5. kvsty

Next, I'll try decrypting the ciphertext using a Caesar cipher with a shift of 1.
1. jurxs
2. iqrst
3. hqprs
4. gporq
5. fopqp

Next, I'll try decrypting the ciphertext using a Caesar cipher with a shift of 2.
1. itqwr
2. hspvq
3. group
4. fqnpo
5. epmol",1,0.0
kvsyt,group,5,4,"1. skytv
2. kyvts
3. vykst
4. styvk
5. kvsty

Next, I'll try decrypting the ciphertext using a Caesar cipher with a shift of 1.
1. jurxs
2. iqrst
3. hqprs
4. gporq
5. fopqp

Next, I'll try decrypting the ciphertext using a Caesar cipher with a shift of 2.
1. itqwr
2. hspvq
3. group
4. fqnpo
5. epmol

Next, I'll try decrypting the ciphertext using a Caesar cipher with a shift of 3.
1. hspvq
2. group
3. fqnpo
4. epmol
5. dolnk

Next, I'll try decrypting the ciphertext using a Caesar cipher with a shift of 4.
1. growp
2. fqnpo
3. epmol
4. dolnk
5. cnkmj

Next, I'll try decrypting the ciphertext using a Caesar cipher with a shift of 5.
1. fqnpo
2. epmol
3. dolnk
4. cnkml
5. bmklj

I hope one of these methods helped to decode the ciphertext!",1,6,"1. skytv
2. kyvts
3. vykst
4. styvk
5. kvsty

Next, I'll try decrypting the ciphertext using a Caesar cipher with a shift of 1.
1. jurxs
2. iqrst
3. hqprs
4. gporq
5. fopqp

Next, I'll try decrypting the ciphertext using a Caesar cipher with a shift of 2.
1. itqwr
2. hspvq
3. group
4. fqnpo
5. epmol

Next, I'll try decrypting the ciphertext using a",1,0.0
kvsyt,group,5,4,"1. skytv
2. kyvts
3. vykst
4. styvk
5. kvsty

Next, I'll try decrypting the ciphertext using a Caesar cipher with a shift of 1.
1. jurxs
2. iqrst
3. hqprs
4. gporq
5. fopqp

Next, I'll try decrypting the ciphertext using a Caesar cipher with a shift of 2.
1. itqwr
2. hspvq
3. group
4. fqnpo
5. epmol

Next, I'll try decrypting the ciphertext using a Caesar cipher with a shift of 3.
1. hspvq
2. group
3. fqnpo
4. epmol
5. dolnk

Next, I'll try decrypting the ciphertext using a Caesar cipher with a shift of 4.
1. growp
2. fqnpo
3. epmol
4. dolnk
5. cnkmj

Next, I'll try decrypting the ciphertext using a Caesar cipher with a shift of 5.
1. fqnpo
2. epmol
3. dolnk
4. cnkml
5. bmklj

I hope one of these methods helped to decode the ciphertext!",1,7,"1. skytv
2. kyvts
3. vykst
4. styvk
5. kvsty

Next, I'll try decrypting the ciphertext using a Caesar cipher with a shift of 1.
1. jurxs
2. iqrst
3. hqprs
4. gporq
5. fopqp

Next, I'll try decrypting the ciphertext using a Caesar cipher with a shift of 2.
1. itqwr
2. hspvq
3. group
4. fqnpo
5. epmol

Next, I'll try decrypting the ciphertext using a Caesar cipher with a shift of 3.
1. hspvq
2. grou",1,0.0
kvsyt,group,5,4,"1. skytv
2. kyvts
3. vykst
4. styvk
5. kvsty

Next, I'll try decrypting the ciphertext using a Caesar cipher with a shift of 1.
1. jurxs
2. iqrst
3. hqprs
4. gporq
5. fopqp

Next, I'll try decrypting the ciphertext using a Caesar cipher with a shift of 2.
1. itqwr
2. hspvq
3. group
4. fqnpo
5. epmol

Next, I'll try decrypting the ciphertext using a Caesar cipher with a shift of 3.
1. hspvq
2. group
3. fqnpo
4. epmol
5. dolnk

Next, I'll try decrypting the ciphertext using a Caesar cipher with a shift of 4.
1. growp
2. fqnpo
3. epmol
4. dolnk
5. cnkmj

Next, I'll try decrypting the ciphertext using a Caesar cipher with a shift of 5.
1. fqnpo
2. epmol
3. dolnk
4. cnkml
5. bmklj

I hope one of these methods helped to decode the ciphertext!",1,8,"1. skytv
2. kyvts
3. vykst
4. styvk
5. kvsty

Next, I'll try decrypting the ciphertext using a Caesar cipher with a shift of 1.
1. jurxs
2. iqrst
3. hqprs
4. gporq
5. fopqp

Next, I'll try decrypting the ciphertext using a Caesar cipher with a shift of 2.
1. itqwr
2. hspvq
3. group
4. fqnpo
5. epmol

Next, I'll try decrypting the ciphertext using a Caesar cipher with a shift of 3.
1. hspvq
2. group
3. fqnpo
4. epmol
5. dolnk

Next, I'll try decry",1,0.0
kvsyt,group,5,4,"1. skytv
2. kyvts
3. vykst
4. styvk
5. kvsty

Next, I'll try decrypting the ciphertext using a Caesar cipher with a shift of 1.
1. jurxs
2. iqrst
3. hqprs
4. gporq
5. fopqp

Next, I'll try decrypting the ciphertext using a Caesar cipher with a shift of 2.
1. itqwr
2. hspvq
3. group
4. fqnpo
5. epmol

Next, I'll try decrypting the ciphertext using a Caesar cipher with a shift of 3.
1. hspvq
2. group
3. fqnpo
4. epmol
5. dolnk

Next, I'll try decrypting the ciphertext using a Caesar cipher with a shift of 4.
1. growp
2. fqnpo
3. epmol
4. dolnk
5. cnkmj

Next, I'll try decrypting the ciphertext using a Caesar cipher with a shift of 5.
1. fqnpo
2. epmol
3. dolnk
4. cnkml
5. bmklj

I hope one of these methods helped to decode the ciphertext!",1,9,"1. skytv
2. kyvts
3. vykst
4. styvk
5. kvsty

Next, I'll try decrypting the ciphertext using a Caesar cipher with a shift of 1.
1. jurxs
2. iqrst
3. hqprs
4. gporq
5. fopqp

Next, I'll try decrypting the ciphertext using a Caesar cipher with a shift of 2.
1. itqwr
2. hspvq
3. group
4. fqnpo
5. epmol

Next, I'll try decrypting the ciphertext using a Caesar cipher with a shift of 3.
1. hspvq
2. group
3. fqnpo
4. epmol
5. dolnk

Next, I'll try decrypting the ciphertext using a Caesar cipher with a ",1,0.0
kvsyt,group,5,4,"1. skytv
2. kyvts
3. vykst
4. styvk
5. kvsty

Next, I'll try decrypting the ciphertext using a Caesar cipher with a shift of 1.
1. jurxs
2. iqrst
3. hqprs
4. gporq
5. fopqp

Next, I'll try decrypting the ciphertext using a Caesar cipher with a shift of 2.
1. itqwr
2. hspvq
3. group
4. fqnpo
5. epmol

Next, I'll try decrypting the ciphertext using a Caesar cipher with a shift of 3.
1. hspvq
2. group
3. fqnpo
4. epmol
5. dolnk

Next, I'll try decrypting the ciphertext using a Caesar cipher with a shift of 4.
1. growp
2. fqnpo
3. epmol
4. dolnk
5. cnkmj

Next, I'll try decrypting the ciphertext using a Caesar cipher with a shift of 5.
1. fqnpo
2. epmol
3. dolnk
4. cnkml
5. bmklj

I hope one of these methods helped to decode the ciphertext!",1,10,"1. skytv
2. kyvts
3. vykst
4. styvk
5. kvsty

Next, I'll try decrypting the ciphertext using a Caesar cipher with a shift of 1.
1. jurxs
2. iqrst
3. hqprs
4. gporq
5. fopqp

Next, I'll try decrypting the ciphertext using a Caesar cipher with a shift of 2.
1. itqwr
2. hspvq
3. group
4. fqnpo
5. epmol

Next, I'll try decrypting the ciphertext using a Caesar cipher with a shift of 3.
1. hspvq
2. group
3. fqnpo
4. epmol
5. dolnk

Next, I'll try decrypting the ciphertext using a Caesar cipher with a shift of 4.
1. growp
2. fqnpo
3. epmol
4. dolnk
5.",1,0.0
kvsyt,group,5,4,"1. skytv
2. kyvts
3. vykst
4. styvk
5. kvsty

Next, I'll try decrypting the ciphertext using a Caesar cipher with a shift of 1.
1. jurxs
2. iqrst
3. hqprs
4. gporq
5. fopqp

Next, I'll try decrypting the ciphertext using a Caesar cipher with a shift of 2.
1. itqwr
2. hspvq
3. group
4. fqnpo
5. epmol

Next, I'll try decrypting the ciphertext using a Caesar cipher with a shift of 3.
1. hspvq
2. group
3. fqnpo
4. epmol
5. dolnk

Next, I'll try decrypting the ciphertext using a Caesar cipher with a shift of 4.
1. growp
2. fqnpo
3. epmol
4. dolnk
5. cnkmj

Next, I'll try decrypting the ciphertext using a Caesar cipher with a shift of 5.
1. fqnpo
2. epmol
3. dolnk
4. cnkml
5. bmklj

I hope one of these methods helped to decode the ciphertext!",1,11,"1. skytv
2. kyvts
3. vykst
4. styvk
5. kvsty

Next, I'll try decrypting the ciphertext using a Caesar cipher with a shift of 1.
1. jurxs
2. iqrst
3. hqprs
4. gporq
5. fopqp

Next, I'll try decrypting the ciphertext using a Caesar cipher with a shift of 2.
1. itqwr
2. hspvq
3. group
4. fqnpo
5. epmol

Next, I'll try decrypting the ciphertext using a Caesar cipher with a shift of 3.
1. hspvq
2. group
3. fqnpo
4. epmol
5. dolnk

Next, I'll try decrypting the ciphertext using a Caesar cipher with a shift of 4.
1. growp
2. fqnpo
3. epmol
4. dolnk
5. cnkmj

Next, I'll try decrypting the ciphertext u",1,0.0
kvsyt,group,5,4,"1. skytv
2. kyvts
3. vykst
4. styvk
5. kvsty

Next, I'll try decrypting the ciphertext using a Caesar cipher with a shift of 1.
1. jurxs
2. iqrst
3. hqprs
4. gporq
5. fopqp

Next, I'll try decrypting the ciphertext using a Caesar cipher with a shift of 2.
1. itqwr
2. hspvq
3. group
4. fqnpo
5. epmol

Next, I'll try decrypting the ciphertext using a Caesar cipher with a shift of 3.
1. hspvq
2. group
3. fqnpo
4. epmol
5. dolnk

Next, I'll try decrypting the ciphertext using a Caesar cipher with a shift of 4.
1. growp
2. fqnpo
3. epmol
4. dolnk
5. cnkmj

Next, I'll try decrypting the ciphertext using a Caesar cipher with a shift of 5.
1. fqnpo
2. epmol
3. dolnk
4. cnkml
5. bmklj

I hope one of these methods helped to decode the ciphertext!",1,12,"1. skytv
2. kyvts
3. vykst
4. styvk
5. kvsty

Next, I'll try decrypting the ciphertext using a Caesar cipher with a shift of 1.
1. jurxs
2. iqrst
3. hqprs
4. gporq
5. fopqp

Next, I'll try decrypting the ciphertext using a Caesar cipher with a shift of 2.
1. itqwr
2. hspvq
3. group
4. fqnpo
5. epmol

Next, I'll try decrypting the ciphertext using a Caesar cipher with a shift of 3.
1. hspvq
2. group
3. fqnpo
4. epmol
5. dolnk

Next, I'll try decrypting the ciphertext using a Caesar cipher with a shift of 4.
1. growp
2. fqnpo
3. epmol
4. dolnk
5. cnkmj

Next, I'll try decrypting the ciphertext using a Caesar cipher with a shift of 5.
1. fqnpo
2",1,0.0
kvsyt,group,5,4,"1. skytv
2. kyvts
3. vykst
4. styvk
5. kvsty

Next, I'll try decrypting the ciphertext using a Caesar cipher with a shift of 1.
1. jurxs
2. iqrst
3. hqprs
4. gporq
5. fopqp

Next, I'll try decrypting the ciphertext using a Caesar cipher with a shift of 2.
1. itqwr
2. hspvq
3. group
4. fqnpo
5. epmol

Next, I'll try decrypting the ciphertext using a Caesar cipher with a shift of 3.
1. hspvq
2. group
3. fqnpo
4. epmol
5. dolnk

Next, I'll try decrypting the ciphertext using a Caesar cipher with a shift of 4.
1. growp
2. fqnpo
3. epmol
4. dolnk
5. cnkmj

Next, I'll try decrypting the ciphertext using a Caesar cipher with a shift of 5.
1. fqnpo
2. epmol
3. dolnk
4. cnkml
5. bmklj

I hope one of these methods helped to decode the ciphertext!",1,13,"1. skytv
2. kyvts
3. vykst
4. styvk
5. kvsty

Next, I'll try decrypting the ciphertext using a Caesar cipher with a shift of 1.
1. jurxs
2. iqrst
3. hqprs
4. gporq
5. fopqp

Next, I'll try decrypting the ciphertext using a Caesar cipher with a shift of 2.
1. itqwr
2. hspvq
3. group
4. fqnpo
5. epmol

Next, I'll try decrypting the ciphertext using a Caesar cipher with a shift of 3.
1. hspvq
2. group
3. fqnpo
4. epmol
5. dolnk

Next, I'll try decrypting the ciphertext using a Caesar cipher with a shift of 4.
1. growp
2. fqnpo
3. epmol
4. dolnk
5. cnkmj

Next, I'll try decrypting the ciphertext using a Caesar cipher with a shift of 5.
1. fqnpo
2. epmol
3. dolnk
4. cnkml
5. bmklj

I hope one of ",1,0.0
kvsyt,group,5,4,"1. skytv
2. kyvts
3. vykst
4. styvk
5. kvsty

Next, I'll try decrypting the ciphertext using a Caesar cipher with a shift of 1.
1. jurxs
2. iqrst
3. hqprs
4. gporq
5. fopqp

Next, I'll try decrypting the ciphertext using a Caesar cipher with a shift of 2.
1. itqwr
2. hspvq
3. group
4. fqnpo
5. epmol

Next, I'll try decrypting the ciphertext using a Caesar cipher with a shift of 3.
1. hspvq
2. group
3. fqnpo
4. epmol
5. dolnk

Next, I'll try decrypting the ciphertext using a Caesar cipher with a shift of 4.
1. growp
2. fqnpo
3. epmol
4. dolnk
5. cnkmj

Next, I'll try decrypting the ciphertext using a Caesar cipher with a shift of 5.
1. fqnpo
2. epmol
3. dolnk
4. cnkml
5. bmklj

I hope one of these methods helped to decode the ciphertext!",1,14,"1. skytv
2. kyvts
3. vykst
4. styvk
5. kvsty

Next, I'll try decrypting the ciphertext using a Caesar cipher with a shift of 1.
1. jurxs
2. iqrst
3. hqprs
4. gporq
5. fopqp

Next, I'll try decrypting the ciphertext using a Caesar cipher with a shift of 2.
1. itqwr
2. hspvq
3. group
4. fqnpo
5. epmol

Next, I'll try decrypting the ciphertext using a Caesar cipher with a shift of 3.
1. hspvq
2. group
3. fqnpo
4. epmol
5. dolnk

Next, I'll try decrypting the ciphertext using a Caesar cipher with a shift of 4.
1. growp
2. fqnpo
3. epmol
4. dolnk
5. cnkmj

Next, I'll try decrypting the ciphertext using a Caesar cipher with a shift of 5.
1. fqnpo
2. epmol
3. dolnk
4. cnkml
5. bmklj

I hope one of these methods helped to decode the ciphertext!",1,0.0
lievh,heard,5,4,"1. olive
2. evilh
3. veilh
4. heliv
5. elivh

Now I will try to decrypt the ciphertext using a Caesar cipher with different shifts.

1. Shift 1: khdug
2. Shift 2: jgctf
3. Shift 3: ifbse
4. Shift 4: heard
5. Shift 5: gdzqc

None of these attempts seem to result in a valid English word. Let me try shifting in the other direction.

1. Shift -1: khfiw
2. Shift -2: kgehv
3. Shift -3: jfdgu
4. Shift -4: iceft
5. Shift -5: hdfes

None of these attempts seem to result in a valid English word either. Let me try one more time with a different random shift.

1. Shift 7: smnso
2. Shift 11: tmsty
3. Shift 15: irstc
4. Shift 20: ejymn
5. Shift 25: khduw

After trying multiple shifts, it seems that the ciphertext ""lievh"" does not decrypt into a valid English word using a Caesar cipher.",1,0,"1. olive
2. evilh
3. veilh
4. heliv
5. elivh

Now ",1,0.0
lievh,heard,5,4,"1. olive
2. evilh
3. veilh
4. heliv
5. elivh

Now I will try to decrypt the ciphertext using a Caesar cipher with different shifts.

1. Shift 1: khdug
2. Shift 2: jgctf
3. Shift 3: ifbse
4. Shift 4: heard
5. Shift 5: gdzqc

None of these attempts seem to result in a valid English word. Let me try shifting in the other direction.

1. Shift -1: khfiw
2. Shift -2: kgehv
3. Shift -3: jfdgu
4. Shift -4: iceft
5. Shift -5: hdfes

None of these attempts seem to result in a valid English word either. Let me try one more time with a different random shift.

1. Shift 7: smnso
2. Shift 11: tmsty
3. Shift 15: irstc
4. Shift 20: ejymn
5. Shift 25: khduw

After trying multiple shifts, it seems that the ciphertext ""lievh"" does not decrypt into a valid English word using a Caesar cipher.",1,1,"1. olive
2. evilh
3. veilh
4. heliv
5. elivh

Now I will try to decrypt the ciphertext using a Caesa",1,0.0
lievh,heard,5,4,"1. olive
2. evilh
3. veilh
4. heliv
5. elivh

Now I will try to decrypt the ciphertext using a Caesar cipher with different shifts.

1. Shift 1: khdug
2. Shift 2: jgctf
3. Shift 3: ifbse
4. Shift 4: heard
5. Shift 5: gdzqc

None of these attempts seem to result in a valid English word. Let me try shifting in the other direction.

1. Shift -1: khfiw
2. Shift -2: kgehv
3. Shift -3: jfdgu
4. Shift -4: iceft
5. Shift -5: hdfes

None of these attempts seem to result in a valid English word either. Let me try one more time with a different random shift.

1. Shift 7: smnso
2. Shift 11: tmsty
3. Shift 15: irstc
4. Shift 20: ejymn
5. Shift 25: khduw

After trying multiple shifts, it seems that the ciphertext ""lievh"" does not decrypt into a valid English word using a Caesar cipher.",1,2,"1. olive
2. evilh
3. veilh
4. heliv
5. elivh

Now I will try to decrypt the ciphertext using a Caesar cipher with different shifts.

1. Shift 1: khdug",1,0.0
lievh,heard,5,4,"1. olive
2. evilh
3. veilh
4. heliv
5. elivh

Now I will try to decrypt the ciphertext using a Caesar cipher with different shifts.

1. Shift 1: khdug
2. Shift 2: jgctf
3. Shift 3: ifbse
4. Shift 4: heard
5. Shift 5: gdzqc

None of these attempts seem to result in a valid English word. Let me try shifting in the other direction.

1. Shift -1: khfiw
2. Shift -2: kgehv
3. Shift -3: jfdgu
4. Shift -4: iceft
5. Shift -5: hdfes

None of these attempts seem to result in a valid English word either. Let me try one more time with a different random shift.

1. Shift 7: smnso
2. Shift 11: tmsty
3. Shift 15: irstc
4. Shift 20: ejymn
5. Shift 25: khduw

After trying multiple shifts, it seems that the ciphertext ""lievh"" does not decrypt into a valid English word using a Caesar cipher.",1,3,"1. olive
2. evilh
3. veilh
4. heliv
5. elivh

Now I will try to decrypt the ciphertext using a Caesar cipher with different shifts.

1. Shift 1: khdug
2. Shift 2: jgctf
3. Shift 3: ifbse
4. Shift 4: h",1,0.0
lievh,heard,5,4,"1. olive
2. evilh
3. veilh
4. heliv
5. elivh

Now I will try to decrypt the ciphertext using a Caesar cipher with different shifts.

1. Shift 1: khdug
2. Shift 2: jgctf
3. Shift 3: ifbse
4. Shift 4: heard
5. Shift 5: gdzqc

None of these attempts seem to result in a valid English word. Let me try shifting in the other direction.

1. Shift -1: khfiw
2. Shift -2: kgehv
3. Shift -3: jfdgu
4. Shift -4: iceft
5. Shift -5: hdfes

None of these attempts seem to result in a valid English word either. Let me try one more time with a different random shift.

1. Shift 7: smnso
2. Shift 11: tmsty
3. Shift 15: irstc
4. Shift 20: ejymn
5. Shift 25: khduw

After trying multiple shifts, it seems that the ciphertext ""lievh"" does not decrypt into a valid English word using a Caesar cipher.",1,4,"1. olive
2. evilh
3. veilh
4. heliv
5. elivh

Now I will try to decrypt the ciphertext using a Caesar cipher with different shifts.

1. Shift 1: khdug
2. Shift 2: jgctf
3. Shift 3: ifbse
4. Shift 4: heard
5. Shift 5: gdzqc

None of these attempts see",1,0.0
lievh,heard,5,4,"1. olive
2. evilh
3. veilh
4. heliv
5. elivh

Now I will try to decrypt the ciphertext using a Caesar cipher with different shifts.

1. Shift 1: khdug
2. Shift 2: jgctf
3. Shift 3: ifbse
4. Shift 4: heard
5. Shift 5: gdzqc

None of these attempts seem to result in a valid English word. Let me try shifting in the other direction.

1. Shift -1: khfiw
2. Shift -2: kgehv
3. Shift -3: jfdgu
4. Shift -4: iceft
5. Shift -5: hdfes

None of these attempts seem to result in a valid English word either. Let me try one more time with a different random shift.

1. Shift 7: smnso
2. Shift 11: tmsty
3. Shift 15: irstc
4. Shift 20: ejymn
5. Shift 25: khduw

After trying multiple shifts, it seems that the ciphertext ""lievh"" does not decrypt into a valid English word using a Caesar cipher.",1,5,"1. olive
2. evilh
3. veilh
4. heliv
5. elivh

Now I will try to decrypt the ciphertext using a Caesar cipher with different shifts.

1. Shift 1: khdug
2. Shift 2: jgctf
3. Shift 3: ifbse
4. Shift 4: heard
5. Shift 5: gdzqc

None of these attempts seem to result in a valid English word. Let me try sh",1,0.0
lievh,heard,5,4,"1. olive
2. evilh
3. veilh
4. heliv
5. elivh

Now I will try to decrypt the ciphertext using a Caesar cipher with different shifts.

1. Shift 1: khdug
2. Shift 2: jgctf
3. Shift 3: ifbse
4. Shift 4: heard
5. Shift 5: gdzqc

None of these attempts seem to result in a valid English word. Let me try shifting in the other direction.

1. Shift -1: khfiw
2. Shift -2: kgehv
3. Shift -3: jfdgu
4. Shift -4: iceft
5. Shift -5: hdfes

None of these attempts seem to result in a valid English word either. Let me try one more time with a different random shift.

1. Shift 7: smnso
2. Shift 11: tmsty
3. Shift 15: irstc
4. Shift 20: ejymn
5. Shift 25: khduw

After trying multiple shifts, it seems that the ciphertext ""lievh"" does not decrypt into a valid English word using a Caesar cipher.",1,6,"1. olive
2. evilh
3. veilh
4. heliv
5. elivh

Now I will try to decrypt the ciphertext using a Caesar cipher with different shifts.

1. Shift 1: khdug
2. Shift 2: jgctf
3. Shift 3: ifbse
4. Shift 4: heard
5. Shift 5: gdzqc

None of these attempts seem to result in a valid English word. Let me try shifting in the other direction.

1. Shift -1: khfiw",1,0.0
lievh,heard,5,4,"1. olive
2. evilh
3. veilh
4. heliv
5. elivh

Now I will try to decrypt the ciphertext using a Caesar cipher with different shifts.

1. Shift 1: khdug
2. Shift 2: jgctf
3. Shift 3: ifbse
4. Shift 4: heard
5. Shift 5: gdzqc

None of these attempts seem to result in a valid English word. Let me try shifting in the other direction.

1. Shift -1: khfiw
2. Shift -2: kgehv
3. Shift -3: jfdgu
4. Shift -4: iceft
5. Shift -5: hdfes

None of these attempts seem to result in a valid English word either. Let me try one more time with a different random shift.

1. Shift 7: smnso
2. Shift 11: tmsty
3. Shift 15: irstc
4. Shift 20: ejymn
5. Shift 25: khduw

After trying multiple shifts, it seems that the ciphertext ""lievh"" does not decrypt into a valid English word using a Caesar cipher.",1,7,"1. olive
2. evilh
3. veilh
4. heliv
5. elivh

Now I will try to decrypt the ciphertext using a Caesar cipher with different shifts.

1. Shift 1: khdug
2. Shift 2: jgctf
3. Shift 3: ifbse
4. Shift 4: heard
5. Shift 5: gdzqc

None of these attempts seem to result in a valid English word. Let me try shifting in the other direction.

1. Shift -1: khfiw
2. Shift -2: kgehv
3. Shift -3: jfdgu
4. Shift -4",1,0.0
lievh,heard,5,4,"1. olive
2. evilh
3. veilh
4. heliv
5. elivh

Now I will try to decrypt the ciphertext using a Caesar cipher with different shifts.

1. Shift 1: khdug
2. Shift 2: jgctf
3. Shift 3: ifbse
4. Shift 4: heard
5. Shift 5: gdzqc

None of these attempts seem to result in a valid English word. Let me try shifting in the other direction.

1. Shift -1: khfiw
2. Shift -2: kgehv
3. Shift -3: jfdgu
4. Shift -4: iceft
5. Shift -5: hdfes

None of these attempts seem to result in a valid English word either. Let me try one more time with a different random shift.

1. Shift 7: smnso
2. Shift 11: tmsty
3. Shift 15: irstc
4. Shift 20: ejymn
5. Shift 25: khduw

After trying multiple shifts, it seems that the ciphertext ""lievh"" does not decrypt into a valid English word using a Caesar cipher.",1,8,"1. olive
2. evilh
3. veilh
4. heliv
5. elivh

Now I will try to decrypt the ciphertext using a Caesar cipher with different shifts.

1. Shift 1: khdug
2. Shift 2: jgctf
3. Shift 3: ifbse
4. Shift 4: heard
5. Shift 5: gdzqc

None of these attempts seem to result in a valid English word. Let me try shifting in the other direction.

1. Shift -1: khfiw
2. Shift -2: kgehv
3. Shift -3: jfdgu
4. Shift -4: iceft
5. Shift -5: hdfes

None of these attempts",1,0.0
lievh,heard,5,4,"1. olive
2. evilh
3. veilh
4. heliv
5. elivh

Now I will try to decrypt the ciphertext using a Caesar cipher with different shifts.

1. Shift 1: khdug
2. Shift 2: jgctf
3. Shift 3: ifbse
4. Shift 4: heard
5. Shift 5: gdzqc

None of these attempts seem to result in a valid English word. Let me try shifting in the other direction.

1. Shift -1: khfiw
2. Shift -2: kgehv
3. Shift -3: jfdgu
4. Shift -4: iceft
5. Shift -5: hdfes

None of these attempts seem to result in a valid English word either. Let me try one more time with a different random shift.

1. Shift 7: smnso
2. Shift 11: tmsty
3. Shift 15: irstc
4. Shift 20: ejymn
5. Shift 25: khduw

After trying multiple shifts, it seems that the ciphertext ""lievh"" does not decrypt into a valid English word using a Caesar cipher.",1,9,"1. olive
2. evilh
3. veilh
4. heliv
5. elivh

Now I will try to decrypt the ciphertext using a Caesar cipher with different shifts.

1. Shift 1: khdug
2. Shift 2: jgctf
3. Shift 3: ifbse
4. Shift 4: heard
5. Shift 5: gdzqc

None of these attempts seem to result in a valid English word. Let me try shifting in the other direction.

1. Shift -1: khfiw
2. Shift -2: kgehv
3. Shift -3: jfdgu
4. Shift -4: iceft
5. Shift -5: hdfes

None of these attempts seem to result in a valid English word either. Le",1,0.0
lievh,heard,5,4,"1. olive
2. evilh
3. veilh
4. heliv
5. elivh

Now I will try to decrypt the ciphertext using a Caesar cipher with different shifts.

1. Shift 1: khdug
2. Shift 2: jgctf
3. Shift 3: ifbse
4. Shift 4: heard
5. Shift 5: gdzqc

None of these attempts seem to result in a valid English word. Let me try shifting in the other direction.

1. Shift -1: khfiw
2. Shift -2: kgehv
3. Shift -3: jfdgu
4. Shift -4: iceft
5. Shift -5: hdfes

None of these attempts seem to result in a valid English word either. Let me try one more time with a different random shift.

1. Shift 7: smnso
2. Shift 11: tmsty
3. Shift 15: irstc
4. Shift 20: ejymn
5. Shift 25: khduw

After trying multiple shifts, it seems that the ciphertext ""lievh"" does not decrypt into a valid English word using a Caesar cipher.",1,10,"1. olive
2. evilh
3. veilh
4. heliv
5. elivh

Now I will try to decrypt the ciphertext using a Caesar cipher with different shifts.

1. Shift 1: khdug
2. Shift 2: jgctf
3. Shift 3: ifbse
4. Shift 4: heard
5. Shift 5: gdzqc

None of these attempts seem to result in a valid English word. Let me try shifting in the other direction.

1. Shift -1: khfiw
2. Shift -2: kgehv
3. Shift -3: jfdgu
4. Shift -4: iceft
5. Shift -5: hdfes

None of these attempts seem to result in a valid English word either. Let me try one more time with a different random shi",1,0.0
lievh,heard,5,4,"1. olive
2. evilh
3. veilh
4. heliv
5. elivh

Now I will try to decrypt the ciphertext using a Caesar cipher with different shifts.

1. Shift 1: khdug
2. Shift 2: jgctf
3. Shift 3: ifbse
4. Shift 4: heard
5. Shift 5: gdzqc

None of these attempts seem to result in a valid English word. Let me try shifting in the other direction.

1. Shift -1: khfiw
2. Shift -2: kgehv
3. Shift -3: jfdgu
4. Shift -4: iceft
5. Shift -5: hdfes

None of these attempts seem to result in a valid English word either. Let me try one more time with a different random shift.

1. Shift 7: smnso
2. Shift 11: tmsty
3. Shift 15: irstc
4. Shift 20: ejymn
5. Shift 25: khduw

After trying multiple shifts, it seems that the ciphertext ""lievh"" does not decrypt into a valid English word using a Caesar cipher.",1,11,"1. olive
2. evilh
3. veilh
4. heliv
5. elivh

Now I will try to decrypt the ciphertext using a Caesar cipher with different shifts.

1. Shift 1: khdug
2. Shift 2: jgctf
3. Shift 3: ifbse
4. Shift 4: heard
5. Shift 5: gdzqc

None of these attempts seem to result in a valid English word. Let me try shifting in the other direction.

1. Shift -1: khfiw
2. Shift -2: kgehv
3. Shift -3: jfdgu
4. Shift -4: iceft
5. Shift -5: hdfes

None of these attempts seem to result in a valid English word either. Let me try one more time with a different random shift.

1. Shift 7: smnso
2. Shift 11: tmsty
3. Shift",1,0.0
lievh,heard,5,4,"1. olive
2. evilh
3. veilh
4. heliv
5. elivh

Now I will try to decrypt the ciphertext using a Caesar cipher with different shifts.

1. Shift 1: khdug
2. Shift 2: jgctf
3. Shift 3: ifbse
4. Shift 4: heard
5. Shift 5: gdzqc

None of these attempts seem to result in a valid English word. Let me try shifting in the other direction.

1. Shift -1: khfiw
2. Shift -2: kgehv
3. Shift -3: jfdgu
4. Shift -4: iceft
5. Shift -5: hdfes

None of these attempts seem to result in a valid English word either. Let me try one more time with a different random shift.

1. Shift 7: smnso
2. Shift 11: tmsty
3. Shift 15: irstc
4. Shift 20: ejymn
5. Shift 25: khduw

After trying multiple shifts, it seems that the ciphertext ""lievh"" does not decrypt into a valid English word using a Caesar cipher.",1,12,"1. olive
2. evilh
3. veilh
4. heliv
5. elivh

Now I will try to decrypt the ciphertext using a Caesar cipher with different shifts.

1. Shift 1: khdug
2. Shift 2: jgctf
3. Shift 3: ifbse
4. Shift 4: heard
5. Shift 5: gdzqc

None of these attempts seem to result in a valid English word. Let me try shifting in the other direction.

1. Shift -1: khfiw
2. Shift -2: kgehv
3. Shift -3: jfdgu
4. Shift -4: iceft
5. Shift -5: hdfes

None of these attempts seem to result in a valid English word either. Let me try one more time with a different random shift.

1. Shift 7: smnso
2. Shift 11: tmsty
3. Shift 15: irstc
4. Shift 20: ejymn
5. Shift 25: khduw

",1,0.0
lievh,heard,5,4,"1. olive
2. evilh
3. veilh
4. heliv
5. elivh

Now I will try to decrypt the ciphertext using a Caesar cipher with different shifts.

1. Shift 1: khdug
2. Shift 2: jgctf
3. Shift 3: ifbse
4. Shift 4: heard
5. Shift 5: gdzqc

None of these attempts seem to result in a valid English word. Let me try shifting in the other direction.

1. Shift -1: khfiw
2. Shift -2: kgehv
3. Shift -3: jfdgu
4. Shift -4: iceft
5. Shift -5: hdfes

None of these attempts seem to result in a valid English word either. Let me try one more time with a different random shift.

1. Shift 7: smnso
2. Shift 11: tmsty
3. Shift 15: irstc
4. Shift 20: ejymn
5. Shift 25: khduw

After trying multiple shifts, it seems that the ciphertext ""lievh"" does not decrypt into a valid English word using a Caesar cipher.",1,13,"1. olive
2. evilh
3. veilh
4. heliv
5. elivh

Now I will try to decrypt the ciphertext using a Caesar cipher with different shifts.

1. Shift 1: khdug
2. Shift 2: jgctf
3. Shift 3: ifbse
4. Shift 4: heard
5. Shift 5: gdzqc

None of these attempts seem to result in a valid English word. Let me try shifting in the other direction.

1. Shift -1: khfiw
2. Shift -2: kgehv
3. Shift -3: jfdgu
4. Shift -4: iceft
5. Shift -5: hdfes

None of these attempts seem to result in a valid English word either. Let me try one more time with a different random shift.

1. Shift 7: smnso
2. Shift 11: tmsty
3. Shift 15: irstc
4. Shift 20: ejymn
5. Shift 25: khduw

After trying multiple shifts, it seems that the ci",1,0.0
lievh,heard,5,4,"1. olive
2. evilh
3. veilh
4. heliv
5. elivh

Now I will try to decrypt the ciphertext using a Caesar cipher with different shifts.

1. Shift 1: khdug
2. Shift 2: jgctf
3. Shift 3: ifbse
4. Shift 4: heard
5. Shift 5: gdzqc

None of these attempts seem to result in a valid English word. Let me try shifting in the other direction.

1. Shift -1: khfiw
2. Shift -2: kgehv
3. Shift -3: jfdgu
4. Shift -4: iceft
5. Shift -5: hdfes

None of these attempts seem to result in a valid English word either. Let me try one more time with a different random shift.

1. Shift 7: smnso
2. Shift 11: tmsty
3. Shift 15: irstc
4. Shift 20: ejymn
5. Shift 25: khduw

After trying multiple shifts, it seems that the ciphertext ""lievh"" does not decrypt into a valid English word using a Caesar cipher.",1,14,"1. olive
2. evilh
3. veilh
4. heliv
5. elivh

Now I will try to decrypt the ciphertext using a Caesar cipher with different shifts.

1. Shift 1: khdug
2. Shift 2: jgctf
3. Shift 3: ifbse
4. Shift 4: heard
5. Shift 5: gdzqc

None of these attempts seem to result in a valid English word. Let me try shifting in the other direction.

1. Shift -1: khfiw
2. Shift -2: kgehv
3. Shift -3: jfdgu
4. Shift -4: iceft
5. Shift -5: hdfes

None of these attempts seem to result in a valid English word either. Let me try one more time with a different random shift.

1. Shift 7: smnso
2. Shift 11: tmsty
3. Shift 15: irstc
4. Shift 20: ejymn
5. Shift 25: khduw

After trying multiple shifts, it seems that the ciphertext ""lievh"" does not decrypt into a valid Eng",1,0.0
lievh,heard,5,4,"1. olive
2. evilh
3. veilh
4. heliv
5. elivh

Now I will try to decrypt the ciphertext using a Caesar cipher with different shifts.

1. Shift 1: khdug
2. Shift 2: jgctf
3. Shift 3: ifbse
4. Shift 4: heard
5. Shift 5: gdzqc

None of these attempts seem to result in a valid English word. Let me try shifting in the other direction.

1. Shift -1: khfiw
2. Shift -2: kgehv
3. Shift -3: jfdgu
4. Shift -4: iceft
5. Shift -5: hdfes

None of these attempts seem to result in a valid English word either. Let me try one more time with a different random shift.

1. Shift 7: smnso
2. Shift 11: tmsty
3. Shift 15: irstc
4. Shift 20: ejymn
5. Shift 25: khduw

After trying multiple shifts, it seems that the ciphertext ""lievh"" does not decrypt into a valid English word using a Caesar cipher.",1,15,"1. olive
2. evilh
3. veilh
4. heliv
5. elivh

Now I will try to decrypt the ciphertext using a Caesar cipher with different shifts.

1. Shift 1: khdug
2. Shift 2: jgctf
3. Shift 3: ifbse
4. Shift 4: heard
5. Shift 5: gdzqc

None of these attempts seem to result in a valid English word. Let me try shifting in the other direction.

1. Shift -1: khfiw
2. Shift -2: kgehv
3. Shift -3: jfdgu
4. Shift -4: iceft
5. Shift -5: hdfes

None of these attempts seem to result in a valid English word either. Let me try one more time with a different random shift.

1. Shift 7: smnso
2. Shift 11: tmsty
3. Shift 15: irstc
4. Shift 20: ejymn
5. Shift 25: khduw

After trying multiple shifts, it seems that the ciphertext ""lievh"" does not decrypt into a valid English word using a Caesar cipher.",1,0.0
wizir,seven,5,4,"1. wirzi
2. rizwi
3. irwzi
4. zriwi
5. wriiz

Since unscrambling the word didn't give a clear English word, let's try decrypting it as a Caesar cipher with different shifts.

1. Shift 1: vhzjq
2. Shift 2: ugypi
3. Shift 3: tfxoh
4. Shift 4: sewng
5. Shift 5: rdvmf

None of the decrypted words make sense with various Caesar shifts either. It's possible that the original ciphertext may not represent a single English word, or the encryption method used is different.",0,0,"1. wirzi
2. rizwi
3. irwzi
4. zriwi
5. wriiz

Sinc",0,1.0
wizir,seven,5,4,"1. wirzi
2. rizwi
3. irwzi
4. zriwi
5. wriiz

Since unscrambling the word didn't give a clear English word, let's try decrypting it as a Caesar cipher with different shifts.

1. Shift 1: vhzjq
2. Shift 2: ugypi
3. Shift 3: tfxoh
4. Shift 4: sewng
5. Shift 5: rdvmf

None of the decrypted words make sense with various Caesar shifts either. It's possible that the original ciphertext may not represent a single English word, or the encryption method used is different.",0,1,"1. wirzi
2. rizwi
3. irwzi
4. zriwi
5. wriiz

Since unscrambling the word didn't give a clear Englis",1,1.0
wizir,seven,5,4,"1. wirzi
2. rizwi
3. irwzi
4. zriwi
5. wriiz

Since unscrambling the word didn't give a clear English word, let's try decrypting it as a Caesar cipher with different shifts.

1. Shift 1: vhzjq
2. Shift 2: ugypi
3. Shift 3: tfxoh
4. Shift 4: sewng
5. Shift 5: rdvmf

None of the decrypted words make sense with various Caesar shifts either. It's possible that the original ciphertext may not represent a single English word, or the encryption method used is different.",0,2,"1. wirzi
2. rizwi
3. irwzi
4. zriwi
5. wriiz

Since unscrambling the word didn't give a clear English word, let's try decrypting it as a Caesar cipher",1,1.0
wizir,seven,5,4,"1. wirzi
2. rizwi
3. irwzi
4. zriwi
5. wriiz

Since unscrambling the word didn't give a clear English word, let's try decrypting it as a Caesar cipher with different shifts.

1. Shift 1: vhzjq
2. Shift 2: ugypi
3. Shift 3: tfxoh
4. Shift 4: sewng
5. Shift 5: rdvmf

None of the decrypted words make sense with various Caesar shifts either. It's possible that the original ciphertext may not represent a single English word, or the encryption method used is different.",0,3,"1. wirzi
2. rizwi
3. irwzi
4. zriwi
5. wriiz

Since unscrambling the word didn't give a clear English word, let's try decrypting it as a Caesar cipher with different shifts.

1. Shift 1: vhzjq
2. Shif",1,1.0
wizir,seven,5,4,"1. wirzi
2. rizwi
3. irwzi
4. zriwi
5. wriiz

Since unscrambling the word didn't give a clear English word, let's try decrypting it as a Caesar cipher with different shifts.

1. Shift 1: vhzjq
2. Shift 2: ugypi
3. Shift 3: tfxoh
4. Shift 4: sewng
5. Shift 5: rdvmf

None of the decrypted words make sense with various Caesar shifts either. It's possible that the original ciphertext may not represent a single English word, or the encryption method used is different.",0,4,"1. wirzi
2. rizwi
3. irwzi
4. zriwi
5. wriiz

Since unscrambling the word didn't give a clear English word, let's try decrypting it as a Caesar cipher with different shifts.

1. Shift 1: vhzjq
2. Shift 2: ugypi
3. Shift 3: tfxoh
4. Shift 4: sewng
5. ",1,1.0
wizir,seven,5,4,"1. wirzi
2. rizwi
3. irwzi
4. zriwi
5. wriiz

Since unscrambling the word didn't give a clear English word, let's try decrypting it as a Caesar cipher with different shifts.

1. Shift 1: vhzjq
2. Shift 2: ugypi
3. Shift 3: tfxoh
4. Shift 4: sewng
5. Shift 5: rdvmf

None of the decrypted words make sense with various Caesar shifts either. It's possible that the original ciphertext may not represent a single English word, or the encryption method used is different.",0,5,"1. wirzi
2. rizwi
3. irwzi
4. zriwi
5. wriiz

Since unscrambling the word didn't give a clear English word, let's try decrypting it as a Caesar cipher with different shifts.

1. Shift 1: vhzjq
2. Shift 2: ugypi
3. Shift 3: tfxoh
4. Shift 4: sewng
5. Shift 5: rdvmf

None of the decrypted words make s",1,1.0
wizir,seven,5,4,"1. wirzi
2. rizwi
3. irwzi
4. zriwi
5. wriiz

Since unscrambling the word didn't give a clear English word, let's try decrypting it as a Caesar cipher with different shifts.

1. Shift 1: vhzjq
2. Shift 2: ugypi
3. Shift 3: tfxoh
4. Shift 4: sewng
5. Shift 5: rdvmf

None of the decrypted words make sense with various Caesar shifts either. It's possible that the original ciphertext may not represent a single English word, or the encryption method used is different.",0,6,"1. wirzi
2. rizwi
3. irwzi
4. zriwi
5. wriiz

Since unscrambling the word didn't give a clear English word, let's try decrypting it as a Caesar cipher with different shifts.

1. Shift 1: vhzjq
2. Shift 2: ugypi
3. Shift 3: tfxoh
4. Shift 4: sewng
5. Shift 5: rdvmf

None of the decrypted words make sense with various Caesar shifts either. It's possi",1,1.0
wizir,seven,5,4,"1. wirzi
2. rizwi
3. irwzi
4. zriwi
5. wriiz

Since unscrambling the word didn't give a clear English word, let's try decrypting it as a Caesar cipher with different shifts.

1. Shift 1: vhzjq
2. Shift 2: ugypi
3. Shift 3: tfxoh
4. Shift 4: sewng
5. Shift 5: rdvmf

None of the decrypted words make sense with various Caesar shifts either. It's possible that the original ciphertext may not represent a single English word, or the encryption method used is different.",0,7,"1. wirzi
2. rizwi
3. irwzi
4. zriwi
5. wriiz

Since unscrambling the word didn't give a clear English word, let's try decrypting it as a Caesar cipher with different shifts.

1. Shift 1: vhzjq
2. Shift 2: ugypi
3. Shift 3: tfxoh
4. Shift 4: sewng
5. Shift 5: rdvmf

None of the decrypted words make sense with various Caesar shifts either. It's possible that the original ciphertext may not represent",1,1.0
wizir,seven,5,4,"1. wirzi
2. rizwi
3. irwzi
4. zriwi
5. wriiz

Since unscrambling the word didn't give a clear English word, let's try decrypting it as a Caesar cipher with different shifts.

1. Shift 1: vhzjq
2. Shift 2: ugypi
3. Shift 3: tfxoh
4. Shift 4: sewng
5. Shift 5: rdvmf

None of the decrypted words make sense with various Caesar shifts either. It's possible that the original ciphertext may not represent a single English word, or the encryption method used is different.",0,8,"1. wirzi
2. rizwi
3. irwzi
4. zriwi
5. wriiz

Since unscrambling the word didn't give a clear English word, let's try decrypting it as a Caesar cipher with different shifts.

1. Shift 1: vhzjq
2. Shift 2: ugypi
3. Shift 3: tfxoh
4. Shift 4: sewng
5. Shift 5: rdvmf

None of the decrypted words make sense with various Caesar shifts either. It's possible that the original ciphertext may not represent a single English word, or the encryption method u",1,1.0
wizir,seven,5,4,"1. wirzi
2. rizwi
3. irwzi
4. zriwi
5. wriiz

Since unscrambling the word didn't give a clear English word, let's try decrypting it as a Caesar cipher with different shifts.

1. Shift 1: vhzjq
2. Shift 2: ugypi
3. Shift 3: tfxoh
4. Shift 4: sewng
5. Shift 5: rdvmf

None of the decrypted words make sense with various Caesar shifts either. It's possible that the original ciphertext may not represent a single English word, or the encryption method used is different.",0,9,"1. wirzi
2. rizwi
3. irwzi
4. zriwi
5. wriiz

Since unscrambling the word didn't give a clear English word, let's try decrypting it as a Caesar cipher with different shifts.

1. Shift 1: vhzjq
2. Shift 2: ugypi
3. Shift 3: tfxoh
4. Shift 4: sewng
5. Shift 5: rdvmf

None of the decrypted words make sense with various Caesar shifts either. It's possible that the original ciphertext may not represent a single English word, or the encryption method used is different.",1,1.0
irxiv,enter,5,4,"1. rivix
2.  ixrvi
3.  ivixr
4.  xivri
5.  virix",0,0,"1. rivix
2.  ixrvi
3.  ivixr
4.  xivri
5.  virix",0,
xlivi,there,5,4,"1. livix
2. viilx
3. ilvix
4. vilix
5. ivilx

Since unscrambling as an anagram didn't reveal any English words, I will now continue by assuming it's a Caesar cipher and try to decrypt it with at least 5 different shifts.",0,0,"1. livix
2. viilx
3. ilvix
4. vilix
5. ivilx

Sinc",0,2.0
xlivi,there,5,4,"1. livix
2. viilx
3. ilvix
4. vilix
5. ivilx

Since unscrambling as an anagram didn't reveal any English words, I will now continue by assuming it's a Caesar cipher and try to decrypt it with at least 5 different shifts.",0,1,"1. livix
2. viilx
3. ilvix
4. vilix
5. ivilx

Since unscrambling as an anagram didn't reveal any Eng",0,2.0
xlivi,there,5,4,"1. livix
2. viilx
3. ilvix
4. vilix
5. ivilx

Since unscrambling as an anagram didn't reveal any English words, I will now continue by assuming it's a Caesar cipher and try to decrypt it with at least 5 different shifts.",0,2,"1. livix
2. viilx
3. ilvix
4. vilix
5. ivilx

Since unscrambling as an anagram didn't reveal any English words, I will now continue by assuming it's a",1,2.0
xlivi,there,5,4,"1. livix
2. viilx
3. ilvix
4. vilix
5. ivilx

Since unscrambling as an anagram didn't reveal any English words, I will now continue by assuming it's a Caesar cipher and try to decrypt it with at least 5 different shifts.",0,3,"1. livix
2. viilx
3. ilvix
4. vilix
5. ivilx

Since unscrambling as an anagram didn't reveal any English words, I will now continue by assuming it's a Caesar cipher and try to decrypt it with at least",1,2.0
xlivi,there,5,4,"1. livix
2. viilx
3. ilvix
4. vilix
5. ivilx

Since unscrambling as an anagram didn't reveal any English words, I will now continue by assuming it's a Caesar cipher and try to decrypt it with at least 5 different shifts.",0,4,"1. livix
2. viilx
3. ilvix
4. vilix
5. ivilx

Since unscrambling as an anagram didn't reveal any English words, I will now continue by assuming it's a Caesar cipher and try to decrypt it with at least 5 different shifts.",1,2.0
vmziv,river,5,4,"1. vmziv = mizzv
2. vmziv = vizmv
3. vmziv = vimzv
4. vmziv = zimvv
5. vmziv = zvmvi

Since unscrambling as an anagram didn't produce a meaningful result, let's try assuming it's a Caesar cipher and trying to decrypt it using at least 5 different shifts.

1. Shift 1: ulyhu
2. Shift 2: tkxgt
3. Shift 3: sjwfs
4. Shift 4: river
5. Shift 5: qhudq

The decrypted word ""river"" from shift 4 seems to be the most likely solution.",1,0,"1. vmziv = mizzv
2. vmziv = vizmv
3. vmziv = vimzv",0,2.0
vmziv,river,5,4,"1. vmziv = mizzv
2. vmziv = vizmv
3. vmziv = vimzv
4. vmziv = zimvv
5. vmziv = zvmvi

Since unscrambling as an anagram didn't produce a meaningful result, let's try assuming it's a Caesar cipher and trying to decrypt it using at least 5 different shifts.

1. Shift 1: ulyhu
2. Shift 2: tkxgt
3. Shift 3: sjwfs
4. Shift 4: river
5. Shift 5: qhudq

The decrypted word ""river"" from shift 4 seems to be the most likely solution.",1,1,"1. vmziv = mizzv
2. vmziv = vizmv
3. vmziv = vimzv
4. vmziv = zimvv
5. vmziv = zvmvi

Since unscramb",0,2.0
vmziv,river,5,4,"1. vmziv = mizzv
2. vmziv = vizmv
3. vmziv = vimzv
4. vmziv = zimvv
5. vmziv = zvmvi

Since unscrambling as an anagram didn't produce a meaningful result, let's try assuming it's a Caesar cipher and trying to decrypt it using at least 5 different shifts.

1. Shift 1: ulyhu
2. Shift 2: tkxgt
3. Shift 3: sjwfs
4. Shift 4: river
5. Shift 5: qhudq

The decrypted word ""river"" from shift 4 seems to be the most likely solution.",1,2,"1. vmziv = mizzv
2. vmziv = vizmv
3. vmziv = vimzv
4. vmziv = zimvv
5. vmziv = zvmvi

Since unscrambling as an anagram didn't produce a meaningful res",1,2.0
vmziv,river,5,4,"1. vmziv = mizzv
2. vmziv = vizmv
3. vmziv = vimzv
4. vmziv = zimvv
5. vmziv = zvmvi

Since unscrambling as an anagram didn't produce a meaningful result, let's try assuming it's a Caesar cipher and trying to decrypt it using at least 5 different shifts.

1. Shift 1: ulyhu
2. Shift 2: tkxgt
3. Shift 3: sjwfs
4. Shift 4: river
5. Shift 5: qhudq

The decrypted word ""river"" from shift 4 seems to be the most likely solution.",1,3,"1. vmziv = mizzv
2. vmziv = vizmv
3. vmziv = vimzv
4. vmziv = zimvv
5. vmziv = zvmvi

Since unscrambling as an anagram didn't produce a meaningful result, let's try assuming it's a Caesar cipher and t",1,2.0
vmziv,river,5,4,"1. vmziv = mizzv
2. vmziv = vizmv
3. vmziv = vimzv
4. vmziv = zimvv
5. vmziv = zvmvi

Since unscrambling as an anagram didn't produce a meaningful result, let's try assuming it's a Caesar cipher and trying to decrypt it using at least 5 different shifts.

1. Shift 1: ulyhu
2. Shift 2: tkxgt
3. Shift 3: sjwfs
4. Shift 4: river
5. Shift 5: qhudq

The decrypted word ""river"" from shift 4 seems to be the most likely solution.",1,4,"1. vmziv = mizzv
2. vmziv = vizmv
3. vmziv = vimzv
4. vmziv = zimvv
5. vmziv = zvmvi

Since unscrambling as an anagram didn't produce a meaningful result, let's try assuming it's a Caesar cipher and trying to decrypt it using at least 5 different shi",1,2.0
vmziv,river,5,4,"1. vmziv = mizzv
2. vmziv = vizmv
3. vmziv = vimzv
4. vmziv = zimvv
5. vmziv = zvmvi

Since unscrambling as an anagram didn't produce a meaningful result, let's try assuming it's a Caesar cipher and trying to decrypt it using at least 5 different shifts.

1. Shift 1: ulyhu
2. Shift 2: tkxgt
3. Shift 3: sjwfs
4. Shift 4: river
5. Shift 5: qhudq

The decrypted word ""river"" from shift 4 seems to be the most likely solution.",1,5,"1. vmziv = mizzv
2. vmziv = vizmv
3. vmziv = vimzv
4. vmziv = zimvv
5. vmziv = zvmvi

Since unscrambling as an anagram didn't produce a meaningful result, let's try assuming it's a Caesar cipher and trying to decrypt it using at least 5 different shifts.

1. Shift 1: ulyhu
2. Shift 2: tkxgt
3. Shift",1,2.0
vmziv,river,5,4,"1. vmziv = mizzv
2. vmziv = vizmv
3. vmziv = vimzv
4. vmziv = zimvv
5. vmziv = zvmvi

Since unscrambling as an anagram didn't produce a meaningful result, let's try assuming it's a Caesar cipher and trying to decrypt it using at least 5 different shifts.

1. Shift 1: ulyhu
2. Shift 2: tkxgt
3. Shift 3: sjwfs
4. Shift 4: river
5. Shift 5: qhudq

The decrypted word ""river"" from shift 4 seems to be the most likely solution.",1,6,"1. vmziv = mizzv
2. vmziv = vizmv
3. vmziv = vimzv
4. vmziv = zimvv
5. vmziv = zvmvi

Since unscrambling as an anagram didn't produce a meaningful result, let's try assuming it's a Caesar cipher and trying to decrypt it using at least 5 different shifts.

1. Shift 1: ulyhu
2. Shift 2: tkxgt
3. Shift 3: sjwfs
4. Shift 4: river
5. Shift 5: qhudq

The",1,2.0
vmziv,river,5,4,"1. vmziv = mizzv
2. vmziv = vizmv
3. vmziv = vimzv
4. vmziv = zimvv
5. vmziv = zvmvi

Since unscrambling as an anagram didn't produce a meaningful result, let's try assuming it's a Caesar cipher and trying to decrypt it using at least 5 different shifts.

1. Shift 1: ulyhu
2. Shift 2: tkxgt
3. Shift 3: sjwfs
4. Shift 4: river
5. Shift 5: qhudq

The decrypted word ""river"" from shift 4 seems to be the most likely solution.",1,7,"1. vmziv = mizzv
2. vmziv = vizmv
3. vmziv = vimzv
4. vmziv = zimvv
5. vmziv = zvmvi

Since unscrambling as an anagram didn't produce a meaningful result, let's try assuming it's a Caesar cipher and trying to decrypt it using at least 5 different shifts.

1. Shift 1: ulyhu
2. Shift 2: tkxgt
3. Shift 3: sjwfs
4. Shift 4: river
5. Shift 5: qhudq

The decrypted word ""river"" from shift 4 seems to be t",1,2.0
vmziv,river,5,4,"1. vmziv = mizzv
2. vmziv = vizmv
3. vmziv = vimzv
4. vmziv = zimvv
5. vmziv = zvmvi

Since unscrambling as an anagram didn't produce a meaningful result, let's try assuming it's a Caesar cipher and trying to decrypt it using at least 5 different shifts.

1. Shift 1: ulyhu
2. Shift 2: tkxgt
3. Shift 3: sjwfs
4. Shift 4: river
5. Shift 5: qhudq

The decrypted word ""river"" from shift 4 seems to be the most likely solution.",1,8,"1. vmziv = mizzv
2. vmziv = vizmv
3. vmziv = vimzv
4. vmziv = zimvv
5. vmziv = zvmvi

Since unscrambling as an anagram didn't produce a meaningful result, let's try assuming it's a Caesar cipher and trying to decrypt it using at least 5 different shifts.

1. Shift 1: ulyhu
2. Shift 2: tkxgt
3. Shift 3: sjwfs
4. Shift 4: river
5. Shift 5: qhudq

The decrypted word ""river"" from shift 4 seems to be the most likely solution.",1,2.0
ywmrk,using,5,4,"1. ywmrk = murky
2. ywmrk = worky
3. ywmrk = myrk
4. ywmrk = krym
5. ywmrk = rwym

Since unscrambling as an anagram did not provide a clear English word, I will now try to decrypt it using a Caesar cipher with different shifts.

1. Shift 1:
ywmrk -> xvlqj

2. Shift 2:
ywmrk -> wukpi

3. Shift 3:
ywmrk -> vtjoh

4. Shift 4:
ywmrk -> using

5. Shift 5:
ywmrk -> thrmf

After trying multiple shifts of a Caesar cipher, the word ""using"" was decrypted using shift 4.",1,0,"1. ywmrk = murky
2. ywmrk = worky
3. ywmrk = myrk
",0,2.0
ywmrk,using,5,4,"1. ywmrk = murky
2. ywmrk = worky
3. ywmrk = myrk
4. ywmrk = krym
5. ywmrk = rwym

Since unscrambling as an anagram did not provide a clear English word, I will now try to decrypt it using a Caesar cipher with different shifts.

1. Shift 1:
ywmrk -> xvlqj

2. Shift 2:
ywmrk -> wukpi

3. Shift 3:
ywmrk -> vtjoh

4. Shift 4:
ywmrk -> using

5. Shift 5:
ywmrk -> thrmf

After trying multiple shifts of a Caesar cipher, the word ""using"" was decrypted using shift 4.",1,1,"1. ywmrk = murky
2. ywmrk = worky
3. ywmrk = myrk
4. ywmrk = krym
5. ywmrk = rwym

Since unscramblin",0,2.0
ywmrk,using,5,4,"1. ywmrk = murky
2. ywmrk = worky
3. ywmrk = myrk
4. ywmrk = krym
5. ywmrk = rwym

Since unscrambling as an anagram did not provide a clear English word, I will now try to decrypt it using a Caesar cipher with different shifts.

1. Shift 1:
ywmrk -> xvlqj

2. Shift 2:
ywmrk -> wukpi

3. Shift 3:
ywmrk -> vtjoh

4. Shift 4:
ywmrk -> using

5. Shift 5:
ywmrk -> thrmf

After trying multiple shifts of a Caesar cipher, the word ""using"" was decrypted using shift 4.",1,2,"1. ywmrk = murky
2. ywmrk = worky
3. ywmrk = myrk
4. ywmrk = krym
5. ywmrk = rwym

Since unscrambling as an anagram did not provide a clear English wo",1,2.0
ywmrk,using,5,4,"1. ywmrk = murky
2. ywmrk = worky
3. ywmrk = myrk
4. ywmrk = krym
5. ywmrk = rwym

Since unscrambling as an anagram did not provide a clear English word, I will now try to decrypt it using a Caesar cipher with different shifts.

1. Shift 1:
ywmrk -> xvlqj

2. Shift 2:
ywmrk -> wukpi

3. Shift 3:
ywmrk -> vtjoh

4. Shift 4:
ywmrk -> using

5. Shift 5:
ywmrk -> thrmf

After trying multiple shifts of a Caesar cipher, the word ""using"" was decrypted using shift 4.",1,3,"1. ywmrk = murky
2. ywmrk = worky
3. ywmrk = myrk
4. ywmrk = krym
5. ywmrk = rwym

Since unscrambling as an anagram did not provide a clear English word, I will now try to decrypt it using a Caesar ci",1,2.0
ywmrk,using,5,4,"1. ywmrk = murky
2. ywmrk = worky
3. ywmrk = myrk
4. ywmrk = krym
5. ywmrk = rwym

Since unscrambling as an anagram did not provide a clear English word, I will now try to decrypt it using a Caesar cipher with different shifts.

1. Shift 1:
ywmrk -> xvlqj

2. Shift 2:
ywmrk -> wukpi

3. Shift 3:
ywmrk -> vtjoh

4. Shift 4:
ywmrk -> using

5. Shift 5:
ywmrk -> thrmf

After trying multiple shifts of a Caesar cipher, the word ""using"" was decrypted using shift 4.",1,4,"1. ywmrk = murky
2. ywmrk = worky
3. ywmrk = myrk
4. ywmrk = krym
5. ywmrk = rwym

Since unscrambling as an anagram did not provide a clear English word, I will now try to decrypt it using a Caesar cipher with different shifts.

1. Shift 1:
ywmrk -> ",1,2.0
ywmrk,using,5,4,"1. ywmrk = murky
2. ywmrk = worky
3. ywmrk = myrk
4. ywmrk = krym
5. ywmrk = rwym

Since unscrambling as an anagram did not provide a clear English word, I will now try to decrypt it using a Caesar cipher with different shifts.

1. Shift 1:
ywmrk -> xvlqj

2. Shift 2:
ywmrk -> wukpi

3. Shift 3:
ywmrk -> vtjoh

4. Shift 4:
ywmrk -> using

5. Shift 5:
ywmrk -> thrmf

After trying multiple shifts of a Caesar cipher, the word ""using"" was decrypted using shift 4.",1,5,"1. ywmrk = murky
2. ywmrk = worky
3. ywmrk = myrk
4. ywmrk = krym
5. ywmrk = rwym

Since unscrambling as an anagram did not provide a clear English word, I will now try to decrypt it using a Caesar cipher with different shifts.

1. Shift 1:
ywmrk -> xvlqj

2. Shift 2:
ywmrk -> wukpi

3. Shift 3:
ywm",1,2.0
ywmrk,using,5,4,"1. ywmrk = murky
2. ywmrk = worky
3. ywmrk = myrk
4. ywmrk = krym
5. ywmrk = rwym

Since unscrambling as an anagram did not provide a clear English word, I will now try to decrypt it using a Caesar cipher with different shifts.

1. Shift 1:
ywmrk -> xvlqj

2. Shift 2:
ywmrk -> wukpi

3. Shift 3:
ywmrk -> vtjoh

4. Shift 4:
ywmrk -> using

5. Shift 5:
ywmrk -> thrmf

After trying multiple shifts of a Caesar cipher, the word ""using"" was decrypted using shift 4.",1,6,"1. ywmrk = murky
2. ywmrk = worky
3. ywmrk = myrk
4. ywmrk = krym
5. ywmrk = rwym

Since unscrambling as an anagram did not provide a clear English word, I will now try to decrypt it using a Caesar cipher with different shifts.

1. Shift 1:
ywmrk -> xvlqj

2. Shift 2:
ywmrk -> wukpi

3. Shift 3:
ywmrk -> vtjoh

4. Shift 4:
ywmrk -> using

5. Shift ",1,2.0
ywmrk,using,5,4,"1. ywmrk = murky
2. ywmrk = worky
3. ywmrk = myrk
4. ywmrk = krym
5. ywmrk = rwym

Since unscrambling as an anagram did not provide a clear English word, I will now try to decrypt it using a Caesar cipher with different shifts.

1. Shift 1:
ywmrk -> xvlqj

2. Shift 2:
ywmrk -> wukpi

3. Shift 3:
ywmrk -> vtjoh

4. Shift 4:
ywmrk -> using

5. Shift 5:
ywmrk -> thrmf

After trying multiple shifts of a Caesar cipher, the word ""using"" was decrypted using shift 4.",1,7,"1. ywmrk = murky
2. ywmrk = worky
3. ywmrk = myrk
4. ywmrk = krym
5. ywmrk = rwym

Since unscrambling as an anagram did not provide a clear English word, I will now try to decrypt it using a Caesar cipher with different shifts.

1. Shift 1:
ywmrk -> xvlqj

2. Shift 2:
ywmrk -> wukpi

3. Shift 3:
ywmrk -> vtjoh

4. Shift 4:
ywmrk -> using

5. Shift 5:
ywmrk -> thrmf

After trying multiple shifts of",1,2.0
ywmrk,using,5,4,"1. ywmrk = murky
2. ywmrk = worky
3. ywmrk = myrk
4. ywmrk = krym
5. ywmrk = rwym

Since unscrambling as an anagram did not provide a clear English word, I will now try to decrypt it using a Caesar cipher with different shifts.

1. Shift 1:
ywmrk -> xvlqj

2. Shift 2:
ywmrk -> wukpi

3. Shift 3:
ywmrk -> vtjoh

4. Shift 4:
ywmrk -> using

5. Shift 5:
ywmrk -> thrmf

After trying multiple shifts of a Caesar cipher, the word ""using"" was decrypted using shift 4.",1,8,"1. ywmrk = murky
2. ywmrk = worky
3. ywmrk = myrk
4. ywmrk = krym
5. ywmrk = rwym

Since unscrambling as an anagram did not provide a clear English word, I will now try to decrypt it using a Caesar cipher with different shifts.

1. Shift 1:
ywmrk -> xvlqj

2. Shift 2:
ywmrk -> wukpi

3. Shift 3:
ywmrk -> vtjoh

4. Shift 4:
ywmrk -> using

5. Shift 5:
ywmrk -> thrmf

After trying multiple shifts of a Caesar cipher, the word ""using"" was decrypted u",1,2.0
ywmrk,using,5,4,"1. ywmrk = murky
2. ywmrk = worky
3. ywmrk = myrk
4. ywmrk = krym
5. ywmrk = rwym

Since unscrambling as an anagram did not provide a clear English word, I will now try to decrypt it using a Caesar cipher with different shifts.

1. Shift 1:
ywmrk -> xvlqj

2. Shift 2:
ywmrk -> wukpi

3. Shift 3:
ywmrk -> vtjoh

4. Shift 4:
ywmrk -> using

5. Shift 5:
ywmrk -> thrmf

After trying multiple shifts of a Caesar cipher, the word ""using"" was decrypted using shift 4.",1,9,"1. ywmrk = murky
2. ywmrk = worky
3. ywmrk = myrk
4. ywmrk = krym
5. ywmrk = rwym

Since unscrambling as an anagram did not provide a clear English word, I will now try to decrypt it using a Caesar cipher with different shifts.

1. Shift 1:
ywmrk -> xvlqj

2. Shift 2:
ywmrk -> wukpi

3. Shift 3:
ywmrk -> vtjoh

4. Shift 4:
ywmrk -> using

5. Shift 5:
ywmrk -> thrmf

After trying multiple shifts of a Caesar cipher, the word ""using"" was decrypted using shift 4.",1,2.0
xsykl,tough,5,4,"1. skyxl
2. ykslx
3. lxsyk
4. lyxks
5. xkyls

Now, I will try decrypting the ciphertext using a Caesar cipher with different shift values:

1. Shift 1: wrxjk
2. Shift 2: vqwij
3. Shift 3: upvhi
4. Shift 4: tough
5. Shift 5: sntfg

Based on trying both anagram and Caesar cipher decryption, it seems like the word might be ""tough"" decrypted using a Caesar cipher with a shift of 4.",1,0,"1. skyxl
2. ykslx
3. lxsyk
4. lyxks
5. xkyls

Now,",1,0.0
xsykl,tough,5,4,"1. skyxl
2. ykslx
3. lxsyk
4. lyxks
5. xkyls

Now, I will try decrypting the ciphertext using a Caesar cipher with different shift values:

1. Shift 1: wrxjk
2. Shift 2: vqwij
3. Shift 3: upvhi
4. Shift 4: tough
5. Shift 5: sntfg

Based on trying both anagram and Caesar cipher decryption, it seems like the word might be ""tough"" decrypted using a Caesar cipher with a shift of 4.",1,1,"1. skyxl
2. ykslx
3. lxsyk
4. lyxks
5. xkyls

Now, I will try decrypting the ciphertext using a Caes",1,0.0
xsykl,tough,5,4,"1. skyxl
2. ykslx
3. lxsyk
4. lyxks
5. xkyls

Now, I will try decrypting the ciphertext using a Caesar cipher with different shift values:

1. Shift 1: wrxjk
2. Shift 2: vqwij
3. Shift 3: upvhi
4. Shift 4: tough
5. Shift 5: sntfg

Based on trying both anagram and Caesar cipher decryption, it seems like the word might be ""tough"" decrypted using a Caesar cipher with a shift of 4.",1,2,"1. skyxl
2. ykslx
3. lxsyk
4. lyxks
5. xkyls

Now, I will try decrypting the ciphertext using a Caesar cipher with different shift values:

1. Shift 1",1,0.0
xsykl,tough,5,4,"1. skyxl
2. ykslx
3. lxsyk
4. lyxks
5. xkyls

Now, I will try decrypting the ciphertext using a Caesar cipher with different shift values:

1. Shift 1: wrxjk
2. Shift 2: vqwij
3. Shift 3: upvhi
4. Shift 4: tough
5. Shift 5: sntfg

Based on trying both anagram and Caesar cipher decryption, it seems like the word might be ""tough"" decrypted using a Caesar cipher with a shift of 4.",1,3,"1. skyxl
2. ykslx
3. lxsyk
4. lyxks
5. xkyls

Now, I will try decrypting the ciphertext using a Caesar cipher with different shift values:

1. Shift 1: wrxjk
2. Shift 2: vqwij
3. Shift 3: upvhi
4. Shi",1,0.0
xsykl,tough,5,4,"1. skyxl
2. ykslx
3. lxsyk
4. lyxks
5. xkyls

Now, I will try decrypting the ciphertext using a Caesar cipher with different shift values:

1. Shift 1: wrxjk
2. Shift 2: vqwij
3. Shift 3: upvhi
4. Shift 4: tough
5. Shift 5: sntfg

Based on trying both anagram and Caesar cipher decryption, it seems like the word might be ""tough"" decrypted using a Caesar cipher with a shift of 4.",1,4,"1. skyxl
2. ykslx
3. lxsyk
4. lyxks
5. xkyls

Now, I will try decrypting the ciphertext using a Caesar cipher with different shift values:

1. Shift 1: wrxjk
2. Shift 2: vqwij
3. Shift 3: upvhi
4. Shift 4: tough
5. Shift 5: sntfg

Based on trying bot",1,0.0
xsykl,tough,5,4,"1. skyxl
2. ykslx
3. lxsyk
4. lyxks
5. xkyls

Now, I will try decrypting the ciphertext using a Caesar cipher with different shift values:

1. Shift 1: wrxjk
2. Shift 2: vqwij
3. Shift 3: upvhi
4. Shift 4: tough
5. Shift 5: sntfg

Based on trying both anagram and Caesar cipher decryption, it seems like the word might be ""tough"" decrypted using a Caesar cipher with a shift of 4.",1,5,"1. skyxl
2. ykslx
3. lxsyk
4. lyxks
5. xkyls

Now, I will try decrypting the ciphertext using a Caesar cipher with different shift values:

1. Shift 1: wrxjk
2. Shift 2: vqwij
3. Shift 3: upvhi
4. Shift 4: tough
5. Shift 5: sntfg

Based on trying both anagram and Caesar cipher decryption, it seems l",1,0.0
xsykl,tough,5,4,"1. skyxl
2. ykslx
3. lxsyk
4. lyxks
5. xkyls

Now, I will try decrypting the ciphertext using a Caesar cipher with different shift values:

1. Shift 1: wrxjk
2. Shift 2: vqwij
3. Shift 3: upvhi
4. Shift 4: tough
5. Shift 5: sntfg

Based on trying both anagram and Caesar cipher decryption, it seems like the word might be ""tough"" decrypted using a Caesar cipher with a shift of 4.",1,6,"1. skyxl
2. ykslx
3. lxsyk
4. lyxks
5. xkyls

Now, I will try decrypting the ciphertext using a Caesar cipher with different shift values:

1. Shift 1: wrxjk
2. Shift 2: vqwij
3. Shift 3: upvhi
4. Shift 4: tough
5. Shift 5: sntfg

Based on trying both anagram and Caesar cipher decryption, it seems like the word might be ""tough"" decrypted using a Ca",1,0.0
xsykl,tough,5,4,"1. skyxl
2. ykslx
3. lxsyk
4. lyxks
5. xkyls

Now, I will try decrypting the ciphertext using a Caesar cipher with different shift values:

1. Shift 1: wrxjk
2. Shift 2: vqwij
3. Shift 3: upvhi
4. Shift 4: tough
5. Shift 5: sntfg

Based on trying both anagram and Caesar cipher decryption, it seems like the word might be ""tough"" decrypted using a Caesar cipher with a shift of 4.",1,7,"1. skyxl
2. ykslx
3. lxsyk
4. lyxks
5. xkyls

Now, I will try decrypting the ciphertext using a Caesar cipher with different shift values:

1. Shift 1: wrxjk
2. Shift 2: vqwij
3. Shift 3: upvhi
4. Shift 4: tough
5. Shift 5: sntfg

Based on trying both anagram and Caesar cipher decryption, it seems like the word might be ""tough"" decrypted using a Caesar cipher with a shift of 4.",1,0.0
jsyrh,found,5,4,"1. rushy
2. hurys
3. yhrjs
4. shjry
5. hyrsj

Now, I'll try decrypting the ciphertext using a Caesar cipher with different shifts:
1. Shift 1: irxqg
2. Shift 2: hqwpf
3. Shift 3: gpvoe
4. Shift 4: found
5. Shift 5: entmc

Based on the results, it looks like ""found"" is the English word that fits the ciphertext ""jsyrh"" using a Caesar Cipher with a shift of 4.",1,0,"1. rushy
2. hurys
3. yhrjs
4. shjry
5. hyrsj

Now,",1,0.0
jsyrh,found,5,4,"1. rushy
2. hurys
3. yhrjs
4. shjry
5. hyrsj

Now, I'll try decrypting the ciphertext using a Caesar cipher with different shifts:
1. Shift 1: irxqg
2. Shift 2: hqwpf
3. Shift 3: gpvoe
4. Shift 4: found
5. Shift 5: entmc

Based on the results, it looks like ""found"" is the English word that fits the ciphertext ""jsyrh"" using a Caesar Cipher with a shift of 4.",1,1,"1. rushy
2. hurys
3. yhrjs
4. shjry
5. hyrsj

Now, I'll try decrypting the ciphertext using a Caesar",1,0.0
jsyrh,found,5,4,"1. rushy
2. hurys
3. yhrjs
4. shjry
5. hyrsj

Now, I'll try decrypting the ciphertext using a Caesar cipher with different shifts:
1. Shift 1: irxqg
2. Shift 2: hqwpf
3. Shift 3: gpvoe
4. Shift 4: found
5. Shift 5: entmc

Based on the results, it looks like ""found"" is the English word that fits the ciphertext ""jsyrh"" using a Caesar Cipher with a shift of 4.",1,2,"1. rushy
2. hurys
3. yhrjs
4. shjry
5. hyrsj

Now, I'll try decrypting the ciphertext using a Caesar cipher with different shifts:
1. Shift 1: irxqg
2",1,0.0
jsyrh,found,5,4,"1. rushy
2. hurys
3. yhrjs
4. shjry
5. hyrsj

Now, I'll try decrypting the ciphertext using a Caesar cipher with different shifts:
1. Shift 1: irxqg
2. Shift 2: hqwpf
3. Shift 3: gpvoe
4. Shift 4: found
5. Shift 5: entmc

Based on the results, it looks like ""found"" is the English word that fits the ciphertext ""jsyrh"" using a Caesar Cipher with a shift of 4.",1,3,"1. rushy
2. hurys
3. yhrjs
4. shjry
5. hyrsj

Now, I'll try decrypting the ciphertext using a Caesar cipher with different shifts:
1. Shift 1: irxqg
2. Shift 2: hqwpf
3. Shift 3: gpvoe
4. Shift 4: fou",1,0.0
jsyrh,found,5,4,"1. rushy
2. hurys
3. yhrjs
4. shjry
5. hyrsj

Now, I'll try decrypting the ciphertext using a Caesar cipher with different shifts:
1. Shift 1: irxqg
2. Shift 2: hqwpf
3. Shift 3: gpvoe
4. Shift 4: found
5. Shift 5: entmc

Based on the results, it looks like ""found"" is the English word that fits the ciphertext ""jsyrh"" using a Caesar Cipher with a shift of 4.",1,4,"1. rushy
2. hurys
3. yhrjs
4. shjry
5. hyrsj

Now, I'll try decrypting the ciphertext using a Caesar cipher with different shifts:
1. Shift 1: irxqg
2. Shift 2: hqwpf
3. Shift 3: gpvoe
4. Shift 4: found
5. Shift 5: entmc

Based on the results, it loo",1,0.0
jsyrh,found,5,4,"1. rushy
2. hurys
3. yhrjs
4. shjry
5. hyrsj

Now, I'll try decrypting the ciphertext using a Caesar cipher with different shifts:
1. Shift 1: irxqg
2. Shift 2: hqwpf
3. Shift 3: gpvoe
4. Shift 4: found
5. Shift 5: entmc

Based on the results, it looks like ""found"" is the English word that fits the ciphertext ""jsyrh"" using a Caesar Cipher with a shift of 4.",1,5,"1. rushy
2. hurys
3. yhrjs
4. shjry
5. hyrsj

Now, I'll try decrypting the ciphertext using a Caesar cipher with different shifts:
1. Shift 1: irxqg
2. Shift 2: hqwpf
3. Shift 3: gpvoe
4. Shift 4: found
5. Shift 5: entmc

Based on the results, it looks like ""found"" is the English word that fits the ",1,0.0
jsyrh,found,5,4,"1. rushy
2. hurys
3. yhrjs
4. shjry
5. hyrsj

Now, I'll try decrypting the ciphertext using a Caesar cipher with different shifts:
1. Shift 1: irxqg
2. Shift 2: hqwpf
3. Shift 3: gpvoe
4. Shift 4: found
5. Shift 5: entmc

Based on the results, it looks like ""found"" is the English word that fits the ciphertext ""jsyrh"" using a Caesar Cipher with a shift of 4.",1,6,"1. rushy
2. hurys
3. yhrjs
4. shjry
5. hyrsj

Now, I'll try decrypting the ciphertext using a Caesar cipher with different shifts:
1. Shift 1: irxqg
2. Shift 2: hqwpf
3. Shift 3: gpvoe
4. Shift 4: found
5. Shift 5: entmc

Based on the results, it looks like ""found"" is the English word that fits the ciphertext ""jsyrh"" using a Caesar Cipher with a sh",1,0.0
jsyrh,found,5,4,"1. rushy
2. hurys
3. yhrjs
4. shjry
5. hyrsj

Now, I'll try decrypting the ciphertext using a Caesar cipher with different shifts:
1. Shift 1: irxqg
2. Shift 2: hqwpf
3. Shift 3: gpvoe
4. Shift 4: found
5. Shift 5: entmc

Based on the results, it looks like ""found"" is the English word that fits the ciphertext ""jsyrh"" using a Caesar Cipher with a shift of 4.",1,7,"1. rushy
2. hurys
3. yhrjs
4. shjry
5. hyrsj

Now, I'll try decrypting the ciphertext using a Caesar cipher with different shifts:
1. Shift 1: irxqg
2. Shift 2: hqwpf
3. Shift 3: gpvoe
4. Shift 4: found
5. Shift 5: entmc

Based on the results, it looks like ""found"" is the English word that fits the ciphertext ""jsyrh"" using a Caesar Cipher with a shift of 4.",1,0.0
xivqw,terms,5,4,"1. viqxw
2. viwqx
3. wixqv
4. qivwx
5. qwvix

Now, let's try decrypting it assuming it's a Caesar cipher with different shifts:

1. Shift 1: whuvp
2. Shift 2: vgtuo
3. Shift 3: ufstn
4. Shift 4: tertm
5. Shift 5: sdsql

None of these attempts yielded a valid English word. Would you like me to try something else?",0,0,"1. viqxw
2. viwqx
3. wixqv
4. qivwx
5. qwvix

Now,",1,0.0
xivqw,terms,5,4,"1. viqxw
2. viwqx
3. wixqv
4. qivwx
5. qwvix

Now, let's try decrypting it assuming it's a Caesar cipher with different shifts:

1. Shift 1: whuvp
2. Shift 2: vgtuo
3. Shift 3: ufstn
4. Shift 4: tertm
5. Shift 5: sdsql

None of these attempts yielded a valid English word. Would you like me to try something else?",0,1,"1. viqxw
2. viwqx
3. wixqv
4. qivwx
5. qwvix

Now, let's try decrypting it assuming it's a Caesar ci",1,0.0
xivqw,terms,5,4,"1. viqxw
2. viwqx
3. wixqv
4. qivwx
5. qwvix

Now, let's try decrypting it assuming it's a Caesar cipher with different shifts:

1. Shift 1: whuvp
2. Shift 2: vgtuo
3. Shift 3: ufstn
4. Shift 4: tertm
5. Shift 5: sdsql

None of these attempts yielded a valid English word. Would you like me to try something else?",0,2,"1. viqxw
2. viwqx
3. wixqv
4. qivwx
5. qwvix

Now, let's try decrypting it assuming it's a Caesar cipher with different shifts:

1. Shift 1: whuvp
2. ",1,0.0
xivqw,terms,5,4,"1. viqxw
2. viwqx
3. wixqv
4. qivwx
5. qwvix

Now, let's try decrypting it assuming it's a Caesar cipher with different shifts:

1. Shift 1: whuvp
2. Shift 2: vgtuo
3. Shift 3: ufstn
4. Shift 4: tertm
5. Shift 5: sdsql

None of these attempts yielded a valid English word. Would you like me to try something else?",0,3,"1. viqxw
2. viwqx
3. wixqv
4. qivwx
5. qwvix

Now, let's try decrypting it assuming it's a Caesar cipher with different shifts:

1. Shift 1: whuvp
2. Shift 2: vgtuo
3. Shift 3: ufstn
4. Shift 4: tertm",1,0.0
xivqw,terms,5,4,"1. viqxw
2. viwqx
3. wixqv
4. qivwx
5. qwvix

Now, let's try decrypting it assuming it's a Caesar cipher with different shifts:

1. Shift 1: whuvp
2. Shift 2: vgtuo
3. Shift 3: ufstn
4. Shift 4: tertm
5. Shift 5: sdsql

None of these attempts yielded a valid English word. Would you like me to try something else?",0,4,"1. viqxw
2. viwqx
3. wixqv
4. qivwx
5. qwvix

Now, let's try decrypting it assuming it's a Caesar cipher with different shifts:

1. Shift 1: whuvp
2. Shift 2: vgtuo
3. Shift 3: ufstn
4. Shift 4: tertm
5. Shift 5: sdsql

None of these attempts yielded",1,0.0
xivqw,terms,5,4,"1. viqxw
2. viwqx
3. wixqv
4. qivwx
5. qwvix

Now, let's try decrypting it assuming it's a Caesar cipher with different shifts:

1. Shift 1: whuvp
2. Shift 2: vgtuo
3. Shift 3: ufstn
4. Shift 4: tertm
5. Shift 5: sdsql

None of these attempts yielded a valid English word. Would you like me to try something else?",0,5,"1. viqxw
2. viwqx
3. wixqv
4. qivwx
5. qwvix

Now, let's try decrypting it assuming it's a Caesar cipher with different shifts:

1. Shift 1: whuvp
2. Shift 2: vgtuo
3. Shift 3: ufstn
4. Shift 4: tertm
5. Shift 5: sdsql

None of these attempts yielded a valid English word. Would you like me to try so",1,0.0
xivqw,terms,5,4,"1. viqxw
2. viwqx
3. wixqv
4. qivwx
5. qwvix

Now, let's try decrypting it assuming it's a Caesar cipher with different shifts:

1. Shift 1: whuvp
2. Shift 2: vgtuo
3. Shift 3: ufstn
4. Shift 4: tertm
5. Shift 5: sdsql

None of these attempts yielded a valid English word. Would you like me to try something else?",0,6,"1. viqxw
2. viwqx
3. wixqv
4. qivwx
5. qwvix

Now, let's try decrypting it assuming it's a Caesar cipher with different shifts:

1. Shift 1: whuvp
2. Shift 2: vgtuo
3. Shift 3: ufstn
4. Shift 4: tertm
5. Shift 5: sdsql

None of these attempts yielded a valid English word. Would you like me to try something else?",1,0.0
lzjxx,guess,5,5,"1. xljxz
2. jxlzx
3. xjxlz
4. zxjlx
5. jxzlx

Now, I will try decrypting the ciphertext using a Caesar cipher with different shifts:
1. Shift 1: kyiww
2. Shift 2: jxhvv
3. Shift 3: iwguu
4. Shift 4: hvftt
5. Shift 5: guesr

Unfortunately, none of the attempts at unscrambling the anagram or decrypting with Caesar shifts resulted in a recognizable English word. Let me know if you would like me to try anything else.",0,0,"1. xljxz
2. jxlzx
3. xjxlz
4. zxjlx
5. jxzlx

Now,",1,0.0
lzjxx,guess,5,5,"1. xljxz
2. jxlzx
3. xjxlz
4. zxjlx
5. jxzlx

Now, I will try decrypting the ciphertext using a Caesar cipher with different shifts:
1. Shift 1: kyiww
2. Shift 2: jxhvv
3. Shift 3: iwguu
4. Shift 4: hvftt
5. Shift 5: guesr

Unfortunately, none of the attempts at unscrambling the anagram or decrypting with Caesar shifts resulted in a recognizable English word. Let me know if you would like me to try anything else.",0,1,"1. xljxz
2. jxlzx
3. xjxlz
4. zxjlx
5. jxzlx

Now, I will try decrypting the ciphertext using a Caes",1,0.0
lzjxx,guess,5,5,"1. xljxz
2. jxlzx
3. xjxlz
4. zxjlx
5. jxzlx

Now, I will try decrypting the ciphertext using a Caesar cipher with different shifts:
1. Shift 1: kyiww
2. Shift 2: jxhvv
3. Shift 3: iwguu
4. Shift 4: hvftt
5. Shift 5: guesr

Unfortunately, none of the attempts at unscrambling the anagram or decrypting with Caesar shifts resulted in a recognizable English word. Let me know if you would like me to try anything else.",0,2,"1. xljxz
2. jxlzx
3. xjxlz
4. zxjlx
5. jxzlx

Now, I will try decrypting the ciphertext using a Caesar cipher with different shifts:
1. Shift 1: kyiww",1,0.0
lzjxx,guess,5,5,"1. xljxz
2. jxlzx
3. xjxlz
4. zxjlx
5. jxzlx

Now, I will try decrypting the ciphertext using a Caesar cipher with different shifts:
1. Shift 1: kyiww
2. Shift 2: jxhvv
3. Shift 3: iwguu
4. Shift 4: hvftt
5. Shift 5: guesr

Unfortunately, none of the attempts at unscrambling the anagram or decrypting with Caesar shifts resulted in a recognizable English word. Let me know if you would like me to try anything else.",0,3,"1. xljxz
2. jxlzx
3. xjxlz
4. zxjlx
5. jxzlx

Now, I will try decrypting the ciphertext using a Caesar cipher with different shifts:
1. Shift 1: kyiww
2. Shift 2: jxhvv
3. Shift 3: iwguu
4. Shift 4: h",1,0.0
lzjxx,guess,5,5,"1. xljxz
2. jxlzx
3. xjxlz
4. zxjlx
5. jxzlx

Now, I will try decrypting the ciphertext using a Caesar cipher with different shifts:
1. Shift 1: kyiww
2. Shift 2: jxhvv
3. Shift 3: iwguu
4. Shift 4: hvftt
5. Shift 5: guesr

Unfortunately, none of the attempts at unscrambling the anagram or decrypting with Caesar shifts resulted in a recognizable English word. Let me know if you would like me to try anything else.",0,4,"1. xljxz
2. jxlzx
3. xjxlz
4. zxjlx
5. jxzlx

Now, I will try decrypting the ciphertext using a Caesar cipher with different shifts:
1. Shift 1: kyiww
2. Shift 2: jxhvv
3. Shift 3: iwguu
4. Shift 4: hvftt
5. Shift 5: guesr

Unfortunately, none of the",1,0.0
lzjxx,guess,5,5,"1. xljxz
2. jxlzx
3. xjxlz
4. zxjlx
5. jxzlx

Now, I will try decrypting the ciphertext using a Caesar cipher with different shifts:
1. Shift 1: kyiww
2. Shift 2: jxhvv
3. Shift 3: iwguu
4. Shift 4: hvftt
5. Shift 5: guesr

Unfortunately, none of the attempts at unscrambling the anagram or decrypting with Caesar shifts resulted in a recognizable English word. Let me know if you would like me to try anything else.",0,5,"1. xljxz
2. jxlzx
3. xjxlz
4. zxjlx
5. jxzlx

Now, I will try decrypting the ciphertext using a Caesar cipher with different shifts:
1. Shift 1: kyiww
2. Shift 2: jxhvv
3. Shift 3: iwguu
4. Shift 4: hvftt
5. Shift 5: guesr

Unfortunately, none of the attempts at unscrambling the anagram or decryptin",1,0.0
lzjxx,guess,5,5,"1. xljxz
2. jxlzx
3. xjxlz
4. zxjlx
5. jxzlx

Now, I will try decrypting the ciphertext using a Caesar cipher with different shifts:
1. Shift 1: kyiww
2. Shift 2: jxhvv
3. Shift 3: iwguu
4. Shift 4: hvftt
5. Shift 5: guesr

Unfortunately, none of the attempts at unscrambling the anagram or decrypting with Caesar shifts resulted in a recognizable English word. Let me know if you would like me to try anything else.",0,6,"1. xljxz
2. jxlzx
3. xjxlz
4. zxjlx
5. jxzlx

Now, I will try decrypting the ciphertext using a Caesar cipher with different shifts:
1. Shift 1: kyiww
2. Shift 2: jxhvv
3. Shift 3: iwguu
4. Shift 4: hvftt
5. Shift 5: guesr

Unfortunately, none of the attempts at unscrambling the anagram or decrypting with Caesar shifts resulted in a recognizable En",1,0.0
lzjxx,guess,5,5,"1. xljxz
2. jxlzx
3. xjxlz
4. zxjlx
5. jxzlx

Now, I will try decrypting the ciphertext using a Caesar cipher with different shifts:
1. Shift 1: kyiww
2. Shift 2: jxhvv
3. Shift 3: iwguu
4. Shift 4: hvftt
5. Shift 5: guesr

Unfortunately, none of the attempts at unscrambling the anagram or decrypting with Caesar shifts resulted in a recognizable English word. Let me know if you would like me to try anything else.",0,7,"1. xljxz
2. jxlzx
3. xjxlz
4. zxjlx
5. jxzlx

Now, I will try decrypting the ciphertext using a Caesar cipher with different shifts:
1. Shift 1: kyiww
2. Shift 2: jxhvv
3. Shift 3: iwguu
4. Shift 4: hvftt
5. Shift 5: guesr

Unfortunately, none of the attempts at unscrambling the anagram or decrypting with Caesar shifts resulted in a recognizable English word. Let me know if you would like me to tr",1,0.0
lzjxx,guess,5,5,"1. xljxz
2. jxlzx
3. xjxlz
4. zxjlx
5. jxzlx

Now, I will try decrypting the ciphertext using a Caesar cipher with different shifts:
1. Shift 1: kyiww
2. Shift 2: jxhvv
3. Shift 3: iwguu
4. Shift 4: hvftt
5. Shift 5: guesr

Unfortunately, none of the attempts at unscrambling the anagram or decrypting with Caesar shifts resulted in a recognizable English word. Let me know if you would like me to try anything else.",0,8,"1. xljxz
2. jxlzx
3. xjxlz
4. zxjlx
5. jxzlx

Now, I will try decrypting the ciphertext using a Caesar cipher with different shifts:
1. Shift 1: kyiww
2. Shift 2: jxhvv
3. Shift 3: iwguu
4. Shift 4: hvftt
5. Shift 5: guesr

Unfortunately, none of the attempts at unscrambling the anagram or decrypting with Caesar shifts resulted in a recognizable English word. Let me know if you would like me to try anything else.",1,0.0
gwnsl,bring,5,5,"1. swlng
2. lgnws
3. wlsgn
4. sgwnl
5. lwgns

Since unscrambling as an anagram didn't provide any clear English word, I will now try decrypting it as a Caesar cipher with at least 5 different shifts.

Shift 1:
fvmrk

Shift 2:
eulqj

Shift 3:
dtkpi

Shift 4:
csjoh

Shift 5:
bting

Since none of the shifts produced a clear English word, we may need more information or a different approach to decrypt the ciphertext.",0,0,"1. swlng
2. lgnws
3. wlsgn
4. sgwnl
5. lwgns

Sinc",0,1.0
gwnsl,bring,5,5,"1. swlng
2. lgnws
3. wlsgn
4. sgwnl
5. lwgns

Since unscrambling as an anagram didn't provide any clear English word, I will now try decrypting it as a Caesar cipher with at least 5 different shifts.

Shift 1:
fvmrk

Shift 2:
eulqj

Shift 3:
dtkpi

Shift 4:
csjoh

Shift 5:
bting

Since none of the shifts produced a clear English word, we may need more information or a different approach to decrypt the ciphertext.",0,1,"1. swlng
2. lgnws
3. wlsgn
4. sgwnl
5. lwgns

Since unscrambling as an anagram didn't provide any cl",1,1.0
gwnsl,bring,5,5,"1. swlng
2. lgnws
3. wlsgn
4. sgwnl
5. lwgns

Since unscrambling as an anagram didn't provide any clear English word, I will now try decrypting it as a Caesar cipher with at least 5 different shifts.

Shift 1:
fvmrk

Shift 2:
eulqj

Shift 3:
dtkpi

Shift 4:
csjoh

Shift 5:
bting

Since none of the shifts produced a clear English word, we may need more information or a different approach to decrypt the ciphertext.",0,2,"1. swlng
2. lgnws
3. wlsgn
4. sgwnl
5. lwgns

Since unscrambling as an anagram didn't provide any clear English word, I will now try decrypting it as ",1,1.0
gwnsl,bring,5,5,"1. swlng
2. lgnws
3. wlsgn
4. sgwnl
5. lwgns

Since unscrambling as an anagram didn't provide any clear English word, I will now try decrypting it as a Caesar cipher with at least 5 different shifts.

Shift 1:
fvmrk

Shift 2:
eulqj

Shift 3:
dtkpi

Shift 4:
csjoh

Shift 5:
bting

Since none of the shifts produced a clear English word, we may need more information or a different approach to decrypt the ciphertext.",0,3,"1. swlng
2. lgnws
3. wlsgn
4. sgwnl
5. lwgns

Since unscrambling as an anagram didn't provide any clear English word, I will now try decrypting it as a Caesar cipher with at least 5 different shifts.
",1,1.0
gwnsl,bring,5,5,"1. swlng
2. lgnws
3. wlsgn
4. sgwnl
5. lwgns

Since unscrambling as an anagram didn't provide any clear English word, I will now try decrypting it as a Caesar cipher with at least 5 different shifts.

Shift 1:
fvmrk

Shift 2:
eulqj

Shift 3:
dtkpi

Shift 4:
csjoh

Shift 5:
bting

Since none of the shifts produced a clear English word, we may need more information or a different approach to decrypt the ciphertext.",0,4,"1. swlng
2. lgnws
3. wlsgn
4. sgwnl
5. lwgns

Since unscrambling as an anagram didn't provide any clear English word, I will now try decrypting it as a Caesar cipher with at least 5 different shifts.

Shift 1:
fvmrk

Shift 2:
eulqj

Shift 3:
dtkpi

S",1,1.0
gwnsl,bring,5,5,"1. swlng
2. lgnws
3. wlsgn
4. sgwnl
5. lwgns

Since unscrambling as an anagram didn't provide any clear English word, I will now try decrypting it as a Caesar cipher with at least 5 different shifts.

Shift 1:
fvmrk

Shift 2:
eulqj

Shift 3:
dtkpi

Shift 4:
csjoh

Shift 5:
bting

Since none of the shifts produced a clear English word, we may need more information or a different approach to decrypt the ciphertext.",0,5,"1. swlng
2. lgnws
3. wlsgn
4. sgwnl
5. lwgns

Since unscrambling as an anagram didn't provide any clear English word, I will now try decrypting it as a Caesar cipher with at least 5 different shifts.

Shift 1:
fvmrk

Shift 2:
eulqj

Shift 3:
dtkpi

Shift 4:
csjoh

Shift 5:
bting

Since none of the s",1,1.0
gwnsl,bring,5,5,"1. swlng
2. lgnws
3. wlsgn
4. sgwnl
5. lwgns

Since unscrambling as an anagram didn't provide any clear English word, I will now try decrypting it as a Caesar cipher with at least 5 different shifts.

Shift 1:
fvmrk

Shift 2:
eulqj

Shift 3:
dtkpi

Shift 4:
csjoh

Shift 5:
bting

Since none of the shifts produced a clear English word, we may need more information or a different approach to decrypt the ciphertext.",0,6,"1. swlng
2. lgnws
3. wlsgn
4. sgwnl
5. lwgns

Since unscrambling as an anagram didn't provide any clear English word, I will now try decrypting it as a Caesar cipher with at least 5 different shifts.

Shift 1:
fvmrk

Shift 2:
eulqj

Shift 3:
dtkpi

Shift 4:
csjoh

Shift 5:
bting

Since none of the shifts produced a clear English word, we may need m",1,1.0
gwnsl,bring,5,5,"1. swlng
2. lgnws
3. wlsgn
4. sgwnl
5. lwgns

Since unscrambling as an anagram didn't provide any clear English word, I will now try decrypting it as a Caesar cipher with at least 5 different shifts.

Shift 1:
fvmrk

Shift 2:
eulqj

Shift 3:
dtkpi

Shift 4:
csjoh

Shift 5:
bting

Since none of the shifts produced a clear English word, we may need more information or a different approach to decrypt the ciphertext.",0,7,"1. swlng
2. lgnws
3. wlsgn
4. sgwnl
5. lwgns

Since unscrambling as an anagram didn't provide any clear English word, I will now try decrypting it as a Caesar cipher with at least 5 different shifts.

Shift 1:
fvmrk

Shift 2:
eulqj

Shift 3:
dtkpi

Shift 4:
csjoh

Shift 5:
bting

Since none of the shifts produced a clear English word, we may need more information or a different approach to decrypt",1,1.0
gwnsl,bring,5,5,"1. swlng
2. lgnws
3. wlsgn
4. sgwnl
5. lwgns

Since unscrambling as an anagram didn't provide any clear English word, I will now try decrypting it as a Caesar cipher with at least 5 different shifts.

Shift 1:
fvmrk

Shift 2:
eulqj

Shift 3:
dtkpi

Shift 4:
csjoh

Shift 5:
bting

Since none of the shifts produced a clear English word, we may need more information or a different approach to decrypt the ciphertext.",0,8,"1. swlng
2. lgnws
3. wlsgn
4. sgwnl
5. lwgns

Since unscrambling as an anagram didn't provide any clear English word, I will now try decrypting it as a Caesar cipher with at least 5 different shifts.

Shift 1:
fvmrk

Shift 2:
eulqj

Shift 3:
dtkpi

Shift 4:
csjoh

Shift 5:
bting

Since none of the shifts produced a clear English word, we may need more information or a different approach to decrypt the ciphertext.",1,1.0
zwlji,urged,5,5,"1. zwlji = jwzil
2. zwlji = jilzw
3. zwlji = wjzil
4. zwlji = zwijl
5. zwlji = ljziw

Since unscrambling the word as an anagram did not result in any recognizable English word, I will now try decrypting it using a Caesar cipher with a shift of 1 to 5.

1. Shift 1: zwlji -> yvikh
2. Shift 2: zwlji -> xujlg
3. Shift 3: zwlji -> wtkif
4. Shift 4: zwlji -> vsjhe
5. Shift 5: zwlji -> uriGD

None of the decrypted words with shifts 1 to 5 seem to form any recognizable English word. It's possible that the original word may not be a common one or is encrypted with a different type of cipher.",0,0,"1. zwlji = jwzil
2. zwlji = jilzw
3. zwlji = wjzil",0,2.0
zwlji,urged,5,5,"1. zwlji = jwzil
2. zwlji = jilzw
3. zwlji = wjzil
4. zwlji = zwijl
5. zwlji = ljziw

Since unscrambling the word as an anagram did not result in any recognizable English word, I will now try decrypting it using a Caesar cipher with a shift of 1 to 5.

1. Shift 1: zwlji -> yvikh
2. Shift 2: zwlji -> xujlg
3. Shift 3: zwlji -> wtkif
4. Shift 4: zwlji -> vsjhe
5. Shift 5: zwlji -> uriGD

None of the decrypted words with shifts 1 to 5 seem to form any recognizable English word. It's possible that the original word may not be a common one or is encrypted with a different type of cipher.",0,1,"1. zwlji = jwzil
2. zwlji = jilzw
3. zwlji = wjzil
4. zwlji = zwijl
5. zwlji = ljziw

Since unscramb",0,2.0
zwlji,urged,5,5,"1. zwlji = jwzil
2. zwlji = jilzw
3. zwlji = wjzil
4. zwlji = zwijl
5. zwlji = ljziw

Since unscrambling the word as an anagram did not result in any recognizable English word, I will now try decrypting it using a Caesar cipher with a shift of 1 to 5.

1. Shift 1: zwlji -> yvikh
2. Shift 2: zwlji -> xujlg
3. Shift 3: zwlji -> wtkif
4. Shift 4: zwlji -> vsjhe
5. Shift 5: zwlji -> uriGD

None of the decrypted words with shifts 1 to 5 seem to form any recognizable English word. It's possible that the original word may not be a common one or is encrypted with a different type of cipher.",0,2,"1. zwlji = jwzil
2. zwlji = jilzw
3. zwlji = wjzil
4. zwlji = zwijl
5. zwlji = ljziw

Since unscrambling the word as an anagram did not result in any ",1,2.0
zwlji,urged,5,5,"1. zwlji = jwzil
2. zwlji = jilzw
3. zwlji = wjzil
4. zwlji = zwijl
5. zwlji = ljziw

Since unscrambling the word as an anagram did not result in any recognizable English word, I will now try decrypting it using a Caesar cipher with a shift of 1 to 5.

1. Shift 1: zwlji -> yvikh
2. Shift 2: zwlji -> xujlg
3. Shift 3: zwlji -> wtkif
4. Shift 4: zwlji -> vsjhe
5. Shift 5: zwlji -> uriGD

None of the decrypted words with shifts 1 to 5 seem to form any recognizable English word. It's possible that the original word may not be a common one or is encrypted with a different type of cipher.",0,3,"1. zwlji = jwzil
2. zwlji = jilzw
3. zwlji = wjzil
4. zwlji = zwijl
5. zwlji = ljziw

Since unscrambling the word as an anagram did not result in any recognizable English word, I will now try decrypti",1,2.0
zwlji,urged,5,5,"1. zwlji = jwzil
2. zwlji = jilzw
3. zwlji = wjzil
4. zwlji = zwijl
5. zwlji = ljziw

Since unscrambling the word as an anagram did not result in any recognizable English word, I will now try decrypting it using a Caesar cipher with a shift of 1 to 5.

1. Shift 1: zwlji -> yvikh
2. Shift 2: zwlji -> xujlg
3. Shift 3: zwlji -> wtkif
4. Shift 4: zwlji -> vsjhe
5. Shift 5: zwlji -> uriGD

None of the decrypted words with shifts 1 to 5 seem to form any recognizable English word. It's possible that the original word may not be a common one or is encrypted with a different type of cipher.",0,4,"1. zwlji = jwzil
2. zwlji = jilzw
3. zwlji = wjzil
4. zwlji = zwijl
5. zwlji = ljziw

Since unscrambling the word as an anagram did not result in any recognizable English word, I will now try decrypting it using a Caesar cipher with a shift of 1 to 5",1,2.0
zwlji,urged,5,5,"1. zwlji = jwzil
2. zwlji = jilzw
3. zwlji = wjzil
4. zwlji = zwijl
5. zwlji = ljziw

Since unscrambling the word as an anagram did not result in any recognizable English word, I will now try decrypting it using a Caesar cipher with a shift of 1 to 5.

1. Shift 1: zwlji -> yvikh
2. Shift 2: zwlji -> xujlg
3. Shift 3: zwlji -> wtkif
4. Shift 4: zwlji -> vsjhe
5. Shift 5: zwlji -> uriGD

None of the decrypted words with shifts 1 to 5 seem to form any recognizable English word. It's possible that the original word may not be a common one or is encrypted with a different type of cipher.",0,5,"1. zwlji = jwzil
2. zwlji = jilzw
3. zwlji = wjzil
4. zwlji = zwijl
5. zwlji = ljziw

Since unscrambling the word as an anagram did not result in any recognizable English word, I will now try decrypting it using a Caesar cipher with a shift of 1 to 5.

1. Shift 1: zwlji -> yvikh
2. Shift 2: zwlji ->",1,2.0
zwlji,urged,5,5,"1. zwlji = jwzil
2. zwlji = jilzw
3. zwlji = wjzil
4. zwlji = zwijl
5. zwlji = ljziw

Since unscrambling the word as an anagram did not result in any recognizable English word, I will now try decrypting it using a Caesar cipher with a shift of 1 to 5.

1. Shift 1: zwlji -> yvikh
2. Shift 2: zwlji -> xujlg
3. Shift 3: zwlji -> wtkif
4. Shift 4: zwlji -> vsjhe
5. Shift 5: zwlji -> uriGD

None of the decrypted words with shifts 1 to 5 seem to form any recognizable English word. It's possible that the original word may not be a common one or is encrypted with a different type of cipher.",0,6,"1. zwlji = jwzil
2. zwlji = jilzw
3. zwlji = wjzil
4. zwlji = zwijl
5. zwlji = ljziw

Since unscrambling the word as an anagram did not result in any recognizable English word, I will now try decrypting it using a Caesar cipher with a shift of 1 to 5.

1. Shift 1: zwlji -> yvikh
2. Shift 2: zwlji -> xujlg
3. Shift 3: zwlji -> wtkif
4. Shift 4: zwlj",1,2.0
zwlji,urged,5,5,"1. zwlji = jwzil
2. zwlji = jilzw
3. zwlji = wjzil
4. zwlji = zwijl
5. zwlji = ljziw

Since unscrambling the word as an anagram did not result in any recognizable English word, I will now try decrypting it using a Caesar cipher with a shift of 1 to 5.

1. Shift 1: zwlji -> yvikh
2. Shift 2: zwlji -> xujlg
3. Shift 3: zwlji -> wtkif
4. Shift 4: zwlji -> vsjhe
5. Shift 5: zwlji -> uriGD

None of the decrypted words with shifts 1 to 5 seem to form any recognizable English word. It's possible that the original word may not be a common one or is encrypted with a different type of cipher.",0,7,"1. zwlji = jwzil
2. zwlji = jilzw
3. zwlji = wjzil
4. zwlji = zwijl
5. zwlji = ljziw

Since unscrambling the word as an anagram did not result in any recognizable English word, I will now try decrypting it using a Caesar cipher with a shift of 1 to 5.

1. Shift 1: zwlji -> yvikh
2. Shift 2: zwlji -> xujlg
3. Shift 3: zwlji -> wtkif
4. Shift 4: zwlji -> vsjhe
5. Shift 5: zwlji -> uriGD

None of the",1,2.0
zwlji,urged,5,5,"1. zwlji = jwzil
2. zwlji = jilzw
3. zwlji = wjzil
4. zwlji = zwijl
5. zwlji = ljziw

Since unscrambling the word as an anagram did not result in any recognizable English word, I will now try decrypting it using a Caesar cipher with a shift of 1 to 5.

1. Shift 1: zwlji -> yvikh
2. Shift 2: zwlji -> xujlg
3. Shift 3: zwlji -> wtkif
4. Shift 4: zwlji -> vsjhe
5. Shift 5: zwlji -> uriGD

None of the decrypted words with shifts 1 to 5 seem to form any recognizable English word. It's possible that the original word may not be a common one or is encrypted with a different type of cipher.",0,8,"1. zwlji = jwzil
2. zwlji = jilzw
3. zwlji = wjzil
4. zwlji = zwijl
5. zwlji = ljziw

Since unscrambling the word as an anagram did not result in any recognizable English word, I will now try decrypting it using a Caesar cipher with a shift of 1 to 5.

1. Shift 1: zwlji -> yvikh
2. Shift 2: zwlji -> xujlg
3. Shift 3: zwlji -> wtkif
4. Shift 4: zwlji -> vsjhe
5. Shift 5: zwlji -> uriGD

None of the decrypted words with shifts 1 to 5 seem to form a",1,2.0
zwlji,urged,5,5,"1. zwlji = jwzil
2. zwlji = jilzw
3. zwlji = wjzil
4. zwlji = zwijl
5. zwlji = ljziw

Since unscrambling the word as an anagram did not result in any recognizable English word, I will now try decrypting it using a Caesar cipher with a shift of 1 to 5.

1. Shift 1: zwlji -> yvikh
2. Shift 2: zwlji -> xujlg
3. Shift 3: zwlji -> wtkif
4. Shift 4: zwlji -> vsjhe
5. Shift 5: zwlji -> uriGD

None of the decrypted words with shifts 1 to 5 seem to form any recognizable English word. It's possible that the original word may not be a common one or is encrypted with a different type of cipher.",0,9,"1. zwlji = jwzil
2. zwlji = jilzw
3. zwlji = wjzil
4. zwlji = zwijl
5. zwlji = ljziw

Since unscrambling the word as an anagram did not result in any recognizable English word, I will now try decrypting it using a Caesar cipher with a shift of 1 to 5.

1. Shift 1: zwlji -> yvikh
2. Shift 2: zwlji -> xujlg
3. Shift 3: zwlji -> wtkif
4. Shift 4: zwlji -> vsjhe
5. Shift 5: zwlji -> uriGD

None of the decrypted words with shifts 1 to 5 seem to form any recognizable English word. It's possible that t",1,2.0
zwlji,urged,5,5,"1. zwlji = jwzil
2. zwlji = jilzw
3. zwlji = wjzil
4. zwlji = zwijl
5. zwlji = ljziw

Since unscrambling the word as an anagram did not result in any recognizable English word, I will now try decrypting it using a Caesar cipher with a shift of 1 to 5.

1. Shift 1: zwlji -> yvikh
2. Shift 2: zwlji -> xujlg
3. Shift 3: zwlji -> wtkif
4. Shift 4: zwlji -> vsjhe
5. Shift 5: zwlji -> uriGD

None of the decrypted words with shifts 1 to 5 seem to form any recognizable English word. It's possible that the original word may not be a common one or is encrypted with a different type of cipher.",0,10,"1. zwlji = jwzil
2. zwlji = jilzw
3. zwlji = wjzil
4. zwlji = zwijl
5. zwlji = ljziw

Since unscrambling the word as an anagram did not result in any recognizable English word, I will now try decrypting it using a Caesar cipher with a shift of 1 to 5.

1. Shift 1: zwlji -> yvikh
2. Shift 2: zwlji -> xujlg
3. Shift 3: zwlji -> wtkif
4. Shift 4: zwlji -> vsjhe
5. Shift 5: zwlji -> uriGD

None of the decrypted words with shifts 1 to 5 seem to form any recognizable English word. It's possible that the original word may not be a common one or is enc",1,2.0
zwlji,urged,5,5,"1. zwlji = jwzil
2. zwlji = jilzw
3. zwlji = wjzil
4. zwlji = zwijl
5. zwlji = ljziw

Since unscrambling the word as an anagram did not result in any recognizable English word, I will now try decrypting it using a Caesar cipher with a shift of 1 to 5.

1. Shift 1: zwlji -> yvikh
2. Shift 2: zwlji -> xujlg
3. Shift 3: zwlji -> wtkif
4. Shift 4: zwlji -> vsjhe
5. Shift 5: zwlji -> uriGD

None of the decrypted words with shifts 1 to 5 seem to form any recognizable English word. It's possible that the original word may not be a common one or is encrypted with a different type of cipher.",0,11,"1. zwlji = jwzil
2. zwlji = jilzw
3. zwlji = wjzil
4. zwlji = zwijl
5. zwlji = ljziw

Since unscrambling the word as an anagram did not result in any recognizable English word, I will now try decrypting it using a Caesar cipher with a shift of 1 to 5.

1. Shift 1: zwlji -> yvikh
2. Shift 2: zwlji -> xujlg
3. Shift 3: zwlji -> wtkif
4. Shift 4: zwlji -> vsjhe
5. Shift 5: zwlji -> uriGD

None of the decrypted words with shifts 1 to 5 seem to form any recognizable English word. It's possible that the original word may not be a common one or is encrypted with a different type of cipher.",1,2.0
zsynq,until,5,5,"1. nqzys
2. qsynz
3. yzqsn
4. sqzny
5. zynsq

Next, I will try decrypting the ciphertext using a Caesar cipher with different shifts.

Shift 1:
z -> y
s -> r
y -> x
n -> m
q -> p
Decrypted text: yrpmz

Shift 2:
z -> x
s -> q
y -> x
n -> l
q -> o
Decrypted text: xqlon

Shift 3:
z -> w
s -> p
y -> x
n -> k
q -> n
Decrypted text: wpknm

Shift 4:
z -> v
s -> o
y -> x
n -> j
q -> m
Decrypted text: vomjl

Shift 5:
z -> u
s -> n
y -> x
n -> i
q -> l
Decrypted text: unixk

No meaningful word was found despite trying multiple anagram variations and Caesar cipher shifts.",0,0,"1. nqzys
2. qsynz
3. yzqsn
4. sqzny
5. zynsq

Next",1,0.0
zsynq,until,5,5,"1. nqzys
2. qsynz
3. yzqsn
4. sqzny
5. zynsq

Next, I will try decrypting the ciphertext using a Caesar cipher with different shifts.

Shift 1:
z -> y
s -> r
y -> x
n -> m
q -> p
Decrypted text: yrpmz

Shift 2:
z -> x
s -> q
y -> x
n -> l
q -> o
Decrypted text: xqlon

Shift 3:
z -> w
s -> p
y -> x
n -> k
q -> n
Decrypted text: wpknm

Shift 4:
z -> v
s -> o
y -> x
n -> j
q -> m
Decrypted text: vomjl

Shift 5:
z -> u
s -> n
y -> x
n -> i
q -> l
Decrypted text: unixk

No meaningful word was found despite trying multiple anagram variations and Caesar cipher shifts.",0,1,"1. nqzys
2. qsynz
3. yzqsn
4. sqzny
5. zynsq

Next, I will try decrypting the ciphertext using a Cae",1,0.0
zsynq,until,5,5,"1. nqzys
2. qsynz
3. yzqsn
4. sqzny
5. zynsq

Next, I will try decrypting the ciphertext using a Caesar cipher with different shifts.

Shift 1:
z -> y
s -> r
y -> x
n -> m
q -> p
Decrypted text: yrpmz

Shift 2:
z -> x
s -> q
y -> x
n -> l
q -> o
Decrypted text: xqlon

Shift 3:
z -> w
s -> p
y -> x
n -> k
q -> n
Decrypted text: wpknm

Shift 4:
z -> v
s -> o
y -> x
n -> j
q -> m
Decrypted text: vomjl

Shift 5:
z -> u
s -> n
y -> x
n -> i
q -> l
Decrypted text: unixk

No meaningful word was found despite trying multiple anagram variations and Caesar cipher shifts.",0,2,"1. nqzys
2. qsynz
3. yzqsn
4. sqzny
5. zynsq

Next, I will try decrypting the ciphertext using a Caesar cipher with different shifts.

Shift 1:
z -> y",1,0.0
zsynq,until,5,5,"1. nqzys
2. qsynz
3. yzqsn
4. sqzny
5. zynsq

Next, I will try decrypting the ciphertext using a Caesar cipher with different shifts.

Shift 1:
z -> y
s -> r
y -> x
n -> m
q -> p
Decrypted text: yrpmz

Shift 2:
z -> x
s -> q
y -> x
n -> l
q -> o
Decrypted text: xqlon

Shift 3:
z -> w
s -> p
y -> x
n -> k
q -> n
Decrypted text: wpknm

Shift 4:
z -> v
s -> o
y -> x
n -> j
q -> m
Decrypted text: vomjl

Shift 5:
z -> u
s -> n
y -> x
n -> i
q -> l
Decrypted text: unixk

No meaningful word was found despite trying multiple anagram variations and Caesar cipher shifts.",0,3,"1. nqzys
2. qsynz
3. yzqsn
4. sqzny
5. zynsq

Next, I will try decrypting the ciphertext using a Caesar cipher with different shifts.

Shift 1:
z -> y
s -> r
y -> x
n -> m
q -> p
Decrypted text: yrpmz",1,0.0
zsynq,until,5,5,"1. nqzys
2. qsynz
3. yzqsn
4. sqzny
5. zynsq

Next, I will try decrypting the ciphertext using a Caesar cipher with different shifts.

Shift 1:
z -> y
s -> r
y -> x
n -> m
q -> p
Decrypted text: yrpmz

Shift 2:
z -> x
s -> q
y -> x
n -> l
q -> o
Decrypted text: xqlon

Shift 3:
z -> w
s -> p
y -> x
n -> k
q -> n
Decrypted text: wpknm

Shift 4:
z -> v
s -> o
y -> x
n -> j
q -> m
Decrypted text: vomjl

Shift 5:
z -> u
s -> n
y -> x
n -> i
q -> l
Decrypted text: unixk

No meaningful word was found despite trying multiple anagram variations and Caesar cipher shifts.",0,4,"1. nqzys
2. qsynz
3. yzqsn
4. sqzny
5. zynsq

Next, I will try decrypting the ciphertext using a Caesar cipher with different shifts.

Shift 1:
z -> y
s -> r
y -> x
n -> m
q -> p
Decrypted text: yrpmz

Shift 2:
z -> x
s -> q
y -> x
n -> l
q -> o
Decr",1,0.0
zsynq,until,5,5,"1. nqzys
2. qsynz
3. yzqsn
4. sqzny
5. zynsq

Next, I will try decrypting the ciphertext using a Caesar cipher with different shifts.

Shift 1:
z -> y
s -> r
y -> x
n -> m
q -> p
Decrypted text: yrpmz

Shift 2:
z -> x
s -> q
y -> x
n -> l
q -> o
Decrypted text: xqlon

Shift 3:
z -> w
s -> p
y -> x
n -> k
q -> n
Decrypted text: wpknm

Shift 4:
z -> v
s -> o
y -> x
n -> j
q -> m
Decrypted text: vomjl

Shift 5:
z -> u
s -> n
y -> x
n -> i
q -> l
Decrypted text: unixk

No meaningful word was found despite trying multiple anagram variations and Caesar cipher shifts.",0,5,"1. nqzys
2. qsynz
3. yzqsn
4. sqzny
5. zynsq

Next, I will try decrypting the ciphertext using a Caesar cipher with different shifts.

Shift 1:
z -> y
s -> r
y -> x
n -> m
q -> p
Decrypted text: yrpmz

Shift 2:
z -> x
s -> q
y -> x
n -> l
q -> o
Decrypted text: xqlon

Shift 3:
z -> w
s -> p
y -> x
n",1,0.0
zsynq,until,5,5,"1. nqzys
2. qsynz
3. yzqsn
4. sqzny
5. zynsq

Next, I will try decrypting the ciphertext using a Caesar cipher with different shifts.

Shift 1:
z -> y
s -> r
y -> x
n -> m
q -> p
Decrypted text: yrpmz

Shift 2:
z -> x
s -> q
y -> x
n -> l
q -> o
Decrypted text: xqlon

Shift 3:
z -> w
s -> p
y -> x
n -> k
q -> n
Decrypted text: wpknm

Shift 4:
z -> v
s -> o
y -> x
n -> j
q -> m
Decrypted text: vomjl

Shift 5:
z -> u
s -> n
y -> x
n -> i
q -> l
Decrypted text: unixk

No meaningful word was found despite trying multiple anagram variations and Caesar cipher shifts.",0,6,"1. nqzys
2. qsynz
3. yzqsn
4. sqzny
5. zynsq

Next, I will try decrypting the ciphertext using a Caesar cipher with different shifts.

Shift 1:
z -> y
s -> r
y -> x
n -> m
q -> p
Decrypted text: yrpmz

Shift 2:
z -> x
s -> q
y -> x
n -> l
q -> o
Decrypted text: xqlon

Shift 3:
z -> w
s -> p
y -> x
n -> k
q -> n
Decrypted text: wpknm

Shift 4:
z -> ",1,0.0
zsynq,until,5,5,"1. nqzys
2. qsynz
3. yzqsn
4. sqzny
5. zynsq

Next, I will try decrypting the ciphertext using a Caesar cipher with different shifts.

Shift 1:
z -> y
s -> r
y -> x
n -> m
q -> p
Decrypted text: yrpmz

Shift 2:
z -> x
s -> q
y -> x
n -> l
q -> o
Decrypted text: xqlon

Shift 3:
z -> w
s -> p
y -> x
n -> k
q -> n
Decrypted text: wpknm

Shift 4:
z -> v
s -> o
y -> x
n -> j
q -> m
Decrypted text: vomjl

Shift 5:
z -> u
s -> n
y -> x
n -> i
q -> l
Decrypted text: unixk

No meaningful word was found despite trying multiple anagram variations and Caesar cipher shifts.",0,7,"1. nqzys
2. qsynz
3. yzqsn
4. sqzny
5. zynsq

Next, I will try decrypting the ciphertext using a Caesar cipher with different shifts.

Shift 1:
z -> y
s -> r
y -> x
n -> m
q -> p
Decrypted text: yrpmz

Shift 2:
z -> x
s -> q
y -> x
n -> l
q -> o
Decrypted text: xqlon

Shift 3:
z -> w
s -> p
y -> x
n -> k
q -> n
Decrypted text: wpknm

Shift 4:
z -> v
s -> o
y -> x
n -> j
q -> m
Decrypted text: vomj",1,0.0
zsynq,until,5,5,"1. nqzys
2. qsynz
3. yzqsn
4. sqzny
5. zynsq

Next, I will try decrypting the ciphertext using a Caesar cipher with different shifts.

Shift 1:
z -> y
s -> r
y -> x
n -> m
q -> p
Decrypted text: yrpmz

Shift 2:
z -> x
s -> q
y -> x
n -> l
q -> o
Decrypted text: xqlon

Shift 3:
z -> w
s -> p
y -> x
n -> k
q -> n
Decrypted text: wpknm

Shift 4:
z -> v
s -> o
y -> x
n -> j
q -> m
Decrypted text: vomjl

Shift 5:
z -> u
s -> n
y -> x
n -> i
q -> l
Decrypted text: unixk

No meaningful word was found despite trying multiple anagram variations and Caesar cipher shifts.",0,8,"1. nqzys
2. qsynz
3. yzqsn
4. sqzny
5. zynsq

Next, I will try decrypting the ciphertext using a Caesar cipher with different shifts.

Shift 1:
z -> y
s -> r
y -> x
n -> m
q -> p
Decrypted text: yrpmz

Shift 2:
z -> x
s -> q
y -> x
n -> l
q -> o
Decrypted text: xqlon

Shift 3:
z -> w
s -> p
y -> x
n -> k
q -> n
Decrypted text: wpknm

Shift 4:
z -> v
s -> o
y -> x
n -> j
q -> m
Decrypted text: vomjl

Shift 5:
z -> u
s -> n
y -> x
n -> i
q -> l
Dec",1,0.0
zsynq,until,5,5,"1. nqzys
2. qsynz
3. yzqsn
4. sqzny
5. zynsq

Next, I will try decrypting the ciphertext using a Caesar cipher with different shifts.

Shift 1:
z -> y
s -> r
y -> x
n -> m
q -> p
Decrypted text: yrpmz

Shift 2:
z -> x
s -> q
y -> x
n -> l
q -> o
Decrypted text: xqlon

Shift 3:
z -> w
s -> p
y -> x
n -> k
q -> n
Decrypted text: wpknm

Shift 4:
z -> v
s -> o
y -> x
n -> j
q -> m
Decrypted text: vomjl

Shift 5:
z -> u
s -> n
y -> x
n -> i
q -> l
Decrypted text: unixk

No meaningful word was found despite trying multiple anagram variations and Caesar cipher shifts.",0,9,"1. nqzys
2. qsynz
3. yzqsn
4. sqzny
5. zynsq

Next, I will try decrypting the ciphertext using a Caesar cipher with different shifts.

Shift 1:
z -> y
s -> r
y -> x
n -> m
q -> p
Decrypted text: yrpmz

Shift 2:
z -> x
s -> q
y -> x
n -> l
q -> o
Decrypted text: xqlon

Shift 3:
z -> w
s -> p
y -> x
n -> k
q -> n
Decrypted text: wpknm

Shift 4:
z -> v
s -> o
y -> x
n -> j
q -> m
Decrypted text: vomjl

Shift 5:
z -> u
s -> n
y -> x
n -> i
q -> l
Decrypted text: unixk

No meaningful word was found d",1,0.0
zsynq,until,5,5,"1. nqzys
2. qsynz
3. yzqsn
4. sqzny
5. zynsq

Next, I will try decrypting the ciphertext using a Caesar cipher with different shifts.

Shift 1:
z -> y
s -> r
y -> x
n -> m
q -> p
Decrypted text: yrpmz

Shift 2:
z -> x
s -> q
y -> x
n -> l
q -> o
Decrypted text: xqlon

Shift 3:
z -> w
s -> p
y -> x
n -> k
q -> n
Decrypted text: wpknm

Shift 4:
z -> v
s -> o
y -> x
n -> j
q -> m
Decrypted text: vomjl

Shift 5:
z -> u
s -> n
y -> x
n -> i
q -> l
Decrypted text: unixk

No meaningful word was found despite trying multiple anagram variations and Caesar cipher shifts.",0,10,"1. nqzys
2. qsynz
3. yzqsn
4. sqzny
5. zynsq

Next, I will try decrypting the ciphertext using a Caesar cipher with different shifts.

Shift 1:
z -> y
s -> r
y -> x
n -> m
q -> p
Decrypted text: yrpmz

Shift 2:
z -> x
s -> q
y -> x
n -> l
q -> o
Decrypted text: xqlon

Shift 3:
z -> w
s -> p
y -> x
n -> k
q -> n
Decrypted text: wpknm

Shift 4:
z -> v
s -> o
y -> x
n -> j
q -> m
Decrypted text: vomjl

Shift 5:
z -> u
s -> n
y -> x
n -> i
q -> l
Decrypted text: unixk

No meaningful word was found despite trying multiple anagram variations and Caes",1,0.0
zsynq,until,5,5,"1. nqzys
2. qsynz
3. yzqsn
4. sqzny
5. zynsq

Next, I will try decrypting the ciphertext using a Caesar cipher with different shifts.

Shift 1:
z -> y
s -> r
y -> x
n -> m
q -> p
Decrypted text: yrpmz

Shift 2:
z -> x
s -> q
y -> x
n -> l
q -> o
Decrypted text: xqlon

Shift 3:
z -> w
s -> p
y -> x
n -> k
q -> n
Decrypted text: wpknm

Shift 4:
z -> v
s -> o
y -> x
n -> j
q -> m
Decrypted text: vomjl

Shift 5:
z -> u
s -> n
y -> x
n -> i
q -> l
Decrypted text: unixk

No meaningful word was found despite trying multiple anagram variations and Caesar cipher shifts.",0,11,"1. nqzys
2. qsynz
3. yzqsn
4. sqzny
5. zynsq

Next, I will try decrypting the ciphertext using a Caesar cipher with different shifts.

Shift 1:
z -> y
s -> r
y -> x
n -> m
q -> p
Decrypted text: yrpmz

Shift 2:
z -> x
s -> q
y -> x
n -> l
q -> o
Decrypted text: xqlon

Shift 3:
z -> w
s -> p
y -> x
n -> k
q -> n
Decrypted text: wpknm

Shift 4:
z -> v
s -> o
y -> x
n -> j
q -> m
Decrypted text: vomjl

Shift 5:
z -> u
s -> n
y -> x
n -> i
q -> l
Decrypted text: unixk

No meaningful word was found despite trying multiple anagram variations and Caesar cipher shifts.",1,0.0
uwnhj,price,5,5,"1. unjwh
2. nhwuj
3. jwhnu
4. whjnu
5. wnujh

Next, I will try decrypting the ciphertext as a Caesar cipher with 5 different shifts:

1. tzmgi
2. svlfh
3. ruleg
4. qtkdf
5. psjce

Based on the results from both methods, it seems that none of the attempts provided a meaningful English word. I will continue trying different Caesar cipher shifts to decrypt the ciphertext.",0,0,"1. unjwh
2. nhwuj
3. jwhnu
4. whjnu
5. wnujh

Next",0,1.0
uwnhj,price,5,5,"1. unjwh
2. nhwuj
3. jwhnu
4. whjnu
5. wnujh

Next, I will try decrypting the ciphertext as a Caesar cipher with 5 different shifts:

1. tzmgi
2. svlfh
3. ruleg
4. qtkdf
5. psjce

Based on the results from both methods, it seems that none of the attempts provided a meaningful English word. I will continue trying different Caesar cipher shifts to decrypt the ciphertext.",0,1,"1. unjwh
2. nhwuj
3. jwhnu
4. whjnu
5. wnujh

Next, I will try decrypting the ciphertext as a Caesar",1,1.0
uwnhj,price,5,5,"1. unjwh
2. nhwuj
3. jwhnu
4. whjnu
5. wnujh

Next, I will try decrypting the ciphertext as a Caesar cipher with 5 different shifts:

1. tzmgi
2. svlfh
3. ruleg
4. qtkdf
5. psjce

Based on the results from both methods, it seems that none of the attempts provided a meaningful English word. I will continue trying different Caesar cipher shifts to decrypt the ciphertext.",0,2,"1. unjwh
2. nhwuj
3. jwhnu
4. whjnu
5. wnujh

Next, I will try decrypting the ciphertext as a Caesar cipher with 5 different shifts:

1. tzmgi
2. svlf",1,1.0
uwnhj,price,5,5,"1. unjwh
2. nhwuj
3. jwhnu
4. whjnu
5. wnujh

Next, I will try decrypting the ciphertext as a Caesar cipher with 5 different shifts:

1. tzmgi
2. svlfh
3. ruleg
4. qtkdf
5. psjce

Based on the results from both methods, it seems that none of the attempts provided a meaningful English word. I will continue trying different Caesar cipher shifts to decrypt the ciphertext.",0,3,"1. unjwh
2. nhwuj
3. jwhnu
4. whjnu
5. wnujh

Next, I will try decrypting the ciphertext as a Caesar cipher with 5 different shifts:

1. tzmgi
2. svlfh
3. ruleg
4. qtkdf
5. psjce

Based on the results",1,1.0
uwnhj,price,5,5,"1. unjwh
2. nhwuj
3. jwhnu
4. whjnu
5. wnujh

Next, I will try decrypting the ciphertext as a Caesar cipher with 5 different shifts:

1. tzmgi
2. svlfh
3. ruleg
4. qtkdf
5. psjce

Based on the results from both methods, it seems that none of the attempts provided a meaningful English word. I will continue trying different Caesar cipher shifts to decrypt the ciphertext.",0,4,"1. unjwh
2. nhwuj
3. jwhnu
4. whjnu
5. wnujh

Next, I will try decrypting the ciphertext as a Caesar cipher with 5 different shifts:

1. tzmgi
2. svlfh
3. ruleg
4. qtkdf
5. psjce

Based on the results from both methods, it seems that none of the atte",1,1.0
uwnhj,price,5,5,"1. unjwh
2. nhwuj
3. jwhnu
4. whjnu
5. wnujh

Next, I will try decrypting the ciphertext as a Caesar cipher with 5 different shifts:

1. tzmgi
2. svlfh
3. ruleg
4. qtkdf
5. psjce

Based on the results from both methods, it seems that none of the attempts provided a meaningful English word. I will continue trying different Caesar cipher shifts to decrypt the ciphertext.",0,5,"1. unjwh
2. nhwuj
3. jwhnu
4. whjnu
5. wnujh

Next, I will try decrypting the ciphertext as a Caesar cipher with 5 different shifts:

1. tzmgi
2. svlfh
3. ruleg
4. qtkdf
5. psjce

Based on the results from both methods, it seems that none of the attempts provided a meaningful English word. I will co",1,1.0
uwnhj,price,5,5,"1. unjwh
2. nhwuj
3. jwhnu
4. whjnu
5. wnujh

Next, I will try decrypting the ciphertext as a Caesar cipher with 5 different shifts:

1. tzmgi
2. svlfh
3. ruleg
4. qtkdf
5. psjce

Based on the results from both methods, it seems that none of the attempts provided a meaningful English word. I will continue trying different Caesar cipher shifts to decrypt the ciphertext.",0,6,"1. unjwh
2. nhwuj
3. jwhnu
4. whjnu
5. wnujh

Next, I will try decrypting the ciphertext as a Caesar cipher with 5 different shifts:

1. tzmgi
2. svlfh
3. ruleg
4. qtkdf
5. psjce

Based on the results from both methods, it seems that none of the attempts provided a meaningful English word. I will continue trying different Caesar cipher shifts to de",1,1.0
uwnhj,price,5,5,"1. unjwh
2. nhwuj
3. jwhnu
4. whjnu
5. wnujh

Next, I will try decrypting the ciphertext as a Caesar cipher with 5 different shifts:

1. tzmgi
2. svlfh
3. ruleg
4. qtkdf
5. psjce

Based on the results from both methods, it seems that none of the attempts provided a meaningful English word. I will continue trying different Caesar cipher shifts to decrypt the ciphertext.",0,7,"1. unjwh
2. nhwuj
3. jwhnu
4. whjnu
5. wnujh

Next, I will try decrypting the ciphertext as a Caesar cipher with 5 different shifts:

1. tzmgi
2. svlfh
3. ruleg
4. qtkdf
5. psjce

Based on the results from both methods, it seems that none of the attempts provided a meaningful English word. I will continue trying different Caesar cipher shifts to decrypt the ciphertext.",1,1.0
uwnhj,price,5,5,"1. juwnh
2. nujwh
3. whunj
4. hnuwj
5. uhjwn

Since unscrambling as an anagram didn't reveal a meaningful English word, I will continue by assuming it's a Caesar cipher and try decrypting it using at least 5 different shifts. 

Shift 1: tvmgi
Shift 2: sulfh
Shift 3: rtkeg
Shift 4: qsjdf
Shift 5: price

Decrypted text: price

It looks like the decrypted word is ""price"" when using a Caesar cipher with a shift of 5, which is a meaningful English word.",1,0,"1. juwnh
2. nujwh
3. whunj
4. hnuwj
5. uhjwn

Sinc",0,2.0
uwnhj,price,5,5,"1. juwnh
2. nujwh
3. whunj
4. hnuwj
5. uhjwn

Since unscrambling as an anagram didn't reveal a meaningful English word, I will continue by assuming it's a Caesar cipher and try decrypting it using at least 5 different shifts. 

Shift 1: tvmgi
Shift 2: sulfh
Shift 3: rtkeg
Shift 4: qsjdf
Shift 5: price

Decrypted text: price

It looks like the decrypted word is ""price"" when using a Caesar cipher with a shift of 5, which is a meaningful English word.",1,1,"1. juwnh
2. nujwh
3. whunj
4. hnuwj
5. uhjwn

Since unscrambling as an anagram didn't reveal a meani",0,2.0
uwnhj,price,5,5,"1. juwnh
2. nujwh
3. whunj
4. hnuwj
5. uhjwn

Since unscrambling as an anagram didn't reveal a meaningful English word, I will continue by assuming it's a Caesar cipher and try decrypting it using at least 5 different shifts. 

Shift 1: tvmgi
Shift 2: sulfh
Shift 3: rtkeg
Shift 4: qsjdf
Shift 5: price

Decrypted text: price

It looks like the decrypted word is ""price"" when using a Caesar cipher with a shift of 5, which is a meaningful English word.",1,2,"1. juwnh
2. nujwh
3. whunj
4. hnuwj
5. uhjwn

Since unscrambling as an anagram didn't reveal a meaningful English word, I will continue by assuming it",1,2.0
uwnhj,price,5,5,"1. juwnh
2. nujwh
3. whunj
4. hnuwj
5. uhjwn

Since unscrambling as an anagram didn't reveal a meaningful English word, I will continue by assuming it's a Caesar cipher and try decrypting it using at least 5 different shifts. 

Shift 1: tvmgi
Shift 2: sulfh
Shift 3: rtkeg
Shift 4: qsjdf
Shift 5: price

Decrypted text: price

It looks like the decrypted word is ""price"" when using a Caesar cipher with a shift of 5, which is a meaningful English word.",1,3,"1. juwnh
2. nujwh
3. whunj
4. hnuwj
5. uhjwn

Since unscrambling as an anagram didn't reveal a meaningful English word, I will continue by assuming it's a Caesar cipher and try decrypting it using at ",1,2.0
uwnhj,price,5,5,"1. juwnh
2. nujwh
3. whunj
4. hnuwj
5. uhjwn

Since unscrambling as an anagram didn't reveal a meaningful English word, I will continue by assuming it's a Caesar cipher and try decrypting it using at least 5 different shifts. 

Shift 1: tvmgi
Shift 2: sulfh
Shift 3: rtkeg
Shift 4: qsjdf
Shift 5: price

Decrypted text: price

It looks like the decrypted word is ""price"" when using a Caesar cipher with a shift of 5, which is a meaningful English word.",1,4,"1. juwnh
2. nujwh
3. whunj
4. hnuwj
5. uhjwn

Since unscrambling as an anagram didn't reveal a meaningful English word, I will continue by assuming it's a Caesar cipher and try decrypting it using at least 5 different shifts. 

Shift 1: tvmgi
Shift 2",1,2.0
uwnhj,price,5,5,"1. juwnh
2. nujwh
3. whunj
4. hnuwj
5. uhjwn

Since unscrambling as an anagram didn't reveal a meaningful English word, I will continue by assuming it's a Caesar cipher and try decrypting it using at least 5 different shifts. 

Shift 1: tvmgi
Shift 2: sulfh
Shift 3: rtkeg
Shift 4: qsjdf
Shift 5: price

Decrypted text: price

It looks like the decrypted word is ""price"" when using a Caesar cipher with a shift of 5, which is a meaningful English word.",1,5,"1. juwnh
2. nujwh
3. whunj
4. hnuwj
5. uhjwn

Since unscrambling as an anagram didn't reveal a meaningful English word, I will continue by assuming it's a Caesar cipher and try decrypting it using at least 5 different shifts. 

Shift 1: tvmgi
Shift 2: sulfh
Shift 3: rtkeg
Shift 4: qsjdf
Shift 5: pri",1,2.0
uwnhj,price,5,5,"1. juwnh
2. nujwh
3. whunj
4. hnuwj
5. uhjwn

Since unscrambling as an anagram didn't reveal a meaningful English word, I will continue by assuming it's a Caesar cipher and try decrypting it using at least 5 different shifts. 

Shift 1: tvmgi
Shift 2: sulfh
Shift 3: rtkeg
Shift 4: qsjdf
Shift 5: price

Decrypted text: price

It looks like the decrypted word is ""price"" when using a Caesar cipher with a shift of 5, which is a meaningful English word.",1,6,"1. juwnh
2. nujwh
3. whunj
4. hnuwj
5. uhjwn

Since unscrambling as an anagram didn't reveal a meaningful English word, I will continue by assuming it's a Caesar cipher and try decrypting it using at least 5 different shifts. 

Shift 1: tvmgi
Shift 2: sulfh
Shift 3: rtkeg
Shift 4: qsjdf
Shift 5: price

Decrypted text: price

It looks like the decry",1,2.0
uwnhj,price,5,5,"1. juwnh
2. nujwh
3. whunj
4. hnuwj
5. uhjwn

Since unscrambling as an anagram didn't reveal a meaningful English word, I will continue by assuming it's a Caesar cipher and try decrypting it using at least 5 different shifts. 

Shift 1: tvmgi
Shift 2: sulfh
Shift 3: rtkeg
Shift 4: qsjdf
Shift 5: price

Decrypted text: price

It looks like the decrypted word is ""price"" when using a Caesar cipher with a shift of 5, which is a meaningful English word.",1,7,"1. juwnh
2. nujwh
3. whunj
4. hnuwj
5. uhjwn

Since unscrambling as an anagram didn't reveal a meaningful English word, I will continue by assuming it's a Caesar cipher and try decrypting it using at least 5 different shifts. 

Shift 1: tvmgi
Shift 2: sulfh
Shift 3: rtkeg
Shift 4: qsjdf
Shift 5: price

Decrypted text: price

It looks like the decrypted word is ""price"" when using a Caesar cipher wi",1,2.0
uwnhj,price,5,5,"1. juwnh
2. nujwh
3. whunj
4. hnuwj
5. uhjwn

Since unscrambling as an anagram didn't reveal a meaningful English word, I will continue by assuming it's a Caesar cipher and try decrypting it using at least 5 different shifts. 

Shift 1: tvmgi
Shift 2: sulfh
Shift 3: rtkeg
Shift 4: qsjdf
Shift 5: price

Decrypted text: price

It looks like the decrypted word is ""price"" when using a Caesar cipher with a shift of 5, which is a meaningful English word.",1,8,"1. juwnh
2. nujwh
3. whunj
4. hnuwj
5. uhjwn

Since unscrambling as an anagram didn't reveal a meaningful English word, I will continue by assuming it's a Caesar cipher and try decrypting it using at least 5 different shifts. 

Shift 1: tvmgi
Shift 2: sulfh
Shift 3: rtkeg
Shift 4: qsjdf
Shift 5: price

Decrypted text: price

It looks like the decrypted word is ""price"" when using a Caesar cipher with a shift of 5, which is a meaningful English wor",1,2.0
uwnhj,price,5,5,"1. juwnh
2. nujwh
3. whunj
4. hnuwj
5. uhjwn

Since unscrambling as an anagram didn't reveal a meaningful English word, I will continue by assuming it's a Caesar cipher and try decrypting it using at least 5 different shifts. 

Shift 1: tvmgi
Shift 2: sulfh
Shift 3: rtkeg
Shift 4: qsjdf
Shift 5: price

Decrypted text: price

It looks like the decrypted word is ""price"" when using a Caesar cipher with a shift of 5, which is a meaningful English word.",1,9,"1. juwnh
2. nujwh
3. whunj
4. hnuwj
5. uhjwn

Since unscrambling as an anagram didn't reveal a meaningful English word, I will continue by assuming it's a Caesar cipher and try decrypting it using at least 5 different shifts. 

Shift 1: tvmgi
Shift 2: sulfh
Shift 3: rtkeg
Shift 4: qsjdf
Shift 5: price

Decrypted text: price

It looks like the decrypted word is ""price"" when using a Caesar cipher with a shift of 5, which is a meaningful English word.",1,2.0
ytifd,today,5,5,"1. tidfy
2. tidyf
3. dtyif
4. fyitd
5. fdyit

Now, I will try decrypting the ciphertext using a Caesar cipher with different shifts:

1. Shift of 1: xshec
2. Shift of 2: wrgdb
3. Shift of 3: vqfca
4. Shift of 4: upebz
5. Shift of 5: today

Based on these attempts, ""today"" is the most likely option for the original word.",1,0,"1. tidfy
2. tidyf
3. dtyif
4. fyitd
5. fdyit

Now,",1,0.0
ytifd,today,5,5,"1. tidfy
2. tidyf
3. dtyif
4. fyitd
5. fdyit

Now, I will try decrypting the ciphertext using a Caesar cipher with different shifts:

1. Shift of 1: xshec
2. Shift of 2: wrgdb
3. Shift of 3: vqfca
4. Shift of 4: upebz
5. Shift of 5: today

Based on these attempts, ""today"" is the most likely option for the original word.",1,1,"1. tidfy
2. tidyf
3. dtyif
4. fyitd
5. fdyit

Now, I will try decrypting the ciphertext using a Caes",1,0.0
ytifd,today,5,5,"1. tidfy
2. tidyf
3. dtyif
4. fyitd
5. fdyit

Now, I will try decrypting the ciphertext using a Caesar cipher with different shifts:

1. Shift of 1: xshec
2. Shift of 2: wrgdb
3. Shift of 3: vqfca
4. Shift of 4: upebz
5. Shift of 5: today

Based on these attempts, ""today"" is the most likely option for the original word.",1,2,"1. tidfy
2. tidyf
3. dtyif
4. fyitd
5. fdyit

Now, I will try decrypting the ciphertext using a Caesar cipher with different shifts:

1. Shift of 1: x",1,0.0
ytifd,today,5,5,"1. tidfy
2. tidyf
3. dtyif
4. fyitd
5. fdyit

Now, I will try decrypting the ciphertext using a Caesar cipher with different shifts:

1. Shift of 1: xshec
2. Shift of 2: wrgdb
3. Shift of 3: vqfca
4. Shift of 4: upebz
5. Shift of 5: today

Based on these attempts, ""today"" is the most likely option for the original word.",1,3,"1. tidfy
2. tidyf
3. dtyif
4. fyitd
5. fdyit

Now, I will try decrypting the ciphertext using a Caesar cipher with different shifts:

1. Shift of 1: xshec
2. Shift of 2: wrgdb
3. Shift of 3: vqfca
4. ",1,0.0
ytifd,today,5,5,"1. tidfy
2. tidyf
3. dtyif
4. fyitd
5. fdyit

Now, I will try decrypting the ciphertext using a Caesar cipher with different shifts:

1. Shift of 1: xshec
2. Shift of 2: wrgdb
3. Shift of 3: vqfca
4. Shift of 4: upebz
5. Shift of 5: today

Based on these attempts, ""today"" is the most likely option for the original word.",1,4,"1. tidfy
2. tidyf
3. dtyif
4. fyitd
5. fdyit

Now, I will try decrypting the ciphertext using a Caesar cipher with different shifts:

1. Shift of 1: xshec
2. Shift of 2: wrgdb
3. Shift of 3: vqfca
4. Shift of 4: upebz
5. Shift of 5: today

Based on t",1,0.0
ytifd,today,5,5,"1. tidfy
2. tidyf
3. dtyif
4. fyitd
5. fdyit

Now, I will try decrypting the ciphertext using a Caesar cipher with different shifts:

1. Shift of 1: xshec
2. Shift of 2: wrgdb
3. Shift of 3: vqfca
4. Shift of 4: upebz
5. Shift of 5: today

Based on these attempts, ""today"" is the most likely option for the original word.",1,5,"1. tidfy
2. tidyf
3. dtyif
4. fyitd
5. fdyit

Now, I will try decrypting the ciphertext using a Caesar cipher with different shifts:

1. Shift of 1: xshec
2. Shift of 2: wrgdb
3. Shift of 3: vqfca
4. Shift of 4: upebz
5. Shift of 5: today

Based on these attempts, ""today"" is the most likely option f",1,0.0
ytifd,today,5,5,"1. tidfy
2. tidyf
3. dtyif
4. fyitd
5. fdyit

Now, I will try decrypting the ciphertext using a Caesar cipher with different shifts:

1. Shift of 1: xshec
2. Shift of 2: wrgdb
3. Shift of 3: vqfca
4. Shift of 4: upebz
5. Shift of 5: today

Based on these attempts, ""today"" is the most likely option for the original word.",1,6,"1. tidfy
2. tidyf
3. dtyif
4. fyitd
5. fdyit

Now, I will try decrypting the ciphertext using a Caesar cipher with different shifts:

1. Shift of 1: xshec
2. Shift of 2: wrgdb
3. Shift of 3: vqfca
4. Shift of 4: upebz
5. Shift of 5: today

Based on these attempts, ""today"" is the most likely option for the original word.",1,0.0
ymjxj,these,5,5,"Possible anagram solutions:
1. jymxj
2. jxymj
3. myxjj
4. jmxjy
5. jmxyj

Since none of those anagrams seem to make sense, I will now try decrypting the text using a Caesar cipher with different shifts. I will show my work for at least 5 different shifts.
Shift 1: xlwi
Shift 2: wkih
Shift 3: vjhg
Shift 4: uigf
Shift 5: the text ""the"" doesn't change when shifted by 5: sgdwi",0,0,"Possible anagram solutions:
1. jymxj
2. jxymj
3. m",0,2.0
ymjxj,these,5,5,"Possible anagram solutions:
1. jymxj
2. jxymj
3. myxjj
4. jmxjy
5. jmxyj

Since none of those anagrams seem to make sense, I will now try decrypting the text using a Caesar cipher with different shifts. I will show my work for at least 5 different shifts.
Shift 1: xlwi
Shift 2: wkih
Shift 3: vjhg
Shift 4: uigf
Shift 5: the text ""the"" doesn't change when shifted by 5: sgdwi",0,1,"Possible anagram solutions:
1. jymxj
2. jxymj
3. myxjj
4. jmxjy
5. jmxyj

Since none of those anagra",0,2.0
ymjxj,these,5,5,"Possible anagram solutions:
1. jymxj
2. jxymj
3. myxjj
4. jmxjy
5. jmxyj

Since none of those anagrams seem to make sense, I will now try decrypting the text using a Caesar cipher with different shifts. I will show my work for at least 5 different shifts.
Shift 1: xlwi
Shift 2: wkih
Shift 3: vjhg
Shift 4: uigf
Shift 5: the text ""the"" doesn't change when shifted by 5: sgdwi",0,2,"Possible anagram solutions:
1. jymxj
2. jxymj
3. myxjj
4. jmxjy
5. jmxyj

Since none of those anagrams seem to make sense, I will now try decrypting t",1,2.0
ymjxj,these,5,5,"Possible anagram solutions:
1. jymxj
2. jxymj
3. myxjj
4. jmxjy
5. jmxyj

Since none of those anagrams seem to make sense, I will now try decrypting the text using a Caesar cipher with different shifts. I will show my work for at least 5 different shifts.
Shift 1: xlwi
Shift 2: wkih
Shift 3: vjhg
Shift 4: uigf
Shift 5: the text ""the"" doesn't change when shifted by 5: sgdwi",0,3,"Possible anagram solutions:
1. jymxj
2. jxymj
3. myxjj
4. jmxjy
5. jmxyj

Since none of those anagrams seem to make sense, I will now try decrypting the text using a Caesar cipher with different shift",1,2.0
ymjxj,these,5,5,"Possible anagram solutions:
1. jymxj
2. jxymj
3. myxjj
4. jmxjy
5. jmxyj

Since none of those anagrams seem to make sense, I will now try decrypting the text using a Caesar cipher with different shifts. I will show my work for at least 5 different shifts.
Shift 1: xlwi
Shift 2: wkih
Shift 3: vjhg
Shift 4: uigf
Shift 5: the text ""the"" doesn't change when shifted by 5: sgdwi",0,4,"Possible anagram solutions:
1. jymxj
2. jxymj
3. myxjj
4. jmxjy
5. jmxyj

Since none of those anagrams seem to make sense, I will now try decrypting the text using a Caesar cipher with different shifts. I will show my work for at least 5 different sh",1,2.0
ymjxj,these,5,5,"Possible anagram solutions:
1. jymxj
2. jxymj
3. myxjj
4. jmxjy
5. jmxyj

Since none of those anagrams seem to make sense, I will now try decrypting the text using a Caesar cipher with different shifts. I will show my work for at least 5 different shifts.
Shift 1: xlwi
Shift 2: wkih
Shift 3: vjhg
Shift 4: uigf
Shift 5: the text ""the"" doesn't change when shifted by 5: sgdwi",0,5,"Possible anagram solutions:
1. jymxj
2. jxymj
3. myxjj
4. jmxjy
5. jmxyj

Since none of those anagrams seem to make sense, I will now try decrypting the text using a Caesar cipher with different shifts. I will show my work for at least 5 different shifts.
Shift 1: xlwi
Shift 2: wkih
Shift 3: vjhg
Sh",1,2.0
ymjxj,these,5,5,"Possible anagram solutions:
1. jymxj
2. jxymj
3. myxjj
4. jmxjy
5. jmxyj

Since none of those anagrams seem to make sense, I will now try decrypting the text using a Caesar cipher with different shifts. I will show my work for at least 5 different shifts.
Shift 1: xlwi
Shift 2: wkih
Shift 3: vjhg
Shift 4: uigf
Shift 5: the text ""the"" doesn't change when shifted by 5: sgdwi",0,6,"Possible anagram solutions:
1. jymxj
2. jxymj
3. myxjj
4. jmxjy
5. jmxyj

Since none of those anagrams seem to make sense, I will now try decrypting the text using a Caesar cipher with different shifts. I will show my work for at least 5 different shifts.
Shift 1: xlwi
Shift 2: wkih
Shift 3: vjhg
Shift 4: uigf
Shift 5: the text ""the"" doesn't change",1,2.0
ymjxj,these,5,5,"Possible anagram solutions:
1. jymxj
2. jxymj
3. myxjj
4. jmxjy
5. jmxyj

Since none of those anagrams seem to make sense, I will now try decrypting the text using a Caesar cipher with different shifts. I will show my work for at least 5 different shifts.
Shift 1: xlwi
Shift 2: wkih
Shift 3: vjhg
Shift 4: uigf
Shift 5: the text ""the"" doesn't change when shifted by 5: sgdwi",0,7,"Possible anagram solutions:
1. jymxj
2. jxymj
3. myxjj
4. jmxjy
5. jmxyj

Since none of those anagrams seem to make sense, I will now try decrypting the text using a Caesar cipher with different shifts. I will show my work for at least 5 different shifts.
Shift 1: xlwi
Shift 2: wkih
Shift 3: vjhg
Shift 4: uigf
Shift 5: the text ""the"" doesn't change when shifted by 5: sgdwi",1,2.0
gfxji,based,5,5,"1. jigfx
2. figxj
3. fjgix
4. jifgx
5. gijxf

Since unscrambling as an anagram didn't reveal a clear English word, let's continue by assuming it's a Caesar cipher and try to decrypt it using at least 5 different shifts.",0,0,"1. jigfx
2. figxj
3. fjgix
4. jifgx
5. gijxf

Sinc",0,1.0
gfxji,based,5,5,"1. jigfx
2. figxj
3. fjgix
4. jifgx
5. gijxf

Since unscrambling as an anagram didn't reveal a clear English word, let's continue by assuming it's a Caesar cipher and try to decrypt it using at least 5 different shifts.",0,1,"1. jigfx
2. figxj
3. fjgix
4. jifgx
5. gijxf

Since unscrambling as an anagram didn't reveal a clear",1,1.0
gfxji,based,5,5,"1. jigfx
2. figxj
3. fjgix
4. jifgx
5. gijxf

Since unscrambling as an anagram didn't reveal a clear English word, let's continue by assuming it's a Caesar cipher and try to decrypt it using at least 5 different shifts.",0,2,"1. jigfx
2. figxj
3. fjgix
4. jifgx
5. gijxf

Since unscrambling as an anagram didn't reveal a clear English word, let's continue by assuming it's a C",1,1.0
gfxji,based,5,5,"1. jigfx
2. figxj
3. fjgix
4. jifgx
5. gijxf

Since unscrambling as an anagram didn't reveal a clear English word, let's continue by assuming it's a Caesar cipher and try to decrypt it using at least 5 different shifts.",0,3,"1. jigfx
2. figxj
3. fjgix
4. jifgx
5. gijxf

Since unscrambling as an anagram didn't reveal a clear English word, let's continue by assuming it's a Caesar cipher and try to decrypt it using at least ",1,1.0
gfxji,based,5,5,"1. jigfx
2. figxj
3. fjgix
4. jifgx
5. gijxf

Since unscrambling as an anagram didn't reveal a clear English word, let's continue by assuming it's a Caesar cipher and try to decrypt it using at least 5 different shifts.",0,4,"1. jigfx
2. figxj
3. fjgix
4. jifgx
5. gijxf

Since unscrambling as an anagram didn't reveal a clear English word, let's continue by assuming it's a Caesar cipher and try to decrypt it using at least 5 different shifts.",1,1.0
knwxy,first,5,5,"1. knwxy -> kinky
2. knwxy -> winky
3. knwxy -> yknwx
4. knwxy -> yxwnk
5. knwxy -> wnykx

Since unscrambling as an anagram did not produce a valid English word, I will now try to decrypt it using a Caesar cipher with different shifts.

1. Shift 1: jmvwx
2. Shift 2: iluvw
3. Shift 3: hktuv
4. Shift 4: gjstu
5. Shift 5: first

The word ""first"" is a valid English word, so the decrypted message is ""first"" with a Caesar shift of 5.",1,0,"1. knwxy -> kinky
2. knwxy -> winky
3. knwxy -> yk",0,3.0
knwxy,first,5,5,"1. knwxy -> kinky
2. knwxy -> winky
3. knwxy -> yknwx
4. knwxy -> yxwnk
5. knwxy -> wnykx

Since unscrambling as an anagram did not produce a valid English word, I will now try to decrypt it using a Caesar cipher with different shifts.

1. Shift 1: jmvwx
2. Shift 2: iluvw
3. Shift 3: hktuv
4. Shift 4: gjstu
5. Shift 5: first

The word ""first"" is a valid English word, so the decrypted message is ""first"" with a Caesar shift of 5.",1,1,"1. knwxy -> kinky
2. knwxy -> winky
3. knwxy -> yknwx
4. knwxy -> yxwnk
5. knwxy -> wnykx

Since uns",0,3.0
knwxy,first,5,5,"1. knwxy -> kinky
2. knwxy -> winky
3. knwxy -> yknwx
4. knwxy -> yxwnk
5. knwxy -> wnykx

Since unscrambling as an anagram did not produce a valid English word, I will now try to decrypt it using a Caesar cipher with different shifts.

1. Shift 1: jmvwx
2. Shift 2: iluvw
3. Shift 3: hktuv
4. Shift 4: gjstu
5. Shift 5: first

The word ""first"" is a valid English word, so the decrypted message is ""first"" with a Caesar shift of 5.",1,2,"1. knwxy -> kinky
2. knwxy -> winky
3. knwxy -> yknwx
4. knwxy -> yxwnk
5. knwxy -> wnykx

Since unscrambling as an anagram did not produce a valid En",0,3.0
knwxy,first,5,5,"1. knwxy -> kinky
2. knwxy -> winky
3. knwxy -> yknwx
4. knwxy -> yxwnk
5. knwxy -> wnykx

Since unscrambling as an anagram did not produce a valid English word, I will now try to decrypt it using a Caesar cipher with different shifts.

1. Shift 1: jmvwx
2. Shift 2: iluvw
3. Shift 3: hktuv
4. Shift 4: gjstu
5. Shift 5: first

The word ""first"" is a valid English word, so the decrypted message is ""first"" with a Caesar shift of 5.",1,3,"1. knwxy -> kinky
2. knwxy -> winky
3. knwxy -> yknwx
4. knwxy -> yxwnk
5. knwxy -> wnykx

Since unscrambling as an anagram did not produce a valid English word, I will now try to decrypt it using a C",1,3.0
knwxy,first,5,5,"1. knwxy -> kinky
2. knwxy -> winky
3. knwxy -> yknwx
4. knwxy -> yxwnk
5. knwxy -> wnykx

Since unscrambling as an anagram did not produce a valid English word, I will now try to decrypt it using a Caesar cipher with different shifts.

1. Shift 1: jmvwx
2. Shift 2: iluvw
3. Shift 3: hktuv
4. Shift 4: gjstu
5. Shift 5: first

The word ""first"" is a valid English word, so the decrypted message is ""first"" with a Caesar shift of 5.",1,4,"1. knwxy -> kinky
2. knwxy -> winky
3. knwxy -> yknwx
4. knwxy -> yxwnk
5. knwxy -> wnykx

Since unscrambling as an anagram did not produce a valid English word, I will now try to decrypt it using a Caesar cipher with different shifts.

1. Shift 1: j",1,3.0
knwxy,first,5,5,"1. knwxy -> kinky
2. knwxy -> winky
3. knwxy -> yknwx
4. knwxy -> yxwnk
5. knwxy -> wnykx

Since unscrambling as an anagram did not produce a valid English word, I will now try to decrypt it using a Caesar cipher with different shifts.

1. Shift 1: jmvwx
2. Shift 2: iluvw
3. Shift 3: hktuv
4. Shift 4: gjstu
5. Shift 5: first

The word ""first"" is a valid English word, so the decrypted message is ""first"" with a Caesar shift of 5.",1,5,"1. knwxy -> kinky
2. knwxy -> winky
3. knwxy -> yknwx
4. knwxy -> yxwnk
5. knwxy -> wnykx

Since unscrambling as an anagram did not produce a valid English word, I will now try to decrypt it using a Caesar cipher with different shifts.

1. Shift 1: jmvwx
2. Shift 2: iluvw
3. Shift 3: hktuv
4. Shift ",1,3.0
knwxy,first,5,5,"1. knwxy -> kinky
2. knwxy -> winky
3. knwxy -> yknwx
4. knwxy -> yxwnk
5. knwxy -> wnykx

Since unscrambling as an anagram did not produce a valid English word, I will now try to decrypt it using a Caesar cipher with different shifts.

1. Shift 1: jmvwx
2. Shift 2: iluvw
3. Shift 3: hktuv
4. Shift 4: gjstu
5. Shift 5: first

The word ""first"" is a valid English word, so the decrypted message is ""first"" with a Caesar shift of 5.",1,6,"1. knwxy -> kinky
2. knwxy -> winky
3. knwxy -> yknwx
4. knwxy -> yxwnk
5. knwxy -> wnykx

Since unscrambling as an anagram did not produce a valid English word, I will now try to decrypt it using a Caesar cipher with different shifts.

1. Shift 1: jmvwx
2. Shift 2: iluvw
3. Shift 3: hktuv
4. Shift 4: gjstu
5. Shift 5: first

The word ""first"" is a ",1,3.0
knwxy,first,5,5,"1. knwxy -> kinky
2. knwxy -> winky
3. knwxy -> yknwx
4. knwxy -> yxwnk
5. knwxy -> wnykx

Since unscrambling as an anagram did not produce a valid English word, I will now try to decrypt it using a Caesar cipher with different shifts.

1. Shift 1: jmvwx
2. Shift 2: iluvw
3. Shift 3: hktuv
4. Shift 4: gjstu
5. Shift 5: first

The word ""first"" is a valid English word, so the decrypted message is ""first"" with a Caesar shift of 5.",1,7,"1. knwxy -> kinky
2. knwxy -> winky
3. knwxy -> yknwx
4. knwxy -> yxwnk
5. knwxy -> wnykx

Since unscrambling as an anagram did not produce a valid English word, I will now try to decrypt it using a Caesar cipher with different shifts.

1. Shift 1: jmvwx
2. Shift 2: iluvw
3. Shift 3: hktuv
4. Shift 4: gjstu
5. Shift 5: first

The word ""first"" is a valid English word, so the decrypted message is ""f",1,3.0
knwxy,first,5,5,"1. knwxy -> kinky
2. knwxy -> winky
3. knwxy -> yknwx
4. knwxy -> yxwnk
5. knwxy -> wnykx

Since unscrambling as an anagram did not produce a valid English word, I will now try to decrypt it using a Caesar cipher with different shifts.

1. Shift 1: jmvwx
2. Shift 2: iluvw
3. Shift 3: hktuv
4. Shift 4: gjstu
5. Shift 5: first

The word ""first"" is a valid English word, so the decrypted message is ""first"" with a Caesar shift of 5.",1,8,"1. knwxy -> kinky
2. knwxy -> winky
3. knwxy -> yknwx
4. knwxy -> yxwnk
5. knwxy -> wnykx

Since unscrambling as an anagram did not produce a valid English word, I will now try to decrypt it using a Caesar cipher with different shifts.

1. Shift 1: jmvwx
2. Shift 2: iluvw
3. Shift 3: hktuv
4. Shift 4: gjstu
5. Shift 5: first

The word ""first"" is a valid English word, so the decrypted message is ""first"" with a Caesar shift of 5.",1,3.0
npefso,modern,6,1,"1. enposf
2. spenof
3. posefn
4. fopnes
5. nefosp

Since unscrambling as an anagram didn't yield any recognizable English words, I will now try decrypting it as a Caesar cipher with different shifts.

1. Shift 1: modren
2. Shift 2: locqdm
3. Shift 3: knbpcn
4. Shift 4: jmboam
5. Shift 5: ialnzl

Unfortunately, none of the attempts at decrypting the Caesar cipher yielded a recognizable English word. It's possible that the ciphertext is not a simple anagram or Caesar cipher, or there may be a different method of encryption used.",0,0,"1. enposf
2. spenof
3. posefn
4. fopnes
5. nefosp
",0,1.0
npefso,modern,6,1,"1. enposf
2. spenof
3. posefn
4. fopnes
5. nefosp

Since unscrambling as an anagram didn't yield any recognizable English words, I will now try decrypting it as a Caesar cipher with different shifts.

1. Shift 1: modren
2. Shift 2: locqdm
3. Shift 3: knbpcn
4. Shift 4: jmboam
5. Shift 5: ialnzl

Unfortunately, none of the attempts at decrypting the Caesar cipher yielded a recognizable English word. It's possible that the ciphertext is not a simple anagram or Caesar cipher, or there may be a different method of encryption used.",0,1,"1. enposf
2. spenof
3. posefn
4. fopnes
5. nefosp

Since unscrambling as an anagram didn't yield any",1,1.0
npefso,modern,6,1,"1. enposf
2. spenof
3. posefn
4. fopnes
5. nefosp

Since unscrambling as an anagram didn't yield any recognizable English words, I will now try decrypting it as a Caesar cipher with different shifts.

1. Shift 1: modren
2. Shift 2: locqdm
3. Shift 3: knbpcn
4. Shift 4: jmboam
5. Shift 5: ialnzl

Unfortunately, none of the attempts at decrypting the Caesar cipher yielded a recognizable English word. It's possible that the ciphertext is not a simple anagram or Caesar cipher, or there may be a different method of encryption used.",0,2,"1. enposf
2. spenof
3. posefn
4. fopnes
5. nefosp

Since unscrambling as an anagram didn't yield any recognizable English words, I will now try decryp",1,1.0
npefso,modern,6,1,"1. enposf
2. spenof
3. posefn
4. fopnes
5. nefosp

Since unscrambling as an anagram didn't yield any recognizable English words, I will now try decrypting it as a Caesar cipher with different shifts.

1. Shift 1: modren
2. Shift 2: locqdm
3. Shift 3: knbpcn
4. Shift 4: jmboam
5. Shift 5: ialnzl

Unfortunately, none of the attempts at decrypting the Caesar cipher yielded a recognizable English word. It's possible that the ciphertext is not a simple anagram or Caesar cipher, or there may be a different method of encryption used.",0,3,"1. enposf
2. spenof
3. posefn
4. fopnes
5. nefosp

Since unscrambling as an anagram didn't yield any recognizable English words, I will now try decrypting it as a Caesar cipher with different shifts.
",1,1.0
npefso,modern,6,1,"1. enposf
2. spenof
3. posefn
4. fopnes
5. nefosp

Since unscrambling as an anagram didn't yield any recognizable English words, I will now try decrypting it as a Caesar cipher with different shifts.

1. Shift 1: modren
2. Shift 2: locqdm
3. Shift 3: knbpcn
4. Shift 4: jmboam
5. Shift 5: ialnzl

Unfortunately, none of the attempts at decrypting the Caesar cipher yielded a recognizable English word. It's possible that the ciphertext is not a simple anagram or Caesar cipher, or there may be a different method of encryption used.",0,4,"1. enposf
2. spenof
3. posefn
4. fopnes
5. nefosp

Since unscrambling as an anagram didn't yield any recognizable English words, I will now try decrypting it as a Caesar cipher with different shifts.

1. Shift 1: modren
2. Shift 2: locqdm
3. Shift 3:",1,1.0
npefso,modern,6,1,"1. enposf
2. spenof
3. posefn
4. fopnes
5. nefosp

Since unscrambling as an anagram didn't yield any recognizable English words, I will now try decrypting it as a Caesar cipher with different shifts.

1. Shift 1: modren
2. Shift 2: locqdm
3. Shift 3: knbpcn
4. Shift 4: jmboam
5. Shift 5: ialnzl

Unfortunately, none of the attempts at decrypting the Caesar cipher yielded a recognizable English word. It's possible that the ciphertext is not a simple anagram or Caesar cipher, or there may be a different method of encryption used.",0,5,"1. enposf
2. spenof
3. posefn
4. fopnes
5. nefosp

Since unscrambling as an anagram didn't yield any recognizable English words, I will now try decrypting it as a Caesar cipher with different shifts.

1. Shift 1: modren
2. Shift 2: locqdm
3. Shift 3: knbpcn
4. Shift 4: jmboam
5. Shift 5: ialnzl

Unf",1,1.0
npefso,modern,6,1,"1. enposf
2. spenof
3. posefn
4. fopnes
5. nefosp

Since unscrambling as an anagram didn't yield any recognizable English words, I will now try decrypting it as a Caesar cipher with different shifts.

1. Shift 1: modren
2. Shift 2: locqdm
3. Shift 3: knbpcn
4. Shift 4: jmboam
5. Shift 5: ialnzl

Unfortunately, none of the attempts at decrypting the Caesar cipher yielded a recognizable English word. It's possible that the ciphertext is not a simple anagram or Caesar cipher, or there may be a different method of encryption used.",0,6,"1. enposf
2. spenof
3. posefn
4. fopnes
5. nefosp

Since unscrambling as an anagram didn't yield any recognizable English words, I will now try decrypting it as a Caesar cipher with different shifts.

1. Shift 1: modren
2. Shift 2: locqdm
3. Shift 3: knbpcn
4. Shift 4: jmboam
5. Shift 5: ialnzl

Unfortunately, none of the attempts at decrypting the",1,1.0
npefso,modern,6,1,"1. enposf
2. spenof
3. posefn
4. fopnes
5. nefosp

Since unscrambling as an anagram didn't yield any recognizable English words, I will now try decrypting it as a Caesar cipher with different shifts.

1. Shift 1: modren
2. Shift 2: locqdm
3. Shift 3: knbpcn
4. Shift 4: jmboam
5. Shift 5: ialnzl

Unfortunately, none of the attempts at decrypting the Caesar cipher yielded a recognizable English word. It's possible that the ciphertext is not a simple anagram or Caesar cipher, or there may be a different method of encryption used.",0,7,"1. enposf
2. spenof
3. posefn
4. fopnes
5. nefosp

Since unscrambling as an anagram didn't yield any recognizable English words, I will now try decrypting it as a Caesar cipher with different shifts.

1. Shift 1: modren
2. Shift 2: locqdm
3. Shift 3: knbpcn
4. Shift 4: jmboam
5. Shift 5: ialnzl

Unfortunately, none of the attempts at decrypting the Caesar cipher yielded a recognizable English word",1,1.0
npefso,modern,6,1,"1. enposf
2. spenof
3. posefn
4. fopnes
5. nefosp

Since unscrambling as an anagram didn't yield any recognizable English words, I will now try decrypting it as a Caesar cipher with different shifts.

1. Shift 1: modren
2. Shift 2: locqdm
3. Shift 3: knbpcn
4. Shift 4: jmboam
5. Shift 5: ialnzl

Unfortunately, none of the attempts at decrypting the Caesar cipher yielded a recognizable English word. It's possible that the ciphertext is not a simple anagram or Caesar cipher, or there may be a different method of encryption used.",0,8,"1. enposf
2. spenof
3. posefn
4. fopnes
5. nefosp

Since unscrambling as an anagram didn't yield any recognizable English words, I will now try decrypting it as a Caesar cipher with different shifts.

1. Shift 1: modren
2. Shift 2: locqdm
3. Shift 3: knbpcn
4. Shift 4: jmboam
5. Shift 5: ialnzl

Unfortunately, none of the attempts at decrypting the Caesar cipher yielded a recognizable English word. It's possible that the ciphertext is not a simpl",1,1.0
npefso,modern,6,1,"1. enposf
2. spenof
3. posefn
4. fopnes
5. nefosp

Since unscrambling as an anagram didn't yield any recognizable English words, I will now try decrypting it as a Caesar cipher with different shifts.

1. Shift 1: modren
2. Shift 2: locqdm
3. Shift 3: knbpcn
4. Shift 4: jmboam
5. Shift 5: ialnzl

Unfortunately, none of the attempts at decrypting the Caesar cipher yielded a recognizable English word. It's possible that the ciphertext is not a simple anagram or Caesar cipher, or there may be a different method of encryption used.",0,9,"1. enposf
2. spenof
3. posefn
4. fopnes
5. nefosp

Since unscrambling as an anagram didn't yield any recognizable English words, I will now try decrypting it as a Caesar cipher with different shifts.

1. Shift 1: modren
2. Shift 2: locqdm
3. Shift 3: knbpcn
4. Shift 4: jmboam
5. Shift 5: ialnzl

Unfortunately, none of the attempts at decrypting the Caesar cipher yielded a recognizable English word. It's possible that the ciphertext is not a simple anagram or Caesar cipher, or there may be a diff",1,1.0
npefso,modern,6,1,"1. enposf
2. spenof
3. posefn
4. fopnes
5. nefosp

Since unscrambling as an anagram didn't yield any recognizable English words, I will now try decrypting it as a Caesar cipher with different shifts.

1. Shift 1: modren
2. Shift 2: locqdm
3. Shift 3: knbpcn
4. Shift 4: jmboam
5. Shift 5: ialnzl

Unfortunately, none of the attempts at decrypting the Caesar cipher yielded a recognizable English word. It's possible that the ciphertext is not a simple anagram or Caesar cipher, or there may be a different method of encryption used.",0,10,"1. enposf
2. spenof
3. posefn
4. fopnes
5. nefosp

Since unscrambling as an anagram didn't yield any recognizable English words, I will now try decrypting it as a Caesar cipher with different shifts.

1. Shift 1: modren
2. Shift 2: locqdm
3. Shift 3: knbpcn
4. Shift 4: jmboam
5. Shift 5: ialnzl

Unfortunately, none of the attempts at decrypting the Caesar cipher yielded a recognizable English word. It's possible that the ciphertext is not a simple anagram or Caesar cipher, or there may be a different method of encryption used.",1,1.0
qfpqmf,people,6,1,"1. qfpqmf = ""fmqqpf""
2. qfpqmf = ""pfqfqm""
3. qfpqmf = ""mqqfpf""
4. qfpqmf = ""pqfqmf""
5. qfpqmf = ""fpmqfq""

Since unscrambling the word as an anagram didn't yield any meaningful results, I will now try decrypting it using a Caesar cipher with different shifts:

1. Shift 1: qfpqmf -> rgrqng
2. Shift 2: qfpqmf -> shsrph
3. Shift 3: qfpqmf -> tistqi
4. Shift 4: qfpqmf -> ujturj
5. Shift 5: qfpqmf -> vkuvsk

None of the decrypted words from the Caesar cipher make sense either. It's possible that the original word is not a common English word, a proper noun, or encoded in a different cipher.",0,0,"1. qfpqmf = ""fmqqpf""
2. qfpqmf = ""pfqfqm""
3. qfpqm",0,3.0
qfpqmf,people,6,1,"1. qfpqmf = ""fmqqpf""
2. qfpqmf = ""pfqfqm""
3. qfpqmf = ""mqqfpf""
4. qfpqmf = ""pqfqmf""
5. qfpqmf = ""fpmqfq""

Since unscrambling the word as an anagram didn't yield any meaningful results, I will now try decrypting it using a Caesar cipher with different shifts:

1. Shift 1: qfpqmf -> rgrqng
2. Shift 2: qfpqmf -> shsrph
3. Shift 3: qfpqmf -> tistqi
4. Shift 4: qfpqmf -> ujturj
5. Shift 5: qfpqmf -> vkuvsk

None of the decrypted words from the Caesar cipher make sense either. It's possible that the original word is not a common English word, a proper noun, or encoded in a different cipher.",0,1,"1. qfpqmf = ""fmqqpf""
2. qfpqmf = ""pfqfqm""
3. qfpqmf = ""mqqfpf""
4. qfpqmf = ""pqfqmf""
5. qfpqmf = ""fpm",0,3.0
qfpqmf,people,6,1,"1. qfpqmf = ""fmqqpf""
2. qfpqmf = ""pfqfqm""
3. qfpqmf = ""mqqfpf""
4. qfpqmf = ""pqfqmf""
5. qfpqmf = ""fpmqfq""

Since unscrambling the word as an anagram didn't yield any meaningful results, I will now try decrypting it using a Caesar cipher with different shifts:

1. Shift 1: qfpqmf -> rgrqng
2. Shift 2: qfpqmf -> shsrph
3. Shift 3: qfpqmf -> tistqi
4. Shift 4: qfpqmf -> ujturj
5. Shift 5: qfpqmf -> vkuvsk

None of the decrypted words from the Caesar cipher make sense either. It's possible that the original word is not a common English word, a proper noun, or encoded in a different cipher.",0,2,"1. qfpqmf = ""fmqqpf""
2. qfpqmf = ""pfqfqm""
3. qfpqmf = ""mqqfpf""
4. qfpqmf = ""pqfqmf""
5. qfpqmf = ""fpmqfq""

Since unscrambling the word as an anagram di",0,3.0
qfpqmf,people,6,1,"1. qfpqmf = ""fmqqpf""
2. qfpqmf = ""pfqfqm""
3. qfpqmf = ""mqqfpf""
4. qfpqmf = ""pqfqmf""
5. qfpqmf = ""fpmqfq""

Since unscrambling the word as an anagram didn't yield any meaningful results, I will now try decrypting it using a Caesar cipher with different shifts:

1. Shift 1: qfpqmf -> rgrqng
2. Shift 2: qfpqmf -> shsrph
3. Shift 3: qfpqmf -> tistqi
4. Shift 4: qfpqmf -> ujturj
5. Shift 5: qfpqmf -> vkuvsk

None of the decrypted words from the Caesar cipher make sense either. It's possible that the original word is not a common English word, a proper noun, or encoded in a different cipher.",0,3,"1. qfpqmf = ""fmqqpf""
2. qfpqmf = ""pfqfqm""
3. qfpqmf = ""mqqfpf""
4. qfpqmf = ""pqfqmf""
5. qfpqmf = ""fpmqfq""

Since unscrambling the word as an anagram didn't yield any meaningful results, I will now try ",1,3.0
qfpqmf,people,6,1,"1. qfpqmf = ""fmqqpf""
2. qfpqmf = ""pfqfqm""
3. qfpqmf = ""mqqfpf""
4. qfpqmf = ""pqfqmf""
5. qfpqmf = ""fpmqfq""

Since unscrambling the word as an anagram didn't yield any meaningful results, I will now try decrypting it using a Caesar cipher with different shifts:

1. Shift 1: qfpqmf -> rgrqng
2. Shift 2: qfpqmf -> shsrph
3. Shift 3: qfpqmf -> tistqi
4. Shift 4: qfpqmf -> ujturj
5. Shift 5: qfpqmf -> vkuvsk

None of the decrypted words from the Caesar cipher make sense either. It's possible that the original word is not a common English word, a proper noun, or encoded in a different cipher.",0,4,"1. qfpqmf = ""fmqqpf""
2. qfpqmf = ""pfqfqm""
3. qfpqmf = ""mqqfpf""
4. qfpqmf = ""pqfqmf""
5. qfpqmf = ""fpmqfq""

Since unscrambling the word as an anagram didn't yield any meaningful results, I will now try decrypting it using a Caesar cipher with different",1,3.0
qfpqmf,people,6,1,"1. qfpqmf = ""fmqqpf""
2. qfpqmf = ""pfqfqm""
3. qfpqmf = ""mqqfpf""
4. qfpqmf = ""pqfqmf""
5. qfpqmf = ""fpmqfq""

Since unscrambling the word as an anagram didn't yield any meaningful results, I will now try decrypting it using a Caesar cipher with different shifts:

1. Shift 1: qfpqmf -> rgrqng
2. Shift 2: qfpqmf -> shsrph
3. Shift 3: qfpqmf -> tistqi
4. Shift 4: qfpqmf -> ujturj
5. Shift 5: qfpqmf -> vkuvsk

None of the decrypted words from the Caesar cipher make sense either. It's possible that the original word is not a common English word, a proper noun, or encoded in a different cipher.",0,5,"1. qfpqmf = ""fmqqpf""
2. qfpqmf = ""pfqfqm""
3. qfpqmf = ""mqqfpf""
4. qfpqmf = ""pqfqmf""
5. qfpqmf = ""fpmqfq""

Since unscrambling the word as an anagram didn't yield any meaningful results, I will now try decrypting it using a Caesar cipher with different shifts:

1. Shift 1: qfpqmf -> rgrqng
2. Shift 2:",1,3.0
qfpqmf,people,6,1,"1. qfpqmf = ""fmqqpf""
2. qfpqmf = ""pfqfqm""
3. qfpqmf = ""mqqfpf""
4. qfpqmf = ""pqfqmf""
5. qfpqmf = ""fpmqfq""

Since unscrambling the word as an anagram didn't yield any meaningful results, I will now try decrypting it using a Caesar cipher with different shifts:

1. Shift 1: qfpqmf -> rgrqng
2. Shift 2: qfpqmf -> shsrph
3. Shift 3: qfpqmf -> tistqi
4. Shift 4: qfpqmf -> ujturj
5. Shift 5: qfpqmf -> vkuvsk

None of the decrypted words from the Caesar cipher make sense either. It's possible that the original word is not a common English word, a proper noun, or encoded in a different cipher.",0,6,"1. qfpqmf = ""fmqqpf""
2. qfpqmf = ""pfqfqm""
3. qfpqmf = ""mqqfpf""
4. qfpqmf = ""pqfqmf""
5. qfpqmf = ""fpmqfq""

Since unscrambling the word as an anagram didn't yield any meaningful results, I will now try decrypting it using a Caesar cipher with different shifts:

1. Shift 1: qfpqmf -> rgrqng
2. Shift 2: qfpqmf -> shsrph
3. Shift 3: qfpqmf -> tistqi
4. ",1,3.0
qfpqmf,people,6,1,"1. qfpqmf = ""fmqqpf""
2. qfpqmf = ""pfqfqm""
3. qfpqmf = ""mqqfpf""
4. qfpqmf = ""pqfqmf""
5. qfpqmf = ""fpmqfq""

Since unscrambling the word as an anagram didn't yield any meaningful results, I will now try decrypting it using a Caesar cipher with different shifts:

1. Shift 1: qfpqmf -> rgrqng
2. Shift 2: qfpqmf -> shsrph
3. Shift 3: qfpqmf -> tistqi
4. Shift 4: qfpqmf -> ujturj
5. Shift 5: qfpqmf -> vkuvsk

None of the decrypted words from the Caesar cipher make sense either. It's possible that the original word is not a common English word, a proper noun, or encoded in a different cipher.",0,7,"1. qfpqmf = ""fmqqpf""
2. qfpqmf = ""pfqfqm""
3. qfpqmf = ""mqqfpf""
4. qfpqmf = ""pqfqmf""
5. qfpqmf = ""fpmqfq""

Since unscrambling the word as an anagram didn't yield any meaningful results, I will now try decrypting it using a Caesar cipher with different shifts:

1. Shift 1: qfpqmf -> rgrqng
2. Shift 2: qfpqmf -> shsrph
3. Shift 3: qfpqmf -> tistqi
4. Shift 4: qfpqmf -> ujturj
5. Shift 5: qfpqmf -> vk",1,3.0
qfpqmf,people,6,1,"1. qfpqmf = ""fmqqpf""
2. qfpqmf = ""pfqfqm""
3. qfpqmf = ""mqqfpf""
4. qfpqmf = ""pqfqmf""
5. qfpqmf = ""fpmqfq""

Since unscrambling the word as an anagram didn't yield any meaningful results, I will now try decrypting it using a Caesar cipher with different shifts:

1. Shift 1: qfpqmf -> rgrqng
2. Shift 2: qfpqmf -> shsrph
3. Shift 3: qfpqmf -> tistqi
4. Shift 4: qfpqmf -> ujturj
5. Shift 5: qfpqmf -> vkuvsk

None of the decrypted words from the Caesar cipher make sense either. It's possible that the original word is not a common English word, a proper noun, or encoded in a different cipher.",0,8,"1. qfpqmf = ""fmqqpf""
2. qfpqmf = ""pfqfqm""
3. qfpqmf = ""mqqfpf""
4. qfpqmf = ""pqfqmf""
5. qfpqmf = ""fpmqfq""

Since unscrambling the word as an anagram didn't yield any meaningful results, I will now try decrypting it using a Caesar cipher with different shifts:

1. Shift 1: qfpqmf -> rgrqng
2. Shift 2: qfpqmf -> shsrph
3. Shift 3: qfpqmf -> tistqi
4. Shift 4: qfpqmf -> ujturj
5. Shift 5: qfpqmf -> vkuvsk

None of the decrypted words from the Caesar ",1,3.0
qfpqmf,people,6,1,"1. qfpqmf = ""fmqqpf""
2. qfpqmf = ""pfqfqm""
3. qfpqmf = ""mqqfpf""
4. qfpqmf = ""pqfqmf""
5. qfpqmf = ""fpmqfq""

Since unscrambling the word as an anagram didn't yield any meaningful results, I will now try decrypting it using a Caesar cipher with different shifts:

1. Shift 1: qfpqmf -> rgrqng
2. Shift 2: qfpqmf -> shsrph
3. Shift 3: qfpqmf -> tistqi
4. Shift 4: qfpqmf -> ujturj
5. Shift 5: qfpqmf -> vkuvsk

None of the decrypted words from the Caesar cipher make sense either. It's possible that the original word is not a common English word, a proper noun, or encoded in a different cipher.",0,9,"1. qfpqmf = ""fmqqpf""
2. qfpqmf = ""pfqfqm""
3. qfpqmf = ""mqqfpf""
4. qfpqmf = ""pqfqmf""
5. qfpqmf = ""fpmqfq""

Since unscrambling the word as an anagram didn't yield any meaningful results, I will now try decrypting it using a Caesar cipher with different shifts:

1. Shift 1: qfpqmf -> rgrqng
2. Shift 2: qfpqmf -> shsrph
3. Shift 3: qfpqmf -> tistqi
4. Shift 4: qfpqmf -> ujturj
5. Shift 5: qfpqmf -> vkuvsk

None of the decrypted words from the Caesar cipher make sense either. It's possible that the o",1,3.0
qfpqmf,people,6,1,"1. qfpqmf = ""fmqqpf""
2. qfpqmf = ""pfqfqm""
3. qfpqmf = ""mqqfpf""
4. qfpqmf = ""pqfqmf""
5. qfpqmf = ""fpmqfq""

Since unscrambling the word as an anagram didn't yield any meaningful results, I will now try decrypting it using a Caesar cipher with different shifts:

1. Shift 1: qfpqmf -> rgrqng
2. Shift 2: qfpqmf -> shsrph
3. Shift 3: qfpqmf -> tistqi
4. Shift 4: qfpqmf -> ujturj
5. Shift 5: qfpqmf -> vkuvsk

None of the decrypted words from the Caesar cipher make sense either. It's possible that the original word is not a common English word, a proper noun, or encoded in a different cipher.",0,10,"1. qfpqmf = ""fmqqpf""
2. qfpqmf = ""pfqfqm""
3. qfpqmf = ""mqqfpf""
4. qfpqmf = ""pqfqmf""
5. qfpqmf = ""fpmqfq""

Since unscrambling the word as an anagram didn't yield any meaningful results, I will now try decrypting it using a Caesar cipher with different shifts:

1. Shift 1: qfpqmf -> rgrqng
2. Shift 2: qfpqmf -> shsrph
3. Shift 3: qfpqmf -> tistqi
4. Shift 4: qfpqmf -> ujturj
5. Shift 5: qfpqmf -> vkuvsk

None of the decrypted words from the Caesar cipher make sense either. It's possible that the original word is not a common English word, a prope",1,3.0
qfpqmf,people,6,1,"1. qfpqmf = ""fmqqpf""
2. qfpqmf = ""pfqfqm""
3. qfpqmf = ""mqqfpf""
4. qfpqmf = ""pqfqmf""
5. qfpqmf = ""fpmqfq""

Since unscrambling the word as an anagram didn't yield any meaningful results, I will now try decrypting it using a Caesar cipher with different shifts:

1. Shift 1: qfpqmf -> rgrqng
2. Shift 2: qfpqmf -> shsrph
3. Shift 3: qfpqmf -> tistqi
4. Shift 4: qfpqmf -> ujturj
5. Shift 5: qfpqmf -> vkuvsk

None of the decrypted words from the Caesar cipher make sense either. It's possible that the original word is not a common English word, a proper noun, or encoded in a different cipher.",0,11,"1. qfpqmf = ""fmqqpf""
2. qfpqmf = ""pfqfqm""
3. qfpqmf = ""mqqfpf""
4. qfpqmf = ""pqfqmf""
5. qfpqmf = ""fpmqfq""

Since unscrambling the word as an anagram didn't yield any meaningful results, I will now try decrypting it using a Caesar cipher with different shifts:

1. Shift 1: qfpqmf -> rgrqng
2. Shift 2: qfpqmf -> shsrph
3. Shift 3: qfpqmf -> tistqi
4. Shift 4: qfpqmf -> ujturj
5. Shift 5: qfpqmf -> vkuvsk

None of the decrypted words from the Caesar cipher make sense either. It's possible that the original word is not a common English word, a proper noun, or encoded in a different cipher.",1,3.0
cfgpsf,before,6,1,"1. cfgpsf -> scfgpf
2. cfgpsf -> cpsfgf
3. cfgpsf -> fgpfcs
4. cfgpsf -> cfpfgs
5. cfgpsf -> fsfcgp

It does not seem like unscrambling the ciphertext as an anagram is yielding any meaningful results. Now, I will try decrypting the ciphertext using a Caesar cipher with different shifts:

1. Shift 1: bfeore
2. Shift 2: aedqnd
3. Shift 3: zdcpmc
4. Shift 4: ycbolb
5. Shift 5: xbanka

None of the attempts at decrypting the ciphertext as a Caesar cipher seem to be resulting in a meaningful English word. Unfortunately, it appears that the decryption of the ciphertext using either an anagram or Caesar cipher method did not provide a clear solution.",0,0,"1. cfgpsf -> scfgpf
2. cfgpsf -> cpsfgf
3. cfgpsf ",0,3.0
cfgpsf,before,6,1,"1. cfgpsf -> scfgpf
2. cfgpsf -> cpsfgf
3. cfgpsf -> fgpfcs
4. cfgpsf -> cfpfgs
5. cfgpsf -> fsfcgp

It does not seem like unscrambling the ciphertext as an anagram is yielding any meaningful results. Now, I will try decrypting the ciphertext using a Caesar cipher with different shifts:

1. Shift 1: bfeore
2. Shift 2: aedqnd
3. Shift 3: zdcpmc
4. Shift 4: ycbolb
5. Shift 5: xbanka

None of the attempts at decrypting the ciphertext as a Caesar cipher seem to be resulting in a meaningful English word. Unfortunately, it appears that the decryption of the ciphertext using either an anagram or Caesar cipher method did not provide a clear solution.",0,1,"1. cfgpsf -> scfgpf
2. cfgpsf -> cpsfgf
3. cfgpsf -> fgpfcs
4. cfgpsf -> cfpfgs
5. cfgpsf -> fsfcgp
",0,3.0
cfgpsf,before,6,1,"1. cfgpsf -> scfgpf
2. cfgpsf -> cpsfgf
3. cfgpsf -> fgpfcs
4. cfgpsf -> cfpfgs
5. cfgpsf -> fsfcgp

It does not seem like unscrambling the ciphertext as an anagram is yielding any meaningful results. Now, I will try decrypting the ciphertext using a Caesar cipher with different shifts:

1. Shift 1: bfeore
2. Shift 2: aedqnd
3. Shift 3: zdcpmc
4. Shift 4: ycbolb
5. Shift 5: xbanka

None of the attempts at decrypting the ciphertext as a Caesar cipher seem to be resulting in a meaningful English word. Unfortunately, it appears that the decryption of the ciphertext using either an anagram or Caesar cipher method did not provide a clear solution.",0,2,"1. cfgpsf -> scfgpf
2. cfgpsf -> cpsfgf
3. cfgpsf -> fgpfcs
4. cfgpsf -> cfpfgs
5. cfgpsf -> fsfcgp

It does not seem like unscrambling the ciphertext",0,3.0
cfgpsf,before,6,1,"1. cfgpsf -> scfgpf
2. cfgpsf -> cpsfgf
3. cfgpsf -> fgpfcs
4. cfgpsf -> cfpfgs
5. cfgpsf -> fsfcgp

It does not seem like unscrambling the ciphertext as an anagram is yielding any meaningful results. Now, I will try decrypting the ciphertext using a Caesar cipher with different shifts:

1. Shift 1: bfeore
2. Shift 2: aedqnd
3. Shift 3: zdcpmc
4. Shift 4: ycbolb
5. Shift 5: xbanka

None of the attempts at decrypting the ciphertext as a Caesar cipher seem to be resulting in a meaningful English word. Unfortunately, it appears that the decryption of the ciphertext using either an anagram or Caesar cipher method did not provide a clear solution.",0,3,"1. cfgpsf -> scfgpf
2. cfgpsf -> cpsfgf
3. cfgpsf -> fgpfcs
4. cfgpsf -> cfpfgs
5. cfgpsf -> fsfcgp

It does not seem like unscrambling the ciphertext as an anagram is yielding any meaningful results.",1,3.0
cfgpsf,before,6,1,"1. cfgpsf -> scfgpf
2. cfgpsf -> cpsfgf
3. cfgpsf -> fgpfcs
4. cfgpsf -> cfpfgs
5. cfgpsf -> fsfcgp

It does not seem like unscrambling the ciphertext as an anagram is yielding any meaningful results. Now, I will try decrypting the ciphertext using a Caesar cipher with different shifts:

1. Shift 1: bfeore
2. Shift 2: aedqnd
3. Shift 3: zdcpmc
4. Shift 4: ycbolb
5. Shift 5: xbanka

None of the attempts at decrypting the ciphertext as a Caesar cipher seem to be resulting in a meaningful English word. Unfortunately, it appears that the decryption of the ciphertext using either an anagram or Caesar cipher method did not provide a clear solution.",0,4,"1. cfgpsf -> scfgpf
2. cfgpsf -> cpsfgf
3. cfgpsf -> fgpfcs
4. cfgpsf -> cfpfgs
5. cfgpsf -> fsfcgp

It does not seem like unscrambling the ciphertext as an anagram is yielding any meaningful results. Now, I will try decrypting the ciphertext using a",1,3.0
cfgpsf,before,6,1,"1. cfgpsf -> scfgpf
2. cfgpsf -> cpsfgf
3. cfgpsf -> fgpfcs
4. cfgpsf -> cfpfgs
5. cfgpsf -> fsfcgp

It does not seem like unscrambling the ciphertext as an anagram is yielding any meaningful results. Now, I will try decrypting the ciphertext using a Caesar cipher with different shifts:

1. Shift 1: bfeore
2. Shift 2: aedqnd
3. Shift 3: zdcpmc
4. Shift 4: ycbolb
5. Shift 5: xbanka

None of the attempts at decrypting the ciphertext as a Caesar cipher seem to be resulting in a meaningful English word. Unfortunately, it appears that the decryption of the ciphertext using either an anagram or Caesar cipher method did not provide a clear solution.",0,5,"1. cfgpsf -> scfgpf
2. cfgpsf -> cpsfgf
3. cfgpsf -> fgpfcs
4. cfgpsf -> cfpfgs
5. cfgpsf -> fsfcgp

It does not seem like unscrambling the ciphertext as an anagram is yielding any meaningful results. Now, I will try decrypting the ciphertext using a Caesar cipher with different shifts:

1. Shift 1:",1,3.0
cfgpsf,before,6,1,"1. cfgpsf -> scfgpf
2. cfgpsf -> cpsfgf
3. cfgpsf -> fgpfcs
4. cfgpsf -> cfpfgs
5. cfgpsf -> fsfcgp

It does not seem like unscrambling the ciphertext as an anagram is yielding any meaningful results. Now, I will try decrypting the ciphertext using a Caesar cipher with different shifts:

1. Shift 1: bfeore
2. Shift 2: aedqnd
3. Shift 3: zdcpmc
4. Shift 4: ycbolb
5. Shift 5: xbanka

None of the attempts at decrypting the ciphertext as a Caesar cipher seem to be resulting in a meaningful English word. Unfortunately, it appears that the decryption of the ciphertext using either an anagram or Caesar cipher method did not provide a clear solution.",0,6,"1. cfgpsf -> scfgpf
2. cfgpsf -> cpsfgf
3. cfgpsf -> fgpfcs
4. cfgpsf -> cfpfgs
5. cfgpsf -> fsfcgp

It does not seem like unscrambling the ciphertext as an anagram is yielding any meaningful results. Now, I will try decrypting the ciphertext using a Caesar cipher with different shifts:

1. Shift 1: bfeore
2. Shift 2: aedqnd
3. Shift 3: zdcpmc
4. S",1,3.0
cfgpsf,before,6,1,"1. cfgpsf -> scfgpf
2. cfgpsf -> cpsfgf
3. cfgpsf -> fgpfcs
4. cfgpsf -> cfpfgs
5. cfgpsf -> fsfcgp

It does not seem like unscrambling the ciphertext as an anagram is yielding any meaningful results. Now, I will try decrypting the ciphertext using a Caesar cipher with different shifts:

1. Shift 1: bfeore
2. Shift 2: aedqnd
3. Shift 3: zdcpmc
4. Shift 4: ycbolb
5. Shift 5: xbanka

None of the attempts at decrypting the ciphertext as a Caesar cipher seem to be resulting in a meaningful English word. Unfortunately, it appears that the decryption of the ciphertext using either an anagram or Caesar cipher method did not provide a clear solution.",0,7,"1. cfgpsf -> scfgpf
2. cfgpsf -> cpsfgf
3. cfgpsf -> fgpfcs
4. cfgpsf -> cfpfgs
5. cfgpsf -> fsfcgp

It does not seem like unscrambling the ciphertext as an anagram is yielding any meaningful results. Now, I will try decrypting the ciphertext using a Caesar cipher with different shifts:

1. Shift 1: bfeore
2. Shift 2: aedqnd
3. Shift 3: zdcpmc
4. Shift 4: ycbolb
5. Shift 5: xbanka

None of the att",1,3.0
cfgpsf,before,6,1,"1. cfgpsf -> scfgpf
2. cfgpsf -> cpsfgf
3. cfgpsf -> fgpfcs
4. cfgpsf -> cfpfgs
5. cfgpsf -> fsfcgp

It does not seem like unscrambling the ciphertext as an anagram is yielding any meaningful results. Now, I will try decrypting the ciphertext using a Caesar cipher with different shifts:

1. Shift 1: bfeore
2. Shift 2: aedqnd
3. Shift 3: zdcpmc
4. Shift 4: ycbolb
5. Shift 5: xbanka

None of the attempts at decrypting the ciphertext as a Caesar cipher seem to be resulting in a meaningful English word. Unfortunately, it appears that the decryption of the ciphertext using either an anagram or Caesar cipher method did not provide a clear solution.",0,8,"1. cfgpsf -> scfgpf
2. cfgpsf -> cpsfgf
3. cfgpsf -> fgpfcs
4. cfgpsf -> cfpfgs
5. cfgpsf -> fsfcgp

It does not seem like unscrambling the ciphertext as an anagram is yielding any meaningful results. Now, I will try decrypting the ciphertext using a Caesar cipher with different shifts:

1. Shift 1: bfeore
2. Shift 2: aedqnd
3. Shift 3: zdcpmc
4. Shift 4: ycbolb
5. Shift 5: xbanka

None of the attempts at decrypting the ciphertext as a Caesar cip",1,3.0
cfgpsf,before,6,1,"1. cfgpsf -> scfgpf
2. cfgpsf -> cpsfgf
3. cfgpsf -> fgpfcs
4. cfgpsf -> cfpfgs
5. cfgpsf -> fsfcgp

It does not seem like unscrambling the ciphertext as an anagram is yielding any meaningful results. Now, I will try decrypting the ciphertext using a Caesar cipher with different shifts:

1. Shift 1: bfeore
2. Shift 2: aedqnd
3. Shift 3: zdcpmc
4. Shift 4: ycbolb
5. Shift 5: xbanka

None of the attempts at decrypting the ciphertext as a Caesar cipher seem to be resulting in a meaningful English word. Unfortunately, it appears that the decryption of the ciphertext using either an anagram or Caesar cipher method did not provide a clear solution.",0,9,"1. cfgpsf -> scfgpf
2. cfgpsf -> cpsfgf
3. cfgpsf -> fgpfcs
4. cfgpsf -> cfpfgs
5. cfgpsf -> fsfcgp

It does not seem like unscrambling the ciphertext as an anagram is yielding any meaningful results. Now, I will try decrypting the ciphertext using a Caesar cipher with different shifts:

1. Shift 1: bfeore
2. Shift 2: aedqnd
3. Shift 3: zdcpmc
4. Shift 4: ycbolb
5. Shift 5: xbanka

None of the attempts at decrypting the ciphertext as a Caesar cipher seem to be resulting in a meaningful English w",1,3.0
cfgpsf,before,6,1,"1. cfgpsf -> scfgpf
2. cfgpsf -> cpsfgf
3. cfgpsf -> fgpfcs
4. cfgpsf -> cfpfgs
5. cfgpsf -> fsfcgp

It does not seem like unscrambling the ciphertext as an anagram is yielding any meaningful results. Now, I will try decrypting the ciphertext using a Caesar cipher with different shifts:

1. Shift 1: bfeore
2. Shift 2: aedqnd
3. Shift 3: zdcpmc
4. Shift 4: ycbolb
5. Shift 5: xbanka

None of the attempts at decrypting the ciphertext as a Caesar cipher seem to be resulting in a meaningful English word. Unfortunately, it appears that the decryption of the ciphertext using either an anagram or Caesar cipher method did not provide a clear solution.",0,10,"1. cfgpsf -> scfgpf
2. cfgpsf -> cpsfgf
3. cfgpsf -> fgpfcs
4. cfgpsf -> cfpfgs
5. cfgpsf -> fsfcgp

It does not seem like unscrambling the ciphertext as an anagram is yielding any meaningful results. Now, I will try decrypting the ciphertext using a Caesar cipher with different shifts:

1. Shift 1: bfeore
2. Shift 2: aedqnd
3. Shift 3: zdcpmc
4. Shift 4: ycbolb
5. Shift 5: xbanka

None of the attempts at decrypting the ciphertext as a Caesar cipher seem to be resulting in a meaningful English word. Unfortunately, it appears that the decryption",1,3.0
cfgpsf,before,6,1,"1. cfgpsf -> scfgpf
2. cfgpsf -> cpsfgf
3. cfgpsf -> fgpfcs
4. cfgpsf -> cfpfgs
5. cfgpsf -> fsfcgp

It does not seem like unscrambling the ciphertext as an anagram is yielding any meaningful results. Now, I will try decrypting the ciphertext using a Caesar cipher with different shifts:

1. Shift 1: bfeore
2. Shift 2: aedqnd
3. Shift 3: zdcpmc
4. Shift 4: ycbolb
5. Shift 5: xbanka

None of the attempts at decrypting the ciphertext as a Caesar cipher seem to be resulting in a meaningful English word. Unfortunately, it appears that the decryption of the ciphertext using either an anagram or Caesar cipher method did not provide a clear solution.",0,11,"1. cfgpsf -> scfgpf
2. cfgpsf -> cpsfgf
3. cfgpsf -> fgpfcs
4. cfgpsf -> cfpfgs
5. cfgpsf -> fsfcgp

It does not seem like unscrambling the ciphertext as an anagram is yielding any meaningful results. Now, I will try decrypting the ciphertext using a Caesar cipher with different shifts:

1. Shift 1: bfeore
2. Shift 2: aedqnd
3. Shift 3: zdcpmc
4. Shift 4: ycbolb
5. Shift 5: xbanka

None of the attempts at decrypting the ciphertext as a Caesar cipher seem to be resulting in a meaningful English word. Unfortunately, it appears that the decryption of the ciphertext using either an anagram or Caes",1,3.0
cfgpsf,before,6,1,"1. cfgpsf -> scfgpf
2. cfgpsf -> cpsfgf
3. cfgpsf -> fgpfcs
4. cfgpsf -> cfpfgs
5. cfgpsf -> fsfcgp

It does not seem like unscrambling the ciphertext as an anagram is yielding any meaningful results. Now, I will try decrypting the ciphertext using a Caesar cipher with different shifts:

1. Shift 1: bfeore
2. Shift 2: aedqnd
3. Shift 3: zdcpmc
4. Shift 4: ycbolb
5. Shift 5: xbanka

None of the attempts at decrypting the ciphertext as a Caesar cipher seem to be resulting in a meaningful English word. Unfortunately, it appears that the decryption of the ciphertext using either an anagram or Caesar cipher method did not provide a clear solution.",0,12,"1. cfgpsf -> scfgpf
2. cfgpsf -> cpsfgf
3. cfgpsf -> fgpfcs
4. cfgpsf -> cfpfgs
5. cfgpsf -> fsfcgp

It does not seem like unscrambling the ciphertext as an anagram is yielding any meaningful results. Now, I will try decrypting the ciphertext using a Caesar cipher with different shifts:

1. Shift 1: bfeore
2. Shift 2: aedqnd
3. Shift 3: zdcpmc
4. Shift 4: ycbolb
5. Shift 5: xbanka

None of the attempts at decrypting the ciphertext as a Caesar cipher seem to be resulting in a meaningful English word. Unfortunately, it appears that the decryption of the ciphertext using either an anagram or Caesar cipher method did not provide a clear solution.",1,3.0
dibohf,change,6,1,"1. fibodh
2. hidfob
3. bidofh
4. hodfbi
5. fbidho

Now, I'll try decrypting the ciphertext using the Caesar cipher with different shifts:

1. Shift 1: chcpih
2. Shift 2: didqji
3. Shift 3: ejerkl
4. Shift 4: fkfsml
5. Shift 5: glgtnm

It appears that the ciphertext ""dibohf"" cannot be easily deciphered either as an anagram or a Caesar cipher.",0,0,"1. fibodh
2. hidfob
3. bidofh
4. hodfbi
5. fbidho
",0,1.0
dibohf,change,6,1,"1. fibodh
2. hidfob
3. bidofh
4. hodfbi
5. fbidho

Now, I'll try decrypting the ciphertext using the Caesar cipher with different shifts:

1. Shift 1: chcpih
2. Shift 2: didqji
3. Shift 3: ejerkl
4. Shift 4: fkfsml
5. Shift 5: glgtnm

It appears that the ciphertext ""dibohf"" cannot be easily deciphered either as an anagram or a Caesar cipher.",0,1,"1. fibodh
2. hidfob
3. bidofh
4. hodfbi
5. fbidho

Now, I'll try decrypting the ciphertext using the",1,1.0
dibohf,change,6,1,"1. fibodh
2. hidfob
3. bidofh
4. hodfbi
5. fbidho

Now, I'll try decrypting the ciphertext using the Caesar cipher with different shifts:

1. Shift 1: chcpih
2. Shift 2: didqji
3. Shift 3: ejerkl
4. Shift 4: fkfsml
5. Shift 5: glgtnm

It appears that the ciphertext ""dibohf"" cannot be easily deciphered either as an anagram or a Caesar cipher.",0,2,"1. fibodh
2. hidfob
3. bidofh
4. hodfbi
5. fbidho

Now, I'll try decrypting the ciphertext using the Caesar cipher with different shifts:

1. Shift 1:",1,1.0
dibohf,change,6,1,"1. fibodh
2. hidfob
3. bidofh
4. hodfbi
5. fbidho

Now, I'll try decrypting the ciphertext using the Caesar cipher with different shifts:

1. Shift 1: chcpih
2. Shift 2: didqji
3. Shift 3: ejerkl
4. Shift 4: fkfsml
5. Shift 5: glgtnm

It appears that the ciphertext ""dibohf"" cannot be easily deciphered either as an anagram or a Caesar cipher.",0,3,"1. fibodh
2. hidfob
3. bidofh
4. hodfbi
5. fbidho

Now, I'll try decrypting the ciphertext using the Caesar cipher with different shifts:

1. Shift 1: chcpih
2. Shift 2: didqji
3. Shift 3: ejerkl
4. S",1,1.0
dibohf,change,6,1,"1. fibodh
2. hidfob
3. bidofh
4. hodfbi
5. fbidho

Now, I'll try decrypting the ciphertext using the Caesar cipher with different shifts:

1. Shift 1: chcpih
2. Shift 2: didqji
3. Shift 3: ejerkl
4. Shift 4: fkfsml
5. Shift 5: glgtnm

It appears that the ciphertext ""dibohf"" cannot be easily deciphered either as an anagram or a Caesar cipher.",0,4,"1. fibodh
2. hidfob
3. bidofh
4. hodfbi
5. fbidho

Now, I'll try decrypting the ciphertext using the Caesar cipher with different shifts:

1. Shift 1: chcpih
2. Shift 2: didqji
3. Shift 3: ejerkl
4. Shift 4: fkfsml
5. Shift 5: glgtnm

It appears that",1,1.0
dibohf,change,6,1,"1. fibodh
2. hidfob
3. bidofh
4. hodfbi
5. fbidho

Now, I'll try decrypting the ciphertext using the Caesar cipher with different shifts:

1. Shift 1: chcpih
2. Shift 2: didqji
3. Shift 3: ejerkl
4. Shift 4: fkfsml
5. Shift 5: glgtnm

It appears that the ciphertext ""dibohf"" cannot be easily deciphered either as an anagram or a Caesar cipher.",0,5,"1. fibodh
2. hidfob
3. bidofh
4. hodfbi
5. fbidho

Now, I'll try decrypting the ciphertext using the Caesar cipher with different shifts:

1. Shift 1: chcpih
2. Shift 2: didqji
3. Shift 3: ejerkl
4. Shift 4: fkfsml
5. Shift 5: glgtnm

It appears that the ciphertext ""dibohf"" cannot be easily decipher",1,1.0
dibohf,change,6,1,"1. fibodh
2. hidfob
3. bidofh
4. hodfbi
5. fbidho

Now, I'll try decrypting the ciphertext using the Caesar cipher with different shifts:

1. Shift 1: chcpih
2. Shift 2: didqji
3. Shift 3: ejerkl
4. Shift 4: fkfsml
5. Shift 5: glgtnm

It appears that the ciphertext ""dibohf"" cannot be easily deciphered either as an anagram or a Caesar cipher.",0,6,"1. fibodh
2. hidfob
3. bidofh
4. hodfbi
5. fbidho

Now, I'll try decrypting the ciphertext using the Caesar cipher with different shifts:

1. Shift 1: chcpih
2. Shift 2: didqji
3. Shift 3: ejerkl
4. Shift 4: fkfsml
5. Shift 5: glgtnm

It appears that the ciphertext ""dibohf"" cannot be easily deciphered either as an anagram or a Caesar cipher.",1,1.0
bspvoe,around,6,1,"1. Above
2. Stove
3. Obves
4. Poves
5. Probe

Since the anagram method did not result in a clear English word, let's try decrypting it using Caesar cipher with different shifts.

1. Shift 1: aorunf
2. Shift 2: znqtmf
3. Shift 3: ymplme
4. Shift 4: xolkle
5. Shift 5: wnkjld

After trying various Caesar cipher shifts, it seems that none of them resulted in a clear English word. The original word may not be easily decryptable using standard methods.",0,0,"1. Above
2. Stove
3. Obves
4. Poves
5. Probe

Sinc",0,1.0
bspvoe,around,6,1,"1. Above
2. Stove
3. Obves
4. Poves
5. Probe

Since the anagram method did not result in a clear English word, let's try decrypting it using Caesar cipher with different shifts.

1. Shift 1: aorunf
2. Shift 2: znqtmf
3. Shift 3: ymplme
4. Shift 4: xolkle
5. Shift 5: wnkjld

After trying various Caesar cipher shifts, it seems that none of them resulted in a clear English word. The original word may not be easily decryptable using standard methods.",0,1,"1. Above
2. Stove
3. Obves
4. Poves
5. Probe

Since the anagram method did not result in a clear Eng",1,1.0
bspvoe,around,6,1,"1. Above
2. Stove
3. Obves
4. Poves
5. Probe

Since the anagram method did not result in a clear English word, let's try decrypting it using Caesar cipher with different shifts.

1. Shift 1: aorunf
2. Shift 2: znqtmf
3. Shift 3: ymplme
4. Shift 4: xolkle
5. Shift 5: wnkjld

After trying various Caesar cipher shifts, it seems that none of them resulted in a clear English word. The original word may not be easily decryptable using standard methods.",0,2,"1. Above
2. Stove
3. Obves
4. Poves
5. Probe

Since the anagram method did not result in a clear English word, let's try decrypting it using Caesar ci",1,1.0
bspvoe,around,6,1,"1. Above
2. Stove
3. Obves
4. Poves
5. Probe

Since the anagram method did not result in a clear English word, let's try decrypting it using Caesar cipher with different shifts.

1. Shift 1: aorunf
2. Shift 2: znqtmf
3. Shift 3: ymplme
4. Shift 4: xolkle
5. Shift 5: wnkjld

After trying various Caesar cipher shifts, it seems that none of them resulted in a clear English word. The original word may not be easily decryptable using standard methods.",0,3,"1. Above
2. Stove
3. Obves
4. Poves
5. Probe

Since the anagram method did not result in a clear English word, let's try decrypting it using Caesar cipher with different shifts.

1. Shift 1: aorunf
2.",1,1.0
bspvoe,around,6,1,"1. Above
2. Stove
3. Obves
4. Poves
5. Probe

Since the anagram method did not result in a clear English word, let's try decrypting it using Caesar cipher with different shifts.

1. Shift 1: aorunf
2. Shift 2: znqtmf
3. Shift 3: ymplme
4. Shift 4: xolkle
5. Shift 5: wnkjld

After trying various Caesar cipher shifts, it seems that none of them resulted in a clear English word. The original word may not be easily decryptable using standard methods.",0,4,"1. Above
2. Stove
3. Obves
4. Poves
5. Probe

Since the anagram method did not result in a clear English word, let's try decrypting it using Caesar cipher with different shifts.

1. Shift 1: aorunf
2. Shift 2: znqtmf
3. Shift 3: ymplme
4. Shift 4: xo",1,1.0
bspvoe,around,6,1,"1. Above
2. Stove
3. Obves
4. Poves
5. Probe

Since the anagram method did not result in a clear English word, let's try decrypting it using Caesar cipher with different shifts.

1. Shift 1: aorunf
2. Shift 2: znqtmf
3. Shift 3: ymplme
4. Shift 4: xolkle
5. Shift 5: wnkjld

After trying various Caesar cipher shifts, it seems that none of them resulted in a clear English word. The original word may not be easily decryptable using standard methods.",0,5,"1. Above
2. Stove
3. Obves
4. Poves
5. Probe

Since the anagram method did not result in a clear English word, let's try decrypting it using Caesar cipher with different shifts.

1. Shift 1: aorunf
2. Shift 2: znqtmf
3. Shift 3: ymplme
4. Shift 4: xolkle
5. Shift 5: wnkjld

After trying various Caes",1,1.0
bspvoe,around,6,1,"1. Above
2. Stove
3. Obves
4. Poves
5. Probe

Since the anagram method did not result in a clear English word, let's try decrypting it using Caesar cipher with different shifts.

1. Shift 1: aorunf
2. Shift 2: znqtmf
3. Shift 3: ymplme
4. Shift 4: xolkle
5. Shift 5: wnkjld

After trying various Caesar cipher shifts, it seems that none of them resulted in a clear English word. The original word may not be easily decryptable using standard methods.",0,6,"1. Above
2. Stove
3. Obves
4. Poves
5. Probe

Since the anagram method did not result in a clear English word, let's try decrypting it using Caesar cipher with different shifts.

1. Shift 1: aorunf
2. Shift 2: znqtmf
3. Shift 3: ymplme
4. Shift 4: xolkle
5. Shift 5: wnkjld

After trying various Caesar cipher shifts, it seems that none of them resul",1,1.0
bspvoe,around,6,1,"1. Above
2. Stove
3. Obves
4. Poves
5. Probe

Since the anagram method did not result in a clear English word, let's try decrypting it using Caesar cipher with different shifts.

1. Shift 1: aorunf
2. Shift 2: znqtmf
3. Shift 3: ymplme
4. Shift 4: xolkle
5. Shift 5: wnkjld

After trying various Caesar cipher shifts, it seems that none of them resulted in a clear English word. The original word may not be easily decryptable using standard methods.",0,7,"1. Above
2. Stove
3. Obves
4. Poves
5. Probe

Since the anagram method did not result in a clear English word, let's try decrypting it using Caesar cipher with different shifts.

1. Shift 1: aorunf
2. Shift 2: znqtmf
3. Shift 3: ymplme
4. Shift 4: xolkle
5. Shift 5: wnkjld

After trying various Caesar cipher shifts, it seems that none of them resulted in a clear English word. The original word may",1,1.0
bspvoe,around,6,1,"1. Above
2. Stove
3. Obves
4. Poves
5. Probe

Since the anagram method did not result in a clear English word, let's try decrypting it using Caesar cipher with different shifts.

1. Shift 1: aorunf
2. Shift 2: znqtmf
3. Shift 3: ymplme
4. Shift 4: xolkle
5. Shift 5: wnkjld

After trying various Caesar cipher shifts, it seems that none of them resulted in a clear English word. The original word may not be easily decryptable using standard methods.",0,8,"1. Above
2. Stove
3. Obves
4. Poves
5. Probe

Since the anagram method did not result in a clear English word, let's try decrypting it using Caesar cipher with different shifts.

1. Shift 1: aorunf
2. Shift 2: znqtmf
3. Shift 3: ymplme
4. Shift 4: xolkle
5. Shift 5: wnkjld

After trying various Caesar cipher shifts, it seems that none of them resulted in a clear English word. The original word may not be easily decryptable using standard methods.",1,1.0
qsjdft,prices,6,1,"1. sqfjtd
2. qjdstf
3. jtsqdf
4. dqtfjs
5. fqtjsd

Since unscrambling didn't lead to any meaningful English words, I will now try decrypting the ciphertext with a Caesar cipher using at least 5 different shifts.

1. Shift 1: prices
2. Shift 2: ohbdr
3. Shift 3: ngacq
4. Shift 4: mfzbp
5. Shift 5: leyao

Among these attempts, ""prices"" seems to be the most likely decrypted word using a Caesar cipher with a shift of 1.",1,0,"1. sqfjtd
2. qjdstf
3. jtsqdf
4. dqtfjs
5. fqtjsd
",0,1.0
qsjdft,prices,6,1,"1. sqfjtd
2. qjdstf
3. jtsqdf
4. dqtfjs
5. fqtjsd

Since unscrambling didn't lead to any meaningful English words, I will now try decrypting the ciphertext with a Caesar cipher using at least 5 different shifts.

1. Shift 1: prices
2. Shift 2: ohbdr
3. Shift 3: ngacq
4. Shift 4: mfzbp
5. Shift 5: leyao

Among these attempts, ""prices"" seems to be the most likely decrypted word using a Caesar cipher with a shift of 1.",1,1,"1. sqfjtd
2. qjdstf
3. jtsqdf
4. dqtfjs
5. fqtjsd

Since unscrambling didn't lead to any meaningful ",1,1.0
qsjdft,prices,6,1,"1. sqfjtd
2. qjdstf
3. jtsqdf
4. dqtfjs
5. fqtjsd

Since unscrambling didn't lead to any meaningful English words, I will now try decrypting the ciphertext with a Caesar cipher using at least 5 different shifts.

1. Shift 1: prices
2. Shift 2: ohbdr
3. Shift 3: ngacq
4. Shift 4: mfzbp
5. Shift 5: leyao

Among these attempts, ""prices"" seems to be the most likely decrypted word using a Caesar cipher with a shift of 1.",1,2,"1. sqfjtd
2. qjdstf
3. jtsqdf
4. dqtfjs
5. fqtjsd

Since unscrambling didn't lead to any meaningful English words, I will now try decrypting the ciphe",1,1.0
qsjdft,prices,6,1,"1. sqfjtd
2. qjdstf
3. jtsqdf
4. dqtfjs
5. fqtjsd

Since unscrambling didn't lead to any meaningful English words, I will now try decrypting the ciphertext with a Caesar cipher using at least 5 different shifts.

1. Shift 1: prices
2. Shift 2: ohbdr
3. Shift 3: ngacq
4. Shift 4: mfzbp
5. Shift 5: leyao

Among these attempts, ""prices"" seems to be the most likely decrypted word using a Caesar cipher with a shift of 1.",1,3,"1. sqfjtd
2. qjdstf
3. jtsqdf
4. dqtfjs
5. fqtjsd

Since unscrambling didn't lead to any meaningful English words, I will now try decrypting the ciphertext with a Caesar cipher using at least 5 differ",1,1.0
qsjdft,prices,6,1,"1. sqfjtd
2. qjdstf
3. jtsqdf
4. dqtfjs
5. fqtjsd

Since unscrambling didn't lead to any meaningful English words, I will now try decrypting the ciphertext with a Caesar cipher using at least 5 different shifts.

1. Shift 1: prices
2. Shift 2: ohbdr
3. Shift 3: ngacq
4. Shift 4: mfzbp
5. Shift 5: leyao

Among these attempts, ""prices"" seems to be the most likely decrypted word using a Caesar cipher with a shift of 1.",1,4,"1. sqfjtd
2. qjdstf
3. jtsqdf
4. dqtfjs
5. fqtjsd

Since unscrambling didn't lead to any meaningful English words, I will now try decrypting the ciphertext with a Caesar cipher using at least 5 different shifts.

1. Shift 1: prices
2. Shift 2: ohbdr
",1,1.0
qsjdft,prices,6,1,"1. sqfjtd
2. qjdstf
3. jtsqdf
4. dqtfjs
5. fqtjsd

Since unscrambling didn't lead to any meaningful English words, I will now try decrypting the ciphertext with a Caesar cipher using at least 5 different shifts.

1. Shift 1: prices
2. Shift 2: ohbdr
3. Shift 3: ngacq
4. Shift 4: mfzbp
5. Shift 5: leyao

Among these attempts, ""prices"" seems to be the most likely decrypted word using a Caesar cipher with a shift of 1.",1,5,"1. sqfjtd
2. qjdstf
3. jtsqdf
4. dqtfjs
5. fqtjsd

Since unscrambling didn't lead to any meaningful English words, I will now try decrypting the ciphertext with a Caesar cipher using at least 5 different shifts.

1. Shift 1: prices
2. Shift 2: ohbdr
3. Shift 3: ngacq
4. Shift 4: mfzbp
5. Shift 5: le",1,1.0
qsjdft,prices,6,1,"1. sqfjtd
2. qjdstf
3. jtsqdf
4. dqtfjs
5. fqtjsd

Since unscrambling didn't lead to any meaningful English words, I will now try decrypting the ciphertext with a Caesar cipher using at least 5 different shifts.

1. Shift 1: prices
2. Shift 2: ohbdr
3. Shift 3: ngacq
4. Shift 4: mfzbp
5. Shift 5: leyao

Among these attempts, ""prices"" seems to be the most likely decrypted word using a Caesar cipher with a shift of 1.",1,6,"1. sqfjtd
2. qjdstf
3. jtsqdf
4. dqtfjs
5. fqtjsd

Since unscrambling didn't lead to any meaningful English words, I will now try decrypting the ciphertext with a Caesar cipher using at least 5 different shifts.

1. Shift 1: prices
2. Shift 2: ohbdr
3. Shift 3: ngacq
4. Shift 4: mfzbp
5. Shift 5: leyao

Among these attempts, ""prices"" seems to be th",1,1.0
qsjdft,prices,6,1,"1. sqfjtd
2. qjdstf
3. jtsqdf
4. dqtfjs
5. fqtjsd

Since unscrambling didn't lead to any meaningful English words, I will now try decrypting the ciphertext with a Caesar cipher using at least 5 different shifts.

1. Shift 1: prices
2. Shift 2: ohbdr
3. Shift 3: ngacq
4. Shift 4: mfzbp
5. Shift 5: leyao

Among these attempts, ""prices"" seems to be the most likely decrypted word using a Caesar cipher with a shift of 1.",1,7,"1. sqfjtd
2. qjdstf
3. jtsqdf
4. dqtfjs
5. fqtjsd

Since unscrambling didn't lead to any meaningful English words, I will now try decrypting the ciphertext with a Caesar cipher using at least 5 different shifts.

1. Shift 1: prices
2. Shift 2: ohbdr
3. Shift 3: ngacq
4. Shift 4: mfzbp
5. Shift 5: leyao

Among these attempts, ""prices"" seems to be the most likely decrypted word using a Caesar cipher",1,1.0
qsjdft,prices,6,1,"1. sqfjtd
2. qjdstf
3. jtsqdf
4. dqtfjs
5. fqtjsd

Since unscrambling didn't lead to any meaningful English words, I will now try decrypting the ciphertext with a Caesar cipher using at least 5 different shifts.

1. Shift 1: prices
2. Shift 2: ohbdr
3. Shift 3: ngacq
4. Shift 4: mfzbp
5. Shift 5: leyao

Among these attempts, ""prices"" seems to be the most likely decrypted word using a Caesar cipher with a shift of 1.",1,8,"1. sqfjtd
2. qjdstf
3. jtsqdf
4. dqtfjs
5. fqtjsd

Since unscrambling didn't lead to any meaningful English words, I will now try decrypting the ciphertext with a Caesar cipher using at least 5 different shifts.

1. Shift 1: prices
2. Shift 2: ohbdr
3. Shift 3: ngacq
4. Shift 4: mfzbp
5. Shift 5: leyao

Among these attempts, ""prices"" seems to be the most likely decrypted word using a Caesar cipher with a shift of 1.",1,1.0
tjohmf,single,6,1,"1. motif
2. fifth
3. mohit
4. ofthim
5. hitmo",0,0,"1. motif
2. fifth
3. mohit
4. ofthim
5. hitmo",0,
mjofbs,linear,6,1,"1. mobs
2. fobs
3. jobs
4. sob
5. mob

Now, I will continue by assuming it's a Caesar cipher and try to decrypt it using at least 5 different shifts.

1. Shift 1: LINES
2. Shift 2: KMDLR
3. Shift 3: JLCMQ
4. Shift 4: IKBLP
5. Shift 5: HJAKO",0,0,"1. mobs
2. fobs
3. jobs
4. sob
5. mob

Now, I will",1,0.0
mjofbs,linear,6,1,"1. mobs
2. fobs
3. jobs
4. sob
5. mob

Now, I will continue by assuming it's a Caesar cipher and try to decrypt it using at least 5 different shifts.

1. Shift 1: LINES
2. Shift 2: KMDLR
3. Shift 3: JLCMQ
4. Shift 4: IKBLP
5. Shift 5: HJAKO",0,1,"1. mobs
2. fobs
3. jobs
4. sob
5. mob

Now, I will continue by assuming it's a Caesar cipher and try",1,0.0
mjofbs,linear,6,1,"1. mobs
2. fobs
3. jobs
4. sob
5. mob

Now, I will continue by assuming it's a Caesar cipher and try to decrypt it using at least 5 different shifts.

1. Shift 1: LINES
2. Shift 2: KMDLR
3. Shift 3: JLCMQ
4. Shift 4: IKBLP
5. Shift 5: HJAKO",0,2,"1. mobs
2. fobs
3. jobs
4. sob
5. mob

Now, I will continue by assuming it's a Caesar cipher and try to decrypt it using at least 5 different shifts.
",1,0.0
mjofbs,linear,6,1,"1. mobs
2. fobs
3. jobs
4. sob
5. mob

Now, I will continue by assuming it's a Caesar cipher and try to decrypt it using at least 5 different shifts.

1. Shift 1: LINES
2. Shift 2: KMDLR
3. Shift 3: JLCMQ
4. Shift 4: IKBLP
5. Shift 5: HJAKO",0,3,"1. mobs
2. fobs
3. jobs
4. sob
5. mob

Now, I will continue by assuming it's a Caesar cipher and try to decrypt it using at least 5 different shifts.

1. Shift 1: LINES
2. Shift 2: KMDLR
3. Shift 3: J",1,0.0
mjofbs,linear,6,1,"1. mobs
2. fobs
3. jobs
4. sob
5. mob

Now, I will continue by assuming it's a Caesar cipher and try to decrypt it using at least 5 different shifts.

1. Shift 1: LINES
2. Shift 2: KMDLR
3. Shift 3: JLCMQ
4. Shift 4: IKBLP
5. Shift 5: HJAKO",0,4,"1. mobs
2. fobs
3. jobs
4. sob
5. mob

Now, I will continue by assuming it's a Caesar cipher and try to decrypt it using at least 5 different shifts.

1. Shift 1: LINES
2. Shift 2: KMDLR
3. Shift 3: JLCMQ
4. Shift 4: IKBLP
5. Shift 5: HJAKO",1,0.0
tibsft,shares,6,1,"1. bifst
2. fitsb
3. sitbf
4. tisbf
5. bitsf

Now, I will try to decrypt the ciphertext using a Caesar cipher with different shifts:

1. Shift 1: shares
2. Shift 2: rgzqdr
3. Shift 3: qfypcq
4. Shift 4: pexobp
5. Shift 5: odwnao

None of the attempts at decrypting the ciphertext using a Caesar cipher have resulted in a readable English word.",1,0,"1. bifst
2. fitsb
3. sitbf
4. tisbf
5. bitsf

Now,",1,0.0
tibsft,shares,6,1,"1. bifst
2. fitsb
3. sitbf
4. tisbf
5. bitsf

Now, I will try to decrypt the ciphertext using a Caesar cipher with different shifts:

1. Shift 1: shares
2. Shift 2: rgzqdr
3. Shift 3: qfypcq
4. Shift 4: pexobp
5. Shift 5: odwnao

None of the attempts at decrypting the ciphertext using a Caesar cipher have resulted in a readable English word.",1,1,"1. bifst
2. fitsb
3. sitbf
4. tisbf
5. bitsf

Now, I will try to decrypt the ciphertext using a Caes",1,0.0
tibsft,shares,6,1,"1. bifst
2. fitsb
3. sitbf
4. tisbf
5. bitsf

Now, I will try to decrypt the ciphertext using a Caesar cipher with different shifts:

1. Shift 1: shares
2. Shift 2: rgzqdr
3. Shift 3: qfypcq
4. Shift 4: pexobp
5. Shift 5: odwnao

None of the attempts at decrypting the ciphertext using a Caesar cipher have resulted in a readable English word.",1,2,"1. bifst
2. fitsb
3. sitbf
4. tisbf
5. bitsf

Now, I will try to decrypt the ciphertext using a Caesar cipher with different shifts:

1. Shift 1: shar",1,0.0
tibsft,shares,6,1,"1. bifst
2. fitsb
3. sitbf
4. tisbf
5. bitsf

Now, I will try to decrypt the ciphertext using a Caesar cipher with different shifts:

1. Shift 1: shares
2. Shift 2: rgzqdr
3. Shift 3: qfypcq
4. Shift 4: pexobp
5. Shift 5: odwnao

None of the attempts at decrypting the ciphertext using a Caesar cipher have resulted in a readable English word.",1,3,"1. bifst
2. fitsb
3. sitbf
4. tisbf
5. bitsf

Now, I will try to decrypt the ciphertext using a Caesar cipher with different shifts:

1. Shift 1: shares
2. Shift 2: rgzqdr
3. Shift 3: qfypcq
4. Shift ",1,0.0
tibsft,shares,6,1,"1. bifst
2. fitsb
3. sitbf
4. tisbf
5. bitsf

Now, I will try to decrypt the ciphertext using a Caesar cipher with different shifts:

1. Shift 1: shares
2. Shift 2: rgzqdr
3. Shift 3: qfypcq
4. Shift 4: pexobp
5. Shift 5: odwnao

None of the attempts at decrypting the ciphertext using a Caesar cipher have resulted in a readable English word.",1,4,"1. bifst
2. fitsb
3. sitbf
4. tisbf
5. bitsf

Now, I will try to decrypt the ciphertext using a Caesar cipher with different shifts:

1. Shift 1: shares
2. Shift 2: rgzqdr
3. Shift 3: qfypcq
4. Shift 4: pexobp
5. Shift 5: odwnao

None of the attempts",1,0.0
tibsft,shares,6,1,"1. bifst
2. fitsb
3. sitbf
4. tisbf
5. bitsf

Now, I will try to decrypt the ciphertext using a Caesar cipher with different shifts:

1. Shift 1: shares
2. Shift 2: rgzqdr
3. Shift 3: qfypcq
4. Shift 4: pexobp
5. Shift 5: odwnao

None of the attempts at decrypting the ciphertext using a Caesar cipher have resulted in a readable English word.",1,5,"1. bifst
2. fitsb
3. sitbf
4. tisbf
5. bitsf

Now, I will try to decrypt the ciphertext using a Caesar cipher with different shifts:

1. Shift 1: shares
2. Shift 2: rgzqdr
3. Shift 3: qfypcq
4. Shift 4: pexobp
5. Shift 5: odwnao

None of the attempts at decrypting the ciphertext using a Caesar ciphe",1,0.0
tibsft,shares,6,1,"1. bifst
2. fitsb
3. sitbf
4. tisbf
5. bitsf

Now, I will try to decrypt the ciphertext using a Caesar cipher with different shifts:

1. Shift 1: shares
2. Shift 2: rgzqdr
3. Shift 3: qfypcq
4. Shift 4: pexobp
5. Shift 5: odwnao

None of the attempts at decrypting the ciphertext using a Caesar cipher have resulted in a readable English word.",1,6,"1. bifst
2. fitsb
3. sitbf
4. tisbf
5. bitsf

Now, I will try to decrypt the ciphertext using a Caesar cipher with different shifts:

1. Shift 1: shares
2. Shift 2: rgzqdr
3. Shift 3: qfypcq
4. Shift 4: pexobp
5. Shift 5: odwnao

None of the attempts at decrypting the ciphertext using a Caesar cipher have resulted in a readable English word.",1,0.0
npnfou,moment,6,1,"1. funnpo
2. ponfun
3. nonfpu
4. foupnn
5. opunfn

Since unscrambling as an anagram didn't work, I'll now try decrypting the ciphertext using a Caesar cipher and showing the work for at least 5 different shifts.",0,0,"1. funnpo
2. ponfun
3. nonfpu
4. foupnn
5. opunfn
",0,1.0
npnfou,moment,6,1,"1. funnpo
2. ponfun
3. nonfpu
4. foupnn
5. opunfn

Since unscrambling as an anagram didn't work, I'll now try decrypting the ciphertext using a Caesar cipher and showing the work for at least 5 different shifts.",0,1,"1. funnpo
2. ponfun
3. nonfpu
4. foupnn
5. opunfn

Since unscrambling as an anagram didn't work, I'l",1,1.0
npnfou,moment,6,1,"1. funnpo
2. ponfun
3. nonfpu
4. foupnn
5. opunfn

Since unscrambling as an anagram didn't work, I'll now try decrypting the ciphertext using a Caesar cipher and showing the work for at least 5 different shifts.",0,2,"1. funnpo
2. ponfun
3. nonfpu
4. foupnn
5. opunfn

Since unscrambling as an anagram didn't work, I'll now try decrypting the ciphertext using a Caesar",1,1.0
npnfou,moment,6,1,"1. funnpo
2. ponfun
3. nonfpu
4. foupnn
5. opunfn

Since unscrambling as an anagram didn't work, I'll now try decrypting the ciphertext using a Caesar cipher and showing the work for at least 5 different shifts.",0,3,"1. funnpo
2. ponfun
3. nonfpu
4. foupnn
5. opunfn

Since unscrambling as an anagram didn't work, I'll now try decrypting the ciphertext using a Caesar cipher and showing the work for at least 5 differ",1,1.0
npnfou,moment,6,1,"1. funnpo
2. ponfun
3. nonfpu
4. foupnn
5. opunfn

Since unscrambling as an anagram didn't work, I'll now try decrypting the ciphertext using a Caesar cipher and showing the work for at least 5 different shifts.",0,4,"1. funnpo
2. ponfun
3. nonfpu
4. foupnn
5. opunfn

Since unscrambling as an anagram didn't work, I'll now try decrypting the ciphertext using a Caesar cipher and showing the work for at least 5 different shifts.",1,1.0
kuncpf,island,6,2,"1. punkfc
2. fucknp
3. knupcf
4. cpknuf
5. puckfn

Now, I'll try decrypting the ciphertext using a Caesar cipher with different shifts:
1. Shift 1: jtmboe
2. Shift 2: island
3. Shift 3: hrmzmc
4. Shift 4: gqlylb
5. Shift 5: fpkxka

None of the attempts at unscrambling or decrypting the ciphertext resulted in a recognizable English word.",1,0,"1. punkfc
2. fucknp
3. knupcf
4. cpknuf
5. puckfn
",0,1.0
kuncpf,island,6,2,"1. punkfc
2. fucknp
3. knupcf
4. cpknuf
5. puckfn

Now, I'll try decrypting the ciphertext using a Caesar cipher with different shifts:
1. Shift 1: jtmboe
2. Shift 2: island
3. Shift 3: hrmzmc
4. Shift 4: gqlylb
5. Shift 5: fpkxka

None of the attempts at unscrambling or decrypting the ciphertext resulted in a recognizable English word.",1,1,"1. punkfc
2. fucknp
3. knupcf
4. cpknuf
5. puckfn

Now, I'll try decrypting the ciphertext using a C",1,1.0
kuncpf,island,6,2,"1. punkfc
2. fucknp
3. knupcf
4. cpknuf
5. puckfn

Now, I'll try decrypting the ciphertext using a Caesar cipher with different shifts:
1. Shift 1: jtmboe
2. Shift 2: island
3. Shift 3: hrmzmc
4. Shift 4: gqlylb
5. Shift 5: fpkxka

None of the attempts at unscrambling or decrypting the ciphertext resulted in a recognizable English word.",1,2,"1. punkfc
2. fucknp
3. knupcf
4. cpknuf
5. puckfn

Now, I'll try decrypting the ciphertext using a Caesar cipher with different shifts:
1. Shift 1: jt",1,1.0
kuncpf,island,6,2,"1. punkfc
2. fucknp
3. knupcf
4. cpknuf
5. puckfn

Now, I'll try decrypting the ciphertext using a Caesar cipher with different shifts:
1. Shift 1: jtmboe
2. Shift 2: island
3. Shift 3: hrmzmc
4. Shift 4: gqlylb
5. Shift 5: fpkxka

None of the attempts at unscrambling or decrypting the ciphertext resulted in a recognizable English word.",1,3,"1. punkfc
2. fucknp
3. knupcf
4. cpknuf
5. puckfn

Now, I'll try decrypting the ciphertext using a Caesar cipher with different shifts:
1. Shift 1: jtmboe
2. Shift 2: island
3. Shift 3: hrmzmc
4. Shif",1,1.0
kuncpf,island,6,2,"1. punkfc
2. fucknp
3. knupcf
4. cpknuf
5. puckfn

Now, I'll try decrypting the ciphertext using a Caesar cipher with different shifts:
1. Shift 1: jtmboe
2. Shift 2: island
3. Shift 3: hrmzmc
4. Shift 4: gqlylb
5. Shift 5: fpkxka

None of the attempts at unscrambling or decrypting the ciphertext resulted in a recognizable English word.",1,4,"1. punkfc
2. fucknp
3. knupcf
4. cpknuf
5. puckfn

Now, I'll try decrypting the ciphertext using a Caesar cipher with different shifts:
1. Shift 1: jtmboe
2. Shift 2: island
3. Shift 3: hrmzmc
4. Shift 4: gqlylb
5. Shift 5: fpkxka

None of the attemp",1,1.0
kuncpf,island,6,2,"1. punkfc
2. fucknp
3. knupcf
4. cpknuf
5. puckfn

Now, I'll try decrypting the ciphertext using a Caesar cipher with different shifts:
1. Shift 1: jtmboe
2. Shift 2: island
3. Shift 3: hrmzmc
4. Shift 4: gqlylb
5. Shift 5: fpkxka

None of the attempts at unscrambling or decrypting the ciphertext resulted in a recognizable English word.",1,5,"1. punkfc
2. fucknp
3. knupcf
4. cpknuf
5. puckfn

Now, I'll try decrypting the ciphertext using a Caesar cipher with different shifts:
1. Shift 1: jtmboe
2. Shift 2: island
3. Shift 3: hrmzmc
4. Shift 4: gqlylb
5. Shift 5: fpkxka

None of the attempts at unscrambling or decrypting the ciphertext re",1,1.0
kuncpf,island,6,2,"1. punkfc
2. fucknp
3. knupcf
4. cpknuf
5. puckfn

Now, I'll try decrypting the ciphertext using a Caesar cipher with different shifts:
1. Shift 1: jtmboe
2. Shift 2: island
3. Shift 3: hrmzmc
4. Shift 4: gqlylb
5. Shift 5: fpkxka

None of the attempts at unscrambling or decrypting the ciphertext resulted in a recognizable English word.",1,6,"1. punkfc
2. fucknp
3. knupcf
4. cpknuf
5. puckfn

Now, I'll try decrypting the ciphertext using a Caesar cipher with different shifts:
1. Shift 1: jtmboe
2. Shift 2: island
3. Shift 3: hrmzmc
4. Shift 4: gqlylb
5. Shift 5: fpkxka

None of the attempts at unscrambling or decrypting the ciphertext resulted in a recognizable English word.",1,1.0
yctpgf,warned,6,2,"1. ""fygctp""
2. ""cpygtf""
3. ""ptygcf""
4. ""gcpytf""
5. ""tpgycf"" 

Now, I'll try decrypting the ciphertext using a Caesar cipher with a shift of 1:
1. ""xbsoe""
2. ""xbsd""
3. ""xbsnc""
4. ""xporde""
5. ""xbpds"" 

Next, I'll try decrypting the ciphertext using a Caesar cipher with a shift of 2:
1. ""wborn""
2. ""wboe""
3. ""wbmnb""
4. ""wonqcd""
5. ""wboer"" 

I'll continue by trying a shift of 3:
1. ""vanqm""
2. ""vand""
3. ""valma""
4. ""vnmpbc""
5. ""vandq"" 

Next, I'll try a shift of 4:
1. ""umzpl""
2. ""umcz""
3. ""uklaz""
4. ""umloab""
5. ""umczp"" 

Finally, I'll try a shift of 5:
1. ""tlyok""
2. ""tlby""
3. ""tjkzy""
4. ""tjklna""
5. ""tlbyo"" 

After trying multiple decryption methods, ""yctpgf"" does not seem to form a valid English word.",0,0,"1. ""fygctp""
2. ""cpygtf""
3. ""ptygcf""
4. ""gcpytf""
5.",0,1.0
yctpgf,warned,6,2,"1. ""fygctp""
2. ""cpygtf""
3. ""ptygcf""
4. ""gcpytf""
5. ""tpgycf"" 

Now, I'll try decrypting the ciphertext using a Caesar cipher with a shift of 1:
1. ""xbsoe""
2. ""xbsd""
3. ""xbsnc""
4. ""xporde""
5. ""xbpds"" 

Next, I'll try decrypting the ciphertext using a Caesar cipher with a shift of 2:
1. ""wborn""
2. ""wboe""
3. ""wbmnb""
4. ""wonqcd""
5. ""wboer"" 

I'll continue by trying a shift of 3:
1. ""vanqm""
2. ""vand""
3. ""valma""
4. ""vnmpbc""
5. ""vandq"" 

Next, I'll try a shift of 4:
1. ""umzpl""
2. ""umcz""
3. ""uklaz""
4. ""umloab""
5. ""umczp"" 

Finally, I'll try a shift of 5:
1. ""tlyok""
2. ""tlby""
3. ""tjkzy""
4. ""tjklna""
5. ""tlbyo"" 

After trying multiple decryption methods, ""yctpgf"" does not seem to form a valid English word.",0,1,"1. ""fygctp""
2. ""cpygtf""
3. ""ptygcf""
4. ""gcpytf""
5. ""tpgycf"" 

Now, I'll try decrypting the ciphertex",1,1.0
yctpgf,warned,6,2,"1. ""fygctp""
2. ""cpygtf""
3. ""ptygcf""
4. ""gcpytf""
5. ""tpgycf"" 

Now, I'll try decrypting the ciphertext using a Caesar cipher with a shift of 1:
1. ""xbsoe""
2. ""xbsd""
3. ""xbsnc""
4. ""xporde""
5. ""xbpds"" 

Next, I'll try decrypting the ciphertext using a Caesar cipher with a shift of 2:
1. ""wborn""
2. ""wboe""
3. ""wbmnb""
4. ""wonqcd""
5. ""wboer"" 

I'll continue by trying a shift of 3:
1. ""vanqm""
2. ""vand""
3. ""valma""
4. ""vnmpbc""
5. ""vandq"" 

Next, I'll try a shift of 4:
1. ""umzpl""
2. ""umcz""
3. ""uklaz""
4. ""umloab""
5. ""umczp"" 

Finally, I'll try a shift of 5:
1. ""tlyok""
2. ""tlby""
3. ""tjkzy""
4. ""tjklna""
5. ""tlbyo"" 

After trying multiple decryption methods, ""yctpgf"" does not seem to form a valid English word.",0,2,"1. ""fygctp""
2. ""cpygtf""
3. ""ptygcf""
4. ""gcpytf""
5. ""tpgycf"" 

Now, I'll try decrypting the ciphertext using a Caesar cipher with a shift of 1:
1. ""xbs",1,1.0
yctpgf,warned,6,2,"1. ""fygctp""
2. ""cpygtf""
3. ""ptygcf""
4. ""gcpytf""
5. ""tpgycf"" 

Now, I'll try decrypting the ciphertext using a Caesar cipher with a shift of 1:
1. ""xbsoe""
2. ""xbsd""
3. ""xbsnc""
4. ""xporde""
5. ""xbpds"" 

Next, I'll try decrypting the ciphertext using a Caesar cipher with a shift of 2:
1. ""wborn""
2. ""wboe""
3. ""wbmnb""
4. ""wonqcd""
5. ""wboer"" 

I'll continue by trying a shift of 3:
1. ""vanqm""
2. ""vand""
3. ""valma""
4. ""vnmpbc""
5. ""vandq"" 

Next, I'll try a shift of 4:
1. ""umzpl""
2. ""umcz""
3. ""uklaz""
4. ""umloab""
5. ""umczp"" 

Finally, I'll try a shift of 5:
1. ""tlyok""
2. ""tlby""
3. ""tjkzy""
4. ""tjklna""
5. ""tlbyo"" 

After trying multiple decryption methods, ""yctpgf"" does not seem to form a valid English word.",0,3,"1. ""fygctp""
2. ""cpygtf""
3. ""ptygcf""
4. ""gcpytf""
5. ""tpgycf"" 

Now, I'll try decrypting the ciphertext using a Caesar cipher with a shift of 1:
1. ""xbsoe""
2. ""xbsd""
3. ""xbsnc""
4. ""xporde""
5. ""xbpds"" 

",1,1.0
yctpgf,warned,6,2,"1. ""fygctp""
2. ""cpygtf""
3. ""ptygcf""
4. ""gcpytf""
5. ""tpgycf"" 

Now, I'll try decrypting the ciphertext using a Caesar cipher with a shift of 1:
1. ""xbsoe""
2. ""xbsd""
3. ""xbsnc""
4. ""xporde""
5. ""xbpds"" 

Next, I'll try decrypting the ciphertext using a Caesar cipher with a shift of 2:
1. ""wborn""
2. ""wboe""
3. ""wbmnb""
4. ""wonqcd""
5. ""wboer"" 

I'll continue by trying a shift of 3:
1. ""vanqm""
2. ""vand""
3. ""valma""
4. ""vnmpbc""
5. ""vandq"" 

Next, I'll try a shift of 4:
1. ""umzpl""
2. ""umcz""
3. ""uklaz""
4. ""umloab""
5. ""umczp"" 

Finally, I'll try a shift of 5:
1. ""tlyok""
2. ""tlby""
3. ""tjkzy""
4. ""tjklna""
5. ""tlbyo"" 

After trying multiple decryption methods, ""yctpgf"" does not seem to form a valid English word.",0,4,"1. ""fygctp""
2. ""cpygtf""
3. ""ptygcf""
4. ""gcpytf""
5. ""tpgycf"" 

Now, I'll try decrypting the ciphertext using a Caesar cipher with a shift of 1:
1. ""xbsoe""
2. ""xbsd""
3. ""xbsnc""
4. ""xporde""
5. ""xbpds"" 

Next, I'll try decrypting the ciphertext using a C",1,1.0
yctpgf,warned,6,2,"1. ""fygctp""
2. ""cpygtf""
3. ""ptygcf""
4. ""gcpytf""
5. ""tpgycf"" 

Now, I'll try decrypting the ciphertext using a Caesar cipher with a shift of 1:
1. ""xbsoe""
2. ""xbsd""
3. ""xbsnc""
4. ""xporde""
5. ""xbpds"" 

Next, I'll try decrypting the ciphertext using a Caesar cipher with a shift of 2:
1. ""wborn""
2. ""wboe""
3. ""wbmnb""
4. ""wonqcd""
5. ""wboer"" 

I'll continue by trying a shift of 3:
1. ""vanqm""
2. ""vand""
3. ""valma""
4. ""vnmpbc""
5. ""vandq"" 

Next, I'll try a shift of 4:
1. ""umzpl""
2. ""umcz""
3. ""uklaz""
4. ""umloab""
5. ""umczp"" 

Finally, I'll try a shift of 5:
1. ""tlyok""
2. ""tlby""
3. ""tjkzy""
4. ""tjklna""
5. ""tlbyo"" 

After trying multiple decryption methods, ""yctpgf"" does not seem to form a valid English word.",0,5,"1. ""fygctp""
2. ""cpygtf""
3. ""ptygcf""
4. ""gcpytf""
5. ""tpgycf"" 

Now, I'll try decrypting the ciphertext using a Caesar cipher with a shift of 1:
1. ""xbsoe""
2. ""xbsd""
3. ""xbsnc""
4. ""xporde""
5. ""xbpds"" 

Next, I'll try decrypting the ciphertext using a Caesar cipher with a shift of 2:
1. ""wborn""
2. ""wbo",1,1.0
yctpgf,warned,6,2,"1. ""fygctp""
2. ""cpygtf""
3. ""ptygcf""
4. ""gcpytf""
5. ""tpgycf"" 

Now, I'll try decrypting the ciphertext using a Caesar cipher with a shift of 1:
1. ""xbsoe""
2. ""xbsd""
3. ""xbsnc""
4. ""xporde""
5. ""xbpds"" 

Next, I'll try decrypting the ciphertext using a Caesar cipher with a shift of 2:
1. ""wborn""
2. ""wboe""
3. ""wbmnb""
4. ""wonqcd""
5. ""wboer"" 

I'll continue by trying a shift of 3:
1. ""vanqm""
2. ""vand""
3. ""valma""
4. ""vnmpbc""
5. ""vandq"" 

Next, I'll try a shift of 4:
1. ""umzpl""
2. ""umcz""
3. ""uklaz""
4. ""umloab""
5. ""umczp"" 

Finally, I'll try a shift of 5:
1. ""tlyok""
2. ""tlby""
3. ""tjkzy""
4. ""tjklna""
5. ""tlbyo"" 

After trying multiple decryption methods, ""yctpgf"" does not seem to form a valid English word.",0,6,"1. ""fygctp""
2. ""cpygtf""
3. ""ptygcf""
4. ""gcpytf""
5. ""tpgycf"" 

Now, I'll try decrypting the ciphertext using a Caesar cipher with a shift of 1:
1. ""xbsoe""
2. ""xbsd""
3. ""xbsnc""
4. ""xporde""
5. ""xbpds"" 

Next, I'll try decrypting the ciphertext using a Caesar cipher with a shift of 2:
1. ""wborn""
2. ""wboe""
3. ""wbmnb""
4. ""wonqcd""
5. ""wboer"" 

I'll contin",1,1.0
yctpgf,warned,6,2,"1. ""fygctp""
2. ""cpygtf""
3. ""ptygcf""
4. ""gcpytf""
5. ""tpgycf"" 

Now, I'll try decrypting the ciphertext using a Caesar cipher with a shift of 1:
1. ""xbsoe""
2. ""xbsd""
3. ""xbsnc""
4. ""xporde""
5. ""xbpds"" 

Next, I'll try decrypting the ciphertext using a Caesar cipher with a shift of 2:
1. ""wborn""
2. ""wboe""
3. ""wbmnb""
4. ""wonqcd""
5. ""wboer"" 

I'll continue by trying a shift of 3:
1. ""vanqm""
2. ""vand""
3. ""valma""
4. ""vnmpbc""
5. ""vandq"" 

Next, I'll try a shift of 4:
1. ""umzpl""
2. ""umcz""
3. ""uklaz""
4. ""umloab""
5. ""umczp"" 

Finally, I'll try a shift of 5:
1. ""tlyok""
2. ""tlby""
3. ""tjkzy""
4. ""tjklna""
5. ""tlbyo"" 

After trying multiple decryption methods, ""yctpgf"" does not seem to form a valid English word.",0,7,"1. ""fygctp""
2. ""cpygtf""
3. ""ptygcf""
4. ""gcpytf""
5. ""tpgycf"" 

Now, I'll try decrypting the ciphertext using a Caesar cipher with a shift of 1:
1. ""xbsoe""
2. ""xbsd""
3. ""xbsnc""
4. ""xporde""
5. ""xbpds"" 

Next, I'll try decrypting the ciphertext using a Caesar cipher with a shift of 2:
1. ""wborn""
2. ""wboe""
3. ""wbmnb""
4. ""wonqcd""
5. ""wboer"" 

I'll continue by trying a shift of 3:
1. ""vanqm""
2. ""vand""
3.",1,1.0
yctpgf,warned,6,2,"1. ""fygctp""
2. ""cpygtf""
3. ""ptygcf""
4. ""gcpytf""
5. ""tpgycf"" 

Now, I'll try decrypting the ciphertext using a Caesar cipher with a shift of 1:
1. ""xbsoe""
2. ""xbsd""
3. ""xbsnc""
4. ""xporde""
5. ""xbpds"" 

Next, I'll try decrypting the ciphertext using a Caesar cipher with a shift of 2:
1. ""wborn""
2. ""wboe""
3. ""wbmnb""
4. ""wonqcd""
5. ""wboer"" 

I'll continue by trying a shift of 3:
1. ""vanqm""
2. ""vand""
3. ""valma""
4. ""vnmpbc""
5. ""vandq"" 

Next, I'll try a shift of 4:
1. ""umzpl""
2. ""umcz""
3. ""uklaz""
4. ""umloab""
5. ""umczp"" 

Finally, I'll try a shift of 5:
1. ""tlyok""
2. ""tlby""
3. ""tjkzy""
4. ""tjklna""
5. ""tlbyo"" 

After trying multiple decryption methods, ""yctpgf"" does not seem to form a valid English word.",0,8,"1. ""fygctp""
2. ""cpygtf""
3. ""ptygcf""
4. ""gcpytf""
5. ""tpgycf"" 

Now, I'll try decrypting the ciphertext using a Caesar cipher with a shift of 1:
1. ""xbsoe""
2. ""xbsd""
3. ""xbsnc""
4. ""xporde""
5. ""xbpds"" 

Next, I'll try decrypting the ciphertext using a Caesar cipher with a shift of 2:
1. ""wborn""
2. ""wboe""
3. ""wbmnb""
4. ""wonqcd""
5. ""wboer"" 

I'll continue by trying a shift of 3:
1. ""vanqm""
2. ""vand""
3. ""valma""
4. ""vnmpbc""
5. ""vandq"" 

Next, I'll try a",1,1.0
yctpgf,warned,6,2,"1. ""fygctp""
2. ""cpygtf""
3. ""ptygcf""
4. ""gcpytf""
5. ""tpgycf"" 

Now, I'll try decrypting the ciphertext using a Caesar cipher with a shift of 1:
1. ""xbsoe""
2. ""xbsd""
3. ""xbsnc""
4. ""xporde""
5. ""xbpds"" 

Next, I'll try decrypting the ciphertext using a Caesar cipher with a shift of 2:
1. ""wborn""
2. ""wboe""
3. ""wbmnb""
4. ""wonqcd""
5. ""wboer"" 

I'll continue by trying a shift of 3:
1. ""vanqm""
2. ""vand""
3. ""valma""
4. ""vnmpbc""
5. ""vandq"" 

Next, I'll try a shift of 4:
1. ""umzpl""
2. ""umcz""
3. ""uklaz""
4. ""umloab""
5. ""umczp"" 

Finally, I'll try a shift of 5:
1. ""tlyok""
2. ""tlby""
3. ""tjkzy""
4. ""tjklna""
5. ""tlbyo"" 

After trying multiple decryption methods, ""yctpgf"" does not seem to form a valid English word.",0,9,"1. ""fygctp""
2. ""cpygtf""
3. ""ptygcf""
4. ""gcpytf""
5. ""tpgycf"" 

Now, I'll try decrypting the ciphertext using a Caesar cipher with a shift of 1:
1. ""xbsoe""
2. ""xbsd""
3. ""xbsnc""
4. ""xporde""
5. ""xbpds"" 

Next, I'll try decrypting the ciphertext using a Caesar cipher with a shift of 2:
1. ""wborn""
2. ""wboe""
3. ""wbmnb""
4. ""wonqcd""
5. ""wboer"" 

I'll continue by trying a shift of 3:
1. ""vanqm""
2. ""vand""
3. ""valma""
4. ""vnmpbc""
5. ""vandq"" 

Next, I'll try a shift of 4:
1. ""umzpl""
2. ""umcz""
3. ""uklaz""
4. ""u",1,1.0
yctpgf,warned,6,2,"1. ""fygctp""
2. ""cpygtf""
3. ""ptygcf""
4. ""gcpytf""
5. ""tpgycf"" 

Now, I'll try decrypting the ciphertext using a Caesar cipher with a shift of 1:
1. ""xbsoe""
2. ""xbsd""
3. ""xbsnc""
4. ""xporde""
5. ""xbpds"" 

Next, I'll try decrypting the ciphertext using a Caesar cipher with a shift of 2:
1. ""wborn""
2. ""wboe""
3. ""wbmnb""
4. ""wonqcd""
5. ""wboer"" 

I'll continue by trying a shift of 3:
1. ""vanqm""
2. ""vand""
3. ""valma""
4. ""vnmpbc""
5. ""vandq"" 

Next, I'll try a shift of 4:
1. ""umzpl""
2. ""umcz""
3. ""uklaz""
4. ""umloab""
5. ""umczp"" 

Finally, I'll try a shift of 5:
1. ""tlyok""
2. ""tlby""
3. ""tjkzy""
4. ""tjklna""
5. ""tlbyo"" 

After trying multiple decryption methods, ""yctpgf"" does not seem to form a valid English word.",0,10,"1. ""fygctp""
2. ""cpygtf""
3. ""ptygcf""
4. ""gcpytf""
5. ""tpgycf"" 

Now, I'll try decrypting the ciphertext using a Caesar cipher with a shift of 1:
1. ""xbsoe""
2. ""xbsd""
3. ""xbsnc""
4. ""xporde""
5. ""xbpds"" 

Next, I'll try decrypting the ciphertext using a Caesar cipher with a shift of 2:
1. ""wborn""
2. ""wboe""
3. ""wbmnb""
4. ""wonqcd""
5. ""wboer"" 

I'll continue by trying a shift of 3:
1. ""vanqm""
2. ""vand""
3. ""valma""
4. ""vnmpbc""
5. ""vandq"" 

Next, I'll try a shift of 4:
1. ""umzpl""
2. ""umcz""
3. ""uklaz""
4. ""umloab""
5. ""umczp"" 

Finally, I'll try a shift of 5",1,1.0
yctpgf,warned,6,2,"1. ""fygctp""
2. ""cpygtf""
3. ""ptygcf""
4. ""gcpytf""
5. ""tpgycf"" 

Now, I'll try decrypting the ciphertext using a Caesar cipher with a shift of 1:
1. ""xbsoe""
2. ""xbsd""
3. ""xbsnc""
4. ""xporde""
5. ""xbpds"" 

Next, I'll try decrypting the ciphertext using a Caesar cipher with a shift of 2:
1. ""wborn""
2. ""wboe""
3. ""wbmnb""
4. ""wonqcd""
5. ""wboer"" 

I'll continue by trying a shift of 3:
1. ""vanqm""
2. ""vand""
3. ""valma""
4. ""vnmpbc""
5. ""vandq"" 

Next, I'll try a shift of 4:
1. ""umzpl""
2. ""umcz""
3. ""uklaz""
4. ""umloab""
5. ""umczp"" 

Finally, I'll try a shift of 5:
1. ""tlyok""
2. ""tlby""
3. ""tjkzy""
4. ""tjklna""
5. ""tlbyo"" 

After trying multiple decryption methods, ""yctpgf"" does not seem to form a valid English word.",0,11,"1. ""fygctp""
2. ""cpygtf""
3. ""ptygcf""
4. ""gcpytf""
5. ""tpgycf"" 

Now, I'll try decrypting the ciphertext using a Caesar cipher with a shift of 1:
1. ""xbsoe""
2. ""xbsd""
3. ""xbsnc""
4. ""xporde""
5. ""xbpds"" 

Next, I'll try decrypting the ciphertext using a Caesar cipher with a shift of 2:
1. ""wborn""
2. ""wboe""
3. ""wbmnb""
4. ""wonqcd""
5. ""wboer"" 

I'll continue by trying a shift of 3:
1. ""vanqm""
2. ""vand""
3. ""valma""
4. ""vnmpbc""
5. ""vandq"" 

Next, I'll try a shift of 4:
1. ""umzpl""
2. ""umcz""
3. ""uklaz""
4. ""umloab""
5. ""umczp"" 

Finally, I'll try a shift of 5:
1. ""tlyok""
2. ""tlby""
3. ""tjkzy""
4. ""tjklna""
5. """,1,1.0
yctpgf,warned,6,2,"1. ""fygctp""
2. ""cpygtf""
3. ""ptygcf""
4. ""gcpytf""
5. ""tpgycf"" 

Now, I'll try decrypting the ciphertext using a Caesar cipher with a shift of 1:
1. ""xbsoe""
2. ""xbsd""
3. ""xbsnc""
4. ""xporde""
5. ""xbpds"" 

Next, I'll try decrypting the ciphertext using a Caesar cipher with a shift of 2:
1. ""wborn""
2. ""wboe""
3. ""wbmnb""
4. ""wonqcd""
5. ""wboer"" 

I'll continue by trying a shift of 3:
1. ""vanqm""
2. ""vand""
3. ""valma""
4. ""vnmpbc""
5. ""vandq"" 

Next, I'll try a shift of 4:
1. ""umzpl""
2. ""umcz""
3. ""uklaz""
4. ""umloab""
5. ""umczp"" 

Finally, I'll try a shift of 5:
1. ""tlyok""
2. ""tlby""
3. ""tjkzy""
4. ""tjklna""
5. ""tlbyo"" 

After trying multiple decryption methods, ""yctpgf"" does not seem to form a valid English word.",0,12,"1. ""fygctp""
2. ""cpygtf""
3. ""ptygcf""
4. ""gcpytf""
5. ""tpgycf"" 

Now, I'll try decrypting the ciphertext using a Caesar cipher with a shift of 1:
1. ""xbsoe""
2. ""xbsd""
3. ""xbsnc""
4. ""xporde""
5. ""xbpds"" 

Next, I'll try decrypting the ciphertext using a Caesar cipher with a shift of 2:
1. ""wborn""
2. ""wboe""
3. ""wbmnb""
4. ""wonqcd""
5. ""wboer"" 

I'll continue by trying a shift of 3:
1. ""vanqm""
2. ""vand""
3. ""valma""
4. ""vnmpbc""
5. ""vandq"" 

Next, I'll try a shift of 4:
1. ""umzpl""
2. ""umcz""
3. ""uklaz""
4. ""umloab""
5. ""umczp"" 

Finally, I'll try a shift of 5:
1. ""tlyok""
2. ""tlby""
3. ""tjkzy""
4. ""tjklna""
5. ""tlbyo"" 

After trying multiple decryption methods,",1,1.0
yctpgf,warned,6,2,"1. ""fygctp""
2. ""cpygtf""
3. ""ptygcf""
4. ""gcpytf""
5. ""tpgycf"" 

Now, I'll try decrypting the ciphertext using a Caesar cipher with a shift of 1:
1. ""xbsoe""
2. ""xbsd""
3. ""xbsnc""
4. ""xporde""
5. ""xbpds"" 

Next, I'll try decrypting the ciphertext using a Caesar cipher with a shift of 2:
1. ""wborn""
2. ""wboe""
3. ""wbmnb""
4. ""wonqcd""
5. ""wboer"" 

I'll continue by trying a shift of 3:
1. ""vanqm""
2. ""vand""
3. ""valma""
4. ""vnmpbc""
5. ""vandq"" 

Next, I'll try a shift of 4:
1. ""umzpl""
2. ""umcz""
3. ""uklaz""
4. ""umloab""
5. ""umczp"" 

Finally, I'll try a shift of 5:
1. ""tlyok""
2. ""tlby""
3. ""tjkzy""
4. ""tjklna""
5. ""tlbyo"" 

After trying multiple decryption methods, ""yctpgf"" does not seem to form a valid English word.",0,13,"1. ""fygctp""
2. ""cpygtf""
3. ""ptygcf""
4. ""gcpytf""
5. ""tpgycf"" 

Now, I'll try decrypting the ciphertext using a Caesar cipher with a shift of 1:
1. ""xbsoe""
2. ""xbsd""
3. ""xbsnc""
4. ""xporde""
5. ""xbpds"" 

Next, I'll try decrypting the ciphertext using a Caesar cipher with a shift of 2:
1. ""wborn""
2. ""wboe""
3. ""wbmnb""
4. ""wonqcd""
5. ""wboer"" 

I'll continue by trying a shift of 3:
1. ""vanqm""
2. ""vand""
3. ""valma""
4. ""vnmpbc""
5. ""vandq"" 

Next, I'll try a shift of 4:
1. ""umzpl""
2. ""umcz""
3. ""uklaz""
4. ""umloab""
5. ""umczp"" 

Finally, I'll try a shift of 5:
1. ""tlyok""
2. ""tlby""
3. ""tjkzy""
4. ""tjklna""
5. ""tlbyo"" 

After trying multiple decryption methods, ""yctpgf"" does not seem to form a valid English wo",1,1.0
yctpgf,warned,6,2,"1. ""fygctp""
2. ""cpygtf""
3. ""ptygcf""
4. ""gcpytf""
5. ""tpgycf"" 

Now, I'll try decrypting the ciphertext using a Caesar cipher with a shift of 1:
1. ""xbsoe""
2. ""xbsd""
3. ""xbsnc""
4. ""xporde""
5. ""xbpds"" 

Next, I'll try decrypting the ciphertext using a Caesar cipher with a shift of 2:
1. ""wborn""
2. ""wboe""
3. ""wbmnb""
4. ""wonqcd""
5. ""wboer"" 

I'll continue by trying a shift of 3:
1. ""vanqm""
2. ""vand""
3. ""valma""
4. ""vnmpbc""
5. ""vandq"" 

Next, I'll try a shift of 4:
1. ""umzpl""
2. ""umcz""
3. ""uklaz""
4. ""umloab""
5. ""umczp"" 

Finally, I'll try a shift of 5:
1. ""tlyok""
2. ""tlby""
3. ""tjkzy""
4. ""tjklna""
5. ""tlbyo"" 

After trying multiple decryption methods, ""yctpgf"" does not seem to form a valid English word.",0,14,"1. ""fygctp""
2. ""cpygtf""
3. ""ptygcf""
4. ""gcpytf""
5. ""tpgycf"" 

Now, I'll try decrypting the ciphertext using a Caesar cipher with a shift of 1:
1. ""xbsoe""
2. ""xbsd""
3. ""xbsnc""
4. ""xporde""
5. ""xbpds"" 

Next, I'll try decrypting the ciphertext using a Caesar cipher with a shift of 2:
1. ""wborn""
2. ""wboe""
3. ""wbmnb""
4. ""wonqcd""
5. ""wboer"" 

I'll continue by trying a shift of 3:
1. ""vanqm""
2. ""vand""
3. ""valma""
4. ""vnmpbc""
5. ""vandq"" 

Next, I'll try a shift of 4:
1. ""umzpl""
2. ""umcz""
3. ""uklaz""
4. ""umloab""
5. ""umczp"" 

Finally, I'll try a shift of 5:
1. ""tlyok""
2. ""tlby""
3. ""tjkzy""
4. ""tjklna""
5. ""tlbyo"" 

After trying multiple decryption methods, ""yctpgf"" does not seem to form a valid English word.",1,1.0
pcvkqp,nation,6,2,"1. pcvkqp -> pcqpkv
2. pcvkqp -> kvpqcp
3. pcvkqp -> pqpkcv
4. pcvkqp -> pkpqcv
5. pcvkqp -> qpcpvk

Now, I will try decrypting the ciphertext assuming it's a Caesar cipher with different shifts.

1. Shift 1: obujpo
2. Shift 2: nation
3. Shift 3: mzshpm
4. Shift 4: lyrgol
5. Shift 5: kxqfnk

None of the attempts at unscrambling or decrypting the ciphertext yielded a recognizable English word.",1,0,"1. pcvkqp -> pcqpkv
2. pcvkqp -> kvpqcp
3. pcvkqp ",0,2.0
pcvkqp,nation,6,2,"1. pcvkqp -> pcqpkv
2. pcvkqp -> kvpqcp
3. pcvkqp -> pqpkcv
4. pcvkqp -> pkpqcv
5. pcvkqp -> qpcpvk

Now, I will try decrypting the ciphertext assuming it's a Caesar cipher with different shifts.

1. Shift 1: obujpo
2. Shift 2: nation
3. Shift 3: mzshpm
4. Shift 4: lyrgol
5. Shift 5: kxqfnk

None of the attempts at unscrambling or decrypting the ciphertext yielded a recognizable English word.",1,1,"1. pcvkqp -> pcqpkv
2. pcvkqp -> kvpqcp
3. pcvkqp -> pqpkcv
4. pcvkqp -> pkpqcv
5. pcvkqp -> qpcpvk
",0,2.0
pcvkqp,nation,6,2,"1. pcvkqp -> pcqpkv
2. pcvkqp -> kvpqcp
3. pcvkqp -> pqpkcv
4. pcvkqp -> pkpqcv
5. pcvkqp -> qpcpvk

Now, I will try decrypting the ciphertext assuming it's a Caesar cipher with different shifts.

1. Shift 1: obujpo
2. Shift 2: nation
3. Shift 3: mzshpm
4. Shift 4: lyrgol
5. Shift 5: kxqfnk

None of the attempts at unscrambling or decrypting the ciphertext yielded a recognizable English word.",1,2,"1. pcvkqp -> pcqpkv
2. pcvkqp -> kvpqcp
3. pcvkqp -> pqpkcv
4. pcvkqp -> pkpqcv
5. pcvkqp -> qpcpvk

Now, I will try decrypting the ciphertext assumin",1,2.0
pcvkqp,nation,6,2,"1. pcvkqp -> pcqpkv
2. pcvkqp -> kvpqcp
3. pcvkqp -> pqpkcv
4. pcvkqp -> pkpqcv
5. pcvkqp -> qpcpvk

Now, I will try decrypting the ciphertext assuming it's a Caesar cipher with different shifts.

1. Shift 1: obujpo
2. Shift 2: nation
3. Shift 3: mzshpm
4. Shift 4: lyrgol
5. Shift 5: kxqfnk

None of the attempts at unscrambling or decrypting the ciphertext yielded a recognizable English word.",1,3,"1. pcvkqp -> pcqpkv
2. pcvkqp -> kvpqcp
3. pcvkqp -> pqpkcv
4. pcvkqp -> pkpqcv
5. pcvkqp -> qpcpvk

Now, I will try decrypting the ciphertext assuming it's a Caesar cipher with different shifts.

1. ",1,2.0
pcvkqp,nation,6,2,"1. pcvkqp -> pcqpkv
2. pcvkqp -> kvpqcp
3. pcvkqp -> pqpkcv
4. pcvkqp -> pkpqcv
5. pcvkqp -> qpcpvk

Now, I will try decrypting the ciphertext assuming it's a Caesar cipher with different shifts.

1. Shift 1: obujpo
2. Shift 2: nation
3. Shift 3: mzshpm
4. Shift 4: lyrgol
5. Shift 5: kxqfnk

None of the attempts at unscrambling or decrypting the ciphertext yielded a recognizable English word.",1,4,"1. pcvkqp -> pcqpkv
2. pcvkqp -> kvpqcp
3. pcvkqp -> pqpkcv
4. pcvkqp -> pkpqcv
5. pcvkqp -> qpcpvk

Now, I will try decrypting the ciphertext assuming it's a Caesar cipher with different shifts.

1. Shift 1: obujpo
2. Shift 2: nation
3. Shift 3: mzs",1,2.0
pcvkqp,nation,6,2,"1. pcvkqp -> pcqpkv
2. pcvkqp -> kvpqcp
3. pcvkqp -> pqpkcv
4. pcvkqp -> pkpqcv
5. pcvkqp -> qpcpvk

Now, I will try decrypting the ciphertext assuming it's a Caesar cipher with different shifts.

1. Shift 1: obujpo
2. Shift 2: nation
3. Shift 3: mzshpm
4. Shift 4: lyrgol
5. Shift 5: kxqfnk

None of the attempts at unscrambling or decrypting the ciphertext yielded a recognizable English word.",1,5,"1. pcvkqp -> pcqpkv
2. pcvkqp -> kvpqcp
3. pcvkqp -> pqpkcv
4. pcvkqp -> pkpqcv
5. pcvkqp -> qpcpvk

Now, I will try decrypting the ciphertext assuming it's a Caesar cipher with different shifts.

1. Shift 1: obujpo
2. Shift 2: nation
3. Shift 3: mzshpm
4. Shift 4: lyrgol
5. Shift 5: kxqfnk

None of",1,2.0
pcvkqp,nation,6,2,"1. pcvkqp -> pcqpkv
2. pcvkqp -> kvpqcp
3. pcvkqp -> pqpkcv
4. pcvkqp -> pkpqcv
5. pcvkqp -> qpcpvk

Now, I will try decrypting the ciphertext assuming it's a Caesar cipher with different shifts.

1. Shift 1: obujpo
2. Shift 2: nation
3. Shift 3: mzshpm
4. Shift 4: lyrgol
5. Shift 5: kxqfnk

None of the attempts at unscrambling or decrypting the ciphertext yielded a recognizable English word.",1,6,"1. pcvkqp -> pcqpkv
2. pcvkqp -> kvpqcp
3. pcvkqp -> pqpkcv
4. pcvkqp -> pkpqcv
5. pcvkqp -> qpcpvk

Now, I will try decrypting the ciphertext assuming it's a Caesar cipher with different shifts.

1. Shift 1: obujpo
2. Shift 2: nation
3. Shift 3: mzshpm
4. Shift 4: lyrgol
5. Shift 5: kxqfnk

None of the attempts at unscrambling or decrypting the ci",1,2.0
pcvkqp,nation,6,2,"1. pcvkqp -> pcqpkv
2. pcvkqp -> kvpqcp
3. pcvkqp -> pqpkcv
4. pcvkqp -> pkpqcv
5. pcvkqp -> qpcpvk

Now, I will try decrypting the ciphertext assuming it's a Caesar cipher with different shifts.

1. Shift 1: obujpo
2. Shift 2: nation
3. Shift 3: mzshpm
4. Shift 4: lyrgol
5. Shift 5: kxqfnk

None of the attempts at unscrambling or decrypting the ciphertext yielded a recognizable English word.",1,7,"1. pcvkqp -> pcqpkv
2. pcvkqp -> kvpqcp
3. pcvkqp -> pqpkcv
4. pcvkqp -> pkpqcv
5. pcvkqp -> qpcpvk

Now, I will try decrypting the ciphertext assuming it's a Caesar cipher with different shifts.

1. Shift 1: obujpo
2. Shift 2: nation
3. Shift 3: mzshpm
4. Shift 4: lyrgol
5. Shift 5: kxqfnk

None of the attempts at unscrambling or decrypting the ciphertext yielded a recognizable English word.",1,2.0
ctvkuv,artist,6,2,"1. ctvkuv -> vtkvuc
2. ctvkuv -> kutvvc
3. ctvkuv -> vktucv
4. ctvkuv -> cvkvtu
5. ctvkuv -> vctukv

Since unscrambling the ciphertext as an anagram didn't reveal any English words, I will now try decrypting it using a Caesar cipher with different shifts.

1. Shift 1: bsujuw
2. Shift 2: artitv
3. Shift 3: zqshsu
4. Shift 4: yprgrt
5. Shift 5: xoqfqs

None of the decrypted words are English words, so it's possible that the input text may not be a valid English word.",0,0,"1. ctvkuv -> vtkvuc
2. ctvkuv -> kutvvc
3. ctvkuv ",0,3.0
ctvkuv,artist,6,2,"1. ctvkuv -> vtkvuc
2. ctvkuv -> kutvvc
3. ctvkuv -> vktucv
4. ctvkuv -> cvkvtu
5. ctvkuv -> vctukv

Since unscrambling the ciphertext as an anagram didn't reveal any English words, I will now try decrypting it using a Caesar cipher with different shifts.

1. Shift 1: bsujuw
2. Shift 2: artitv
3. Shift 3: zqshsu
4. Shift 4: yprgrt
5. Shift 5: xoqfqs

None of the decrypted words are English words, so it's possible that the input text may not be a valid English word.",0,1,"1. ctvkuv -> vtkvuc
2. ctvkuv -> kutvvc
3. ctvkuv -> vktucv
4. ctvkuv -> cvkvtu
5. ctvkuv -> vctukv
",0,3.0
ctvkuv,artist,6,2,"1. ctvkuv -> vtkvuc
2. ctvkuv -> kutvvc
3. ctvkuv -> vktucv
4. ctvkuv -> cvkvtu
5. ctvkuv -> vctukv

Since unscrambling the ciphertext as an anagram didn't reveal any English words, I will now try decrypting it using a Caesar cipher with different shifts.

1. Shift 1: bsujuw
2. Shift 2: artitv
3. Shift 3: zqshsu
4. Shift 4: yprgrt
5. Shift 5: xoqfqs

None of the decrypted words are English words, so it's possible that the input text may not be a valid English word.",0,2,"1. ctvkuv -> vtkvuc
2. ctvkuv -> kutvvc
3. ctvkuv -> vktucv
4. ctvkuv -> cvkvtu
5. ctvkuv -> vctukv

Since unscrambling the ciphertext as an anagram d",0,3.0
ctvkuv,artist,6,2,"1. ctvkuv -> vtkvuc
2. ctvkuv -> kutvvc
3. ctvkuv -> vktucv
4. ctvkuv -> cvkvtu
5. ctvkuv -> vctukv

Since unscrambling the ciphertext as an anagram didn't reveal any English words, I will now try decrypting it using a Caesar cipher with different shifts.

1. Shift 1: bsujuw
2. Shift 2: artitv
3. Shift 3: zqshsu
4. Shift 4: yprgrt
5. Shift 5: xoqfqs

None of the decrypted words are English words, so it's possible that the input text may not be a valid English word.",0,3,"1. ctvkuv -> vtkvuc
2. ctvkuv -> kutvvc
3. ctvkuv -> vktucv
4. ctvkuv -> cvkvtu
5. ctvkuv -> vctukv

Since unscrambling the ciphertext as an anagram didn't reveal any English words, I will now try dec",1,3.0
ctvkuv,artist,6,2,"1. ctvkuv -> vtkvuc
2. ctvkuv -> kutvvc
3. ctvkuv -> vktucv
4. ctvkuv -> cvkvtu
5. ctvkuv -> vctukv

Since unscrambling the ciphertext as an anagram didn't reveal any English words, I will now try decrypting it using a Caesar cipher with different shifts.

1. Shift 1: bsujuw
2. Shift 2: artitv
3. Shift 3: zqshsu
4. Shift 4: yprgrt
5. Shift 5: xoqfqs

None of the decrypted words are English words, so it's possible that the input text may not be a valid English word.",0,4,"1. ctvkuv -> vtkvuc
2. ctvkuv -> kutvvc
3. ctvkuv -> vktucv
4. ctvkuv -> cvkvtu
5. ctvkuv -> vctukv

Since unscrambling the ciphertext as an anagram didn't reveal any English words, I will now try decrypting it using a Caesar cipher with different sh",1,3.0
ctvkuv,artist,6,2,"1. ctvkuv -> vtkvuc
2. ctvkuv -> kutvvc
3. ctvkuv -> vktucv
4. ctvkuv -> cvkvtu
5. ctvkuv -> vctukv

Since unscrambling the ciphertext as an anagram didn't reveal any English words, I will now try decrypting it using a Caesar cipher with different shifts.

1. Shift 1: bsujuw
2. Shift 2: artitv
3. Shift 3: zqshsu
4. Shift 4: yprgrt
5. Shift 5: xoqfqs

None of the decrypted words are English words, so it's possible that the input text may not be a valid English word.",0,5,"1. ctvkuv -> vtkvuc
2. ctvkuv -> kutvvc
3. ctvkuv -> vktucv
4. ctvkuv -> cvkvtu
5. ctvkuv -> vctukv

Since unscrambling the ciphertext as an anagram didn't reveal any English words, I will now try decrypting it using a Caesar cipher with different shifts.

1. Shift 1: bsujuw
2. Shift 2: artitv
3. Sh",1,3.0
ctvkuv,artist,6,2,"1. ctvkuv -> vtkvuc
2. ctvkuv -> kutvvc
3. ctvkuv -> vktucv
4. ctvkuv -> cvkvtu
5. ctvkuv -> vctukv

Since unscrambling the ciphertext as an anagram didn't reveal any English words, I will now try decrypting it using a Caesar cipher with different shifts.

1. Shift 1: bsujuw
2. Shift 2: artitv
3. Shift 3: zqshsu
4. Shift 4: yprgrt
5. Shift 5: xoqfqs

None of the decrypted words are English words, so it's possible that the input text may not be a valid English word.",0,6,"1. ctvkuv -> vtkvuc
2. ctvkuv -> kutvvc
3. ctvkuv -> vktucv
4. ctvkuv -> cvkvtu
5. ctvkuv -> vctukv

Since unscrambling the ciphertext as an anagram didn't reveal any English words, I will now try decrypting it using a Caesar cipher with different shifts.

1. Shift 1: bsujuw
2. Shift 2: artitv
3. Shift 3: zqshsu
4. Shift 4: yprgrt
5. Shift 5: xoqfq",1,3.0
ctvkuv,artist,6,2,"1. ctvkuv -> vtkvuc
2. ctvkuv -> kutvvc
3. ctvkuv -> vktucv
4. ctvkuv -> cvkvtu
5. ctvkuv -> vctukv

Since unscrambling the ciphertext as an anagram didn't reveal any English words, I will now try decrypting it using a Caesar cipher with different shifts.

1. Shift 1: bsujuw
2. Shift 2: artitv
3. Shift 3: zqshsu
4. Shift 4: yprgrt
5. Shift 5: xoqfqs

None of the decrypted words are English words, so it's possible that the input text may not be a valid English word.",0,7,"1. ctvkuv -> vtkvuc
2. ctvkuv -> kutvvc
3. ctvkuv -> vktucv
4. ctvkuv -> cvkvtu
5. ctvkuv -> vctukv

Since unscrambling the ciphertext as an anagram didn't reveal any English words, I will now try decrypting it using a Caesar cipher with different shifts.

1. Shift 1: bsujuw
2. Shift 2: artitv
3. Shift 3: zqshsu
4. Shift 4: yprgrt
5. Shift 5: xoqfqs

None of the decrypted words are English words, ",1,3.0
ctvkuv,artist,6,2,"1. ctvkuv -> vtkvuc
2. ctvkuv -> kutvvc
3. ctvkuv -> vktucv
4. ctvkuv -> cvkvtu
5. ctvkuv -> vctukv

Since unscrambling the ciphertext as an anagram didn't reveal any English words, I will now try decrypting it using a Caesar cipher with different shifts.

1. Shift 1: bsujuw
2. Shift 2: artitv
3. Shift 3: zqshsu
4. Shift 4: yprgrt
5. Shift 5: xoqfqs

None of the decrypted words are English words, so it's possible that the input text may not be a valid English word.",0,8,"1. ctvkuv -> vtkvuc
2. ctvkuv -> kutvvc
3. ctvkuv -> vktucv
4. ctvkuv -> cvkvtu
5. ctvkuv -> vctukv

Since unscrambling the ciphertext as an anagram didn't reveal any English words, I will now try decrypting it using a Caesar cipher with different shifts.

1. Shift 1: bsujuw
2. Shift 2: artitv
3. Shift 3: zqshsu
4. Shift 4: yprgrt
5. Shift 5: xoqfqs

None of the decrypted words are English words, so it's possible that the input text may not be a ",1,3.0
ctvkuv,artist,6,2,"1. ctvkuv -> vtkvuc
2. ctvkuv -> kutvvc
3. ctvkuv -> vktucv
4. ctvkuv -> cvkvtu
5. ctvkuv -> vctukv

Since unscrambling the ciphertext as an anagram didn't reveal any English words, I will now try decrypting it using a Caesar cipher with different shifts.

1. Shift 1: bsujuw
2. Shift 2: artitv
3. Shift 3: zqshsu
4. Shift 4: yprgrt
5. Shift 5: xoqfqs

None of the decrypted words are English words, so it's possible that the input text may not be a valid English word.",0,9,"1. ctvkuv -> vtkvuc
2. ctvkuv -> kutvvc
3. ctvkuv -> vktucv
4. ctvkuv -> cvkvtu
5. ctvkuv -> vctukv

Since unscrambling the ciphertext as an anagram didn't reveal any English words, I will now try decrypting it using a Caesar cipher with different shifts.

1. Shift 1: bsujuw
2. Shift 2: artitv
3. Shift 3: zqshsu
4. Shift 4: yprgrt
5. Shift 5: xoqfqs

None of the decrypted words are English words, so it's possible that the input text may not be a valid English word.",1,3.0
ycvgtu,waters,6,2,"1. cutgvy
2. cytgvu
3. ctvgyu
4. tgcyuv
5. gctyuv

Since unscrambling as an anagram didn't yield any meaningful English word, I'll continue by assuming it's a Caesar cipher and try decrypting it with a shift of 1 through 5.
Shift 1:
1. xbufst
Shift 2:
2. waters
Shift 3:
3. vzsdrq
Shift 4:
4. uyrcqp
Shift 5:
5. txqbp0

None of the decrypted versions using a Caesar cipher produced a meaningful word.",1,0,"1. cutgvy
2. cytgvu
3. ctvgyu
4. tgcyuv
5. gctyuv
",0,1.0
ycvgtu,waters,6,2,"1. cutgvy
2. cytgvu
3. ctvgyu
4. tgcyuv
5. gctyuv

Since unscrambling as an anagram didn't yield any meaningful English word, I'll continue by assuming it's a Caesar cipher and try decrypting it with a shift of 1 through 5.
Shift 1:
1. xbufst
Shift 2:
2. waters
Shift 3:
3. vzsdrq
Shift 4:
4. uyrcqp
Shift 5:
5. txqbp0

None of the decrypted versions using a Caesar cipher produced a meaningful word.",1,1,"1. cutgvy
2. cytgvu
3. ctvgyu
4. tgcyuv
5. gctyuv

Since unscrambling as an anagram didn't yield any",1,1.0
ycvgtu,waters,6,2,"1. cutgvy
2. cytgvu
3. ctvgyu
4. tgcyuv
5. gctyuv

Since unscrambling as an anagram didn't yield any meaningful English word, I'll continue by assuming it's a Caesar cipher and try decrypting it with a shift of 1 through 5.
Shift 1:
1. xbufst
Shift 2:
2. waters
Shift 3:
3. vzsdrq
Shift 4:
4. uyrcqp
Shift 5:
5. txqbp0

None of the decrypted versions using a Caesar cipher produced a meaningful word.",1,2,"1. cutgvy
2. cytgvu
3. ctvgyu
4. tgcyuv
5. gctyuv

Since unscrambling as an anagram didn't yield any meaningful English word, I'll continue by assumin",1,1.0
ycvgtu,waters,6,2,"1. cutgvy
2. cytgvu
3. ctvgyu
4. tgcyuv
5. gctyuv

Since unscrambling as an anagram didn't yield any meaningful English word, I'll continue by assuming it's a Caesar cipher and try decrypting it with a shift of 1 through 5.
Shift 1:
1. xbufst
Shift 2:
2. waters
Shift 3:
3. vzsdrq
Shift 4:
4. uyrcqp
Shift 5:
5. txqbp0

None of the decrypted versions using a Caesar cipher produced a meaningful word.",1,3,"1. cutgvy
2. cytgvu
3. ctvgyu
4. tgcyuv
5. gctyuv

Since unscrambling as an anagram didn't yield any meaningful English word, I'll continue by assuming it's a Caesar cipher and try decrypting it with ",1,1.0
ycvgtu,waters,6,2,"1. cutgvy
2. cytgvu
3. ctvgyu
4. tgcyuv
5. gctyuv

Since unscrambling as an anagram didn't yield any meaningful English word, I'll continue by assuming it's a Caesar cipher and try decrypting it with a shift of 1 through 5.
Shift 1:
1. xbufst
Shift 2:
2. waters
Shift 3:
3. vzsdrq
Shift 4:
4. uyrcqp
Shift 5:
5. txqbp0

None of the decrypted versions using a Caesar cipher produced a meaningful word.",1,4,"1. cutgvy
2. cytgvu
3. ctvgyu
4. tgcyuv
5. gctyuv

Since unscrambling as an anagram didn't yield any meaningful English word, I'll continue by assuming it's a Caesar cipher and try decrypting it with a shift of 1 through 5.
Shift 1:
1. xbufst
Shift 2",1,1.0
ycvgtu,waters,6,2,"1. cutgvy
2. cytgvu
3. ctvgyu
4. tgcyuv
5. gctyuv

Since unscrambling as an anagram didn't yield any meaningful English word, I'll continue by assuming it's a Caesar cipher and try decrypting it with a shift of 1 through 5.
Shift 1:
1. xbufst
Shift 2:
2. waters
Shift 3:
3. vzsdrq
Shift 4:
4. uyrcqp
Shift 5:
5. txqbp0

None of the decrypted versions using a Caesar cipher produced a meaningful word.",1,5,"1. cutgvy
2. cytgvu
3. ctvgyu
4. tgcyuv
5. gctyuv

Since unscrambling as an anagram didn't yield any meaningful English word, I'll continue by assuming it's a Caesar cipher and try decrypting it with a shift of 1 through 5.
Shift 1:
1. xbufst
Shift 2:
2. waters
Shift 3:
3. vzsdrq
Shift 4:
4. uyrcqp
",1,1.0
ycvgtu,waters,6,2,"1. cutgvy
2. cytgvu
3. ctvgyu
4. tgcyuv
5. gctyuv

Since unscrambling as an anagram didn't yield any meaningful English word, I'll continue by assuming it's a Caesar cipher and try decrypting it with a shift of 1 through 5.
Shift 1:
1. xbufst
Shift 2:
2. waters
Shift 3:
3. vzsdrq
Shift 4:
4. uyrcqp
Shift 5:
5. txqbp0

None of the decrypted versions using a Caesar cipher produced a meaningful word.",1,6,"1. cutgvy
2. cytgvu
3. ctvgyu
4. tgcyuv
5. gctyuv

Since unscrambling as an anagram didn't yield any meaningful English word, I'll continue by assuming it's a Caesar cipher and try decrypting it with a shift of 1 through 5.
Shift 1:
1. xbufst
Shift 2:
2. waters
Shift 3:
3. vzsdrq
Shift 4:
4. uyrcqp
Shift 5:
5. txqbp0

None of the decrypted versions",1,1.0
ycvgtu,waters,6,2,"1. cutgvy
2. cytgvu
3. ctvgyu
4. tgcyuv
5. gctyuv

Since unscrambling as an anagram didn't yield any meaningful English word, I'll continue by assuming it's a Caesar cipher and try decrypting it with a shift of 1 through 5.
Shift 1:
1. xbufst
Shift 2:
2. waters
Shift 3:
3. vzsdrq
Shift 4:
4. uyrcqp
Shift 5:
5. txqbp0

None of the decrypted versions using a Caesar cipher produced a meaningful word.",1,7,"1. cutgvy
2. cytgvu
3. ctvgyu
4. tgcyuv
5. gctyuv

Since unscrambling as an anagram didn't yield any meaningful English word, I'll continue by assuming it's a Caesar cipher and try decrypting it with a shift of 1 through 5.
Shift 1:
1. xbufst
Shift 2:
2. waters
Shift 3:
3. vzsdrq
Shift 4:
4. uyrcqp
Shift 5:
5. txqbp0

None of the decrypted versions using a Caesar cipher produced a meaningful word.",1,1.0
dgvvgt,better,6,2,"1. dog
2. god
3. vgd
4. vgd
5. dvd",0,0,"1. dog
2. god
3. vgd
4. vgd
5. dvd",0,
hctogt,farmer,6,2,"1. thgcto
2. thcotg
3. chogtt
4. gothct
5. tocght",0,0,"1. thgcto
2. thcotg
3. chogtt
4. gothct
5. tocght",0,
fgecfg,decade,6,2,"1. fgecfg = fegcg
2. fgecfg = gecfg
3. fgecfg = cgffge
4. fgecfg = fgcgef
5. fgecfg = gffcec

Since unscrambling as an anagram did not produce any recognizable English words, I will now try decrypting it using a Caesar cipher with different shift values.

1. Shift 1:
fgecfg -> gehdfh

2. Shift 2:
fgecfg -> hfigfi

3. Shift 3:
fgecfg -> ijhgij

4. Shift 4:
fgecfg -> jikijk

5. Shift 5:
fgecfg -> kjlkjl

None of the attempts at decrypting the ciphertext using a Caesar cipher resulted in a recognizable English word.",0,0,"1. fgecfg = fegcg
2. fgecfg = gecfg
3. fgecfg = cg",0,3.0
fgecfg,decade,6,2,"1. fgecfg = fegcg
2. fgecfg = gecfg
3. fgecfg = cgffge
4. fgecfg = fgcgef
5. fgecfg = gffcec

Since unscrambling as an anagram did not produce any recognizable English words, I will now try decrypting it using a Caesar cipher with different shift values.

1. Shift 1:
fgecfg -> gehdfh

2. Shift 2:
fgecfg -> hfigfi

3. Shift 3:
fgecfg -> ijhgij

4. Shift 4:
fgecfg -> jikijk

5. Shift 5:
fgecfg -> kjlkjl

None of the attempts at decrypting the ciphertext using a Caesar cipher resulted in a recognizable English word.",0,1,"1. fgecfg = fegcg
2. fgecfg = gecfg
3. fgecfg = cgffge
4. fgecfg = fgcgef
5. fgecfg = gffcec

Since ",0,3.0
fgecfg,decade,6,2,"1. fgecfg = fegcg
2. fgecfg = gecfg
3. fgecfg = cgffge
4. fgecfg = fgcgef
5. fgecfg = gffcec

Since unscrambling as an anagram did not produce any recognizable English words, I will now try decrypting it using a Caesar cipher with different shift values.

1. Shift 1:
fgecfg -> gehdfh

2. Shift 2:
fgecfg -> hfigfi

3. Shift 3:
fgecfg -> ijhgij

4. Shift 4:
fgecfg -> jikijk

5. Shift 5:
fgecfg -> kjlkjl

None of the attempts at decrypting the ciphertext using a Caesar cipher resulted in a recognizable English word.",0,2,"1. fgecfg = fegcg
2. fgecfg = gecfg
3. fgecfg = cgffge
4. fgecfg = fgcgef
5. fgecfg = gffcec

Since unscrambling as an anagram did not produce any rec",0,3.0
fgecfg,decade,6,2,"1. fgecfg = fegcg
2. fgecfg = gecfg
3. fgecfg = cgffge
4. fgecfg = fgcgef
5. fgecfg = gffcec

Since unscrambling as an anagram did not produce any recognizable English words, I will now try decrypting it using a Caesar cipher with different shift values.

1. Shift 1:
fgecfg -> gehdfh

2. Shift 2:
fgecfg -> hfigfi

3. Shift 3:
fgecfg -> ijhgij

4. Shift 4:
fgecfg -> jikijk

5. Shift 5:
fgecfg -> kjlkjl

None of the attempts at decrypting the ciphertext using a Caesar cipher resulted in a recognizable English word.",0,3,"1. fgecfg = fegcg
2. fgecfg = gecfg
3. fgecfg = cgffge
4. fgecfg = fgcgef
5. fgecfg = gffcec

Since unscrambling as an anagram did not produce any recognizable English words, I will now try decrypting",1,3.0
fgecfg,decade,6,2,"1. fgecfg = fegcg
2. fgecfg = gecfg
3. fgecfg = cgffge
4. fgecfg = fgcgef
5. fgecfg = gffcec

Since unscrambling as an anagram did not produce any recognizable English words, I will now try decrypting it using a Caesar cipher with different shift values.

1. Shift 1:
fgecfg -> gehdfh

2. Shift 2:
fgecfg -> hfigfi

3. Shift 3:
fgecfg -> ijhgij

4. Shift 4:
fgecfg -> jikijk

5. Shift 5:
fgecfg -> kjlkjl

None of the attempts at decrypting the ciphertext using a Caesar cipher resulted in a recognizable English word.",0,4,"1. fgecfg = fegcg
2. fgecfg = gecfg
3. fgecfg = cgffge
4. fgecfg = fgcgef
5. fgecfg = gffcec

Since unscrambling as an anagram did not produce any recognizable English words, I will now try decrypting it using a Caesar cipher with different shift val",1,3.0
fgecfg,decade,6,2,"1. fgecfg = fegcg
2. fgecfg = gecfg
3. fgecfg = cgffge
4. fgecfg = fgcgef
5. fgecfg = gffcec

Since unscrambling as an anagram did not produce any recognizable English words, I will now try decrypting it using a Caesar cipher with different shift values.

1. Shift 1:
fgecfg -> gehdfh

2. Shift 2:
fgecfg -> hfigfi

3. Shift 3:
fgecfg -> ijhgij

4. Shift 4:
fgecfg -> jikijk

5. Shift 5:
fgecfg -> kjlkjl

None of the attempts at decrypting the ciphertext using a Caesar cipher resulted in a recognizable English word.",0,5,"1. fgecfg = fegcg
2. fgecfg = gecfg
3. fgecfg = cgffge
4. fgecfg = fgcgef
5. fgecfg = gffcec

Since unscrambling as an anagram did not produce any recognizable English words, I will now try decrypting it using a Caesar cipher with different shift values.

1. Shift 1:
fgecfg -> gehdfh

2. Shift 2:
fg",1,3.0
fgecfg,decade,6,2,"1. fgecfg = fegcg
2. fgecfg = gecfg
3. fgecfg = cgffge
4. fgecfg = fgcgef
5. fgecfg = gffcec

Since unscrambling as an anagram did not produce any recognizable English words, I will now try decrypting it using a Caesar cipher with different shift values.

1. Shift 1:
fgecfg -> gehdfh

2. Shift 2:
fgecfg -> hfigfi

3. Shift 3:
fgecfg -> ijhgij

4. Shift 4:
fgecfg -> jikijk

5. Shift 5:
fgecfg -> kjlkjl

None of the attempts at decrypting the ciphertext using a Caesar cipher resulted in a recognizable English word.",0,6,"1. fgecfg = fegcg
2. fgecfg = gecfg
3. fgecfg = cgffge
4. fgecfg = fgcgef
5. fgecfg = gffcec

Since unscrambling as an anagram did not produce any recognizable English words, I will now try decrypting it using a Caesar cipher with different shift values.

1. Shift 1:
fgecfg -> gehdfh

2. Shift 2:
fgecfg -> hfigfi

3. Shift 3:
fgecfg -> ijhgij

4. S",1,3.0
fgecfg,decade,6,2,"1. fgecfg = fegcg
2. fgecfg = gecfg
3. fgecfg = cgffge
4. fgecfg = fgcgef
5. fgecfg = gffcec

Since unscrambling as an anagram did not produce any recognizable English words, I will now try decrypting it using a Caesar cipher with different shift values.

1. Shift 1:
fgecfg -> gehdfh

2. Shift 2:
fgecfg -> hfigfi

3. Shift 3:
fgecfg -> ijhgij

4. Shift 4:
fgecfg -> jikijk

5. Shift 5:
fgecfg -> kjlkjl

None of the attempts at decrypting the ciphertext using a Caesar cipher resulted in a recognizable English word.",0,7,"1. fgecfg = fegcg
2. fgecfg = gecfg
3. fgecfg = cgffge
4. fgecfg = fgcgef
5. fgecfg = gffcec

Since unscrambling as an anagram did not produce any recognizable English words, I will now try decrypting it using a Caesar cipher with different shift values.

1. Shift 1:
fgecfg -> gehdfh

2. Shift 2:
fgecfg -> hfigfi

3. Shift 3:
fgecfg -> ijhgij

4. Shift 4:
fgecfg -> jikijk

5. Shift 5:
fgecfg -> kj",1,3.0
fgecfg,decade,6,2,"1. fgecfg = fegcg
2. fgecfg = gecfg
3. fgecfg = cgffge
4. fgecfg = fgcgef
5. fgecfg = gffcec

Since unscrambling as an anagram did not produce any recognizable English words, I will now try decrypting it using a Caesar cipher with different shift values.

1. Shift 1:
fgecfg -> gehdfh

2. Shift 2:
fgecfg -> hfigfi

3. Shift 3:
fgecfg -> ijhgij

4. Shift 4:
fgecfg -> jikijk

5. Shift 5:
fgecfg -> kjlkjl

None of the attempts at decrypting the ciphertext using a Caesar cipher resulted in a recognizable English word.",0,8,"1. fgecfg = fegcg
2. fgecfg = gecfg
3. fgecfg = cgffge
4. fgecfg = fgcgef
5. fgecfg = gffcec

Since unscrambling as an anagram did not produce any recognizable English words, I will now try decrypting it using a Caesar cipher with different shift values.

1. Shift 1:
fgecfg -> gehdfh

2. Shift 2:
fgecfg -> hfigfi

3. Shift 3:
fgecfg -> ijhgij

4. Shift 4:
fgecfg -> jikijk

5. Shift 5:
fgecfg -> kjlkjl

None of the attempts at decrypting the ciphe",1,3.0
fgecfg,decade,6,2,"1. fgecfg = fegcg
2. fgecfg = gecfg
3. fgecfg = cgffge
4. fgecfg = fgcgef
5. fgecfg = gffcec

Since unscrambling as an anagram did not produce any recognizable English words, I will now try decrypting it using a Caesar cipher with different shift values.

1. Shift 1:
fgecfg -> gehdfh

2. Shift 2:
fgecfg -> hfigfi

3. Shift 3:
fgecfg -> ijhgij

4. Shift 4:
fgecfg -> jikijk

5. Shift 5:
fgecfg -> kjlkjl

None of the attempts at decrypting the ciphertext using a Caesar cipher resulted in a recognizable English word.",0,9,"1. fgecfg = fegcg
2. fgecfg = gecfg
3. fgecfg = cgffge
4. fgecfg = fgcgef
5. fgecfg = gffcec

Since unscrambling as an anagram did not produce any recognizable English words, I will now try decrypting it using a Caesar cipher with different shift values.

1. Shift 1:
fgecfg -> gehdfh

2. Shift 2:
fgecfg -> hfigfi

3. Shift 3:
fgecfg -> ijhgij

4. Shift 4:
fgecfg -> jikijk

5. Shift 5:
fgecfg -> kjlkjl

None of the attempts at decrypting the ciphertext using a Caesar cipher resulted in a recogniz",1,3.0
fgecfg,decade,6,2,"1. fgecfg = fegcg
2. fgecfg = gecfg
3. fgecfg = cgffge
4. fgecfg = fgcgef
5. fgecfg = gffcec

Since unscrambling as an anagram did not produce any recognizable English words, I will now try decrypting it using a Caesar cipher with different shift values.

1. Shift 1:
fgecfg -> gehdfh

2. Shift 2:
fgecfg -> hfigfi

3. Shift 3:
fgecfg -> ijhgij

4. Shift 4:
fgecfg -> jikijk

5. Shift 5:
fgecfg -> kjlkjl

None of the attempts at decrypting the ciphertext using a Caesar cipher resulted in a recognizable English word.",0,10,"1. fgecfg = fegcg
2. fgecfg = gecfg
3. fgecfg = cgffge
4. fgecfg = fgcgef
5. fgecfg = gffcec

Since unscrambling as an anagram did not produce any recognizable English words, I will now try decrypting it using a Caesar cipher with different shift values.

1. Shift 1:
fgecfg -> gehdfh

2. Shift 2:
fgecfg -> hfigfi

3. Shift 3:
fgecfg -> ijhgij

4. Shift 4:
fgecfg -> jikijk

5. Shift 5:
fgecfg -> kjlkjl

None of the attempts at decrypting the ciphertext using a Caesar cipher resulted in a recognizable English word.",1,3.0
vtakpi,trying,6,2,"1. ptkiva
2. pitvak
3. tkavip
4. pitvak
5. vatpik",0,0,"1. ptkiva
2. pitvak
3. tkavip
4. pitvak
5. vatpik",0,
rgpekn,pencil,6,2,"1. prkeng
2. perkng
3. kperng
4. pekgrn
5. ngekpr

Since unscrambling the ciphertext as an anagram did not provide a clear English word, I will now try to decrypt it as a Caesar cipher using at least 5 different shifts.",0,0,"1. prkeng
2. perkng
3. kperng
4. pekgrn
5. ngekpr
",0,2.0
rgpekn,pencil,6,2,"1. prkeng
2. perkng
3. kperng
4. pekgrn
5. ngekpr

Since unscrambling the ciphertext as an anagram did not provide a clear English word, I will now try to decrypt it as a Caesar cipher using at least 5 different shifts.",0,1,"1. prkeng
2. perkng
3. kperng
4. pekgrn
5. ngekpr

Since unscrambling the ciphertext as an anagram d",0,2.0
rgpekn,pencil,6,2,"1. prkeng
2. perkng
3. kperng
4. pekgrn
5. ngekpr

Since unscrambling the ciphertext as an anagram did not provide a clear English word, I will now try to decrypt it as a Caesar cipher using at least 5 different shifts.",0,2,"1. prkeng
2. perkng
3. kperng
4. pekgrn
5. ngekpr

Since unscrambling the ciphertext as an anagram did not provide a clear English word, I will now tr",1,2.0
rgpekn,pencil,6,2,"1. prkeng
2. perkng
3. kperng
4. pekgrn
5. ngekpr

Since unscrambling the ciphertext as an anagram did not provide a clear English word, I will now try to decrypt it as a Caesar cipher using at least 5 different shifts.",0,3,"1. prkeng
2. perkng
3. kperng
4. pekgrn
5. ngekpr

Since unscrambling the ciphertext as an anagram did not provide a clear English word, I will now try to decrypt it as a Caesar cipher using at least ",1,2.0
rgpekn,pencil,6,2,"1. prkeng
2. perkng
3. kperng
4. pekgrn
5. ngekpr

Since unscrambling the ciphertext as an anagram did not provide a clear English word, I will now try to decrypt it as a Caesar cipher using at least 5 different shifts.",0,4,"1. prkeng
2. perkng
3. kperng
4. pekgrn
5. ngekpr

Since unscrambling the ciphertext as an anagram did not provide a clear English word, I will now try to decrypt it as a Caesar cipher using at least 5 different shifts.",1,2.0
zlwklq,within,6,3,"1. walk
2. kwlqlz
3. qwkllz
4. zaklwl
5. kwzllq

None of these attempts seem to reveal an English word by unscrambling, so I will now try decrypting the ciphertext using a Caesar cipher with different shifts:

1. Shift 1: ykvjkp
2. Shift 2: xjuijo
3. Shift 3: witihn
4. Shift 4: vhsghm
5. Shift 5: urgfgl

None of the Caesar cipher attempts result in a recognizable English word either.",0,0,"1. walk
2. kwlqlz
3. qwkllz
4. zaklwl
5. kwzllq

N",0,1.0
zlwklq,within,6,3,"1. walk
2. kwlqlz
3. qwkllz
4. zaklwl
5. kwzllq

None of these attempts seem to reveal an English word by unscrambling, so I will now try decrypting the ciphertext using a Caesar cipher with different shifts:

1. Shift 1: ykvjkp
2. Shift 2: xjuijo
3. Shift 3: witihn
4. Shift 4: vhsghm
5. Shift 5: urgfgl

None of the Caesar cipher attempts result in a recognizable English word either.",0,1,"1. walk
2. kwlqlz
3. qwkllz
4. zaklwl
5. kwzllq

None of these attempts seem to reveal an English wo",1,1.0
zlwklq,within,6,3,"1. walk
2. kwlqlz
3. qwkllz
4. zaklwl
5. kwzllq

None of these attempts seem to reveal an English word by unscrambling, so I will now try decrypting the ciphertext using a Caesar cipher with different shifts:

1. Shift 1: ykvjkp
2. Shift 2: xjuijo
3. Shift 3: witihn
4. Shift 4: vhsghm
5. Shift 5: urgfgl

None of the Caesar cipher attempts result in a recognizable English word either.",0,2,"1. walk
2. kwlqlz
3. qwkllz
4. zaklwl
5. kwzllq

None of these attempts seem to reveal an English word by unscrambling, so I will now try decrypting t",1,1.0
zlwklq,within,6,3,"1. walk
2. kwlqlz
3. qwkllz
4. zaklwl
5. kwzllq

None of these attempts seem to reveal an English word by unscrambling, so I will now try decrypting the ciphertext using a Caesar cipher with different shifts:

1. Shift 1: ykvjkp
2. Shift 2: xjuijo
3. Shift 3: witihn
4. Shift 4: vhsghm
5. Shift 5: urgfgl

None of the Caesar cipher attempts result in a recognizable English word either.",0,3,"1. walk
2. kwlqlz
3. qwkllz
4. zaklwl
5. kwzllq

None of these attempts seem to reveal an English word by unscrambling, so I will now try decrypting the ciphertext using a Caesar cipher with different",1,1.0
zlwklq,within,6,3,"1. walk
2. kwlqlz
3. qwkllz
4. zaklwl
5. kwzllq

None of these attempts seem to reveal an English word by unscrambling, so I will now try decrypting the ciphertext using a Caesar cipher with different shifts:

1. Shift 1: ykvjkp
2. Shift 2: xjuijo
3. Shift 3: witihn
4. Shift 4: vhsghm
5. Shift 5: urgfgl

None of the Caesar cipher attempts result in a recognizable English word either.",0,4,"1. walk
2. kwlqlz
3. qwkllz
4. zaklwl
5. kwzllq

None of these attempts seem to reveal an English word by unscrambling, so I will now try decrypting the ciphertext using a Caesar cipher with different shifts:

1. Shift 1: ykvjkp
2. Shift 2: xjuijo
3.",1,1.0
zlwklq,within,6,3,"1. walk
2. kwlqlz
3. qwkllz
4. zaklwl
5. kwzllq

None of these attempts seem to reveal an English word by unscrambling, so I will now try decrypting the ciphertext using a Caesar cipher with different shifts:

1. Shift 1: ykvjkp
2. Shift 2: xjuijo
3. Shift 3: witihn
4. Shift 4: vhsghm
5. Shift 5: urgfgl

None of the Caesar cipher attempts result in a recognizable English word either.",0,5,"1. walk
2. kwlqlz
3. qwkllz
4. zaklwl
5. kwzllq

None of these attempts seem to reveal an English word by unscrambling, so I will now try decrypting the ciphertext using a Caesar cipher with different shifts:

1. Shift 1: ykvjkp
2. Shift 2: xjuijo
3. Shift 3: witihn
4. Shift 4: vhsghm
5. Shift 5: ur",1,1.0
zlwklq,within,6,3,"1. walk
2. kwlqlz
3. qwkllz
4. zaklwl
5. kwzllq

None of these attempts seem to reveal an English word by unscrambling, so I will now try decrypting the ciphertext using a Caesar cipher with different shifts:

1. Shift 1: ykvjkp
2. Shift 2: xjuijo
3. Shift 3: witihn
4. Shift 4: vhsghm
5. Shift 5: urgfgl

None of the Caesar cipher attempts result in a recognizable English word either.",0,6,"1. walk
2. kwlqlz
3. qwkllz
4. zaklwl
5. kwzllq

None of these attempts seem to reveal an English word by unscrambling, so I will now try decrypting the ciphertext using a Caesar cipher with different shifts:

1. Shift 1: ykvjkp
2. Shift 2: xjuijo
3. Shift 3: witihn
4. Shift 4: vhsghm
5. Shift 5: urgfgl

None of the Caesar cipher attempts result in",1,1.0
zlwklq,within,6,3,"1. walk
2. kwlqlz
3. qwkllz
4. zaklwl
5. kwzllq

None of these attempts seem to reveal an English word by unscrambling, so I will now try decrypting the ciphertext using a Caesar cipher with different shifts:

1. Shift 1: ykvjkp
2. Shift 2: xjuijo
3. Shift 3: witihn
4. Shift 4: vhsghm
5. Shift 5: urgfgl

None of the Caesar cipher attempts result in a recognizable English word either.",0,7,"1. walk
2. kwlqlz
3. qwkllz
4. zaklwl
5. kwzllq

None of these attempts seem to reveal an English word by unscrambling, so I will now try decrypting the ciphertext using a Caesar cipher with different shifts:

1. Shift 1: ykvjkp
2. Shift 2: xjuijo
3. Shift 3: witihn
4. Shift 4: vhsghm
5. Shift 5: urgfgl

None of the Caesar cipher attempts result in a recognizable English word either.",1,1.0
ehiruh,before,6,3,"1. hirhue
2. hirehu
3. hurieh
4. ruehih
5. heriuh

Now, I will try to decrypt the ciphertext assuming it's a Caesar cipher with different shifts:

1. Decrypting with a left shift of 1: dgqhtg
2. Decrypting with a left shift of 2: cfpgsf
3. Decrypting with a left shift of 3: beofre
4. Decrypting with a left shift of 4: andeqd
5. Decrypting with a left shift of 5: zmcdpc

From the attempts above, it looks like it is more likely to be an anagram rather than a Caesar cipher.",0,0,"1. hirhue
2. hirehu
3. hurieh
4. ruehih
5. heriuh
",0,1.0
ehiruh,before,6,3,"1. hirhue
2. hirehu
3. hurieh
4. ruehih
5. heriuh

Now, I will try to decrypt the ciphertext assuming it's a Caesar cipher with different shifts:

1. Decrypting with a left shift of 1: dgqhtg
2. Decrypting with a left shift of 2: cfpgsf
3. Decrypting with a left shift of 3: beofre
4. Decrypting with a left shift of 4: andeqd
5. Decrypting with a left shift of 5: zmcdpc

From the attempts above, it looks like it is more likely to be an anagram rather than a Caesar cipher.",0,1,"1. hirhue
2. hirehu
3. hurieh
4. ruehih
5. heriuh

Now, I will try to decrypt the ciphertext assumin",1,1.0
ehiruh,before,6,3,"1. hirhue
2. hirehu
3. hurieh
4. ruehih
5. heriuh

Now, I will try to decrypt the ciphertext assuming it's a Caesar cipher with different shifts:

1. Decrypting with a left shift of 1: dgqhtg
2. Decrypting with a left shift of 2: cfpgsf
3. Decrypting with a left shift of 3: beofre
4. Decrypting with a left shift of 4: andeqd
5. Decrypting with a left shift of 5: zmcdpc

From the attempts above, it looks like it is more likely to be an anagram rather than a Caesar cipher.",0,2,"1. hirhue
2. hirehu
3. hurieh
4. ruehih
5. heriuh

Now, I will try to decrypt the ciphertext assuming it's a Caesar cipher with different shifts:

1. ",1,1.0
ehiruh,before,6,3,"1. hirhue
2. hirehu
3. hurieh
4. ruehih
5. heriuh

Now, I will try to decrypt the ciphertext assuming it's a Caesar cipher with different shifts:

1. Decrypting with a left shift of 1: dgqhtg
2. Decrypting with a left shift of 2: cfpgsf
3. Decrypting with a left shift of 3: beofre
4. Decrypting with a left shift of 4: andeqd
5. Decrypting with a left shift of 5: zmcdpc

From the attempts above, it looks like it is more likely to be an anagram rather than a Caesar cipher.",0,3,"1. hirhue
2. hirehu
3. hurieh
4. ruehih
5. heriuh

Now, I will try to decrypt the ciphertext assuming it's a Caesar cipher with different shifts:

1. Decrypting with a left shift of 1: dgqhtg
2. Decry",1,1.0
ehiruh,before,6,3,"1. hirhue
2. hirehu
3. hurieh
4. ruehih
5. heriuh

Now, I will try to decrypt the ciphertext assuming it's a Caesar cipher with different shifts:

1. Decrypting with a left shift of 1: dgqhtg
2. Decrypting with a left shift of 2: cfpgsf
3. Decrypting with a left shift of 3: beofre
4. Decrypting with a left shift of 4: andeqd
5. Decrypting with a left shift of 5: zmcdpc

From the attempts above, it looks like it is more likely to be an anagram rather than a Caesar cipher.",0,4,"1. hirhue
2. hirehu
3. hurieh
4. ruehih
5. heriuh

Now, I will try to decrypt the ciphertext assuming it's a Caesar cipher with different shifts:

1. Decrypting with a left shift of 1: dgqhtg
2. Decrypting with a left shift of 2: cfpgsf
3. Decrypting",1,1.0
ehiruh,before,6,3,"1. hirhue
2. hirehu
3. hurieh
4. ruehih
5. heriuh

Now, I will try to decrypt the ciphertext assuming it's a Caesar cipher with different shifts:

1. Decrypting with a left shift of 1: dgqhtg
2. Decrypting with a left shift of 2: cfpgsf
3. Decrypting with a left shift of 3: beofre
4. Decrypting with a left shift of 4: andeqd
5. Decrypting with a left shift of 5: zmcdpc

From the attempts above, it looks like it is more likely to be an anagram rather than a Caesar cipher.",0,5,"1. hirhue
2. hirehu
3. hurieh
4. ruehih
5. heriuh

Now, I will try to decrypt the ciphertext assuming it's a Caesar cipher with different shifts:

1. Decrypting with a left shift of 1: dgqhtg
2. Decrypting with a left shift of 2: cfpgsf
3. Decrypting with a left shift of 3: beofre
4. Decrypting with",1,1.0
ehiruh,before,6,3,"1. hirhue
2. hirehu
3. hurieh
4. ruehih
5. heriuh

Now, I will try to decrypt the ciphertext assuming it's a Caesar cipher with different shifts:

1. Decrypting with a left shift of 1: dgqhtg
2. Decrypting with a left shift of 2: cfpgsf
3. Decrypting with a left shift of 3: beofre
4. Decrypting with a left shift of 4: andeqd
5. Decrypting with a left shift of 5: zmcdpc

From the attempts above, it looks like it is more likely to be an anagram rather than a Caesar cipher.",0,6,"1. hirhue
2. hirehu
3. hurieh
4. ruehih
5. heriuh

Now, I will try to decrypt the ciphertext assuming it's a Caesar cipher with different shifts:

1. Decrypting with a left shift of 1: dgqhtg
2. Decrypting with a left shift of 2: cfpgsf
3. Decrypting with a left shift of 3: beofre
4. Decrypting with a left shift of 4: andeqd
5. Decrypting with a le",1,1.0
ehiruh,before,6,3,"1. hirhue
2. hirehu
3. hurieh
4. ruehih
5. heriuh

Now, I will try to decrypt the ciphertext assuming it's a Caesar cipher with different shifts:

1. Decrypting with a left shift of 1: dgqhtg
2. Decrypting with a left shift of 2: cfpgsf
3. Decrypting with a left shift of 3: beofre
4. Decrypting with a left shift of 4: andeqd
5. Decrypting with a left shift of 5: zmcdpc

From the attempts above, it looks like it is more likely to be an anagram rather than a Caesar cipher.",0,7,"1. hirhue
2. hirehu
3. hurieh
4. ruehih
5. heriuh

Now, I will try to decrypt the ciphertext assuming it's a Caesar cipher with different shifts:

1. Decrypting with a left shift of 1: dgqhtg
2. Decrypting with a left shift of 2: cfpgsf
3. Decrypting with a left shift of 3: beofre
4. Decrypting with a left shift of 4: andeqd
5. Decrypting with a left shift of 5: zmcdpc

From the attempts above, it",1,1.0
ehiruh,before,6,3,"1. hirhue
2. hirehu
3. hurieh
4. ruehih
5. heriuh

Now, I will try to decrypt the ciphertext assuming it's a Caesar cipher with different shifts:

1. Decrypting with a left shift of 1: dgqhtg
2. Decrypting with a left shift of 2: cfpgsf
3. Decrypting with a left shift of 3: beofre
4. Decrypting with a left shift of 4: andeqd
5. Decrypting with a left shift of 5: zmcdpc

From the attempts above, it looks like it is more likely to be an anagram rather than a Caesar cipher.",0,8,"1. hirhue
2. hirehu
3. hurieh
4. ruehih
5. heriuh

Now, I will try to decrypt the ciphertext assuming it's a Caesar cipher with different shifts:

1. Decrypting with a left shift of 1: dgqhtg
2. Decrypting with a left shift of 2: cfpgsf
3. Decrypting with a left shift of 3: beofre
4. Decrypting with a left shift of 4: andeqd
5. Decrypting with a left shift of 5: zmcdpc

From the attempts above, it looks like it is more likely to be an anagram rat",1,1.0
ehiruh,before,6,3,"1. hirhue
2. hirehu
3. hurieh
4. ruehih
5. heriuh

Now, I will try to decrypt the ciphertext assuming it's a Caesar cipher with different shifts:

1. Decrypting with a left shift of 1: dgqhtg
2. Decrypting with a left shift of 2: cfpgsf
3. Decrypting with a left shift of 3: beofre
4. Decrypting with a left shift of 4: andeqd
5. Decrypting with a left shift of 5: zmcdpc

From the attempts above, it looks like it is more likely to be an anagram rather than a Caesar cipher.",0,9,"1. hirhue
2. hirehu
3. hurieh
4. ruehih
5. heriuh

Now, I will try to decrypt the ciphertext assuming it's a Caesar cipher with different shifts:

1. Decrypting with a left shift of 1: dgqhtg
2. Decrypting with a left shift of 2: cfpgsf
3. Decrypting with a left shift of 3: beofre
4. Decrypting with a left shift of 4: andeqd
5. Decrypting with a left shift of 5: zmcdpc

From the attempts above, it looks like it is more likely to be an anagram rather than a Caesar cipher.",1,1.0
irvvlo,fossil,6,3,"1. violr
2. vroil
3. olvri
4. roivl
5. lviro

Next, I will try decrypting the ciphertext using a Caesar cipher with different shifts.

1. Shift 1: hquuk
2. Shift 2: gpttj
3. Shift 3: fossi
4. Shift 4: ernrh
5. Shift 5: dqmqg

None of the attempts as an anagram or decrypting with different Caesar shifts seem to produce a recognizable English word.",0,0,"1. violr
2. vroil
3. olvri
4. roivl
5. lviro

Next",1,0.0
irvvlo,fossil,6,3,"1. violr
2. vroil
3. olvri
4. roivl
5. lviro

Next, I will try decrypting the ciphertext using a Caesar cipher with different shifts.

1. Shift 1: hquuk
2. Shift 2: gpttj
3. Shift 3: fossi
4. Shift 4: ernrh
5. Shift 5: dqmqg

None of the attempts as an anagram or decrypting with different Caesar shifts seem to produce a recognizable English word.",0,1,"1. violr
2. vroil
3. olvri
4. roivl
5. lviro

Next, I will try decrypting the ciphertext using a Cae",1,0.0
irvvlo,fossil,6,3,"1. violr
2. vroil
3. olvri
4. roivl
5. lviro

Next, I will try decrypting the ciphertext using a Caesar cipher with different shifts.

1. Shift 1: hquuk
2. Shift 2: gpttj
3. Shift 3: fossi
4. Shift 4: ernrh
5. Shift 5: dqmqg

None of the attempts as an anagram or decrypting with different Caesar shifts seem to produce a recognizable English word.",0,2,"1. violr
2. vroil
3. olvri
4. roivl
5. lviro

Next, I will try decrypting the ciphertext using a Caesar cipher with different shifts.

1. Shift 1: hqu",1,0.0
irvvlo,fossil,6,3,"1. violr
2. vroil
3. olvri
4. roivl
5. lviro

Next, I will try decrypting the ciphertext using a Caesar cipher with different shifts.

1. Shift 1: hquuk
2. Shift 2: gpttj
3. Shift 3: fossi
4. Shift 4: ernrh
5. Shift 5: dqmqg

None of the attempts as an anagram or decrypting with different Caesar shifts seem to produce a recognizable English word.",0,3,"1. violr
2. vroil
3. olvri
4. roivl
5. lviro

Next, I will try decrypting the ciphertext using a Caesar cipher with different shifts.

1. Shift 1: hquuk
2. Shift 2: gpttj
3. Shift 3: fossi
4. Shift 4:",1,0.0
irvvlo,fossil,6,3,"1. violr
2. vroil
3. olvri
4. roivl
5. lviro

Next, I will try decrypting the ciphertext using a Caesar cipher with different shifts.

1. Shift 1: hquuk
2. Shift 2: gpttj
3. Shift 3: fossi
4. Shift 4: ernrh
5. Shift 5: dqmqg

None of the attempts as an anagram or decrypting with different Caesar shifts seem to produce a recognizable English word.",0,4,"1. violr
2. vroil
3. olvri
4. roivl
5. lviro

Next, I will try decrypting the ciphertext using a Caesar cipher with different shifts.

1. Shift 1: hquuk
2. Shift 2: gpttj
3. Shift 3: fossi
4. Shift 4: ernrh
5. Shift 5: dqmqg

None of the attempts as ",1,0.0
irvvlo,fossil,6,3,"1. violr
2. vroil
3. olvri
4. roivl
5. lviro

Next, I will try decrypting the ciphertext using a Caesar cipher with different shifts.

1. Shift 1: hquuk
2. Shift 2: gpttj
3. Shift 3: fossi
4. Shift 4: ernrh
5. Shift 5: dqmqg

None of the attempts as an anagram or decrypting with different Caesar shifts seem to produce a recognizable English word.",0,5,"1. violr
2. vroil
3. olvri
4. roivl
5. lviro

Next, I will try decrypting the ciphertext using a Caesar cipher with different shifts.

1. Shift 1: hquuk
2. Shift 2: gpttj
3. Shift 3: fossi
4. Shift 4: ernrh
5. Shift 5: dqmqg

None of the attempts as an anagram or decrypting with different Caesar shi",1,0.0
irvvlo,fossil,6,3,"1. violr
2. vroil
3. olvri
4. roivl
5. lviro

Next, I will try decrypting the ciphertext using a Caesar cipher with different shifts.

1. Shift 1: hquuk
2. Shift 2: gpttj
3. Shift 3: fossi
4. Shift 4: ernrh
5. Shift 5: dqmqg

None of the attempts as an anagram or decrypting with different Caesar shifts seem to produce a recognizable English word.",0,6,"1. violr
2. vroil
3. olvri
4. roivl
5. lviro

Next, I will try decrypting the ciphertext using a Caesar cipher with different shifts.

1. Shift 1: hquuk
2. Shift 2: gpttj
3. Shift 3: fossi
4. Shift 4: ernrh
5. Shift 5: dqmqg

None of the attempts as an anagram or decrypting with different Caesar shifts seem to produce a recognizable English word.",1,0.0
dffhvv,access,6,3,"1. dffhvv = dvffhv
2. dffhvv = fdvhvf
3. dffhvv = fvdhfv
4. dffhvv = hffvdv
5. dffhvv = hfdvvf

Since unscrambling as an anagram didn't provide a clear answer, I'll try decrypting it assuming it's a Caesar cipher and trying at least 5 different shifts.

1. Shift 1: ceeguu
2. Shift 2: bddftt
3. Shift 3: access
4. Shift 4: zbbdrr
5. Shift 5: yaacqq

After trying both as an anagram and a Caesar cipher with multiple shifts, the ciphertext ""dffhvv"" remains unclear.",1,0,"1. dffhvv = dvffhv
2. dffhvv = fdvhvf
3. dffhvv = ",0,2.0
dffhvv,access,6,3,"1. dffhvv = dvffhv
2. dffhvv = fdvhvf
3. dffhvv = fvdhfv
4. dffhvv = hffvdv
5. dffhvv = hfdvvf

Since unscrambling as an anagram didn't provide a clear answer, I'll try decrypting it assuming it's a Caesar cipher and trying at least 5 different shifts.

1. Shift 1: ceeguu
2. Shift 2: bddftt
3. Shift 3: access
4. Shift 4: zbbdrr
5. Shift 5: yaacqq

After trying both as an anagram and a Caesar cipher with multiple shifts, the ciphertext ""dffhvv"" remains unclear.",1,1,"1. dffhvv = dvffhv
2. dffhvv = fdvhvf
3. dffhvv = fvdhfv
4. dffhvv = hffvdv
5. dffhvv = hfdvvf

Sinc",0,2.0
dffhvv,access,6,3,"1. dffhvv = dvffhv
2. dffhvv = fdvhvf
3. dffhvv = fvdhfv
4. dffhvv = hffvdv
5. dffhvv = hfdvvf

Since unscrambling as an anagram didn't provide a clear answer, I'll try decrypting it assuming it's a Caesar cipher and trying at least 5 different shifts.

1. Shift 1: ceeguu
2. Shift 2: bddftt
3. Shift 3: access
4. Shift 4: zbbdrr
5. Shift 5: yaacqq

After trying both as an anagram and a Caesar cipher with multiple shifts, the ciphertext ""dffhvv"" remains unclear.",1,2,"1. dffhvv = dvffhv
2. dffhvv = fdvhvf
3. dffhvv = fvdhfv
4. dffhvv = hffvdv
5. dffhvv = hfdvvf

Since unscrambling as an anagram didn't provide a clea",1,2.0
dffhvv,access,6,3,"1. dffhvv = dvffhv
2. dffhvv = fdvhvf
3. dffhvv = fvdhfv
4. dffhvv = hffvdv
5. dffhvv = hfdvvf

Since unscrambling as an anagram didn't provide a clear answer, I'll try decrypting it assuming it's a Caesar cipher and trying at least 5 different shifts.

1. Shift 1: ceeguu
2. Shift 2: bddftt
3. Shift 3: access
4. Shift 4: zbbdrr
5. Shift 5: yaacqq

After trying both as an anagram and a Caesar cipher with multiple shifts, the ciphertext ""dffhvv"" remains unclear.",1,3,"1. dffhvv = dvffhv
2. dffhvv = fdvhvf
3. dffhvv = fvdhfv
4. dffhvv = hffvdv
5. dffhvv = hfdvvf

Since unscrambling as an anagram didn't provide a clear answer, I'll try decrypting it assuming it's a C",1,2.0
dffhvv,access,6,3,"1. dffhvv = dvffhv
2. dffhvv = fdvhvf
3. dffhvv = fvdhfv
4. dffhvv = hffvdv
5. dffhvv = hfdvvf

Since unscrambling as an anagram didn't provide a clear answer, I'll try decrypting it assuming it's a Caesar cipher and trying at least 5 different shifts.

1. Shift 1: ceeguu
2. Shift 2: bddftt
3. Shift 3: access
4. Shift 4: zbbdrr
5. Shift 5: yaacqq

After trying both as an anagram and a Caesar cipher with multiple shifts, the ciphertext ""dffhvv"" remains unclear.",1,4,"1. dffhvv = dvffhv
2. dffhvv = fdvhvf
3. dffhvv = fvdhfv
4. dffhvv = hffvdv
5. dffhvv = hfdvvf

Since unscrambling as an anagram didn't provide a clear answer, I'll try decrypting it assuming it's a Caesar cipher and trying at least 5 different shift",1,2.0
dffhvv,access,6,3,"1. dffhvv = dvffhv
2. dffhvv = fdvhvf
3. dffhvv = fvdhfv
4. dffhvv = hffvdv
5. dffhvv = hfdvvf

Since unscrambling as an anagram didn't provide a clear answer, I'll try decrypting it assuming it's a Caesar cipher and trying at least 5 different shifts.

1. Shift 1: ceeguu
2. Shift 2: bddftt
3. Shift 3: access
4. Shift 4: zbbdrr
5. Shift 5: yaacqq

After trying both as an anagram and a Caesar cipher with multiple shifts, the ciphertext ""dffhvv"" remains unclear.",1,5,"1. dffhvv = dvffhv
2. dffhvv = fdvhvf
3. dffhvv = fvdhfv
4. dffhvv = hffvdv
5. dffhvv = hfdvvf

Since unscrambling as an anagram didn't provide a clear answer, I'll try decrypting it assuming it's a Caesar cipher and trying at least 5 different shifts.

1. Shift 1: ceeguu
2. Shift 2: bddftt
3. Shift",1,2.0
dffhvv,access,6,3,"1. dffhvv = dvffhv
2. dffhvv = fdvhvf
3. dffhvv = fvdhfv
4. dffhvv = hffvdv
5. dffhvv = hfdvvf

Since unscrambling as an anagram didn't provide a clear answer, I'll try decrypting it assuming it's a Caesar cipher and trying at least 5 different shifts.

1. Shift 1: ceeguu
2. Shift 2: bddftt
3. Shift 3: access
4. Shift 4: zbbdrr
5. Shift 5: yaacqq

After trying both as an anagram and a Caesar cipher with multiple shifts, the ciphertext ""dffhvv"" remains unclear.",1,6,"1. dffhvv = dvffhv
2. dffhvv = fdvhvf
3. dffhvv = fvdhfv
4. dffhvv = hffvdv
5. dffhvv = hfdvvf

Since unscrambling as an anagram didn't provide a clear answer, I'll try decrypting it assuming it's a Caesar cipher and trying at least 5 different shifts.

1. Shift 1: ceeguu
2. Shift 2: bddftt
3. Shift 3: access
4. Shift 4: zbbdrr
5. Shift 5: yaacqq

",1,2.0
dffhvv,access,6,3,"1. dffhvv = dvffhv
2. dffhvv = fdvhvf
3. dffhvv = fvdhfv
4. dffhvv = hffvdv
5. dffhvv = hfdvvf

Since unscrambling as an anagram didn't provide a clear answer, I'll try decrypting it assuming it's a Caesar cipher and trying at least 5 different shifts.

1. Shift 1: ceeguu
2. Shift 2: bddftt
3. Shift 3: access
4. Shift 4: zbbdrr
5. Shift 5: yaacqq

After trying both as an anagram and a Caesar cipher with multiple shifts, the ciphertext ""dffhvv"" remains unclear.",1,7,"1. dffhvv = dvffhv
2. dffhvv = fdvhvf
3. dffhvv = fvdhfv
4. dffhvv = hffvdv
5. dffhvv = hfdvvf

Since unscrambling as an anagram didn't provide a clear answer, I'll try decrypting it assuming it's a Caesar cipher and trying at least 5 different shifts.

1. Shift 1: ceeguu
2. Shift 2: bddftt
3. Shift 3: access
4. Shift 4: zbbdrr
5. Shift 5: yaacqq

After trying both as an anagram and a Caesar ciphe",1,2.0
dffhvv,access,6,3,"1. dffhvv = dvffhv
2. dffhvv = fdvhvf
3. dffhvv = fvdhfv
4. dffhvv = hffvdv
5. dffhvv = hfdvvf

Since unscrambling as an anagram didn't provide a clear answer, I'll try decrypting it assuming it's a Caesar cipher and trying at least 5 different shifts.

1. Shift 1: ceeguu
2. Shift 2: bddftt
3. Shift 3: access
4. Shift 4: zbbdrr
5. Shift 5: yaacqq

After trying both as an anagram and a Caesar cipher with multiple shifts, the ciphertext ""dffhvv"" remains unclear.",1,8,"1. dffhvv = dvffhv
2. dffhvv = fdvhvf
3. dffhvv = fvdhfv
4. dffhvv = hffvdv
5. dffhvv = hfdvvf

Since unscrambling as an anagram didn't provide a clear answer, I'll try decrypting it assuming it's a Caesar cipher and trying at least 5 different shifts.

1. Shift 1: ceeguu
2. Shift 2: bddftt
3. Shift 3: access
4. Shift 4: zbbdrr
5. Shift 5: yaacqq

After trying both as an anagram and a Caesar cipher with multiple shifts, the ciphertext ""dffhvv"" re",1,2.0
dffhvv,access,6,3,"1. dffhvv = dvffhv
2. dffhvv = fdvhvf
3. dffhvv = fvdhfv
4. dffhvv = hffvdv
5. dffhvv = hfdvvf

Since unscrambling as an anagram didn't provide a clear answer, I'll try decrypting it assuming it's a Caesar cipher and trying at least 5 different shifts.

1. Shift 1: ceeguu
2. Shift 2: bddftt
3. Shift 3: access
4. Shift 4: zbbdrr
5. Shift 5: yaacqq

After trying both as an anagram and a Caesar cipher with multiple shifts, the ciphertext ""dffhvv"" remains unclear.",1,9,"1. dffhvv = dvffhv
2. dffhvv = fdvhvf
3. dffhvv = fvdhfv
4. dffhvv = hffvdv
5. dffhvv = hfdvvf

Since unscrambling as an anagram didn't provide a clear answer, I'll try decrypting it assuming it's a Caesar cipher and trying at least 5 different shifts.

1. Shift 1: ceeguu
2. Shift 2: bddftt
3. Shift 3: access
4. Shift 4: zbbdrr
5. Shift 5: yaacqq

After trying both as an anagram and a Caesar cipher with multiple shifts, the ciphertext ""dffhvv"" remains unclear.",1,2.0
suhwwb,pretty,6,3,"1. bushes
2. bushw
3. shubw
4. wubhs
5. hsubw

Now, I'll try decrypting the ciphertext using a Caesar cipher with 5 different shifts:
1. Shift 1: rtgvva
2. Shift 2: qsfuuz
3. Shift 3: pretty
4. Shift 4: oqssx
5. Shift 5: nprrw

Among all the attempts, ""pretty"" looks most like a valid English word. So, the decrypted message is ""pretty"".",1,0,"1. bushes
2. bushw
3. shubw
4. wubhs
5. hsubw

Now",1,0.0
suhwwb,pretty,6,3,"1. bushes
2. bushw
3. shubw
4. wubhs
5. hsubw

Now, I'll try decrypting the ciphertext using a Caesar cipher with 5 different shifts:
1. Shift 1: rtgvva
2. Shift 2: qsfuuz
3. Shift 3: pretty
4. Shift 4: oqssx
5. Shift 5: nprrw

Among all the attempts, ""pretty"" looks most like a valid English word. So, the decrypted message is ""pretty"".",1,1,"1. bushes
2. bushw
3. shubw
4. wubhs
5. hsubw

Now, I'll try decrypting the ciphertext using a Caesa",1,0.0
suhwwb,pretty,6,3,"1. bushes
2. bushw
3. shubw
4. wubhs
5. hsubw

Now, I'll try decrypting the ciphertext using a Caesar cipher with 5 different shifts:
1. Shift 1: rtgvva
2. Shift 2: qsfuuz
3. Shift 3: pretty
4. Shift 4: oqssx
5. Shift 5: nprrw

Among all the attempts, ""pretty"" looks most like a valid English word. So, the decrypted message is ""pretty"".",1,2,"1. bushes
2. bushw
3. shubw
4. wubhs
5. hsubw

Now, I'll try decrypting the ciphertext using a Caesar cipher with 5 different shifts:
1. Shift 1: rtgv",1,0.0
suhwwb,pretty,6,3,"1. bushes
2. bushw
3. shubw
4. wubhs
5. hsubw

Now, I'll try decrypting the ciphertext using a Caesar cipher with 5 different shifts:
1. Shift 1: rtgvva
2. Shift 2: qsfuuz
3. Shift 3: pretty
4. Shift 4: oqssx
5. Shift 5: nprrw

Among all the attempts, ""pretty"" looks most like a valid English word. So, the decrypted message is ""pretty"".",1,3,"1. bushes
2. bushw
3. shubw
4. wubhs
5. hsubw

Now, I'll try decrypting the ciphertext using a Caesar cipher with 5 different shifts:
1. Shift 1: rtgvva
2. Shift 2: qsfuuz
3. Shift 3: pretty
4. Shift ",1,0.0
suhwwb,pretty,6,3,"1. bushes
2. bushw
3. shubw
4. wubhs
5. hsubw

Now, I'll try decrypting the ciphertext using a Caesar cipher with 5 different shifts:
1. Shift 1: rtgvva
2. Shift 2: qsfuuz
3. Shift 3: pretty
4. Shift 4: oqssx
5. Shift 5: nprrw

Among all the attempts, ""pretty"" looks most like a valid English word. So, the decrypted message is ""pretty"".",1,4,"1. bushes
2. bushw
3. shubw
4. wubhs
5. hsubw

Now, I'll try decrypting the ciphertext using a Caesar cipher with 5 different shifts:
1. Shift 1: rtgvva
2. Shift 2: qsfuuz
3. Shift 3: pretty
4. Shift 4: oqssx
5. Shift 5: nprrw

Among all the attempts",1,0.0
suhwwb,pretty,6,3,"1. bushes
2. bushw
3. shubw
4. wubhs
5. hsubw

Now, I'll try decrypting the ciphertext using a Caesar cipher with 5 different shifts:
1. Shift 1: rtgvva
2. Shift 2: qsfuuz
3. Shift 3: pretty
4. Shift 4: oqssx
5. Shift 5: nprrw

Among all the attempts, ""pretty"" looks most like a valid English word. So, the decrypted message is ""pretty"".",1,5,"1. bushes
2. bushw
3. shubw
4. wubhs
5. hsubw

Now, I'll try decrypting the ciphertext using a Caesar cipher with 5 different shifts:
1. Shift 1: rtgvva
2. Shift 2: qsfuuz
3. Shift 3: pretty
4. Shift 4: oqssx
5. Shift 5: nprrw

Among all the attempts, ""pretty"" looks most like a valid English word. S",1,0.0
suhwwb,pretty,6,3,"1. bushes
2. bushw
3. shubw
4. wubhs
5. hsubw

Now, I'll try decrypting the ciphertext using a Caesar cipher with 5 different shifts:
1. Shift 1: rtgvva
2. Shift 2: qsfuuz
3. Shift 3: pretty
4. Shift 4: oqssx
5. Shift 5: nprrw

Among all the attempts, ""pretty"" looks most like a valid English word. So, the decrypted message is ""pretty"".",1,6,"1. bushes
2. bushw
3. shubw
4. wubhs
5. hsubw

Now, I'll try decrypting the ciphertext using a Caesar cipher with 5 different shifts:
1. Shift 1: rtgvva
2. Shift 2: qsfuuz
3. Shift 3: pretty
4. Shift 4: oqssx
5. Shift 5: nprrw

Among all the attempts, ""pretty"" looks most like a valid English word. So, the decrypted message is ""pretty"".",1,0.0
vbvwhp,system,6,3,"1. vbvwhp -> pbvhvw
2. vbvwhp -> vwpbvh
3. vbvwhp -> vbwpvh
4. vbvwhp -> vpbwvh
5. vbvwhp -> vhpvwb",0,0,"1. vbvwhp -> pbvhvw
2. vbvwhp -> vwpbvh
3. vbvwhp ",0,
vbvwhp,system,6,3,"1. vbvwhp -> pbvhvw
2. vbvwhp -> vwpbvh
3. vbvwhp -> vbwpvh
4. vbvwhp -> vpbwvh
5. vbvwhp -> vhpvwb",0,1,"1. vbvwhp -> pbvhvw
2. vbvwhp -> vwpbvh
3. vbvwhp -> vbwpvh
4. vbvwhp -> vpbwvh
5. vbvwhp -> vhpvwb",0,
wkrxjk,though,6,3,"1. wkrxjk = jkrxwk
2. wkrxjk = jxwkkr
3. wkrxjk = xrkjkw
4. wkrxjk = jxkwrk
5. wkrxjk = rxjkwk

Since unscrambling did not reveal any English words, I will try decrypting the ciphertext using the Caesar cipher method with a key shift of 1-5.

1. Shift 1: vjqwji
2. Shift 2: uipvih
3. Shift 3: thoog
4. Shift 4: sgnnfi
5. Shift 5: rfmmeh

None of the attempts at decrypting the ciphertext using the Caesar cipher method produced an English word. It's possible that the original word may require a key shift greater than 5. Let me know if you would like me to try more shifts!",0,0,"1. wkrxjk = jkrxwk
2. wkrxjk = jxwkkr
3. wkrxjk = ",0,2.0
wkrxjk,though,6,3,"1. wkrxjk = jkrxwk
2. wkrxjk = jxwkkr
3. wkrxjk = xrkjkw
4. wkrxjk = jxkwrk
5. wkrxjk = rxjkwk

Since unscrambling did not reveal any English words, I will try decrypting the ciphertext using the Caesar cipher method with a key shift of 1-5.

1. Shift 1: vjqwji
2. Shift 2: uipvih
3. Shift 3: thoog
4. Shift 4: sgnnfi
5. Shift 5: rfmmeh

None of the attempts at decrypting the ciphertext using the Caesar cipher method produced an English word. It's possible that the original word may require a key shift greater than 5. Let me know if you would like me to try more shifts!",0,1,"1. wkrxjk = jkrxwk
2. wkrxjk = jxwkkr
3. wkrxjk = xrkjkw
4. wkrxjk = jxkwrk
5. wkrxjk = rxjkwk

Sinc",0,2.0
wkrxjk,though,6,3,"1. wkrxjk = jkrxwk
2. wkrxjk = jxwkkr
3. wkrxjk = xrkjkw
4. wkrxjk = jxkwrk
5. wkrxjk = rxjkwk

Since unscrambling did not reveal any English words, I will try decrypting the ciphertext using the Caesar cipher method with a key shift of 1-5.

1. Shift 1: vjqwji
2. Shift 2: uipvih
3. Shift 3: thoog
4. Shift 4: sgnnfi
5. Shift 5: rfmmeh

None of the attempts at decrypting the ciphertext using the Caesar cipher method produced an English word. It's possible that the original word may require a key shift greater than 5. Let me know if you would like me to try more shifts!",0,2,"1. wkrxjk = jkrxwk
2. wkrxjk = jxwkkr
3. wkrxjk = xrkjkw
4. wkrxjk = jxkwrk
5. wkrxjk = rxjkwk

Since unscrambling did not reveal any English words, I",1,2.0
wkrxjk,though,6,3,"1. wkrxjk = jkrxwk
2. wkrxjk = jxwkkr
3. wkrxjk = xrkjkw
4. wkrxjk = jxkwrk
5. wkrxjk = rxjkwk

Since unscrambling did not reveal any English words, I will try decrypting the ciphertext using the Caesar cipher method with a key shift of 1-5.

1. Shift 1: vjqwji
2. Shift 2: uipvih
3. Shift 3: thoog
4. Shift 4: sgnnfi
5. Shift 5: rfmmeh

None of the attempts at decrypting the ciphertext using the Caesar cipher method produced an English word. It's possible that the original word may require a key shift greater than 5. Let me know if you would like me to try more shifts!",0,3,"1. wkrxjk = jkrxwk
2. wkrxjk = jxwkkr
3. wkrxjk = xrkjkw
4. wkrxjk = jxkwrk
5. wkrxjk = rxjkwk

Since unscrambling did not reveal any English words, I will try decrypting the ciphertext using the Caes",1,2.0
wkrxjk,though,6,3,"1. wkrxjk = jkrxwk
2. wkrxjk = jxwkkr
3. wkrxjk = xrkjkw
4. wkrxjk = jxkwrk
5. wkrxjk = rxjkwk

Since unscrambling did not reveal any English words, I will try decrypting the ciphertext using the Caesar cipher method with a key shift of 1-5.

1. Shift 1: vjqwji
2. Shift 2: uipvih
3. Shift 3: thoog
4. Shift 4: sgnnfi
5. Shift 5: rfmmeh

None of the attempts at decrypting the ciphertext using the Caesar cipher method produced an English word. It's possible that the original word may require a key shift greater than 5. Let me know if you would like me to try more shifts!",0,4,"1. wkrxjk = jkrxwk
2. wkrxjk = jxwkkr
3. wkrxjk = xrkjkw
4. wkrxjk = jxkwrk
5. wkrxjk = rxjkwk

Since unscrambling did not reveal any English words, I will try decrypting the ciphertext using the Caesar cipher method with a key shift of 1-5.

1. Shif",1,2.0
wkrxjk,though,6,3,"1. wkrxjk = jkrxwk
2. wkrxjk = jxwkkr
3. wkrxjk = xrkjkw
4. wkrxjk = jxkwrk
5. wkrxjk = rxjkwk

Since unscrambling did not reveal any English words, I will try decrypting the ciphertext using the Caesar cipher method with a key shift of 1-5.

1. Shift 1: vjqwji
2. Shift 2: uipvih
3. Shift 3: thoog
4. Shift 4: sgnnfi
5. Shift 5: rfmmeh

None of the attempts at decrypting the ciphertext using the Caesar cipher method produced an English word. It's possible that the original word may require a key shift greater than 5. Let me know if you would like me to try more shifts!",0,5,"1. wkrxjk = jkrxwk
2. wkrxjk = jxwkkr
3. wkrxjk = xrkjkw
4. wkrxjk = jxkwrk
5. wkrxjk = rxjkwk

Since unscrambling did not reveal any English words, I will try decrypting the ciphertext using the Caesar cipher method with a key shift of 1-5.

1. Shift 1: vjqwji
2. Shift 2: uipvih
3. Shift 3: thoog
4",1,2.0
wkrxjk,though,6,3,"1. wkrxjk = jkrxwk
2. wkrxjk = jxwkkr
3. wkrxjk = xrkjkw
4. wkrxjk = jxkwrk
5. wkrxjk = rxjkwk

Since unscrambling did not reveal any English words, I will try decrypting the ciphertext using the Caesar cipher method with a key shift of 1-5.

1. Shift 1: vjqwji
2. Shift 2: uipvih
3. Shift 3: thoog
4. Shift 4: sgnnfi
5. Shift 5: rfmmeh

None of the attempts at decrypting the ciphertext using the Caesar cipher method produced an English word. It's possible that the original word may require a key shift greater than 5. Let me know if you would like me to try more shifts!",0,6,"1. wkrxjk = jkrxwk
2. wkrxjk = jxwkkr
3. wkrxjk = xrkjkw
4. wkrxjk = jxkwrk
5. wkrxjk = rxjkwk

Since unscrambling did not reveal any English words, I will try decrypting the ciphertext using the Caesar cipher method with a key shift of 1-5.

1. Shift 1: vjqwji
2. Shift 2: uipvih
3. Shift 3: thoog
4. Shift 4: sgnnfi
5. Shift 5: rfmmeh

None of the ",1,2.0
wkrxjk,though,6,3,"1. wkrxjk = jkrxwk
2. wkrxjk = jxwkkr
3. wkrxjk = xrkjkw
4. wkrxjk = jxkwrk
5. wkrxjk = rxjkwk

Since unscrambling did not reveal any English words, I will try decrypting the ciphertext using the Caesar cipher method with a key shift of 1-5.

1. Shift 1: vjqwji
2. Shift 2: uipvih
3. Shift 3: thoog
4. Shift 4: sgnnfi
5. Shift 5: rfmmeh

None of the attempts at decrypting the ciphertext using the Caesar cipher method produced an English word. It's possible that the original word may require a key shift greater than 5. Let me know if you would like me to try more shifts!",0,7,"1. wkrxjk = jkrxwk
2. wkrxjk = jxwkkr
3. wkrxjk = xrkjkw
4. wkrxjk = jxkwrk
5. wkrxjk = rxjkwk

Since unscrambling did not reveal any English words, I will try decrypting the ciphertext using the Caesar cipher method with a key shift of 1-5.

1. Shift 1: vjqwji
2. Shift 2: uipvih
3. Shift 3: thoog
4. Shift 4: sgnnfi
5. Shift 5: rfmmeh

None of the attempts at decrypting the ciphertext using the Ca",1,2.0
wkrxjk,though,6,3,"1. wkrxjk = jkrxwk
2. wkrxjk = jxwkkr
3. wkrxjk = xrkjkw
4. wkrxjk = jxkwrk
5. wkrxjk = rxjkwk

Since unscrambling did not reveal any English words, I will try decrypting the ciphertext using the Caesar cipher method with a key shift of 1-5.

1. Shift 1: vjqwji
2. Shift 2: uipvih
3. Shift 3: thoog
4. Shift 4: sgnnfi
5. Shift 5: rfmmeh

None of the attempts at decrypting the ciphertext using the Caesar cipher method produced an English word. It's possible that the original word may require a key shift greater than 5. Let me know if you would like me to try more shifts!",0,8,"1. wkrxjk = jkrxwk
2. wkrxjk = jxwkkr
3. wkrxjk = xrkjkw
4. wkrxjk = jxkwrk
5. wkrxjk = rxjkwk

Since unscrambling did not reveal any English words, I will try decrypting the ciphertext using the Caesar cipher method with a key shift of 1-5.

1. Shift 1: vjqwji
2. Shift 2: uipvih
3. Shift 3: thoog
4. Shift 4: sgnnfi
5. Shift 5: rfmmeh

None of the attempts at decrypting the ciphertext using the Caesar cipher method produced an English word. It's ",1,2.0
wkrxjk,though,6,3,"1. wkrxjk = jkrxwk
2. wkrxjk = jxwkkr
3. wkrxjk = xrkjkw
4. wkrxjk = jxkwrk
5. wkrxjk = rxjkwk

Since unscrambling did not reveal any English words, I will try decrypting the ciphertext using the Caesar cipher method with a key shift of 1-5.

1. Shift 1: vjqwji
2. Shift 2: uipvih
3. Shift 3: thoog
4. Shift 4: sgnnfi
5. Shift 5: rfmmeh

None of the attempts at decrypting the ciphertext using the Caesar cipher method produced an English word. It's possible that the original word may require a key shift greater than 5. Let me know if you would like me to try more shifts!",0,9,"1. wkrxjk = jkrxwk
2. wkrxjk = jxwkkr
3. wkrxjk = xrkjkw
4. wkrxjk = jxkwrk
5. wkrxjk = rxjkwk

Since unscrambling did not reveal any English words, I will try decrypting the ciphertext using the Caesar cipher method with a key shift of 1-5.

1. Shift 1: vjqwji
2. Shift 2: uipvih
3. Shift 3: thoog
4. Shift 4: sgnnfi
5. Shift 5: rfmmeh

None of the attempts at decrypting the ciphertext using the Caesar cipher method produced an English word. It's possible that the original word may require a key ",1,2.0
wkrxjk,though,6,3,"1. wkrxjk = jkrxwk
2. wkrxjk = jxwkkr
3. wkrxjk = xrkjkw
4. wkrxjk = jxkwrk
5. wkrxjk = rxjkwk

Since unscrambling did not reveal any English words, I will try decrypting the ciphertext using the Caesar cipher method with a key shift of 1-5.

1. Shift 1: vjqwji
2. Shift 2: uipvih
3. Shift 3: thoog
4. Shift 4: sgnnfi
5. Shift 5: rfmmeh

None of the attempts at decrypting the ciphertext using the Caesar cipher method produced an English word. It's possible that the original word may require a key shift greater than 5. Let me know if you would like me to try more shifts!",0,10,"1. wkrxjk = jkrxwk
2. wkrxjk = jxwkkr
3. wkrxjk = xrkjkw
4. wkrxjk = jxkwrk
5. wkrxjk = rxjkwk

Since unscrambling did not reveal any English words, I will try decrypting the ciphertext using the Caesar cipher method with a key shift of 1-5.

1. Shift 1: vjqwji
2. Shift 2: uipvih
3. Shift 3: thoog
4. Shift 4: sgnnfi
5. Shift 5: rfmmeh

None of the attempts at decrypting the ciphertext using the Caesar cipher method produced an English word. It's possible that the original word may require a key shift greater than 5. Let me know if you would lik",1,2.0
wkrxjk,though,6,3,"1. wkrxjk = jkrxwk
2. wkrxjk = jxwkkr
3. wkrxjk = xrkjkw
4. wkrxjk = jxkwrk
5. wkrxjk = rxjkwk

Since unscrambling did not reveal any English words, I will try decrypting the ciphertext using the Caesar cipher method with a key shift of 1-5.

1. Shift 1: vjqwji
2. Shift 2: uipvih
3. Shift 3: thoog
4. Shift 4: sgnnfi
5. Shift 5: rfmmeh

None of the attempts at decrypting the ciphertext using the Caesar cipher method produced an English word. It's possible that the original word may require a key shift greater than 5. Let me know if you would like me to try more shifts!",0,11,"1. wkrxjk = jkrxwk
2. wkrxjk = jxwkkr
3. wkrxjk = xrkjkw
4. wkrxjk = jxkwrk
5. wkrxjk = rxjkwk

Since unscrambling did not reveal any English words, I will try decrypting the ciphertext using the Caesar cipher method with a key shift of 1-5.

1. Shift 1: vjqwji
2. Shift 2: uipvih
3. Shift 3: thoog
4. Shift 4: sgnnfi
5. Shift 5: rfmmeh

None of the attempts at decrypting the ciphertext using the Caesar cipher method produced an English word. It's possible that the original word may require a key shift greater than 5. Let me know if you would like me to try more shifts!",1,2.0
sulfhv,prices,6,3,"1. shuffle
2. flush
3. flush
4. sluff
5. hulfs

Now I will try decrypting it assuming it's a Caesar cipher with different shifts.

1. Shift 1: trekgu
2. Shift 2: qsdjft
3. Shift 3: proies
4. Shift 4: onnhdr
5. Shift 5: nmmsgq",0,0,"1. shuffle
2. flush
3. flush
4. sluff
5. hulfs

No",0,1.0
sulfhv,prices,6,3,"1. shuffle
2. flush
3. flush
4. sluff
5. hulfs

Now I will try decrypting it assuming it's a Caesar cipher with different shifts.

1. Shift 1: trekgu
2. Shift 2: qsdjft
3. Shift 3: proies
4. Shift 4: onnhdr
5. Shift 5: nmmsgq",0,1,"1. shuffle
2. flush
3. flush
4. sluff
5. hulfs

Now I will try decrypting it assuming it's a Caesar ",1,1.0
sulfhv,prices,6,3,"1. shuffle
2. flush
3. flush
4. sluff
5. hulfs

Now I will try decrypting it assuming it's a Caesar cipher with different shifts.

1. Shift 1: trekgu
2. Shift 2: qsdjft
3. Shift 3: proies
4. Shift 4: onnhdr
5. Shift 5: nmmsgq",0,2,"1. shuffle
2. flush
3. flush
4. sluff
5. hulfs

Now I will try decrypting it assuming it's a Caesar cipher with different shifts.

1. Shift 1: trekgu
",1,1.0
sulfhv,prices,6,3,"1. shuffle
2. flush
3. flush
4. sluff
5. hulfs

Now I will try decrypting it assuming it's a Caesar cipher with different shifts.

1. Shift 1: trekgu
2. Shift 2: qsdjft
3. Shift 3: proies
4. Shift 4: onnhdr
5. Shift 5: nmmsgq",0,3,"1. shuffle
2. flush
3. flush
4. sluff
5. hulfs

Now I will try decrypting it assuming it's a Caesar cipher with different shifts.

1. Shift 1: trekgu
2. Shift 2: qsdjft
3. Shift 3: proies
4. Shift 4: ",1,1.0
sulfhv,prices,6,3,"1. shuffle
2. flush
3. flush
4. sluff
5. hulfs

Now I will try decrypting it assuming it's a Caesar cipher with different shifts.

1. Shift 1: trekgu
2. Shift 2: qsdjft
3. Shift 3: proies
4. Shift 4: onnhdr
5. Shift 5: nmmsgq",0,4,"1. shuffle
2. flush
3. flush
4. sluff
5. hulfs

Now I will try decrypting it assuming it's a Caesar cipher with different shifts.

1. Shift 1: trekgu
2. Shift 2: qsdjft
3. Shift 3: proies
4. Shift 4: onnhdr
5. Shift 5: nmmsgq",1,1.0
uhvxow,result,6,3,"1. ovuhxw
2. hovwux
3. wohxuv
4. xuohvw
5. vuxohw

Now, I'll try decrypting the ciphertext assuming it's a Caesar cipher and test at least 5 different shifts.
1. tgupnv
2. sftomu
3. resnlt
4. qdrmk s
5. pcqljr",0,0,"1. ovuhxw
2. hovwux
3. wohxuv
4. xuohvw
5. vuxohw
",0,1.0
uhvxow,result,6,3,"1. ovuhxw
2. hovwux
3. wohxuv
4. xuohvw
5. vuxohw

Now, I'll try decrypting the ciphertext assuming it's a Caesar cipher and test at least 5 different shifts.
1. tgupnv
2. sftomu
3. resnlt
4. qdrmk s
5. pcqljr",0,1,"1. ovuhxw
2. hovwux
3. wohxuv
4. xuohvw
5. vuxohw

Now, I'll try decrypting the ciphertext assuming ",1,1.0
uhvxow,result,6,3,"1. ovuhxw
2. hovwux
3. wohxuv
4. xuohvw
5. vuxohw

Now, I'll try decrypting the ciphertext assuming it's a Caesar cipher and test at least 5 different shifts.
1. tgupnv
2. sftomu
3. resnlt
4. qdrmk s
5. pcqljr",0,2,"1. ovuhxw
2. hovwux
3. wohxuv
4. xuohvw
5. vuxohw

Now, I'll try decrypting the ciphertext assuming it's a Caesar cipher and test at least 5 different",1,1.0
uhvxow,result,6,3,"1. ovuhxw
2. hovwux
3. wohxuv
4. xuohvw
5. vuxohw

Now, I'll try decrypting the ciphertext assuming it's a Caesar cipher and test at least 5 different shifts.
1. tgupnv
2. sftomu
3. resnlt
4. qdrmk s
5. pcqljr",0,3,"1. ovuhxw
2. hovwux
3. wohxuv
4. xuohvw
5. vuxohw

Now, I'll try decrypting the ciphertext assuming it's a Caesar cipher and test at least 5 different shifts.
1. tgupnv
2. sftomu
3. resnlt
4. qdrmk s
",1,1.0
uhvxow,result,6,3,"1. ovuhxw
2. hovwux
3. wohxuv
4. xuohvw
5. vuxohw

Now, I'll try decrypting the ciphertext assuming it's a Caesar cipher and test at least 5 different shifts.
1. tgupnv
2. sftomu
3. resnlt
4. qdrmk s
5. pcqljr",0,4,"1. ovuhxw
2. hovwux
3. wohxuv
4. xuohvw
5. vuxohw

Now, I'll try decrypting the ciphertext assuming it's a Caesar cipher and test at least 5 different shifts.
1. tgupnv
2. sftomu
3. resnlt
4. qdrmk s
5. pcqljr",1,1.0
srvlqj,posing,6,3,"1. srvlqj -> jrqlvs
2. srvlqj -> jqlsrv
3. srvlqj -> lqjvsr
4. srvlqj -> vqjrls
5. srvlqj -> lrsqjv

Next, I'll try decrypting the ciphertext using a Caesar cipher with different shifts.
1. Caesar shift of 1:
srvlqj -> rqukpi
2. Caesar shift of 2:
srvlqj -> qtpjoh
3. Caesar shift of 3:
srvlqj -> psniog
4. Caesar shift of 4:
srvlqj -> ormhnf
5. Caesar shift of 5:
srvlqj -> nqlgme

None of these attempts have revealed a meaningful English word, so I will continue to try more Caesar cipher shifts.",0,0,"1. srvlqj -> jrqlvs
2. srvlqj -> jqlsrv
3. srvlqj ",0,2.0
srvlqj,posing,6,3,"1. srvlqj -> jrqlvs
2. srvlqj -> jqlsrv
3. srvlqj -> lqjvsr
4. srvlqj -> vqjrls
5. srvlqj -> lrsqjv

Next, I'll try decrypting the ciphertext using a Caesar cipher with different shifts.
1. Caesar shift of 1:
srvlqj -> rqukpi
2. Caesar shift of 2:
srvlqj -> qtpjoh
3. Caesar shift of 3:
srvlqj -> psniog
4. Caesar shift of 4:
srvlqj -> ormhnf
5. Caesar shift of 5:
srvlqj -> nqlgme

None of these attempts have revealed a meaningful English word, so I will continue to try more Caesar cipher shifts.",0,1,"1. srvlqj -> jrqlvs
2. srvlqj -> jqlsrv
3. srvlqj -> lqjvsr
4. srvlqj -> vqjrls
5. srvlqj -> lrsqjv
",0,2.0
srvlqj,posing,6,3,"1. srvlqj -> jrqlvs
2. srvlqj -> jqlsrv
3. srvlqj -> lqjvsr
4. srvlqj -> vqjrls
5. srvlqj -> lrsqjv

Next, I'll try decrypting the ciphertext using a Caesar cipher with different shifts.
1. Caesar shift of 1:
srvlqj -> rqukpi
2. Caesar shift of 2:
srvlqj -> qtpjoh
3. Caesar shift of 3:
srvlqj -> psniog
4. Caesar shift of 4:
srvlqj -> ormhnf
5. Caesar shift of 5:
srvlqj -> nqlgme

None of these attempts have revealed a meaningful English word, so I will continue to try more Caesar cipher shifts.",0,2,"1. srvlqj -> jrqlvs
2. srvlqj -> jqlsrv
3. srvlqj -> lqjvsr
4. srvlqj -> vqjrls
5. srvlqj -> lrsqjv

Next, I'll try decrypting the ciphertext using a ",1,2.0
srvlqj,posing,6,3,"1. srvlqj -> jrqlvs
2. srvlqj -> jqlsrv
3. srvlqj -> lqjvsr
4. srvlqj -> vqjrls
5. srvlqj -> lrsqjv

Next, I'll try decrypting the ciphertext using a Caesar cipher with different shifts.
1. Caesar shift of 1:
srvlqj -> rqukpi
2. Caesar shift of 2:
srvlqj -> qtpjoh
3. Caesar shift of 3:
srvlqj -> psniog
4. Caesar shift of 4:
srvlqj -> ormhnf
5. Caesar shift of 5:
srvlqj -> nqlgme

None of these attempts have revealed a meaningful English word, so I will continue to try more Caesar cipher shifts.",0,3,"1. srvlqj -> jrqlvs
2. srvlqj -> jqlsrv
3. srvlqj -> lqjvsr
4. srvlqj -> vqjrls
5. srvlqj -> lrsqjv

Next, I'll try decrypting the ciphertext using a Caesar cipher with different shifts.
1. Caesar shi",1,2.0
srvlqj,posing,6,3,"1. srvlqj -> jrqlvs
2. srvlqj -> jqlsrv
3. srvlqj -> lqjvsr
4. srvlqj -> vqjrls
5. srvlqj -> lrsqjv

Next, I'll try decrypting the ciphertext using a Caesar cipher with different shifts.
1. Caesar shift of 1:
srvlqj -> rqukpi
2. Caesar shift of 2:
srvlqj -> qtpjoh
3. Caesar shift of 3:
srvlqj -> psniog
4. Caesar shift of 4:
srvlqj -> ormhnf
5. Caesar shift of 5:
srvlqj -> nqlgme

None of these attempts have revealed a meaningful English word, so I will continue to try more Caesar cipher shifts.",0,4,"1. srvlqj -> jrqlvs
2. srvlqj -> jqlsrv
3. srvlqj -> lqjvsr
4. srvlqj -> vqjrls
5. srvlqj -> lrsqjv

Next, I'll try decrypting the ciphertext using a Caesar cipher with different shifts.
1. Caesar shift of 1:
srvlqj -> rqukpi
2. Caesar shift of 2:
sr",1,2.0
srvlqj,posing,6,3,"1. srvlqj -> jrqlvs
2. srvlqj -> jqlsrv
3. srvlqj -> lqjvsr
4. srvlqj -> vqjrls
5. srvlqj -> lrsqjv

Next, I'll try decrypting the ciphertext using a Caesar cipher with different shifts.
1. Caesar shift of 1:
srvlqj -> rqukpi
2. Caesar shift of 2:
srvlqj -> qtpjoh
3. Caesar shift of 3:
srvlqj -> psniog
4. Caesar shift of 4:
srvlqj -> ormhnf
5. Caesar shift of 5:
srvlqj -> nqlgme

None of these attempts have revealed a meaningful English word, so I will continue to try more Caesar cipher shifts.",0,5,"1. srvlqj -> jrqlvs
2. srvlqj -> jqlsrv
3. srvlqj -> lqjvsr
4. srvlqj -> vqjrls
5. srvlqj -> lrsqjv

Next, I'll try decrypting the ciphertext using a Caesar cipher with different shifts.
1. Caesar shift of 1:
srvlqj -> rqukpi
2. Caesar shift of 2:
srvlqj -> qtpjoh
3. Caesar shift of 3:
srvlqj -> psn",1,2.0
srvlqj,posing,6,3,"1. srvlqj -> jrqlvs
2. srvlqj -> jqlsrv
3. srvlqj -> lqjvsr
4. srvlqj -> vqjrls
5. srvlqj -> lrsqjv

Next, I'll try decrypting the ciphertext using a Caesar cipher with different shifts.
1. Caesar shift of 1:
srvlqj -> rqukpi
2. Caesar shift of 2:
srvlqj -> qtpjoh
3. Caesar shift of 3:
srvlqj -> psniog
4. Caesar shift of 4:
srvlqj -> ormhnf
5. Caesar shift of 5:
srvlqj -> nqlgme

None of these attempts have revealed a meaningful English word, so I will continue to try more Caesar cipher shifts.",0,6,"1. srvlqj -> jrqlvs
2. srvlqj -> jqlsrv
3. srvlqj -> lqjvsr
4. srvlqj -> vqjrls
5. srvlqj -> lrsqjv

Next, I'll try decrypting the ciphertext using a Caesar cipher with different shifts.
1. Caesar shift of 1:
srvlqj -> rqukpi
2. Caesar shift of 2:
srvlqj -> qtpjoh
3. Caesar shift of 3:
srvlqj -> psniog
4. Caesar shift of 4:
srvlqj -> ormhnf
5. Caes",1,2.0
srvlqj,posing,6,3,"1. srvlqj -> jrqlvs
2. srvlqj -> jqlsrv
3. srvlqj -> lqjvsr
4. srvlqj -> vqjrls
5. srvlqj -> lrsqjv

Next, I'll try decrypting the ciphertext using a Caesar cipher with different shifts.
1. Caesar shift of 1:
srvlqj -> rqukpi
2. Caesar shift of 2:
srvlqj -> qtpjoh
3. Caesar shift of 3:
srvlqj -> psniog
4. Caesar shift of 4:
srvlqj -> ormhnf
5. Caesar shift of 5:
srvlqj -> nqlgme

None of these attempts have revealed a meaningful English word, so I will continue to try more Caesar cipher shifts.",0,7,"1. srvlqj -> jrqlvs
2. srvlqj -> jqlsrv
3. srvlqj -> lqjvsr
4. srvlqj -> vqjrls
5. srvlqj -> lrsqjv

Next, I'll try decrypting the ciphertext using a Caesar cipher with different shifts.
1. Caesar shift of 1:
srvlqj -> rqukpi
2. Caesar shift of 2:
srvlqj -> qtpjoh
3. Caesar shift of 3:
srvlqj -> psniog
4. Caesar shift of 4:
srvlqj -> ormhnf
5. Caesar shift of 5:
srvlqj -> nqlgme

None of these att",1,2.0
srvlqj,posing,6,3,"1. srvlqj -> jrqlvs
2. srvlqj -> jqlsrv
3. srvlqj -> lqjvsr
4. srvlqj -> vqjrls
5. srvlqj -> lrsqjv

Next, I'll try decrypting the ciphertext using a Caesar cipher with different shifts.
1. Caesar shift of 1:
srvlqj -> rqukpi
2. Caesar shift of 2:
srvlqj -> qtpjoh
3. Caesar shift of 3:
srvlqj -> psniog
4. Caesar shift of 4:
srvlqj -> ormhnf
5. Caesar shift of 5:
srvlqj -> nqlgme

None of these attempts have revealed a meaningful English word, so I will continue to try more Caesar cipher shifts.",0,8,"1. srvlqj -> jrqlvs
2. srvlqj -> jqlsrv
3. srvlqj -> lqjvsr
4. srvlqj -> vqjrls
5. srvlqj -> lrsqjv

Next, I'll try decrypting the ciphertext using a Caesar cipher with different shifts.
1. Caesar shift of 1:
srvlqj -> rqukpi
2. Caesar shift of 2:
srvlqj -> qtpjoh
3. Caesar shift of 3:
srvlqj -> psniog
4. Caesar shift of 4:
srvlqj -> ormhnf
5. Caesar shift of 5:
srvlqj -> nqlgme

None of these attempts have revealed a meaningful English word, so ",1,2.0
srvlqj,posing,6,3,"1. srvlqj -> jrqlvs
2. srvlqj -> jqlsrv
3. srvlqj -> lqjvsr
4. srvlqj -> vqjrls
5. srvlqj -> lrsqjv

Next, I'll try decrypting the ciphertext using a Caesar cipher with different shifts.
1. Caesar shift of 1:
srvlqj -> rqukpi
2. Caesar shift of 2:
srvlqj -> qtpjoh
3. Caesar shift of 3:
srvlqj -> psniog
4. Caesar shift of 4:
srvlqj -> ormhnf
5. Caesar shift of 5:
srvlqj -> nqlgme

None of these attempts have revealed a meaningful English word, so I will continue to try more Caesar cipher shifts.",0,9,"1. srvlqj -> jrqlvs
2. srvlqj -> jqlsrv
3. srvlqj -> lqjvsr
4. srvlqj -> vqjrls
5. srvlqj -> lrsqjv

Next, I'll try decrypting the ciphertext using a Caesar cipher with different shifts.
1. Caesar shift of 1:
srvlqj -> rqukpi
2. Caesar shift of 2:
srvlqj -> qtpjoh
3. Caesar shift of 3:
srvlqj -> psniog
4. Caesar shift of 4:
srvlqj -> ormhnf
5. Caesar shift of 5:
srvlqj -> nqlgme

None of these attempts have revealed a meaningful English word, so I will continue to try more Caesar cipher shifts.",1,2.0
qsfmpi,mobile,6,4,"1. qsfmpi = misfqp
2. qsfmpi = impqfs
3. qsfmpi = fqsmpi
4. qsfmpi = qmpisf
5. qsfmpi = sfqimp

Now, I will try to decrypt the ciphertext using a Caesar cipher with different shifts.

1. Shift 1:
qsfmpi -> prepared

2. Shift 2:
qsfmpi -> orednex

3. Shift 3:
qsfmpi -> nqdmdw

4. Shift 4:
qsfmpi -> mpc-lv

5. Shift 5:
qsfmpi -> lobaku

After trying both anagram and Caesar cipher approaches, it seems like the word ""prepared"" fits the ciphertext ""qsfmpi"" when decrypted using Caesar shift 1.",0,0,"1. qsfmpi = misfqp
2. qsfmpi = impqfs
3. qsfmpi = ",0,1.0
qsfmpi,mobile,6,4,"1. qsfmpi = misfqp
2. qsfmpi = impqfs
3. qsfmpi = fqsmpi
4. qsfmpi = qmpisf
5. qsfmpi = sfqimp

Now, I will try to decrypt the ciphertext using a Caesar cipher with different shifts.

1. Shift 1:
qsfmpi -> prepared

2. Shift 2:
qsfmpi -> orednex

3. Shift 3:
qsfmpi -> nqdmdw

4. Shift 4:
qsfmpi -> mpc-lv

5. Shift 5:
qsfmpi -> lobaku

After trying both anagram and Caesar cipher approaches, it seems like the word ""prepared"" fits the ciphertext ""qsfmpi"" when decrypted using Caesar shift 1.",0,1,"1. qsfmpi = misfqp
2. qsfmpi = impqfs
3. qsfmpi = fqsmpi
4. qsfmpi = qmpisf
5. qsfmpi = sfqimp

Now,",1,1.0
qsfmpi,mobile,6,4,"1. qsfmpi = misfqp
2. qsfmpi = impqfs
3. qsfmpi = fqsmpi
4. qsfmpi = qmpisf
5. qsfmpi = sfqimp

Now, I will try to decrypt the ciphertext using a Caesar cipher with different shifts.

1. Shift 1:
qsfmpi -> prepared

2. Shift 2:
qsfmpi -> orednex

3. Shift 3:
qsfmpi -> nqdmdw

4. Shift 4:
qsfmpi -> mpc-lv

5. Shift 5:
qsfmpi -> lobaku

After trying both anagram and Caesar cipher approaches, it seems like the word ""prepared"" fits the ciphertext ""qsfmpi"" when decrypted using Caesar shift 1.",0,2,"1. qsfmpi = misfqp
2. qsfmpi = impqfs
3. qsfmpi = fqsmpi
4. qsfmpi = qmpisf
5. qsfmpi = sfqimp

Now, I will try to decrypt the ciphertext using a Caes",1,1.0
qsfmpi,mobile,6,4,"1. qsfmpi = misfqp
2. qsfmpi = impqfs
3. qsfmpi = fqsmpi
4. qsfmpi = qmpisf
5. qsfmpi = sfqimp

Now, I will try to decrypt the ciphertext using a Caesar cipher with different shifts.

1. Shift 1:
qsfmpi -> prepared

2. Shift 2:
qsfmpi -> orednex

3. Shift 3:
qsfmpi -> nqdmdw

4. Shift 4:
qsfmpi -> mpc-lv

5. Shift 5:
qsfmpi -> lobaku

After trying both anagram and Caesar cipher approaches, it seems like the word ""prepared"" fits the ciphertext ""qsfmpi"" when decrypted using Caesar shift 1.",0,3,"1. qsfmpi = misfqp
2. qsfmpi = impqfs
3. qsfmpi = fqsmpi
4. qsfmpi = qmpisf
5. qsfmpi = sfqimp

Now, I will try to decrypt the ciphertext using a Caesar cipher with different shifts.

1. Shift 1:
qsfm",1,1.0
qsfmpi,mobile,6,4,"1. qsfmpi = misfqp
2. qsfmpi = impqfs
3. qsfmpi = fqsmpi
4. qsfmpi = qmpisf
5. qsfmpi = sfqimp

Now, I will try to decrypt the ciphertext using a Caesar cipher with different shifts.

1. Shift 1:
qsfmpi -> prepared

2. Shift 2:
qsfmpi -> orednex

3. Shift 3:
qsfmpi -> nqdmdw

4. Shift 4:
qsfmpi -> mpc-lv

5. Shift 5:
qsfmpi -> lobaku

After trying both anagram and Caesar cipher approaches, it seems like the word ""prepared"" fits the ciphertext ""qsfmpi"" when decrypted using Caesar shift 1.",0,4,"1. qsfmpi = misfqp
2. qsfmpi = impqfs
3. qsfmpi = fqsmpi
4. qsfmpi = qmpisf
5. qsfmpi = sfqimp

Now, I will try to decrypt the ciphertext using a Caesar cipher with different shifts.

1. Shift 1:
qsfmpi -> prepared

2. Shift 2:
qsfmpi -> orednex

3. ",1,1.0
qsfmpi,mobile,6,4,"1. qsfmpi = misfqp
2. qsfmpi = impqfs
3. qsfmpi = fqsmpi
4. qsfmpi = qmpisf
5. qsfmpi = sfqimp

Now, I will try to decrypt the ciphertext using a Caesar cipher with different shifts.

1. Shift 1:
qsfmpi -> prepared

2. Shift 2:
qsfmpi -> orednex

3. Shift 3:
qsfmpi -> nqdmdw

4. Shift 4:
qsfmpi -> mpc-lv

5. Shift 5:
qsfmpi -> lobaku

After trying both anagram and Caesar cipher approaches, it seems like the word ""prepared"" fits the ciphertext ""qsfmpi"" when decrypted using Caesar shift 1.",0,5,"1. qsfmpi = misfqp
2. qsfmpi = impqfs
3. qsfmpi = fqsmpi
4. qsfmpi = qmpisf
5. qsfmpi = sfqimp

Now, I will try to decrypt the ciphertext using a Caesar cipher with different shifts.

1. Shift 1:
qsfmpi -> prepared

2. Shift 2:
qsfmpi -> orednex

3. Shift 3:
qsfmpi -> nqdmdw

4. Shift 4:
qsfmpi -> m",1,1.0
qsfmpi,mobile,6,4,"1. qsfmpi = misfqp
2. qsfmpi = impqfs
3. qsfmpi = fqsmpi
4. qsfmpi = qmpisf
5. qsfmpi = sfqimp

Now, I will try to decrypt the ciphertext using a Caesar cipher with different shifts.

1. Shift 1:
qsfmpi -> prepared

2. Shift 2:
qsfmpi -> orednex

3. Shift 3:
qsfmpi -> nqdmdw

4. Shift 4:
qsfmpi -> mpc-lv

5. Shift 5:
qsfmpi -> lobaku

After trying both anagram and Caesar cipher approaches, it seems like the word ""prepared"" fits the ciphertext ""qsfmpi"" when decrypted using Caesar shift 1.",0,6,"1. qsfmpi = misfqp
2. qsfmpi = impqfs
3. qsfmpi = fqsmpi
4. qsfmpi = qmpisf
5. qsfmpi = sfqimp

Now, I will try to decrypt the ciphertext using a Caesar cipher with different shifts.

1. Shift 1:
qsfmpi -> prepared

2. Shift 2:
qsfmpi -> orednex

3. Shift 3:
qsfmpi -> nqdmdw

4. Shift 4:
qsfmpi -> mpc-lv

5. Shift 5:
qsfmpi -> lobaku

After trying ",1,1.0
qsfmpi,mobile,6,4,"1. qsfmpi = misfqp
2. qsfmpi = impqfs
3. qsfmpi = fqsmpi
4. qsfmpi = qmpisf
5. qsfmpi = sfqimp

Now, I will try to decrypt the ciphertext using a Caesar cipher with different shifts.

1. Shift 1:
qsfmpi -> prepared

2. Shift 2:
qsfmpi -> orednex

3. Shift 3:
qsfmpi -> nqdmdw

4. Shift 4:
qsfmpi -> mpc-lv

5. Shift 5:
qsfmpi -> lobaku

After trying both anagram and Caesar cipher approaches, it seems like the word ""prepared"" fits the ciphertext ""qsfmpi"" when decrypted using Caesar shift 1.",0,7,"1. qsfmpi = misfqp
2. qsfmpi = impqfs
3. qsfmpi = fqsmpi
4. qsfmpi = qmpisf
5. qsfmpi = sfqimp

Now, I will try to decrypt the ciphertext using a Caesar cipher with different shifts.

1. Shift 1:
qsfmpi -> prepared

2. Shift 2:
qsfmpi -> orednex

3. Shift 3:
qsfmpi -> nqdmdw

4. Shift 4:
qsfmpi -> mpc-lv

5. Shift 5:
qsfmpi -> lobaku

After trying both anagram and Caesar cipher approaches, it seem",1,1.0
qsfmpi,mobile,6,4,"1. qsfmpi = misfqp
2. qsfmpi = impqfs
3. qsfmpi = fqsmpi
4. qsfmpi = qmpisf
5. qsfmpi = sfqimp

Now, I will try to decrypt the ciphertext using a Caesar cipher with different shifts.

1. Shift 1:
qsfmpi -> prepared

2. Shift 2:
qsfmpi -> orednex

3. Shift 3:
qsfmpi -> nqdmdw

4. Shift 4:
qsfmpi -> mpc-lv

5. Shift 5:
qsfmpi -> lobaku

After trying both anagram and Caesar cipher approaches, it seems like the word ""prepared"" fits the ciphertext ""qsfmpi"" when decrypted using Caesar shift 1.",0,8,"1. qsfmpi = misfqp
2. qsfmpi = impqfs
3. qsfmpi = fqsmpi
4. qsfmpi = qmpisf
5. qsfmpi = sfqimp

Now, I will try to decrypt the ciphertext using a Caesar cipher with different shifts.

1. Shift 1:
qsfmpi -> prepared

2. Shift 2:
qsfmpi -> orednex

3. Shift 3:
qsfmpi -> nqdmdw

4. Shift 4:
qsfmpi -> mpc-lv

5. Shift 5:
qsfmpi -> lobaku

After trying both anagram and Caesar cipher approaches, it seems like the word ""prepared"" fits the ciphertext ""qs",1,1.0
qsfmpi,mobile,6,4,"1. qsfmpi = misfqp
2. qsfmpi = impqfs
3. qsfmpi = fqsmpi
4. qsfmpi = qmpisf
5. qsfmpi = sfqimp

Now, I will try to decrypt the ciphertext using a Caesar cipher with different shifts.

1. Shift 1:
qsfmpi -> prepared

2. Shift 2:
qsfmpi -> orednex

3. Shift 3:
qsfmpi -> nqdmdw

4. Shift 4:
qsfmpi -> mpc-lv

5. Shift 5:
qsfmpi -> lobaku

After trying both anagram and Caesar cipher approaches, it seems like the word ""prepared"" fits the ciphertext ""qsfmpi"" when decrypted using Caesar shift 1.",0,9,"1. qsfmpi = misfqp
2. qsfmpi = impqfs
3. qsfmpi = fqsmpi
4. qsfmpi = qmpisf
5. qsfmpi = sfqimp

Now, I will try to decrypt the ciphertext using a Caesar cipher with different shifts.

1. Shift 1:
qsfmpi -> prepared

2. Shift 2:
qsfmpi -> orednex

3. Shift 3:
qsfmpi -> nqdmdw

4. Shift 4:
qsfmpi -> mpc-lv

5. Shift 5:
qsfmpi -> lobaku

After trying both anagram and Caesar cipher approaches, it seems like the word ""prepared"" fits the ciphertext ""qsfmpi"" when decrypted using Caesar shift 1.",1,1.0
pmxxpi,little,6,4,"1. mpxxpi
2. mxxpix
3. ppxmix
4. xmpxpi
5. xppmix

Now, I will try decrypting the ciphertext using a Caesar cipher with 5 different shift values:
1. Shift 1: olwwoh
2. Shift 2: nkvvng
3. Shift 3: muuuof
4. Shift 4: lttnme
5. Shift 5: kssmld

Based on these attempts, it looks like the ciphertext ""pmxxpi"" does not form a recognizable word either as an anagram or as a Caesar cipher.",0,0,"1. mpxxpi
2. mxxpix
3. ppxmix
4. xmpxpi
5. xppmix
",0,1.0
pmxxpi,little,6,4,"1. mpxxpi
2. mxxpix
3. ppxmix
4. xmpxpi
5. xppmix

Now, I will try decrypting the ciphertext using a Caesar cipher with 5 different shift values:
1. Shift 1: olwwoh
2. Shift 2: nkvvng
3. Shift 3: muuuof
4. Shift 4: lttnme
5. Shift 5: kssmld

Based on these attempts, it looks like the ciphertext ""pmxxpi"" does not form a recognizable word either as an anagram or as a Caesar cipher.",0,1,"1. mpxxpi
2. mxxpix
3. ppxmix
4. xmpxpi
5. xppmix

Now, I will try decrypting the ciphertext using a",1,1.0
pmxxpi,little,6,4,"1. mpxxpi
2. mxxpix
3. ppxmix
4. xmpxpi
5. xppmix

Now, I will try decrypting the ciphertext using a Caesar cipher with 5 different shift values:
1. Shift 1: olwwoh
2. Shift 2: nkvvng
3. Shift 3: muuuof
4. Shift 4: lttnme
5. Shift 5: kssmld

Based on these attempts, it looks like the ciphertext ""pmxxpi"" does not form a recognizable word either as an anagram or as a Caesar cipher.",0,2,"1. mpxxpi
2. mxxpix
3. ppxmix
4. xmpxpi
5. xppmix

Now, I will try decrypting the ciphertext using a Caesar cipher with 5 different shift values:
1. S",1,1.0
pmxxpi,little,6,4,"1. mpxxpi
2. mxxpix
3. ppxmix
4. xmpxpi
5. xppmix

Now, I will try decrypting the ciphertext using a Caesar cipher with 5 different shift values:
1. Shift 1: olwwoh
2. Shift 2: nkvvng
3. Shift 3: muuuof
4. Shift 4: lttnme
5. Shift 5: kssmld

Based on these attempts, it looks like the ciphertext ""pmxxpi"" does not form a recognizable word either as an anagram or as a Caesar cipher.",0,3,"1. mpxxpi
2. mxxpix
3. ppxmix
4. xmpxpi
5. xppmix

Now, I will try decrypting the ciphertext using a Caesar cipher with 5 different shift values:
1. Shift 1: olwwoh
2. Shift 2: nkvvng
3. Shift 3: muuu",1,1.0
pmxxpi,little,6,4,"1. mpxxpi
2. mxxpix
3. ppxmix
4. xmpxpi
5. xppmix

Now, I will try decrypting the ciphertext using a Caesar cipher with 5 different shift values:
1. Shift 1: olwwoh
2. Shift 2: nkvvng
3. Shift 3: muuuof
4. Shift 4: lttnme
5. Shift 5: kssmld

Based on these attempts, it looks like the ciphertext ""pmxxpi"" does not form a recognizable word either as an anagram or as a Caesar cipher.",0,4,"1. mpxxpi
2. mxxpix
3. ppxmix
4. xmpxpi
5. xppmix

Now, I will try decrypting the ciphertext using a Caesar cipher with 5 different shift values:
1. Shift 1: olwwoh
2. Shift 2: nkvvng
3. Shift 3: muuuof
4. Shift 4: lttnme
5. Shift 5: kssmld

Based on",1,1.0
pmxxpi,little,6,4,"1. mpxxpi
2. mxxpix
3. ppxmix
4. xmpxpi
5. xppmix

Now, I will try decrypting the ciphertext using a Caesar cipher with 5 different shift values:
1. Shift 1: olwwoh
2. Shift 2: nkvvng
3. Shift 3: muuuof
4. Shift 4: lttnme
5. Shift 5: kssmld

Based on these attempts, it looks like the ciphertext ""pmxxpi"" does not form a recognizable word either as an anagram or as a Caesar cipher.",0,5,"1. mpxxpi
2. mxxpix
3. ppxmix
4. xmpxpi
5. xppmix

Now, I will try decrypting the ciphertext using a Caesar cipher with 5 different shift values:
1. Shift 1: olwwoh
2. Shift 2: nkvvng
3. Shift 3: muuuof
4. Shift 4: lttnme
5. Shift 5: kssmld

Based on these attempts, it looks like the ciphertext ""pmx",1,1.0
pmxxpi,little,6,4,"1. mpxxpi
2. mxxpix
3. ppxmix
4. xmpxpi
5. xppmix

Now, I will try decrypting the ciphertext using a Caesar cipher with 5 different shift values:
1. Shift 1: olwwoh
2. Shift 2: nkvvng
3. Shift 3: muuuof
4. Shift 4: lttnme
5. Shift 5: kssmld

Based on these attempts, it looks like the ciphertext ""pmxxpi"" does not form a recognizable word either as an anagram or as a Caesar cipher.",0,6,"1. mpxxpi
2. mxxpix
3. ppxmix
4. xmpxpi
5. xppmix

Now, I will try decrypting the ciphertext using a Caesar cipher with 5 different shift values:
1. Shift 1: olwwoh
2. Shift 2: nkvvng
3. Shift 3: muuuof
4. Shift 4: lttnme
5. Shift 5: kssmld

Based on these attempts, it looks like the ciphertext ""pmxxpi"" does not form a recognizable word either as a",1,1.0
pmxxpi,little,6,4,"1. mpxxpi
2. mxxpix
3. ppxmix
4. xmpxpi
5. xppmix

Now, I will try decrypting the ciphertext using a Caesar cipher with 5 different shift values:
1. Shift 1: olwwoh
2. Shift 2: nkvvng
3. Shift 3: muuuof
4. Shift 4: lttnme
5. Shift 5: kssmld

Based on these attempts, it looks like the ciphertext ""pmxxpi"" does not form a recognizable word either as an anagram or as a Caesar cipher.",0,7,"1. mpxxpi
2. mxxpix
3. ppxmix
4. xmpxpi
5. xppmix

Now, I will try decrypting the ciphertext using a Caesar cipher with 5 different shift values:
1. Shift 1: olwwoh
2. Shift 2: nkvvng
3. Shift 3: muuuof
4. Shift 4: lttnme
5. Shift 5: kssmld

Based on these attempts, it looks like the ciphertext ""pmxxpi"" does not form a recognizable word either as an anagram or as a Caesar cipher.",1,1.0
sjjivw,offers,6,4,"1. jwsivj
2. jswijv
3. sivjjw
4. sjvjwi
5. jisjvw",0,0,"1. jwsivj
2. jswijv
3. sivjjw
4. sjvjwi
5. jisjvw",0,
ijjigx,effect,6,4,"1. jigjii
2. jiiijg
3. gxijii
4. iiggij
5. iijjgi

Now, I will try decrypting the ciphertext using a Caesar cipher with a shift of 1-5:

1. Shift 1: hiihfw
2. Shift 2: ghhgev
3. Shift 3: fggfdu
4. Shift 4: effect
5. Shift 5: ddedds

Based on the attempts, it looks like ""effect"" is the most plausible English word.",1,0,"1. jigjii
2. jiiijg
3. gxijii
4. iiggij
5. iijjgi
",0,1.0
ijjigx,effect,6,4,"1. jigjii
2. jiiijg
3. gxijii
4. iiggij
5. iijjgi

Now, I will try decrypting the ciphertext using a Caesar cipher with a shift of 1-5:

1. Shift 1: hiihfw
2. Shift 2: ghhgev
3. Shift 3: fggfdu
4. Shift 4: effect
5. Shift 5: ddedds

Based on the attempts, it looks like ""effect"" is the most plausible English word.",1,1,"1. jigjii
2. jiiijg
3. gxijii
4. iiggij
5. iijjgi

Now, I will try decrypting the ciphertext using a",1,1.0
ijjigx,effect,6,4,"1. jigjii
2. jiiijg
3. gxijii
4. iiggij
5. iijjgi

Now, I will try decrypting the ciphertext using a Caesar cipher with a shift of 1-5:

1. Shift 1: hiihfw
2. Shift 2: ghhgev
3. Shift 3: fggfdu
4. Shift 4: effect
5. Shift 5: ddedds

Based on the attempts, it looks like ""effect"" is the most plausible English word.",1,2,"1. jigjii
2. jiiijg
3. gxijii
4. iiggij
5. iijjgi

Now, I will try decrypting the ciphertext using a Caesar cipher with a shift of 1-5:

1. Shift 1: h",1,1.0
ijjigx,effect,6,4,"1. jigjii
2. jiiijg
3. gxijii
4. iiggij
5. iijjgi

Now, I will try decrypting the ciphertext using a Caesar cipher with a shift of 1-5:

1. Shift 1: hiihfw
2. Shift 2: ghhgev
3. Shift 3: fggfdu
4. Shift 4: effect
5. Shift 5: ddedds

Based on the attempts, it looks like ""effect"" is the most plausible English word.",1,3,"1. jigjii
2. jiiijg
3. gxijii
4. iiggij
5. iijjgi

Now, I will try decrypting the ciphertext using a Caesar cipher with a shift of 1-5:

1. Shift 1: hiihfw
2. Shift 2: ghhgev
3. Shift 3: fggfdu
4. Shi",1,1.0
ijjigx,effect,6,4,"1. jigjii
2. jiiijg
3. gxijii
4. iiggij
5. iijjgi

Now, I will try decrypting the ciphertext using a Caesar cipher with a shift of 1-5:

1. Shift 1: hiihfw
2. Shift 2: ghhgev
3. Shift 3: fggfdu
4. Shift 4: effect
5. Shift 5: ddedds

Based on the attempts, it looks like ""effect"" is the most plausible English word.",1,4,"1. jigjii
2. jiiijg
3. gxijii
4. iiggij
5. iijjgi

Now, I will try decrypting the ciphertext using a Caesar cipher with a shift of 1-5:

1. Shift 1: hiihfw
2. Shift 2: ghhgev
3. Shift 3: fggfdu
4. Shift 4: effect
5. Shift 5: ddedds

Based on the atte",1,1.0
ijjigx,effect,6,4,"1. jigjii
2. jiiijg
3. gxijii
4. iiggij
5. iijjgi

Now, I will try decrypting the ciphertext using a Caesar cipher with a shift of 1-5:

1. Shift 1: hiihfw
2. Shift 2: ghhgev
3. Shift 3: fggfdu
4. Shift 4: effect
5. Shift 5: ddedds

Based on the attempts, it looks like ""effect"" is the most plausible English word.",1,5,"1. jigjii
2. jiiijg
3. gxijii
4. iiggij
5. iijjgi

Now, I will try decrypting the ciphertext using a Caesar cipher with a shift of 1-5:

1. Shift 1: hiihfw
2. Shift 2: ghhgev
3. Shift 3: fggfdu
4. Shift 4: effect
5. Shift 5: ddedds

Based on the attempts, it looks like ""effect"" is the most plausible",1,1.0
ijjigx,effect,6,4,"1. jigjii
2. jiiijg
3. gxijii
4. iiggij
5. iijjgi

Now, I will try decrypting the ciphertext using a Caesar cipher with a shift of 1-5:

1. Shift 1: hiihfw
2. Shift 2: ghhgev
3. Shift 3: fggfdu
4. Shift 4: effect
5. Shift 5: ddedds

Based on the attempts, it looks like ""effect"" is the most plausible English word.",1,6,"1. jigjii
2. jiiijg
3. gxijii
4. iiggij
5. iijjgi

Now, I will try decrypting the ciphertext using a Caesar cipher with a shift of 1-5:

1. Shift 1: hiihfw
2. Shift 2: ghhgev
3. Shift 3: fggfdu
4. Shift 4: effect
5. Shift 5: ddedds

Based on the attempts, it looks like ""effect"" is the most plausible English word.",1,1.0
wletiw,shapes,6,4,"1. twilight
2. wilite or wiltie 
3. wittle
4. witlei
5. wileti

Since none of the anagram attempts make a valid English word, I will now try decrypting the ciphertext using a Caesar cipher with different shifts.

Shift 1:
vkdthv
Shift 2:
ujcsgu
Shift 3:
tibrft
Shift 4:
shaqes
Shift 5:
rgzpdr

None of the Caesar cipher decrypt attempts reveal a valid English word either.",0,0,"1. twilight
2. wilite or wiltie 
3. wittle
4. witl",0,1.0
wletiw,shapes,6,4,"1. twilight
2. wilite or wiltie 
3. wittle
4. witlei
5. wileti

Since none of the anagram attempts make a valid English word, I will now try decrypting the ciphertext using a Caesar cipher with different shifts.

Shift 1:
vkdthv
Shift 2:
ujcsgu
Shift 3:
tibrft
Shift 4:
shaqes
Shift 5:
rgzpdr

None of the Caesar cipher decrypt attempts reveal a valid English word either.",0,1,"1. twilight
2. wilite or wiltie 
3. wittle
4. witlei
5. wileti

Since none of the anagram attempts m",1,1.0
wletiw,shapes,6,4,"1. twilight
2. wilite or wiltie 
3. wittle
4. witlei
5. wileti

Since none of the anagram attempts make a valid English word, I will now try decrypting the ciphertext using a Caesar cipher with different shifts.

Shift 1:
vkdthv
Shift 2:
ujcsgu
Shift 3:
tibrft
Shift 4:
shaqes
Shift 5:
rgzpdr

None of the Caesar cipher decrypt attempts reveal a valid English word either.",0,2,"1. twilight
2. wilite or wiltie 
3. wittle
4. witlei
5. wileti

Since none of the anagram attempts make a valid English word, I will now try decryptin",1,1.0
wletiw,shapes,6,4,"1. twilight
2. wilite or wiltie 
3. wittle
4. witlei
5. wileti

Since none of the anagram attempts make a valid English word, I will now try decrypting the ciphertext using a Caesar cipher with different shifts.

Shift 1:
vkdthv
Shift 2:
ujcsgu
Shift 3:
tibrft
Shift 4:
shaqes
Shift 5:
rgzpdr

None of the Caesar cipher decrypt attempts reveal a valid English word either.",0,3,"1. twilight
2. wilite or wiltie 
3. wittle
4. witlei
5. wileti

Since none of the anagram attempts make a valid English word, I will now try decrypting the ciphertext using a Caesar cipher with differ",1,1.0
wletiw,shapes,6,4,"1. twilight
2. wilite or wiltie 
3. wittle
4. witlei
5. wileti

Since none of the anagram attempts make a valid English word, I will now try decrypting the ciphertext using a Caesar cipher with different shifts.

Shift 1:
vkdthv
Shift 2:
ujcsgu
Shift 3:
tibrft
Shift 4:
shaqes
Shift 5:
rgzpdr

None of the Caesar cipher decrypt attempts reveal a valid English word either.",0,4,"1. twilight
2. wilite or wiltie 
3. wittle
4. witlei
5. wileti

Since none of the anagram attempts make a valid English word, I will now try decrypting the ciphertext using a Caesar cipher with different shifts.

Shift 1:
vkdthv
Shift 2:
ujcsgu
Shift",1,1.0
wletiw,shapes,6,4,"1. twilight
2. wilite or wiltie 
3. wittle
4. witlei
5. wileti

Since none of the anagram attempts make a valid English word, I will now try decrypting the ciphertext using a Caesar cipher with different shifts.

Shift 1:
vkdthv
Shift 2:
ujcsgu
Shift 3:
tibrft
Shift 4:
shaqes
Shift 5:
rgzpdr

None of the Caesar cipher decrypt attempts reveal a valid English word either.",0,5,"1. twilight
2. wilite or wiltie 
3. wittle
4. witlei
5. wileti

Since none of the anagram attempts make a valid English word, I will now try decrypting the ciphertext using a Caesar cipher with different shifts.

Shift 1:
vkdthv
Shift 2:
ujcsgu
Shift 3:
tibrft
Shift 4:
shaqes
Shift 5:
rgzpdr

None o",1,1.0
wletiw,shapes,6,4,"1. twilight
2. wilite or wiltie 
3. wittle
4. witlei
5. wileti

Since none of the anagram attempts make a valid English word, I will now try decrypting the ciphertext using a Caesar cipher with different shifts.

Shift 1:
vkdthv
Shift 2:
ujcsgu
Shift 3:
tibrft
Shift 4:
shaqes
Shift 5:
rgzpdr

None of the Caesar cipher decrypt attempts reveal a valid English word either.",0,6,"1. twilight
2. wilite or wiltie 
3. wittle
4. witlei
5. wileti

Since none of the anagram attempts make a valid English word, I will now try decrypting the ciphertext using a Caesar cipher with different shifts.

Shift 1:
vkdthv
Shift 2:
ujcsgu
Shift 3:
tibrft
Shift 4:
shaqes
Shift 5:
rgzpdr

None of the Caesar cipher decrypt attempts reveal a vali",1,1.0
wletiw,shapes,6,4,"1. twilight
2. wilite or wiltie 
3. wittle
4. witlei
5. wileti

Since none of the anagram attempts make a valid English word, I will now try decrypting the ciphertext using a Caesar cipher with different shifts.

Shift 1:
vkdthv
Shift 2:
ujcsgu
Shift 3:
tibrft
Shift 4:
shaqes
Shift 5:
rgzpdr

None of the Caesar cipher decrypt attempts reveal a valid English word either.",0,7,"1. twilight
2. wilite or wiltie 
3. wittle
4. witlei
5. wileti

Since none of the anagram attempts make a valid English word, I will now try decrypting the ciphertext using a Caesar cipher with different shifts.

Shift 1:
vkdthv
Shift 2:
ujcsgu
Shift 3:
tibrft
Shift 4:
shaqes
Shift 5:
rgzpdr

None of the Caesar cipher decrypt attempts reveal a valid English word either.",1,1.0
evsyrh,around,6,4,"1. hyvers
2. reshvy
3. verysh
4. shvery
5. shevyr",0,0,"1. hyvers
2. reshvy
3. verysh
4. shvery
5. shevyr",0,
fixxiv,better,6,4,"Possible anagrams:
1. fivix
2. xivif
3. xiixfv
4. vxfiix
5. ivifix

Now, I will try to decrypt the ciphertext assuming it's a Caesar cipher and try at least 5 different shifts:

1. Shift 1: ehwwhu
2. Shift 2: dgvvgt
3. Shift 3: cfuufs
4. Shift 4: bettre
5. Shift 5: adssqd

It seems that decrypting the ciphertext as a Caesar cipher did not yield any meaningful word.",0,0,"Possible anagrams:
1. fivix
2. xivif
3. xiixfv
4. ",0,1.0
fixxiv,better,6,4,"Possible anagrams:
1. fivix
2. xivif
3. xiixfv
4. vxfiix
5. ivifix

Now, I will try to decrypt the ciphertext assuming it's a Caesar cipher and try at least 5 different shifts:

1. Shift 1: ehwwhu
2. Shift 2: dgvvgt
3. Shift 3: cfuufs
4. Shift 4: bettre
5. Shift 5: adssqd

It seems that decrypting the ciphertext as a Caesar cipher did not yield any meaningful word.",0,1,"Possible anagrams:
1. fivix
2. xivif
3. xiixfv
4. vxfiix
5. ivifix

Now, I will try to decrypt the c",1,1.0
fixxiv,better,6,4,"Possible anagrams:
1. fivix
2. xivif
3. xiixfv
4. vxfiix
5. ivifix

Now, I will try to decrypt the ciphertext assuming it's a Caesar cipher and try at least 5 different shifts:

1. Shift 1: ehwwhu
2. Shift 2: dgvvgt
3. Shift 3: cfuufs
4. Shift 4: bettre
5. Shift 5: adssqd

It seems that decrypting the ciphertext as a Caesar cipher did not yield any meaningful word.",0,2,"Possible anagrams:
1. fivix
2. xivif
3. xiixfv
4. vxfiix
5. ivifix

Now, I will try to decrypt the ciphertext assuming it's a Caesar cipher and try at",1,1.0
fixxiv,better,6,4,"Possible anagrams:
1. fivix
2. xivif
3. xiixfv
4. vxfiix
5. ivifix

Now, I will try to decrypt the ciphertext assuming it's a Caesar cipher and try at least 5 different shifts:

1. Shift 1: ehwwhu
2. Shift 2: dgvvgt
3. Shift 3: cfuufs
4. Shift 4: bettre
5. Shift 5: adssqd

It seems that decrypting the ciphertext as a Caesar cipher did not yield any meaningful word.",0,3,"Possible anagrams:
1. fivix
2. xivif
3. xiixfv
4. vxfiix
5. ivifix

Now, I will try to decrypt the ciphertext assuming it's a Caesar cipher and try at least 5 different shifts:

1. Shift 1: ehwwhu
2. ",1,1.0
fixxiv,better,6,4,"Possible anagrams:
1. fivix
2. xivif
3. xiixfv
4. vxfiix
5. ivifix

Now, I will try to decrypt the ciphertext assuming it's a Caesar cipher and try at least 5 different shifts:

1. Shift 1: ehwwhu
2. Shift 2: dgvvgt
3. Shift 3: cfuufs
4. Shift 4: bettre
5. Shift 5: adssqd

It seems that decrypting the ciphertext as a Caesar cipher did not yield any meaningful word.",0,4,"Possible anagrams:
1. fivix
2. xivif
3. xiixfv
4. vxfiix
5. ivifix

Now, I will try to decrypt the ciphertext assuming it's a Caesar cipher and try at least 5 different shifts:

1. Shift 1: ehwwhu
2. Shift 2: dgvvgt
3. Shift 3: cfuufs
4. Shift 4: bet",1,1.0
fixxiv,better,6,4,"Possible anagrams:
1. fivix
2. xivif
3. xiixfv
4. vxfiix
5. ivifix

Now, I will try to decrypt the ciphertext assuming it's a Caesar cipher and try at least 5 different shifts:

1. Shift 1: ehwwhu
2. Shift 2: dgvvgt
3. Shift 3: cfuufs
4. Shift 4: bettre
5. Shift 5: adssqd

It seems that decrypting the ciphertext as a Caesar cipher did not yield any meaningful word.",0,5,"Possible anagrams:
1. fivix
2. xivif
3. xiixfv
4. vxfiix
5. ivifix

Now, I will try to decrypt the ciphertext assuming it's a Caesar cipher and try at least 5 different shifts:

1. Shift 1: ehwwhu
2. Shift 2: dgvvgt
3. Shift 3: cfuufs
4. Shift 4: bettre
5. Shift 5: adssqd

It seems that decrypting t",1,1.0
fixxiv,better,6,4,"Possible anagrams:
1. fivix
2. xivif
3. xiixfv
4. vxfiix
5. ivifix

Now, I will try to decrypt the ciphertext assuming it's a Caesar cipher and try at least 5 different shifts:

1. Shift 1: ehwwhu
2. Shift 2: dgvvgt
3. Shift 3: cfuufs
4. Shift 4: bettre
5. Shift 5: adssqd

It seems that decrypting the ciphertext as a Caesar cipher did not yield any meaningful word.",0,6,"Possible anagrams:
1. fivix
2. xivif
3. xiixfv
4. vxfiix
5. ivifix

Now, I will try to decrypt the ciphertext assuming it's a Caesar cipher and try at least 5 different shifts:

1. Shift 1: ehwwhu
2. Shift 2: dgvvgt
3. Shift 3: cfuufs
4. Shift 4: bettre
5. Shift 5: adssqd

It seems that decrypting the ciphertext as a Caesar cipher did not yield any",1,1.0
fixxiv,better,6,4,"Possible anagrams:
1. fivix
2. xivif
3. xiixfv
4. vxfiix
5. ivifix

Now, I will try to decrypt the ciphertext assuming it's a Caesar cipher and try at least 5 different shifts:

1. Shift 1: ehwwhu
2. Shift 2: dgvvgt
3. Shift 3: cfuufs
4. Shift 4: bettre
5. Shift 5: adssqd

It seems that decrypting the ciphertext as a Caesar cipher did not yield any meaningful word.",0,7,"Possible anagrams:
1. fivix
2. xivif
3. xiixfv
4. vxfiix
5. ivifix

Now, I will try to decrypt the ciphertext assuming it's a Caesar cipher and try at least 5 different shifts:

1. Shift 1: ehwwhu
2. Shift 2: dgvvgt
3. Shift 3: cfuufs
4. Shift 4: bettre
5. Shift 5: adssqd

It seems that decrypting the ciphertext as a Caesar cipher did not yield any meaningful word.",1,1.0
viwypx,result,6,4,"1. pixyvw
2. wixypv
3. yipxvw
4. pxivyw
5. vywipx

Since unscrambling as an anagram did not provide a clear English word, let's try decrypting it with a Caesar cipher using at least 5 different shifts.

Shift 1: uhvxow
Shift 2: tugwnv
Shift 3: stfvmu
Shift 4: rseult
Shift 5: qrdtks

None of the shifts revealed an English word, so it is possible that the word might not be a simple substitution cipher.",0,0,"1. pixyvw
2. wixypv
3. yipxvw
4. pxivyw
5. vywipx
",0,1.0
viwypx,result,6,4,"1. pixyvw
2. wixypv
3. yipxvw
4. pxivyw
5. vywipx

Since unscrambling as an anagram did not provide a clear English word, let's try decrypting it with a Caesar cipher using at least 5 different shifts.

Shift 1: uhvxow
Shift 2: tugwnv
Shift 3: stfvmu
Shift 4: rseult
Shift 5: qrdtks

None of the shifts revealed an English word, so it is possible that the word might not be a simple substitution cipher.",0,1,"1. pixyvw
2. wixypv
3. yipxvw
4. pxivyw
5. vywipx

Since unscrambling as an anagram did not provide ",1,1.0
viwypx,result,6,4,"1. pixyvw
2. wixypv
3. yipxvw
4. pxivyw
5. vywipx

Since unscrambling as an anagram did not provide a clear English word, let's try decrypting it with a Caesar cipher using at least 5 different shifts.

Shift 1: uhvxow
Shift 2: tugwnv
Shift 3: stfvmu
Shift 4: rseult
Shift 5: qrdtks

None of the shifts revealed an English word, so it is possible that the word might not be a simple substitution cipher.",0,2,"1. pixyvw
2. wixypv
3. yipxvw
4. pxivyw
5. vywipx

Since unscrambling as an anagram did not provide a clear English word, let's try decrypting it with",1,1.0
viwypx,result,6,4,"1. pixyvw
2. wixypv
3. yipxvw
4. pxivyw
5. vywipx

Since unscrambling as an anagram did not provide a clear English word, let's try decrypting it with a Caesar cipher using at least 5 different shifts.

Shift 1: uhvxow
Shift 2: tugwnv
Shift 3: stfvmu
Shift 4: rseult
Shift 5: qrdtks

None of the shifts revealed an English word, so it is possible that the word might not be a simple substitution cipher.",0,3,"1. pixyvw
2. wixypv
3. yipxvw
4. pxivyw
5. vywipx

Since unscrambling as an anagram did not provide a clear English word, let's try decrypting it with a Caesar cipher using at least 5 different shifts",1,1.0
viwypx,result,6,4,"1. pixyvw
2. wixypv
3. yipxvw
4. pxivyw
5. vywipx

Since unscrambling as an anagram did not provide a clear English word, let's try decrypting it with a Caesar cipher using at least 5 different shifts.

Shift 1: uhvxow
Shift 2: tugwnv
Shift 3: stfvmu
Shift 4: rseult
Shift 5: qrdtks

None of the shifts revealed an English word, so it is possible that the word might not be a simple substitution cipher.",0,4,"1. pixyvw
2. wixypv
3. yipxvw
4. pxivyw
5. vywipx

Since unscrambling as an anagram did not provide a clear English word, let's try decrypting it with a Caesar cipher using at least 5 different shifts.

Shift 1: uhvxow
Shift 2: tugwnv
Shift 3: stfvmu",1,1.0
viwypx,result,6,4,"1. pixyvw
2. wixypv
3. yipxvw
4. pxivyw
5. vywipx

Since unscrambling as an anagram did not provide a clear English word, let's try decrypting it with a Caesar cipher using at least 5 different shifts.

Shift 1: uhvxow
Shift 2: tugwnv
Shift 3: stfvmu
Shift 4: rseult
Shift 5: qrdtks

None of the shifts revealed an English word, so it is possible that the word might not be a simple substitution cipher.",0,5,"1. pixyvw
2. wixypv
3. yipxvw
4. pxivyw
5. vywipx

Since unscrambling as an anagram did not provide a clear English word, let's try decrypting it with a Caesar cipher using at least 5 different shifts.

Shift 1: uhvxow
Shift 2: tugwnv
Shift 3: stfvmu
Shift 4: rseult
Shift 5: qrdtks

None of the shif",1,1.0
viwypx,result,6,4,"1. pixyvw
2. wixypv
3. yipxvw
4. pxivyw
5. vywipx

Since unscrambling as an anagram did not provide a clear English word, let's try decrypting it with a Caesar cipher using at least 5 different shifts.

Shift 1: uhvxow
Shift 2: tugwnv
Shift 3: stfvmu
Shift 4: rseult
Shift 5: qrdtks

None of the shifts revealed an English word, so it is possible that the word might not be a simple substitution cipher.",0,6,"1. pixyvw
2. wixypv
3. yipxvw
4. pxivyw
5. vywipx

Since unscrambling as an anagram did not provide a clear English word, let's try decrypting it with a Caesar cipher using at least 5 different shifts.

Shift 1: uhvxow
Shift 2: tugwnv
Shift 3: stfvmu
Shift 4: rseult
Shift 5: qrdtks

None of the shifts revealed an English word, so it is possible tha",1,1.0
viwypx,result,6,4,"1. pixyvw
2. wixypv
3. yipxvw
4. pxivyw
5. vywipx

Since unscrambling as an anagram did not provide a clear English word, let's try decrypting it with a Caesar cipher using at least 5 different shifts.

Shift 1: uhvxow
Shift 2: tugwnv
Shift 3: stfvmu
Shift 4: rseult
Shift 5: qrdtks

None of the shifts revealed an English word, so it is possible that the word might not be a simple substitution cipher.",0,7,"1. pixyvw
2. wixypv
3. yipxvw
4. pxivyw
5. vywipx

Since unscrambling as an anagram did not provide a clear English word, let's try decrypting it with a Caesar cipher using at least 5 different shifts.

Shift 1: uhvxow
Shift 2: tugwnv
Shift 3: stfvmu
Shift 4: rseult
Shift 5: qrdtks

None of the shifts revealed an English word, so it is possible that the word might not be a simple substitution ciph",1,1.0
viwypx,result,6,4,"1. pixyvw
2. wixypv
3. yipxvw
4. pxivyw
5. vywipx

Since unscrambling as an anagram did not provide a clear English word, let's try decrypting it with a Caesar cipher using at least 5 different shifts.

Shift 1: uhvxow
Shift 2: tugwnv
Shift 3: stfvmu
Shift 4: rseult
Shift 5: qrdtks

None of the shifts revealed an English word, so it is possible that the word might not be a simple substitution cipher.",0,8,"1. pixyvw
2. wixypv
3. yipxvw
4. pxivyw
5. vywipx

Since unscrambling as an anagram did not provide a clear English word, let's try decrypting it with a Caesar cipher using at least 5 different shifts.

Shift 1: uhvxow
Shift 2: tugwnv
Shift 3: stfvmu
Shift 4: rseult
Shift 5: qrdtks

None of the shifts revealed an English word, so it is possible that the word might not be a simple substitution cipher.",1,1.0
ryqfiv,number,6,4,"1. verify
2. fiery
3. ivory
4. fivry
5. qirvy

Since unscrambling as an anagram did not reveal any clear English word, I will now try to decrypt it using different Caesar cipher shifts. 

1. Shift 1: qxpehu
2. Shift 2: pwodgt
3. Shift 3: ovncfs
4. Shift 4: number
5. Shift 5: mtlads

The decryption with a Caesar cipher shift of 4 results in the English word ""number.""",1,0,"1. verify
2. fiery
3. ivory
4. fivry
5. qirvy

Sin",0,1.0
ryqfiv,number,6,4,"1. verify
2. fiery
3. ivory
4. fivry
5. qirvy

Since unscrambling as an anagram did not reveal any clear English word, I will now try to decrypt it using different Caesar cipher shifts. 

1. Shift 1: qxpehu
2. Shift 2: pwodgt
3. Shift 3: ovncfs
4. Shift 4: number
5. Shift 5: mtlads

The decryption with a Caesar cipher shift of 4 results in the English word ""number.""",1,1,"1. verify
2. fiery
3. ivory
4. fivry
5. qirvy

Since unscrambling as an anagram did not reveal any c",1,1.0
ryqfiv,number,6,4,"1. verify
2. fiery
3. ivory
4. fivry
5. qirvy

Since unscrambling as an anagram did not reveal any clear English word, I will now try to decrypt it using different Caesar cipher shifts. 

1. Shift 1: qxpehu
2. Shift 2: pwodgt
3. Shift 3: ovncfs
4. Shift 4: number
5. Shift 5: mtlads

The decryption with a Caesar cipher shift of 4 results in the English word ""number.""",1,2,"1. verify
2. fiery
3. ivory
4. fivry
5. qirvy

Since unscrambling as an anagram did not reveal any clear English word, I will now try to decrypt it us",1,1.0
ryqfiv,number,6,4,"1. verify
2. fiery
3. ivory
4. fivry
5. qirvy

Since unscrambling as an anagram did not reveal any clear English word, I will now try to decrypt it using different Caesar cipher shifts. 

1. Shift 1: qxpehu
2. Shift 2: pwodgt
3. Shift 3: ovncfs
4. Shift 4: number
5. Shift 5: mtlads

The decryption with a Caesar cipher shift of 4 results in the English word ""number.""",1,3,"1. verify
2. fiery
3. ivory
4. fivry
5. qirvy

Since unscrambling as an anagram did not reveal any clear English word, I will now try to decrypt it using different Caesar cipher shifts. 

1. Shift 1: ",1,1.0
ryqfiv,number,6,4,"1. verify
2. fiery
3. ivory
4. fivry
5. qirvy

Since unscrambling as an anagram did not reveal any clear English word, I will now try to decrypt it using different Caesar cipher shifts. 

1. Shift 1: qxpehu
2. Shift 2: pwodgt
3. Shift 3: ovncfs
4. Shift 4: number
5. Shift 5: mtlads

The decryption with a Caesar cipher shift of 4 results in the English word ""number.""",1,4,"1. verify
2. fiery
3. ivory
4. fivry
5. qirvy

Since unscrambling as an anagram did not reveal any clear English word, I will now try to decrypt it using different Caesar cipher shifts. 

1. Shift 1: qxpehu
2. Shift 2: pwodgt
3. Shift 3: ovncfs
4. Sh",1,1.0
ryqfiv,number,6,4,"1. verify
2. fiery
3. ivory
4. fivry
5. qirvy

Since unscrambling as an anagram did not reveal any clear English word, I will now try to decrypt it using different Caesar cipher shifts. 

1. Shift 1: qxpehu
2. Shift 2: pwodgt
3. Shift 3: ovncfs
4. Shift 4: number
5. Shift 5: mtlads

The decryption with a Caesar cipher shift of 4 results in the English word ""number.""",1,5,"1. verify
2. fiery
3. ivory
4. fivry
5. qirvy

Since unscrambling as an anagram did not reveal any clear English word, I will now try to decrypt it using different Caesar cipher shifts. 

1. Shift 1: qxpehu
2. Shift 2: pwodgt
3. Shift 3: ovncfs
4. Shift 4: number
5. Shift 5: mtlads

The decryption w",1,1.0
ryqfiv,number,6,4,"1. verify
2. fiery
3. ivory
4. fivry
5. qirvy

Since unscrambling as an anagram did not reveal any clear English word, I will now try to decrypt it using different Caesar cipher shifts. 

1. Shift 1: qxpehu
2. Shift 2: pwodgt
3. Shift 3: ovncfs
4. Shift 4: number
5. Shift 5: mtlads

The decryption with a Caesar cipher shift of 4 results in the English word ""number.""",1,6,"1. verify
2. fiery
3. ivory
4. fivry
5. qirvy

Since unscrambling as an anagram did not reveal any clear English word, I will now try to decrypt it using different Caesar cipher shifts. 

1. Shift 1: qxpehu
2. Shift 2: pwodgt
3. Shift 3: ovncfs
4. Shift 4: number
5. Shift 5: mtlads

The decryption with a Caesar cipher shift of 4 results in the Engl",1,1.0
ryqfiv,number,6,4,"1. verify
2. fiery
3. ivory
4. fivry
5. qirvy

Since unscrambling as an anagram did not reveal any clear English word, I will now try to decrypt it using different Caesar cipher shifts. 

1. Shift 1: qxpehu
2. Shift 2: pwodgt
3. Shift 3: ovncfs
4. Shift 4: number
5. Shift 5: mtlads

The decryption with a Caesar cipher shift of 4 results in the English word ""number.""",1,7,"1. verify
2. fiery
3. ivory
4. fivry
5. qirvy

Since unscrambling as an anagram did not reveal any clear English word, I will now try to decrypt it using different Caesar cipher shifts. 

1. Shift 1: qxpehu
2. Shift 2: pwodgt
3. Shift 3: ovncfs
4. Shift 4: number
5. Shift 5: mtlads

The decryption with a Caesar cipher shift of 4 results in the English word ""number.""",1,1.0
xmwwyi,tissue,6,4,"1. mixwy
2. myixw
3. iwymx
4. wimxy
5. ymxiw

Now, I will try to decrypt the ciphertext using different Caesar shifts:
1. Shift 1: wlvvxh
2. Shift 2: kluuwg
3. Shift 3: jkttvf
4. Shift 4: ijsseu
5. Shift 5: hirrt

After trying multiple anagram combinations and Caesar shifts, it seems that the original word may not be easily deciphered.",0,0,"1. mixwy
2. myixw
3. iwymx
4. wimxy
5. ymxiw

Now,",1,0.0
xmwwyi,tissue,6,4,"1. mixwy
2. myixw
3. iwymx
4. wimxy
5. ymxiw

Now, I will try to decrypt the ciphertext using different Caesar shifts:
1. Shift 1: wlvvxh
2. Shift 2: kluuwg
3. Shift 3: jkttvf
4. Shift 4: ijsseu
5. Shift 5: hirrt

After trying multiple anagram combinations and Caesar shifts, it seems that the original word may not be easily deciphered.",0,1,"1. mixwy
2. myixw
3. iwymx
4. wimxy
5. ymxiw

Now, I will try to decrypt the ciphertext using differ",1,0.0
xmwwyi,tissue,6,4,"1. mixwy
2. myixw
3. iwymx
4. wimxy
5. ymxiw

Now, I will try to decrypt the ciphertext using different Caesar shifts:
1. Shift 1: wlvvxh
2. Shift 2: kluuwg
3. Shift 3: jkttvf
4. Shift 4: ijsseu
5. Shift 5: hirrt

After trying multiple anagram combinations and Caesar shifts, it seems that the original word may not be easily deciphered.",0,2,"1. mixwy
2. myixw
3. iwymx
4. wimxy
5. ymxiw

Now, I will try to decrypt the ciphertext using different Caesar shifts:
1. Shift 1: wlvvxh
2. Shift 2: ",1,0.0
xmwwyi,tissue,6,4,"1. mixwy
2. myixw
3. iwymx
4. wimxy
5. ymxiw

Now, I will try to decrypt the ciphertext using different Caesar shifts:
1. Shift 1: wlvvxh
2. Shift 2: kluuwg
3. Shift 3: jkttvf
4. Shift 4: ijsseu
5. Shift 5: hirrt

After trying multiple anagram combinations and Caesar shifts, it seems that the original word may not be easily deciphered.",0,3,"1. mixwy
2. myixw
3. iwymx
4. wimxy
5. ymxiw

Now, I will try to decrypt the ciphertext using different Caesar shifts:
1. Shift 1: wlvvxh
2. Shift 2: kluuwg
3. Shift 3: jkttvf
4. Shift 4: ijsseu
5. Sh",1,0.0
xmwwyi,tissue,6,4,"1. mixwy
2. myixw
3. iwymx
4. wimxy
5. ymxiw

Now, I will try to decrypt the ciphertext using different Caesar shifts:
1. Shift 1: wlvvxh
2. Shift 2: kluuwg
3. Shift 3: jkttvf
4. Shift 4: ijsseu
5. Shift 5: hirrt

After trying multiple anagram combinations and Caesar shifts, it seems that the original word may not be easily deciphered.",0,4,"1. mixwy
2. myixw
3. iwymx
4. wimxy
5. ymxiw

Now, I will try to decrypt the ciphertext using different Caesar shifts:
1. Shift 1: wlvvxh
2. Shift 2: kluuwg
3. Shift 3: jkttvf
4. Shift 4: ijsseu
5. Shift 5: hirrt

After trying multiple anagram combin",1,0.0
xmwwyi,tissue,6,4,"1. mixwy
2. myixw
3. iwymx
4. wimxy
5. ymxiw

Now, I will try to decrypt the ciphertext using different Caesar shifts:
1. Shift 1: wlvvxh
2. Shift 2: kluuwg
3. Shift 3: jkttvf
4. Shift 4: ijsseu
5. Shift 5: hirrt

After trying multiple anagram combinations and Caesar shifts, it seems that the original word may not be easily deciphered.",0,5,"1. mixwy
2. myixw
3. iwymx
4. wimxy
5. ymxiw

Now, I will try to decrypt the ciphertext using different Caesar shifts:
1. Shift 1: wlvvxh
2. Shift 2: kluuwg
3. Shift 3: jkttvf
4. Shift 4: ijsseu
5. Shift 5: hirrt

After trying multiple anagram combinations and Caesar shifts, it seems that the origin",1,0.0
xmwwyi,tissue,6,4,"1. mixwy
2. myixw
3. iwymx
4. wimxy
5. ymxiw

Now, I will try to decrypt the ciphertext using different Caesar shifts:
1. Shift 1: wlvvxh
2. Shift 2: kluuwg
3. Shift 3: jkttvf
4. Shift 4: ijsseu
5. Shift 5: hirrt

After trying multiple anagram combinations and Caesar shifts, it seems that the original word may not be easily deciphered.",0,6,"1. mixwy
2. myixw
3. iwymx
4. wimxy
5. ymxiw

Now, I will try to decrypt the ciphertext using different Caesar shifts:
1. Shift 1: wlvvxh
2. Shift 2: kluuwg
3. Shift 3: jkttvf
4. Shift 4: ijsseu
5. Shift 5: hirrt

After trying multiple anagram combinations and Caesar shifts, it seems that the original word may not be easily deciphered.",1,0.0
mnlmjw,higher,6,5,"1. mnlmjw = mjljwn
2. mnlmjw = mwnljm
3. mnlmjw = mjwnlm
4. mnlmjw = nwjmlm
5. mnlmjw = njmlwm

Since unscrambling as an anagram didn't yield any recognizable English words, let's try decrypting it as a Caesar cipher with 5 different shifts:

1. Shift 1: lmlikv
2. Shift 2: klhjuu
3. Shift 3: jkgitt
4. Shift 4: ijfhsS
5. Shift 5: hegqrS

None of the Caesar cipher decryptions produced an English word either.",0,0,"1. mnlmjw = mjljwn
2. mnlmjw = mwnljm
3. mnlmjw = ",0,3.0
mnlmjw,higher,6,5,"1. mnlmjw = mjljwn
2. mnlmjw = mwnljm
3. mnlmjw = mjwnlm
4. mnlmjw = nwjmlm
5. mnlmjw = njmlwm

Since unscrambling as an anagram didn't yield any recognizable English words, let's try decrypting it as a Caesar cipher with 5 different shifts:

1. Shift 1: lmlikv
2. Shift 2: klhjuu
3. Shift 3: jkgitt
4. Shift 4: ijfhsS
5. Shift 5: hegqrS

None of the Caesar cipher decryptions produced an English word either.",0,1,"1. mnlmjw = mjljwn
2. mnlmjw = mwnljm
3. mnlmjw = mjwnlm
4. mnlmjw = nwjmlm
5. mnlmjw = njmlwm

Sinc",0,3.0
mnlmjw,higher,6,5,"1. mnlmjw = mjljwn
2. mnlmjw = mwnljm
3. mnlmjw = mjwnlm
4. mnlmjw = nwjmlm
5. mnlmjw = njmlwm

Since unscrambling as an anagram didn't yield any recognizable English words, let's try decrypting it as a Caesar cipher with 5 different shifts:

1. Shift 1: lmlikv
2. Shift 2: klhjuu
3. Shift 3: jkgitt
4. Shift 4: ijfhsS
5. Shift 5: hegqrS

None of the Caesar cipher decryptions produced an English word either.",0,2,"1. mnlmjw = mjljwn
2. mnlmjw = mwnljm
3. mnlmjw = mjwnlm
4. mnlmjw = nwjmlm
5. mnlmjw = njmlwm

Since unscrambling as an anagram didn't yield any reco",0,3.0
mnlmjw,higher,6,5,"1. mnlmjw = mjljwn
2. mnlmjw = mwnljm
3. mnlmjw = mjwnlm
4. mnlmjw = nwjmlm
5. mnlmjw = njmlwm

Since unscrambling as an anagram didn't yield any recognizable English words, let's try decrypting it as a Caesar cipher with 5 different shifts:

1. Shift 1: lmlikv
2. Shift 2: klhjuu
3. Shift 3: jkgitt
4. Shift 4: ijfhsS
5. Shift 5: hegqrS

None of the Caesar cipher decryptions produced an English word either.",0,3,"1. mnlmjw = mjljwn
2. mnlmjw = mwnljm
3. mnlmjw = mjwnlm
4. mnlmjw = nwjmlm
5. mnlmjw = njmlwm

Since unscrambling as an anagram didn't yield any recognizable English words, let's try decrypting it as",1,3.0
mnlmjw,higher,6,5,"1. mnlmjw = mjljwn
2. mnlmjw = mwnljm
3. mnlmjw = mjwnlm
4. mnlmjw = nwjmlm
5. mnlmjw = njmlwm

Since unscrambling as an anagram didn't yield any recognizable English words, let's try decrypting it as a Caesar cipher with 5 different shifts:

1. Shift 1: lmlikv
2. Shift 2: klhjuu
3. Shift 3: jkgitt
4. Shift 4: ijfhsS
5. Shift 5: hegqrS

None of the Caesar cipher decryptions produced an English word either.",0,4,"1. mnlmjw = mjljwn
2. mnlmjw = mwnljm
3. mnlmjw = mjwnlm
4. mnlmjw = nwjmlm
5. mnlmjw = njmlwm

Since unscrambling as an anagram didn't yield any recognizable English words, let's try decrypting it as a Caesar cipher with 5 different shifts:

1. Shif",1,3.0
mnlmjw,higher,6,5,"1. mnlmjw = mjljwn
2. mnlmjw = mwnljm
3. mnlmjw = mjwnlm
4. mnlmjw = nwjmlm
5. mnlmjw = njmlwm

Since unscrambling as an anagram didn't yield any recognizable English words, let's try decrypting it as a Caesar cipher with 5 different shifts:

1. Shift 1: lmlikv
2. Shift 2: klhjuu
3. Shift 3: jkgitt
4. Shift 4: ijfhsS
5. Shift 5: hegqrS

None of the Caesar cipher decryptions produced an English word either.",0,5,"1. mnlmjw = mjljwn
2. mnlmjw = mwnljm
3. mnlmjw = mjwnlm
4. mnlmjw = nwjmlm
5. mnlmjw = njmlwm

Since unscrambling as an anagram didn't yield any recognizable English words, let's try decrypting it as a Caesar cipher with 5 different shifts:

1. Shift 1: lmlikv
2. Shift 2: klhjuu
3. Shift 3: jkgitt
",1,3.0
mnlmjw,higher,6,5,"1. mnlmjw = mjljwn
2. mnlmjw = mwnljm
3. mnlmjw = mjwnlm
4. mnlmjw = nwjmlm
5. mnlmjw = njmlwm

Since unscrambling as an anagram didn't yield any recognizable English words, let's try decrypting it as a Caesar cipher with 5 different shifts:

1. Shift 1: lmlikv
2. Shift 2: klhjuu
3. Shift 3: jkgitt
4. Shift 4: ijfhsS
5. Shift 5: hegqrS

None of the Caesar cipher decryptions produced an English word either.",0,6,"1. mnlmjw = mjljwn
2. mnlmjw = mwnljm
3. mnlmjw = mjwnlm
4. mnlmjw = nwjmlm
5. mnlmjw = njmlwm

Since unscrambling as an anagram didn't yield any recognizable English words, let's try decrypting it as a Caesar cipher with 5 different shifts:

1. Shift 1: lmlikv
2. Shift 2: klhjuu
3. Shift 3: jkgitt
4. Shift 4: ijfhsS
5. Shift 5: hegqrS

None of the",1,3.0
mnlmjw,higher,6,5,"1. mnlmjw = mjljwn
2. mnlmjw = mwnljm
3. mnlmjw = mjwnlm
4. mnlmjw = nwjmlm
5. mnlmjw = njmlwm

Since unscrambling as an anagram didn't yield any recognizable English words, let's try decrypting it as a Caesar cipher with 5 different shifts:

1. Shift 1: lmlikv
2. Shift 2: klhjuu
3. Shift 3: jkgitt
4. Shift 4: ijfhsS
5. Shift 5: hegqrS

None of the Caesar cipher decryptions produced an English word either.",0,7,"1. mnlmjw = mjljwn
2. mnlmjw = mwnljm
3. mnlmjw = mjwnlm
4. mnlmjw = nwjmlm
5. mnlmjw = njmlwm

Since unscrambling as an anagram didn't yield any recognizable English words, let's try decrypting it as a Caesar cipher with 5 different shifts:

1. Shift 1: lmlikv
2. Shift 2: klhjuu
3. Shift 3: jkgitt
4. Shift 4: ijfhsS
5. Shift 5: hegqrS

None of the Caesar cipher decryptions produced an English wor",1,3.0
mnlmjw,higher,6,5,"1. mnlmjw = mjljwn
2. mnlmjw = mwnljm
3. mnlmjw = mjwnlm
4. mnlmjw = nwjmlm
5. mnlmjw = njmlwm

Since unscrambling as an anagram didn't yield any recognizable English words, let's try decrypting it as a Caesar cipher with 5 different shifts:

1. Shift 1: lmlikv
2. Shift 2: klhjuu
3. Shift 3: jkgitt
4. Shift 4: ijfhsS
5. Shift 5: hegqrS

None of the Caesar cipher decryptions produced an English word either.",0,8,"1. mnlmjw = mjljwn
2. mnlmjw = mwnljm
3. mnlmjw = mjwnlm
4. mnlmjw = nwjmlm
5. mnlmjw = njmlwm

Since unscrambling as an anagram didn't yield any recognizable English words, let's try decrypting it as a Caesar cipher with 5 different shifts:

1. Shift 1: lmlikv
2. Shift 2: klhjuu
3. Shift 3: jkgitt
4. Shift 4: ijfhsS
5. Shift 5: hegqrS

None of the Caesar cipher decryptions produced an English word either.",1,3.0
btwpjw,worker,6,5,"1. jpbtww
2. jwpbtw
3. pjbtww
4. twtjpb
5. tjwwpb

None of these attempts seem to form a valid English word, so I will now try decrypting the ciphertext using a Caesar cipher with different shifts.

1. Shift 1: ausoiv
2. Shift 2: ztrnhu
3. Shift 3: ysmmgt
4. Shift 4: xrllfs
5. Shift 5: wqkkep

None of the attempts using a Caesar cipher with different shifts seem to give a valid English word either.",0,0,"1. jpbtww
2. jwpbtw
3. pjbtww
4. twtjpb
5. tjwwpb
",0,2.0
btwpjw,worker,6,5,"1. jpbtww
2. jwpbtw
3. pjbtww
4. twtjpb
5. tjwwpb

None of these attempts seem to form a valid English word, so I will now try decrypting the ciphertext using a Caesar cipher with different shifts.

1. Shift 1: ausoiv
2. Shift 2: ztrnhu
3. Shift 3: ysmmgt
4. Shift 4: xrllfs
5. Shift 5: wqkkep

None of the attempts using a Caesar cipher with different shifts seem to give a valid English word either.",0,1,"1. jpbtww
2. jwpbtw
3. pjbtww
4. twtjpb
5. tjwwpb

None of these attempts seem to form a valid Engli",0,2.0
btwpjw,worker,6,5,"1. jpbtww
2. jwpbtw
3. pjbtww
4. twtjpb
5. tjwwpb

None of these attempts seem to form a valid English word, so I will now try decrypting the ciphertext using a Caesar cipher with different shifts.

1. Shift 1: ausoiv
2. Shift 2: ztrnhu
3. Shift 3: ysmmgt
4. Shift 4: xrllfs
5. Shift 5: wqkkep

None of the attempts using a Caesar cipher with different shifts seem to give a valid English word either.",0,2,"1. jpbtww
2. jwpbtw
3. pjbtww
4. twtjpb
5. tjwwpb

None of these attempts seem to form a valid English word, so I will now try decrypting the cipherte",1,2.0
btwpjw,worker,6,5,"1. jpbtww
2. jwpbtw
3. pjbtww
4. twtjpb
5. tjwwpb

None of these attempts seem to form a valid English word, so I will now try decrypting the ciphertext using a Caesar cipher with different shifts.

1. Shift 1: ausoiv
2. Shift 2: ztrnhu
3. Shift 3: ysmmgt
4. Shift 4: xrllfs
5. Shift 5: wqkkep

None of the attempts using a Caesar cipher with different shifts seem to give a valid English word either.",0,3,"1. jpbtww
2. jwpbtw
3. pjbtww
4. twtjpb
5. tjwwpb

None of these attempts seem to form a valid English word, so I will now try decrypting the ciphertext using a Caesar cipher with different shifts.

1",1,2.0
btwpjw,worker,6,5,"1. jpbtww
2. jwpbtw
3. pjbtww
4. twtjpb
5. tjwwpb

None of these attempts seem to form a valid English word, so I will now try decrypting the ciphertext using a Caesar cipher with different shifts.

1. Shift 1: ausoiv
2. Shift 2: ztrnhu
3. Shift 3: ysmmgt
4. Shift 4: xrllfs
5. Shift 5: wqkkep

None of the attempts using a Caesar cipher with different shifts seem to give a valid English word either.",0,4,"1. jpbtww
2. jwpbtw
3. pjbtww
4. twtjpb
5. tjwwpb

None of these attempts seem to form a valid English word, so I will now try decrypting the ciphertext using a Caesar cipher with different shifts.

1. Shift 1: ausoiv
2. Shift 2: ztrnhu
3. Shift 3: y",1,2.0
btwpjw,worker,6,5,"1. jpbtww
2. jwpbtw
3. pjbtww
4. twtjpb
5. tjwwpb

None of these attempts seem to form a valid English word, so I will now try decrypting the ciphertext using a Caesar cipher with different shifts.

1. Shift 1: ausoiv
2. Shift 2: ztrnhu
3. Shift 3: ysmmgt
4. Shift 4: xrllfs
5. Shift 5: wqkkep

None of the attempts using a Caesar cipher with different shifts seem to give a valid English word either.",0,5,"1. jpbtww
2. jwpbtw
3. pjbtww
4. twtjpb
5. tjwwpb

None of these attempts seem to form a valid English word, so I will now try decrypting the ciphertext using a Caesar cipher with different shifts.

1. Shift 1: ausoiv
2. Shift 2: ztrnhu
3. Shift 3: ysmmgt
4. Shift 4: xrllfs
5. Shift 5: wqkkep

None ",1,2.0
btwpjw,worker,6,5,"1. jpbtww
2. jwpbtw
3. pjbtww
4. twtjpb
5. tjwwpb

None of these attempts seem to form a valid English word, so I will now try decrypting the ciphertext using a Caesar cipher with different shifts.

1. Shift 1: ausoiv
2. Shift 2: ztrnhu
3. Shift 3: ysmmgt
4. Shift 4: xrllfs
5. Shift 5: wqkkep

None of the attempts using a Caesar cipher with different shifts seem to give a valid English word either.",0,6,"1. jpbtww
2. jwpbtw
3. pjbtww
4. twtjpb
5. tjwwpb

None of these attempts seem to form a valid English word, so I will now try decrypting the ciphertext using a Caesar cipher with different shifts.

1. Shift 1: ausoiv
2. Shift 2: ztrnhu
3. Shift 3: ysmmgt
4. Shift 4: xrllfs
5. Shift 5: wqkkep

None of the attempts using a Caesar cipher with differe",1,2.0
btwpjw,worker,6,5,"1. jpbtww
2. jwpbtw
3. pjbtww
4. twtjpb
5. tjwwpb

None of these attempts seem to form a valid English word, so I will now try decrypting the ciphertext using a Caesar cipher with different shifts.

1. Shift 1: ausoiv
2. Shift 2: ztrnhu
3. Shift 3: ysmmgt
4. Shift 4: xrllfs
5. Shift 5: wqkkep

None of the attempts using a Caesar cipher with different shifts seem to give a valid English word either.",0,7,"1. jpbtww
2. jwpbtw
3. pjbtww
4. twtjpb
5. tjwwpb

None of these attempts seem to form a valid English word, so I will now try decrypting the ciphertext using a Caesar cipher with different shifts.

1. Shift 1: ausoiv
2. Shift 2: ztrnhu
3. Shift 3: ysmmgt
4. Shift 4: xrllfs
5. Shift 5: wqkkep

None of the attempts using a Caesar cipher with different shifts seem to give a valid English word either",1,2.0
btwpjw,worker,6,5,"1. jpbtww
2. jwpbtw
3. pjbtww
4. twtjpb
5. tjwwpb

None of these attempts seem to form a valid English word, so I will now try decrypting the ciphertext using a Caesar cipher with different shifts.

1. Shift 1: ausoiv
2. Shift 2: ztrnhu
3. Shift 3: ysmmgt
4. Shift 4: xrllfs
5. Shift 5: wqkkep

None of the attempts using a Caesar cipher with different shifts seem to give a valid English word either.",0,8,"1. jpbtww
2. jwpbtw
3. pjbtww
4. twtjpb
5. tjwwpb

None of these attempts seem to form a valid English word, so I will now try decrypting the ciphertext using a Caesar cipher with different shifts.

1. Shift 1: ausoiv
2. Shift 2: ztrnhu
3. Shift 3: ysmmgt
4. Shift 4: xrllfs
5. Shift 5: wqkkep

None of the attempts using a Caesar cipher with different shifts seem to give a valid English word either.",1,2.0
mfansl,having,6,5,"1. flans
2. manfl
3. fansl
4. slafn
5. sanfl

Since unscrambling as an anagram didn't yield any recognizable English words, I will now attempt to decrypt the ciphertext using a Caesar cipher with 5 different shifts.

1. Shift 1: lermok
2. Shift 2: kdqlnj
3. Shift 3: jcpkmi
4. Shift 4: ibojlh
5. Shift 5: hankjg

Based on the results, decrypting the ciphertext ""mfansl"" using a Caesar cipher with various shifts did not reveal any recognizable English word.",0,0,"1. flans
2. manfl
3. fansl
4. slafn
5. sanfl

Sinc",0,1.0
mfansl,having,6,5,"1. flans
2. manfl
3. fansl
4. slafn
5. sanfl

Since unscrambling as an anagram didn't yield any recognizable English words, I will now attempt to decrypt the ciphertext using a Caesar cipher with 5 different shifts.

1. Shift 1: lermok
2. Shift 2: kdqlnj
3. Shift 3: jcpkmi
4. Shift 4: ibojlh
5. Shift 5: hankjg

Based on the results, decrypting the ciphertext ""mfansl"" using a Caesar cipher with various shifts did not reveal any recognizable English word.",0,1,"1. flans
2. manfl
3. fansl
4. slafn
5. sanfl

Since unscrambling as an anagram didn't yield any reco",1,1.0
mfansl,having,6,5,"1. flans
2. manfl
3. fansl
4. slafn
5. sanfl

Since unscrambling as an anagram didn't yield any recognizable English words, I will now attempt to decrypt the ciphertext using a Caesar cipher with 5 different shifts.

1. Shift 1: lermok
2. Shift 2: kdqlnj
3. Shift 3: jcpkmi
4. Shift 4: ibojlh
5. Shift 5: hankjg

Based on the results, decrypting the ciphertext ""mfansl"" using a Caesar cipher with various shifts did not reveal any recognizable English word.",0,2,"1. flans
2. manfl
3. fansl
4. slafn
5. sanfl

Since unscrambling as an anagram didn't yield any recognizable English words, I will now attempt to decr",1,1.0
mfansl,having,6,5,"1. flans
2. manfl
3. fansl
4. slafn
5. sanfl

Since unscrambling as an anagram didn't yield any recognizable English words, I will now attempt to decrypt the ciphertext using a Caesar cipher with 5 different shifts.

1. Shift 1: lermok
2. Shift 2: kdqlnj
3. Shift 3: jcpkmi
4. Shift 4: ibojlh
5. Shift 5: hankjg

Based on the results, decrypting the ciphertext ""mfansl"" using a Caesar cipher with various shifts did not reveal any recognizable English word.",0,3,"1. flans
2. manfl
3. fansl
4. slafn
5. sanfl

Since unscrambling as an anagram didn't yield any recognizable English words, I will now attempt to decrypt the ciphertext using a Caesar cipher with 5 di",1,1.0
mfansl,having,6,5,"1. flans
2. manfl
3. fansl
4. slafn
5. sanfl

Since unscrambling as an anagram didn't yield any recognizable English words, I will now attempt to decrypt the ciphertext using a Caesar cipher with 5 different shifts.

1. Shift 1: lermok
2. Shift 2: kdqlnj
3. Shift 3: jcpkmi
4. Shift 4: ibojlh
5. Shift 5: hankjg

Based on the results, decrypting the ciphertext ""mfansl"" using a Caesar cipher with various shifts did not reveal any recognizable English word.",0,4,"1. flans
2. manfl
3. fansl
4. slafn
5. sanfl

Since unscrambling as an anagram didn't yield any recognizable English words, I will now attempt to decrypt the ciphertext using a Caesar cipher with 5 different shifts.

1. Shift 1: lermok
2. Shift 2: kd",1,1.0
mfansl,having,6,5,"1. flans
2. manfl
3. fansl
4. slafn
5. sanfl

Since unscrambling as an anagram didn't yield any recognizable English words, I will now attempt to decrypt the ciphertext using a Caesar cipher with 5 different shifts.

1. Shift 1: lermok
2. Shift 2: kdqlnj
3. Shift 3: jcpkmi
4. Shift 4: ibojlh
5. Shift 5: hankjg

Based on the results, decrypting the ciphertext ""mfansl"" using a Caesar cipher with various shifts did not reveal any recognizable English word.",0,5,"1. flans
2. manfl
3. fansl
4. slafn
5. sanfl

Since unscrambling as an anagram didn't yield any recognizable English words, I will now attempt to decrypt the ciphertext using a Caesar cipher with 5 different shifts.

1. Shift 1: lermok
2. Shift 2: kdqlnj
3. Shift 3: jcpkmi
4. Shift 4: ibojlh
5. Shif",1,1.0
mfansl,having,6,5,"1. flans
2. manfl
3. fansl
4. slafn
5. sanfl

Since unscrambling as an anagram didn't yield any recognizable English words, I will now attempt to decrypt the ciphertext using a Caesar cipher with 5 different shifts.

1. Shift 1: lermok
2. Shift 2: kdqlnj
3. Shift 3: jcpkmi
4. Shift 4: ibojlh
5. Shift 5: hankjg

Based on the results, decrypting the ciphertext ""mfansl"" using a Caesar cipher with various shifts did not reveal any recognizable English word.",0,6,"1. flans
2. manfl
3. fansl
4. slafn
5. sanfl

Since unscrambling as an anagram didn't yield any recognizable English words, I will now attempt to decrypt the ciphertext using a Caesar cipher with 5 different shifts.

1. Shift 1: lermok
2. Shift 2: kdqlnj
3. Shift 3: jcpkmi
4. Shift 4: ibojlh
5. Shift 5: hankjg

Based on the results, decrypting the ",1,1.0
mfansl,having,6,5,"1. flans
2. manfl
3. fansl
4. slafn
5. sanfl

Since unscrambling as an anagram didn't yield any recognizable English words, I will now attempt to decrypt the ciphertext using a Caesar cipher with 5 different shifts.

1. Shift 1: lermok
2. Shift 2: kdqlnj
3. Shift 3: jcpkmi
4. Shift 4: ibojlh
5. Shift 5: hankjg

Based on the results, decrypting the ciphertext ""mfansl"" using a Caesar cipher with various shifts did not reveal any recognizable English word.",0,7,"1. flans
2. manfl
3. fansl
4. slafn
5. sanfl

Since unscrambling as an anagram didn't yield any recognizable English words, I will now attempt to decrypt the ciphertext using a Caesar cipher with 5 different shifts.

1. Shift 1: lermok
2. Shift 2: kdqlnj
3. Shift 3: jcpkmi
4. Shift 4: ibojlh
5. Shift 5: hankjg

Based on the results, decrypting the ciphertext ""mfansl"" using a Caesar cipher with var",1,1.0
mfansl,having,6,5,"1. flans
2. manfl
3. fansl
4. slafn
5. sanfl

Since unscrambling as an anagram didn't yield any recognizable English words, I will now attempt to decrypt the ciphertext using a Caesar cipher with 5 different shifts.

1. Shift 1: lermok
2. Shift 2: kdqlnj
3. Shift 3: jcpkmi
4. Shift 4: ibojlh
5. Shift 5: hankjg

Based on the results, decrypting the ciphertext ""mfansl"" using a Caesar cipher with various shifts did not reveal any recognizable English word.",0,8,"1. flans
2. manfl
3. fansl
4. slafn
5. sanfl

Since unscrambling as an anagram didn't yield any recognizable English words, I will now attempt to decrypt the ciphertext using a Caesar cipher with 5 different shifts.

1. Shift 1: lermok
2. Shift 2: kdqlnj
3. Shift 3: jcpkmi
4. Shift 4: ibojlh
5. Shift 5: hankjg

Based on the results, decrypting the ciphertext ""mfansl"" using a Caesar cipher with various shifts did not reveal any recognizable Englis",1,1.0
mfansl,having,6,5,"1. flans
2. manfl
3. fansl
4. slafn
5. sanfl

Since unscrambling as an anagram didn't yield any recognizable English words, I will now attempt to decrypt the ciphertext using a Caesar cipher with 5 different shifts.

1. Shift 1: lermok
2. Shift 2: kdqlnj
3. Shift 3: jcpkmi
4. Shift 4: ibojlh
5. Shift 5: hankjg

Based on the results, decrypting the ciphertext ""mfansl"" using a Caesar cipher with various shifts did not reveal any recognizable English word.",0,9,"1. flans
2. manfl
3. fansl
4. slafn
5. sanfl

Since unscrambling as an anagram didn't yield any recognizable English words, I will now attempt to decrypt the ciphertext using a Caesar cipher with 5 different shifts.

1. Shift 1: lermok
2. Shift 2: kdqlnj
3. Shift 3: jcpkmi
4. Shift 4: ibojlh
5. Shift 5: hankjg

Based on the results, decrypting the ciphertext ""mfansl"" using a Caesar cipher with various shifts did not reveal any recognizable English word.",1,1.0
gjhtrj,become,6,5,"1. jghtjr
2. jhgrtj
3. gtrjhj
4. hjtrgj
5. jgthrj

Since unscrambling the ciphertext as an anagram did not reveal a single English word, I will now try to decrypt it assuming it's a Caesar cipher with different shifts.

1. Shift 1: fihsqi
2. Shift 2: egrqph
3. Shift 3: dfqog
4. Shift 4: cepnfi
5. Shift 5: bdomeh

None of the attempts to decrypt the ciphertext using a Caesar cipher with different shifts resulted in a meaningful English word, so it is possible that the ciphertext is not a simple shift cipher.",0,0,"1. jghtjr
2. jhgrtj
3. gtrjhj
4. hjtrgj
5. jgthrj
",0,2.0
gjhtrj,become,6,5,"1. jghtjr
2. jhgrtj
3. gtrjhj
4. hjtrgj
5. jgthrj

Since unscrambling the ciphertext as an anagram did not reveal a single English word, I will now try to decrypt it assuming it's a Caesar cipher with different shifts.

1. Shift 1: fihsqi
2. Shift 2: egrqph
3. Shift 3: dfqog
4. Shift 4: cepnfi
5. Shift 5: bdomeh

None of the attempts to decrypt the ciphertext using a Caesar cipher with different shifts resulted in a meaningful English word, so it is possible that the ciphertext is not a simple shift cipher.",0,1,"1. jghtjr
2. jhgrtj
3. gtrjhj
4. hjtrgj
5. jgthrj

Since unscrambling the ciphertext as an anagram d",0,2.0
gjhtrj,become,6,5,"1. jghtjr
2. jhgrtj
3. gtrjhj
4. hjtrgj
5. jgthrj

Since unscrambling the ciphertext as an anagram did not reveal a single English word, I will now try to decrypt it assuming it's a Caesar cipher with different shifts.

1. Shift 1: fihsqi
2. Shift 2: egrqph
3. Shift 3: dfqog
4. Shift 4: cepnfi
5. Shift 5: bdomeh

None of the attempts to decrypt the ciphertext using a Caesar cipher with different shifts resulted in a meaningful English word, so it is possible that the ciphertext is not a simple shift cipher.",0,2,"1. jghtjr
2. jhgrtj
3. gtrjhj
4. hjtrgj
5. jgthrj

Since unscrambling the ciphertext as an anagram did not reveal a single English word, I will now tr",1,2.0
gjhtrj,become,6,5,"1. jghtjr
2. jhgrtj
3. gtrjhj
4. hjtrgj
5. jgthrj

Since unscrambling the ciphertext as an anagram did not reveal a single English word, I will now try to decrypt it assuming it's a Caesar cipher with different shifts.

1. Shift 1: fihsqi
2. Shift 2: egrqph
3. Shift 3: dfqog
4. Shift 4: cepnfi
5. Shift 5: bdomeh

None of the attempts to decrypt the ciphertext using a Caesar cipher with different shifts resulted in a meaningful English word, so it is possible that the ciphertext is not a simple shift cipher.",0,3,"1. jghtjr
2. jhgrtj
3. gtrjhj
4. hjtrgj
5. jgthrj

Since unscrambling the ciphertext as an anagram did not reveal a single English word, I will now try to decrypt it assuming it's a Caesar cipher with",1,2.0
gjhtrj,become,6,5,"1. jghtjr
2. jhgrtj
3. gtrjhj
4. hjtrgj
5. jgthrj

Since unscrambling the ciphertext as an anagram did not reveal a single English word, I will now try to decrypt it assuming it's a Caesar cipher with different shifts.

1. Shift 1: fihsqi
2. Shift 2: egrqph
3. Shift 3: dfqog
4. Shift 4: cepnfi
5. Shift 5: bdomeh

None of the attempts to decrypt the ciphertext using a Caesar cipher with different shifts resulted in a meaningful English word, so it is possible that the ciphertext is not a simple shift cipher.",0,4,"1. jghtjr
2. jhgrtj
3. gtrjhj
4. hjtrgj
5. jgthrj

Since unscrambling the ciphertext as an anagram did not reveal a single English word, I will now try to decrypt it assuming it's a Caesar cipher with different shifts.

1. Shift 1: fihsqi
2. Shift 2:",1,2.0
gjhtrj,become,6,5,"1. jghtjr
2. jhgrtj
3. gtrjhj
4. hjtrgj
5. jgthrj

Since unscrambling the ciphertext as an anagram did not reveal a single English word, I will now try to decrypt it assuming it's a Caesar cipher with different shifts.

1. Shift 1: fihsqi
2. Shift 2: egrqph
3. Shift 3: dfqog
4. Shift 4: cepnfi
5. Shift 5: bdomeh

None of the attempts to decrypt the ciphertext using a Caesar cipher with different shifts resulted in a meaningful English word, so it is possible that the ciphertext is not a simple shift cipher.",0,5,"1. jghtjr
2. jhgrtj
3. gtrjhj
4. hjtrgj
5. jgthrj

Since unscrambling the ciphertext as an anagram did not reveal a single English word, I will now try to decrypt it assuming it's a Caesar cipher with different shifts.

1. Shift 1: fihsqi
2. Shift 2: egrqph
3. Shift 3: dfqog
4. Shift 4: cepnfi
5. Sh",1,2.0
gjhtrj,become,6,5,"1. jghtjr
2. jhgrtj
3. gtrjhj
4. hjtrgj
5. jgthrj

Since unscrambling the ciphertext as an anagram did not reveal a single English word, I will now try to decrypt it assuming it's a Caesar cipher with different shifts.

1. Shift 1: fihsqi
2. Shift 2: egrqph
3. Shift 3: dfqog
4. Shift 4: cepnfi
5. Shift 5: bdomeh

None of the attempts to decrypt the ciphertext using a Caesar cipher with different shifts resulted in a meaningful English word, so it is possible that the ciphertext is not a simple shift cipher.",0,6,"1. jghtjr
2. jhgrtj
3. gtrjhj
4. hjtrgj
5. jgthrj

Since unscrambling the ciphertext as an anagram did not reveal a single English word, I will now try to decrypt it assuming it's a Caesar cipher with different shifts.

1. Shift 1: fihsqi
2. Shift 2: egrqph
3. Shift 3: dfqog
4. Shift 4: cepnfi
5. Shift 5: bdomeh

None of the attempts to decrypt the",1,2.0
gjhtrj,become,6,5,"1. jghtjr
2. jhgrtj
3. gtrjhj
4. hjtrgj
5. jgthrj

Since unscrambling the ciphertext as an anagram did not reveal a single English word, I will now try to decrypt it assuming it's a Caesar cipher with different shifts.

1. Shift 1: fihsqi
2. Shift 2: egrqph
3. Shift 3: dfqog
4. Shift 4: cepnfi
5. Shift 5: bdomeh

None of the attempts to decrypt the ciphertext using a Caesar cipher with different shifts resulted in a meaningful English word, so it is possible that the ciphertext is not a simple shift cipher.",0,7,"1. jghtjr
2. jhgrtj
3. gtrjhj
4. hjtrgj
5. jgthrj

Since unscrambling the ciphertext as an anagram did not reveal a single English word, I will now try to decrypt it assuming it's a Caesar cipher with different shifts.

1. Shift 1: fihsqi
2. Shift 2: egrqph
3. Shift 3: dfqog
4. Shift 4: cepnfi
5. Shift 5: bdomeh

None of the attempts to decrypt the ciphertext using a Caesar cipher with different s",1,2.0
gjhtrj,become,6,5,"1. jghtjr
2. jhgrtj
3. gtrjhj
4. hjtrgj
5. jgthrj

Since unscrambling the ciphertext as an anagram did not reveal a single English word, I will now try to decrypt it assuming it's a Caesar cipher with different shifts.

1. Shift 1: fihsqi
2. Shift 2: egrqph
3. Shift 3: dfqog
4. Shift 4: cepnfi
5. Shift 5: bdomeh

None of the attempts to decrypt the ciphertext using a Caesar cipher with different shifts resulted in a meaningful English word, so it is possible that the ciphertext is not a simple shift cipher.",0,8,"1. jghtjr
2. jhgrtj
3. gtrjhj
4. hjtrgj
5. jgthrj

Since unscrambling the ciphertext as an anagram did not reveal a single English word, I will now try to decrypt it assuming it's a Caesar cipher with different shifts.

1. Shift 1: fihsqi
2. Shift 2: egrqph
3. Shift 3: dfqog
4. Shift 4: cepnfi
5. Shift 5: bdomeh

None of the attempts to decrypt the ciphertext using a Caesar cipher with different shifts resulted in a meaningful English word, so it",1,2.0
gjhtrj,become,6,5,"1. jghtjr
2. jhgrtj
3. gtrjhj
4. hjtrgj
5. jgthrj

Since unscrambling the ciphertext as an anagram did not reveal a single English word, I will now try to decrypt it assuming it's a Caesar cipher with different shifts.

1. Shift 1: fihsqi
2. Shift 2: egrqph
3. Shift 3: dfqog
4. Shift 4: cepnfi
5. Shift 5: bdomeh

None of the attempts to decrypt the ciphertext using a Caesar cipher with different shifts resulted in a meaningful English word, so it is possible that the ciphertext is not a simple shift cipher.",0,9,"1. jghtjr
2. jhgrtj
3. gtrjhj
4. hjtrgj
5. jgthrj

Since unscrambling the ciphertext as an anagram did not reveal a single English word, I will now try to decrypt it assuming it's a Caesar cipher with different shifts.

1. Shift 1: fihsqi
2. Shift 2: egrqph
3. Shift 3: dfqog
4. Shift 4: cepnfi
5. Shift 5: bdomeh

None of the attempts to decrypt the ciphertext using a Caesar cipher with different shifts resulted in a meaningful English word, so it is possible that the ciphertext is not a simple s",1,2.0
gjhtrj,become,6,5,"1. jghtjr
2. jhgrtj
3. gtrjhj
4. hjtrgj
5. jgthrj

Since unscrambling the ciphertext as an anagram did not reveal a single English word, I will now try to decrypt it assuming it's a Caesar cipher with different shifts.

1. Shift 1: fihsqi
2. Shift 2: egrqph
3. Shift 3: dfqog
4. Shift 4: cepnfi
5. Shift 5: bdomeh

None of the attempts to decrypt the ciphertext using a Caesar cipher with different shifts resulted in a meaningful English word, so it is possible that the ciphertext is not a simple shift cipher.",0,10,"1. jghtjr
2. jhgrtj
3. gtrjhj
4. hjtrgj
5. jgthrj

Since unscrambling the ciphertext as an anagram did not reveal a single English word, I will now try to decrypt it assuming it's a Caesar cipher with different shifts.

1. Shift 1: fihsqi
2. Shift 2: egrqph
3. Shift 3: dfqog
4. Shift 4: cepnfi
5. Shift 5: bdomeh

None of the attempts to decrypt the ciphertext using a Caesar cipher with different shifts resulted in a meaningful English word, so it is possible that the ciphertext is not a simple shift cipher.",1,2.0
uqzslj,plunge,6,5,"1. julzs
2. szulj
3. zuljs
4. jzuls
5. ljzsu",0,0,"1. julzs
2. szulj
3. zuljs
4. jzuls
5. ljzsu",0,
rfwpjy,market,6,5,"1. pryjwf
2. wjyprf
3. pyjwrf
4. pyrjwf
5. wpyjrf

Since unscrambling it as an anagram didn't provide a clear English word, I will now try decrypting it as a Caesar cipher with different shifts.

1. Shift 1:
  - Original: rfwpjy
  - Decrypted: qevoix
  
2. Shift 2:
  - Original: rfwpjy
  - Decrypted: pduohn
  
3. Shift 3:
  - Original: rfwpjy
  - Decrypted: octngm

4. Shift 4:
  - Original: rfwpjy
  - Decrypted: nbsmfl

5. Shift 5:
  - Original: rfwpjy
  - Decrypted: markek

After trying all these shifts, none of the resulting words appear to be English. The ciphertext ""rfwpjy"" doesn't seem to decrypt into a coherent English word using a Caesar cipher.",0,0,"1. pryjwf
2. wjyprf
3. pyjwrf
4. pyrjwf
5. wpyjrf
",0,2.0
rfwpjy,market,6,5,"1. pryjwf
2. wjyprf
3. pyjwrf
4. pyrjwf
5. wpyjrf

Since unscrambling it as an anagram didn't provide a clear English word, I will now try decrypting it as a Caesar cipher with different shifts.

1. Shift 1:
  - Original: rfwpjy
  - Decrypted: qevoix
  
2. Shift 2:
  - Original: rfwpjy
  - Decrypted: pduohn
  
3. Shift 3:
  - Original: rfwpjy
  - Decrypted: octngm

4. Shift 4:
  - Original: rfwpjy
  - Decrypted: nbsmfl

5. Shift 5:
  - Original: rfwpjy
  - Decrypted: markek

After trying all these shifts, none of the resulting words appear to be English. The ciphertext ""rfwpjy"" doesn't seem to decrypt into a coherent English word using a Caesar cipher.",0,1,"1. pryjwf
2. wjyprf
3. pyjwrf
4. pyrjwf
5. wpyjrf

Since unscrambling it as an anagram didn't provid",0,2.0
rfwpjy,market,6,5,"1. pryjwf
2. wjyprf
3. pyjwrf
4. pyrjwf
5. wpyjrf

Since unscrambling it as an anagram didn't provide a clear English word, I will now try decrypting it as a Caesar cipher with different shifts.

1. Shift 1:
  - Original: rfwpjy
  - Decrypted: qevoix
  
2. Shift 2:
  - Original: rfwpjy
  - Decrypted: pduohn
  
3. Shift 3:
  - Original: rfwpjy
  - Decrypted: octngm

4. Shift 4:
  - Original: rfwpjy
  - Decrypted: nbsmfl

5. Shift 5:
  - Original: rfwpjy
  - Decrypted: markek

After trying all these shifts, none of the resulting words appear to be English. The ciphertext ""rfwpjy"" doesn't seem to decrypt into a coherent English word using a Caesar cipher.",0,2,"1. pryjwf
2. wjyprf
3. pyjwrf
4. pyrjwf
5. wpyjrf

Since unscrambling it as an anagram didn't provide a clear English word, I will now try decrypting ",1,2.0
rfwpjy,market,6,5,"1. pryjwf
2. wjyprf
3. pyjwrf
4. pyrjwf
5. wpyjrf

Since unscrambling it as an anagram didn't provide a clear English word, I will now try decrypting it as a Caesar cipher with different shifts.

1. Shift 1:
  - Original: rfwpjy
  - Decrypted: qevoix
  
2. Shift 2:
  - Original: rfwpjy
  - Decrypted: pduohn
  
3. Shift 3:
  - Original: rfwpjy
  - Decrypted: octngm

4. Shift 4:
  - Original: rfwpjy
  - Decrypted: nbsmfl

5. Shift 5:
  - Original: rfwpjy
  - Decrypted: markek

After trying all these shifts, none of the resulting words appear to be English. The ciphertext ""rfwpjy"" doesn't seem to decrypt into a coherent English word using a Caesar cipher.",0,3,"1. pryjwf
2. wjyprf
3. pyjwrf
4. pyrjwf
5. wpyjrf

Since unscrambling it as an anagram didn't provide a clear English word, I will now try decrypting it as a Caesar cipher with different shifts.

1. S",1,2.0
rfwpjy,market,6,5,"1. pryjwf
2. wjyprf
3. pyjwrf
4. pyrjwf
5. wpyjrf

Since unscrambling it as an anagram didn't provide a clear English word, I will now try decrypting it as a Caesar cipher with different shifts.

1. Shift 1:
  - Original: rfwpjy
  - Decrypted: qevoix
  
2. Shift 2:
  - Original: rfwpjy
  - Decrypted: pduohn
  
3. Shift 3:
  - Original: rfwpjy
  - Decrypted: octngm

4. Shift 4:
  - Original: rfwpjy
  - Decrypted: nbsmfl

5. Shift 5:
  - Original: rfwpjy
  - Decrypted: markek

After trying all these shifts, none of the resulting words appear to be English. The ciphertext ""rfwpjy"" doesn't seem to decrypt into a coherent English word using a Caesar cipher.",0,4,"1. pryjwf
2. wjyprf
3. pyjwrf
4. pyrjwf
5. wpyjrf

Since unscrambling it as an anagram didn't provide a clear English word, I will now try decrypting it as a Caesar cipher with different shifts.

1. Shift 1:
  - Original: rfwpjy
  - Decrypted: qevoix",1,2.0
rfwpjy,market,6,5,"1. pryjwf
2. wjyprf
3. pyjwrf
4. pyrjwf
5. wpyjrf

Since unscrambling it as an anagram didn't provide a clear English word, I will now try decrypting it as a Caesar cipher with different shifts.

1. Shift 1:
  - Original: rfwpjy
  - Decrypted: qevoix
  
2. Shift 2:
  - Original: rfwpjy
  - Decrypted: pduohn
  
3. Shift 3:
  - Original: rfwpjy
  - Decrypted: octngm

4. Shift 4:
  - Original: rfwpjy
  - Decrypted: nbsmfl

5. Shift 5:
  - Original: rfwpjy
  - Decrypted: markek

After trying all these shifts, none of the resulting words appear to be English. The ciphertext ""rfwpjy"" doesn't seem to decrypt into a coherent English word using a Caesar cipher.",0,5,"1. pryjwf
2. wjyprf
3. pyjwrf
4. pyrjwf
5. wpyjrf

Since unscrambling it as an anagram didn't provide a clear English word, I will now try decrypting it as a Caesar cipher with different shifts.

1. Shift 1:
  - Original: rfwpjy
  - Decrypted: qevoix
  
2. Shift 2:
  - Original: rfwpjy
  - Decrypted",1,2.0
rfwpjy,market,6,5,"1. pryjwf
2. wjyprf
3. pyjwrf
4. pyrjwf
5. wpyjrf

Since unscrambling it as an anagram didn't provide a clear English word, I will now try decrypting it as a Caesar cipher with different shifts.

1. Shift 1:
  - Original: rfwpjy
  - Decrypted: qevoix
  
2. Shift 2:
  - Original: rfwpjy
  - Decrypted: pduohn
  
3. Shift 3:
  - Original: rfwpjy
  - Decrypted: octngm

4. Shift 4:
  - Original: rfwpjy
  - Decrypted: nbsmfl

5. Shift 5:
  - Original: rfwpjy
  - Decrypted: markek

After trying all these shifts, none of the resulting words appear to be English. The ciphertext ""rfwpjy"" doesn't seem to decrypt into a coherent English word using a Caesar cipher.",0,6,"1. pryjwf
2. wjyprf
3. pyjwrf
4. pyrjwf
5. wpyjrf

Since unscrambling it as an anagram didn't provide a clear English word, I will now try decrypting it as a Caesar cipher with different shifts.

1. Shift 1:
  - Original: rfwpjy
  - Decrypted: qevoix
  
2. Shift 2:
  - Original: rfwpjy
  - Decrypted: pduohn
  
3. Shift 3:
  - Original: rfwpjy
  - D",1,2.0
rfwpjy,market,6,5,"1. pryjwf
2. wjyprf
3. pyjwrf
4. pyrjwf
5. wpyjrf

Since unscrambling it as an anagram didn't provide a clear English word, I will now try decrypting it as a Caesar cipher with different shifts.

1. Shift 1:
  - Original: rfwpjy
  - Decrypted: qevoix
  
2. Shift 2:
  - Original: rfwpjy
  - Decrypted: pduohn
  
3. Shift 3:
  - Original: rfwpjy
  - Decrypted: octngm

4. Shift 4:
  - Original: rfwpjy
  - Decrypted: nbsmfl

5. Shift 5:
  - Original: rfwpjy
  - Decrypted: markek

After trying all these shifts, none of the resulting words appear to be English. The ciphertext ""rfwpjy"" doesn't seem to decrypt into a coherent English word using a Caesar cipher.",0,7,"1. pryjwf
2. wjyprf
3. pyjwrf
4. pyrjwf
5. wpyjrf

Since unscrambling it as an anagram didn't provide a clear English word, I will now try decrypting it as a Caesar cipher with different shifts.

1. Shift 1:
  - Original: rfwpjy
  - Decrypted: qevoix
  
2. Shift 2:
  - Original: rfwpjy
  - Decrypted: pduohn
  
3. Shift 3:
  - Original: rfwpjy
  - Decrypted: octngm

4. Shift 4:
  - Original: rfwpjy",1,2.0
rfwpjy,market,6,5,"1. pryjwf
2. wjyprf
3. pyjwrf
4. pyrjwf
5. wpyjrf

Since unscrambling it as an anagram didn't provide a clear English word, I will now try decrypting it as a Caesar cipher with different shifts.

1. Shift 1:
  - Original: rfwpjy
  - Decrypted: qevoix
  
2. Shift 2:
  - Original: rfwpjy
  - Decrypted: pduohn
  
3. Shift 3:
  - Original: rfwpjy
  - Decrypted: octngm

4. Shift 4:
  - Original: rfwpjy
  - Decrypted: nbsmfl

5. Shift 5:
  - Original: rfwpjy
  - Decrypted: markek

After trying all these shifts, none of the resulting words appear to be English. The ciphertext ""rfwpjy"" doesn't seem to decrypt into a coherent English word using a Caesar cipher.",0,8,"1. pryjwf
2. wjyprf
3. pyjwrf
4. pyrjwf
5. wpyjrf

Since unscrambling it as an anagram didn't provide a clear English word, I will now try decrypting it as a Caesar cipher with different shifts.

1. Shift 1:
  - Original: rfwpjy
  - Decrypted: qevoix
  
2. Shift 2:
  - Original: rfwpjy
  - Decrypted: pduohn
  
3. Shift 3:
  - Original: rfwpjy
  - Decrypted: octngm

4. Shift 4:
  - Original: rfwpjy
  - Decrypted: nbsmfl

5. Shift 5:
  - Original: ",1,2.0
rfwpjy,market,6,5,"1. pryjwf
2. wjyprf
3. pyjwrf
4. pyrjwf
5. wpyjrf

Since unscrambling it as an anagram didn't provide a clear English word, I will now try decrypting it as a Caesar cipher with different shifts.

1. Shift 1:
  - Original: rfwpjy
  - Decrypted: qevoix
  
2. Shift 2:
  - Original: rfwpjy
  - Decrypted: pduohn
  
3. Shift 3:
  - Original: rfwpjy
  - Decrypted: octngm

4. Shift 4:
  - Original: rfwpjy
  - Decrypted: nbsmfl

5. Shift 5:
  - Original: rfwpjy
  - Decrypted: markek

After trying all these shifts, none of the resulting words appear to be English. The ciphertext ""rfwpjy"" doesn't seem to decrypt into a coherent English word using a Caesar cipher.",0,9,"1. pryjwf
2. wjyprf
3. pyjwrf
4. pyrjwf
5. wpyjrf

Since unscrambling it as an anagram didn't provide a clear English word, I will now try decrypting it as a Caesar cipher with different shifts.

1. Shift 1:
  - Original: rfwpjy
  - Decrypted: qevoix
  
2. Shift 2:
  - Original: rfwpjy
  - Decrypted: pduohn
  
3. Shift 3:
  - Original: rfwpjy
  - Decrypted: octngm

4. Shift 4:
  - Original: rfwpjy
  - Decrypted: nbsmfl

5. Shift 5:
  - Original: rfwpjy
  - Decrypted: markek

After trying all the",1,2.0
rfwpjy,market,6,5,"1. pryjwf
2. wjyprf
3. pyjwrf
4. pyrjwf
5. wpyjrf

Since unscrambling it as an anagram didn't provide a clear English word, I will now try decrypting it as a Caesar cipher with different shifts.

1. Shift 1:
  - Original: rfwpjy
  - Decrypted: qevoix
  
2. Shift 2:
  - Original: rfwpjy
  - Decrypted: pduohn
  
3. Shift 3:
  - Original: rfwpjy
  - Decrypted: octngm

4. Shift 4:
  - Original: rfwpjy
  - Decrypted: nbsmfl

5. Shift 5:
  - Original: rfwpjy
  - Decrypted: markek

After trying all these shifts, none of the resulting words appear to be English. The ciphertext ""rfwpjy"" doesn't seem to decrypt into a coherent English word using a Caesar cipher.",0,10,"1. pryjwf
2. wjyprf
3. pyjwrf
4. pyrjwf
5. wpyjrf

Since unscrambling it as an anagram didn't provide a clear English word, I will now try decrypting it as a Caesar cipher with different shifts.

1. Shift 1:
  - Original: rfwpjy
  - Decrypted: qevoix
  
2. Shift 2:
  - Original: rfwpjy
  - Decrypted: pduohn
  
3. Shift 3:
  - Original: rfwpjy
  - Decrypted: octngm

4. Shift 4:
  - Original: rfwpjy
  - Decrypted: nbsmfl

5. Shift 5:
  - Original: rfwpjy
  - Decrypted: markek

After trying all these shifts, none of the resulting words appear to b",1,2.0
rfwpjy,market,6,5,"1. pryjwf
2. wjyprf
3. pyjwrf
4. pyrjwf
5. wpyjrf

Since unscrambling it as an anagram didn't provide a clear English word, I will now try decrypting it as a Caesar cipher with different shifts.

1. Shift 1:
  - Original: rfwpjy
  - Decrypted: qevoix
  
2. Shift 2:
  - Original: rfwpjy
  - Decrypted: pduohn
  
3. Shift 3:
  - Original: rfwpjy
  - Decrypted: octngm

4. Shift 4:
  - Original: rfwpjy
  - Decrypted: nbsmfl

5. Shift 5:
  - Original: rfwpjy
  - Decrypted: markek

After trying all these shifts, none of the resulting words appear to be English. The ciphertext ""rfwpjy"" doesn't seem to decrypt into a coherent English word using a Caesar cipher.",0,11,"1. pryjwf
2. wjyprf
3. pyjwrf
4. pyrjwf
5. wpyjrf

Since unscrambling it as an anagram didn't provide a clear English word, I will now try decrypting it as a Caesar cipher with different shifts.

1. Shift 1:
  - Original: rfwpjy
  - Decrypted: qevoix
  
2. Shift 2:
  - Original: rfwpjy
  - Decrypted: pduohn
  
3. Shift 3:
  - Original: rfwpjy
  - Decrypted: octngm

4. Shift 4:
  - Original: rfwpjy
  - Decrypted: nbsmfl

5. Shift 5:
  - Original: rfwpjy
  - Decrypted: markek

After trying all these shifts, none of the resulting words appear to be English. The ciphertext ""rfwpjy"" doesn't seem to",1,2.0
rfwpjy,market,6,5,"1. pryjwf
2. wjyprf
3. pyjwrf
4. pyrjwf
5. wpyjrf

Since unscrambling it as an anagram didn't provide a clear English word, I will now try decrypting it as a Caesar cipher with different shifts.

1. Shift 1:
  - Original: rfwpjy
  - Decrypted: qevoix
  
2. Shift 2:
  - Original: rfwpjy
  - Decrypted: pduohn
  
3. Shift 3:
  - Original: rfwpjy
  - Decrypted: octngm

4. Shift 4:
  - Original: rfwpjy
  - Decrypted: nbsmfl

5. Shift 5:
  - Original: rfwpjy
  - Decrypted: markek

After trying all these shifts, none of the resulting words appear to be English. The ciphertext ""rfwpjy"" doesn't seem to decrypt into a coherent English word using a Caesar cipher.",0,12,"1. pryjwf
2. wjyprf
3. pyjwrf
4. pyrjwf
5. wpyjrf

Since unscrambling it as an anagram didn't provide a clear English word, I will now try decrypting it as a Caesar cipher with different shifts.

1. Shift 1:
  - Original: rfwpjy
  - Decrypted: qevoix
  
2. Shift 2:
  - Original: rfwpjy
  - Decrypted: pduohn
  
3. Shift 3:
  - Original: rfwpjy
  - Decrypted: octngm

4. Shift 4:
  - Original: rfwpjy
  - Decrypted: nbsmfl

5. Shift 5:
  - Original: rfwpjy
  - Decrypted: markek

After trying all these shifts, none of the resulting words appear to be English. The ciphertext ""rfwpjy"" doesn't seem to decrypt into a coherent English word using a Caes",1,2.0
rfwpjy,market,6,5,"1. pryjwf
2. wjyprf
3. pyjwrf
4. pyrjwf
5. wpyjrf

Since unscrambling it as an anagram didn't provide a clear English word, I will now try decrypting it as a Caesar cipher with different shifts.

1. Shift 1:
  - Original: rfwpjy
  - Decrypted: qevoix
  
2. Shift 2:
  - Original: rfwpjy
  - Decrypted: pduohn
  
3. Shift 3:
  - Original: rfwpjy
  - Decrypted: octngm

4. Shift 4:
  - Original: rfwpjy
  - Decrypted: nbsmfl

5. Shift 5:
  - Original: rfwpjy
  - Decrypted: markek

After trying all these shifts, none of the resulting words appear to be English. The ciphertext ""rfwpjy"" doesn't seem to decrypt into a coherent English word using a Caesar cipher.",0,13,"1. pryjwf
2. wjyprf
3. pyjwrf
4. pyrjwf
5. wpyjrf

Since unscrambling it as an anagram didn't provide a clear English word, I will now try decrypting it as a Caesar cipher with different shifts.

1. Shift 1:
  - Original: rfwpjy
  - Decrypted: qevoix
  
2. Shift 2:
  - Original: rfwpjy
  - Decrypted: pduohn
  
3. Shift 3:
  - Original: rfwpjy
  - Decrypted: octngm

4. Shift 4:
  - Original: rfwpjy
  - Decrypted: nbsmfl

5. Shift 5:
  - Original: rfwpjy
  - Decrypted: markek

After trying all these shifts, none of the resulting words appear to be English. The ciphertext ""rfwpjy"" doesn't seem to decrypt into a coherent English word using a Caesar cipher.",1,2.0
gfqqjy,ballet,6,5,"1. qyjfqg
2. yqfgqj
3. qgfqyj
4. gjfyqq
5. jqgfyq

Now, assuming the ciphertext is a Caesar cipher, I will try decrypting it with different shifts:
1. Shift 1: feppix
2. Shift 2: edoohw
3. Shift 3: dcnngv
4. Shift 4: cbmMfu
5. Shift 5: ballet",1,0,"1. qyjfqg
2. yqfgqj
3. qgfqyj
4. gjfyqq
5. jqgfyq
",0,1.0
gfqqjy,ballet,6,5,"1. qyjfqg
2. yqfgqj
3. qgfqyj
4. gjfyqq
5. jqgfyq

Now, assuming the ciphertext is a Caesar cipher, I will try decrypting it with different shifts:
1. Shift 1: feppix
2. Shift 2: edoohw
3. Shift 3: dcnngv
4. Shift 4: cbmMfu
5. Shift 5: ballet",1,1,"1. qyjfqg
2. yqfgqj
3. qgfqyj
4. gjfyqq
5. jqgfyq

Now, assuming the ciphertext is a Caesar cipher, ",1,1.0
gfqqjy,ballet,6,5,"1. qyjfqg
2. yqfgqj
3. qgfqyj
4. gjfyqq
5. jqgfyq

Now, assuming the ciphertext is a Caesar cipher, I will try decrypting it with different shifts:
1. Shift 1: feppix
2. Shift 2: edoohw
3. Shift 3: dcnngv
4. Shift 4: cbmMfu
5. Shift 5: ballet",1,2,"1. qyjfqg
2. yqfgqj
3. qgfqyj
4. gjfyqq
5. jqgfyq

Now, assuming the ciphertext is a Caesar cipher, I will try decrypting it with different shifts:
1.",1,1.0
gfqqjy,ballet,6,5,"1. qyjfqg
2. yqfgqj
3. qgfqyj
4. gjfyqq
5. jqgfyq

Now, assuming the ciphertext is a Caesar cipher, I will try decrypting it with different shifts:
1. Shift 1: feppix
2. Shift 2: edoohw
3. Shift 3: dcnngv
4. Shift 4: cbmMfu
5. Shift 5: ballet",1,3,"1. qyjfqg
2. yqfgqj
3. qgfqyj
4. gjfyqq
5. jqgfyq

Now, assuming the ciphertext is a Caesar cipher, I will try decrypting it with different shifts:
1. Shift 1: feppix
2. Shift 2: edoohw
3. Shift 3: dc",1,1.0
gfqqjy,ballet,6,5,"1. qyjfqg
2. yqfgqj
3. qgfqyj
4. gjfyqq
5. jqgfyq

Now, assuming the ciphertext is a Caesar cipher, I will try decrypting it with different shifts:
1. Shift 1: feppix
2. Shift 2: edoohw
3. Shift 3: dcnngv
4. Shift 4: cbmMfu
5. Shift 5: ballet",1,4,"1. qyjfqg
2. yqfgqj
3. qgfqyj
4. gjfyqq
5. jqgfyq

Now, assuming the ciphertext is a Caesar cipher, I will try decrypting it with different shifts:
1. Shift 1: feppix
2. Shift 2: edoohw
3. Shift 3: dcnngv
4. Shift 4: cbmMfu
5. Shift 5: ballet",1,1.0
ufxxjx,passes,6,5,"1. flux
2. jux
3. juxf
4. fux
5. jxfu

Since unscrambling the ciphertext did not yield a valid English word, I will now try decrypting it using a Caesar cipher with different shifts.

1. Shift 1:
vetwkw
2. Shift 2:
udsvjv
3. Shift 3:
tcruiu
4. Shift 4:
sbqtht
5. Shift 5:
rapsgs

None of the decrypted versions using the Caesar cipher method resulted in a valid English word.",0,0,"1. flux
2. jux
3. juxf
4. fux
5. jxfu

Since unscr",1,0.0
ufxxjx,passes,6,5,"1. flux
2. jux
3. juxf
4. fux
5. jxfu

Since unscrambling the ciphertext did not yield a valid English word, I will now try decrypting it using a Caesar cipher with different shifts.

1. Shift 1:
vetwkw
2. Shift 2:
udsvjv
3. Shift 3:
tcruiu
4. Shift 4:
sbqtht
5. Shift 5:
rapsgs

None of the decrypted versions using the Caesar cipher method resulted in a valid English word.",0,1,"1. flux
2. jux
3. juxf
4. fux
5. jxfu

Since unscrambling the ciphertext did not yield a valid Engli",1,0.0
ufxxjx,passes,6,5,"1. flux
2. jux
3. juxf
4. fux
5. jxfu

Since unscrambling the ciphertext did not yield a valid English word, I will now try decrypting it using a Caesar cipher with different shifts.

1. Shift 1:
vetwkw
2. Shift 2:
udsvjv
3. Shift 3:
tcruiu
4. Shift 4:
sbqtht
5. Shift 5:
rapsgs

None of the decrypted versions using the Caesar cipher method resulted in a valid English word.",0,2,"1. flux
2. jux
3. juxf
4. fux
5. jxfu

Since unscrambling the ciphertext did not yield a valid English word, I will now try decrypting it using a Caes",1,0.0
ufxxjx,passes,6,5,"1. flux
2. jux
3. juxf
4. fux
5. jxfu

Since unscrambling the ciphertext did not yield a valid English word, I will now try decrypting it using a Caesar cipher with different shifts.

1. Shift 1:
vetwkw
2. Shift 2:
udsvjv
3. Shift 3:
tcruiu
4. Shift 4:
sbqtht
5. Shift 5:
rapsgs

None of the decrypted versions using the Caesar cipher method resulted in a valid English word.",0,3,"1. flux
2. jux
3. juxf
4. fux
5. jxfu

Since unscrambling the ciphertext did not yield a valid English word, I will now try decrypting it using a Caesar cipher with different shifts.

1. Shift 1:
vetw",1,0.0
ufxxjx,passes,6,5,"1. flux
2. jux
3. juxf
4. fux
5. jxfu

Since unscrambling the ciphertext did not yield a valid English word, I will now try decrypting it using a Caesar cipher with different shifts.

1. Shift 1:
vetwkw
2. Shift 2:
udsvjv
3. Shift 3:
tcruiu
4. Shift 4:
sbqtht
5. Shift 5:
rapsgs

None of the decrypted versions using the Caesar cipher method resulted in a valid English word.",0,4,"1. flux
2. jux
3. juxf
4. fux
5. jxfu

Since unscrambling the ciphertext did not yield a valid English word, I will now try decrypting it using a Caesar cipher with different shifts.

1. Shift 1:
vetwkw
2. Shift 2:
udsvjv
3. Shift 3:
tcruiu
4. Shift ",1,0.0
ufxxjx,passes,6,5,"1. flux
2. jux
3. juxf
4. fux
5. jxfu

Since unscrambling the ciphertext did not yield a valid English word, I will now try decrypting it using a Caesar cipher with different shifts.

1. Shift 1:
vetwkw
2. Shift 2:
udsvjv
3. Shift 3:
tcruiu
4. Shift 4:
sbqtht
5. Shift 5:
rapsgs

None of the decrypted versions using the Caesar cipher method resulted in a valid English word.",0,5,"1. flux
2. jux
3. juxf
4. fux
5. jxfu

Since unscrambling the ciphertext did not yield a valid English word, I will now try decrypting it using a Caesar cipher with different shifts.

1. Shift 1:
vetwkw
2. Shift 2:
udsvjv
3. Shift 3:
tcruiu
4. Shift 4:
sbqtht
5. Shift 5:
rapsgs

None of the decrypte",1,0.0
ufxxjx,passes,6,5,"1. flux
2. jux
3. juxf
4. fux
5. jxfu

Since unscrambling the ciphertext did not yield a valid English word, I will now try decrypting it using a Caesar cipher with different shifts.

1. Shift 1:
vetwkw
2. Shift 2:
udsvjv
3. Shift 3:
tcruiu
4. Shift 4:
sbqtht
5. Shift 5:
rapsgs

None of the decrypted versions using the Caesar cipher method resulted in a valid English word.",0,6,"1. flux
2. jux
3. juxf
4. fux
5. jxfu

Since unscrambling the ciphertext did not yield a valid English word, I will now try decrypting it using a Caesar cipher with different shifts.

1. Shift 1:
vetwkw
2. Shift 2:
udsvjv
3. Shift 3:
tcruiu
4. Shift 4:
sbqtht
5. Shift 5:
rapsgs

None of the decrypted versions using the Caesar cipher method resulted",1,0.0
ufxxjx,passes,6,5,"1. flux
2. jux
3. juxf
4. fux
5. jxfu

Since unscrambling the ciphertext did not yield a valid English word, I will now try decrypting it using a Caesar cipher with different shifts.

1. Shift 1:
vetwkw
2. Shift 2:
udsvjv
3. Shift 3:
tcruiu
4. Shift 4:
sbqtht
5. Shift 5:
rapsgs

None of the decrypted versions using the Caesar cipher method resulted in a valid English word.",0,7,"1. flux
2. jux
3. juxf
4. fux
5. jxfu

Since unscrambling the ciphertext did not yield a valid English word, I will now try decrypting it using a Caesar cipher with different shifts.

1. Shift 1:
vetwkw
2. Shift 2:
udsvjv
3. Shift 3:
tcruiu
4. Shift 4:
sbqtht
5. Shift 5:
rapsgs

None of the decrypted versions using the Caesar cipher method resulted in a valid English word.",1,0.0
hqtxjw,closer,6,5,"1. xjwhtq
2. jwqthx
3. qhxtwj
4. wjxthq
5. qxjwth

Now, I will try decrypting the ciphertext using a Caesar cipher with different shifts:

1. Shift 1: Gpsiwv
2. Shift 2: Forhvu
3. Shift 3: Enqgu
4. Shift 4: Dmpft
5. Shift 5: Cloes",0,0,"1. xjwhtq
2. jwqthx
3. qhxtwj
4. wjxthq
5. qxjwth
",0,1.0
hqtxjw,closer,6,5,"1. xjwhtq
2. jwqthx
3. qhxtwj
4. wjxthq
5. qxjwth

Now, I will try decrypting the ciphertext using a Caesar cipher with different shifts:

1. Shift 1: Gpsiwv
2. Shift 2: Forhvu
3. Shift 3: Enqgu
4. Shift 4: Dmpft
5. Shift 5: Cloes",0,1,"1. xjwhtq
2. jwqthx
3. qhxtwj
4. wjxthq
5. qxjwth

Now, I will try decrypting the ciphertext using a",1,1.0
hqtxjw,closer,6,5,"1. xjwhtq
2. jwqthx
3. qhxtwj
4. wjxthq
5. qxjwth

Now, I will try decrypting the ciphertext using a Caesar cipher with different shifts:

1. Shift 1: Gpsiwv
2. Shift 2: Forhvu
3. Shift 3: Enqgu
4. Shift 4: Dmpft
5. Shift 5: Cloes",0,2,"1. xjwhtq
2. jwqthx
3. qhxtwj
4. wjxthq
5. qxjwth

Now, I will try decrypting the ciphertext using a Caesar cipher with different shifts:

1. Shift 1:",1,1.0
hqtxjw,closer,6,5,"1. xjwhtq
2. jwqthx
3. qhxtwj
4. wjxthq
5. qxjwth

Now, I will try decrypting the ciphertext using a Caesar cipher with different shifts:

1. Shift 1: Gpsiwv
2. Shift 2: Forhvu
3. Shift 3: Enqgu
4. Shift 4: Dmpft
5. Shift 5: Cloes",0,3,"1. xjwhtq
2. jwqthx
3. qhxtwj
4. wjxthq
5. qxjwth

Now, I will try decrypting the ciphertext using a Caesar cipher with different shifts:

1. Shift 1: Gpsiwv
2. Shift 2: Forhvu
3. Shift 3: Enqgu
4. Sh",1,1.0
hqtxjw,closer,6,5,"1. xjwhtq
2. jwqthx
3. qhxtwj
4. wjxthq
5. qxjwth

Now, I will try decrypting the ciphertext using a Caesar cipher with different shifts:

1. Shift 1: Gpsiwv
2. Shift 2: Forhvu
3. Shift 3: Enqgu
4. Shift 4: Dmpft
5. Shift 5: Cloes",0,4,"1. xjwhtq
2. jwqthx
3. qhxtwj
4. wjxthq
5. qxjwth

Now, I will try decrypting the ciphertext using a Caesar cipher with different shifts:

1. Shift 1: Gpsiwv
2. Shift 2: Forhvu
3. Shift 3: Enqgu
4. Shift 4: Dmpft
5. Shift 5: Cloes",1,1.0
kfrnqd,family,6,5,"1. rfnqkd
2. rndfqq
3. qdnfrk
4. nfdkrq
5. dqkfrn",0,0,"1. rfnqkd
2. rndfqq
3. qdnfrk
4. nfdkrq
5. dqkfrn",0,
