problem,original,word_length,shift,context,correct,index,prefix,switch,switch_index
cbo,ban,3,1,"After trying different combinations, I couldn't find an English word that matches the anagram ""cbo"". Now, I will try to decrypt the ciphertext using Caesar cipher with different shifts.

1. Shift 1:
cbo -> dap

2. Shift 2:
cbo -> eqp

3. Shift 3:
cbo -> frq

4. Shift 4:
cbo -> gsr

5. Shift 5:
cbo -> hts

None of the decrypted messages appear to be valid English words. This may not be a simple Caesar cipher.",0,0,"After trying different combinations, I couldn't fi",0,2.0
cbo,ban,3,1,"After trying different combinations, I couldn't find an English word that matches the anagram ""cbo"". Now, I will try to decrypt the ciphertext using Caesar cipher with different shifts.

1. Shift 1:
cbo -> dap

2. Shift 2:
cbo -> eqp

3. Shift 3:
cbo -> frq

4. Shift 4:
cbo -> gsr

5. Shift 5:
cbo -> hts

None of the decrypted messages appear to be valid English words. This may not be a simple Caesar cipher.",0,1,"After trying different combinations, I couldn't find an English word that matches the anagram ""cbo"".",0,2.0
cbo,ban,3,1,"After trying different combinations, I couldn't find an English word that matches the anagram ""cbo"". Now, I will try to decrypt the ciphertext using Caesar cipher with different shifts.

1. Shift 1:
cbo -> dap

2. Shift 2:
cbo -> eqp

3. Shift 3:
cbo -> frq

4. Shift 4:
cbo -> gsr

5. Shift 5:
cbo -> hts

None of the decrypted messages appear to be valid English words. This may not be a simple Caesar cipher.",0,2,"After trying different combinations, I couldn't find an English word that matches the anagram ""cbo"". Now, I will try to decrypt the ciphertext using C",1,2.0
cbo,ban,3,1,"After trying different combinations, I couldn't find an English word that matches the anagram ""cbo"". Now, I will try to decrypt the ciphertext using Caesar cipher with different shifts.

1. Shift 1:
cbo -> dap

2. Shift 2:
cbo -> eqp

3. Shift 3:
cbo -> frq

4. Shift 4:
cbo -> gsr

5. Shift 5:
cbo -> hts

None of the decrypted messages appear to be valid English words. This may not be a simple Caesar cipher.",0,3,"After trying different combinations, I couldn't find an English word that matches the anagram ""cbo"". Now, I will try to decrypt the ciphertext using Caesar cipher with different shifts.

1. Shift 1:
c",1,2.0
cbo,ban,3,1,"After trying different combinations, I couldn't find an English word that matches the anagram ""cbo"". Now, I will try to decrypt the ciphertext using Caesar cipher with different shifts.

1. Shift 1:
cbo -> dap

2. Shift 2:
cbo -> eqp

3. Shift 3:
cbo -> frq

4. Shift 4:
cbo -> gsr

5. Shift 5:
cbo -> hts

None of the decrypted messages appear to be valid English words. This may not be a simple Caesar cipher.",0,4,"After trying different combinations, I couldn't find an English word that matches the anagram ""cbo"". Now, I will try to decrypt the ciphertext using Caesar cipher with different shifts.

1. Shift 1:
cbo -> dap

2. Shift 2:
cbo -> eqp

3. Shift 3:
cbo",1,2.0
cbo,ban,3,1,"After trying different combinations, I couldn't find an English word that matches the anagram ""cbo"". Now, I will try to decrypt the ciphertext using Caesar cipher with different shifts.

1. Shift 1:
cbo -> dap

2. Shift 2:
cbo -> eqp

3. Shift 3:
cbo -> frq

4. Shift 4:
cbo -> gsr

5. Shift 5:
cbo -> hts

None of the decrypted messages appear to be valid English words. This may not be a simple Caesar cipher.",0,5,"After trying different combinations, I couldn't find an English word that matches the anagram ""cbo"". Now, I will try to decrypt the ciphertext using Caesar cipher with different shifts.

1. Shift 1:
cbo -> dap

2. Shift 2:
cbo -> eqp

3. Shift 3:
cbo -> frq

4. Shift 4:
cbo -> gsr

5. Shift 5:
cbo -",1,2.0
cbo,ban,3,1,"After trying different combinations, I couldn't find an English word that matches the anagram ""cbo"". Now, I will try to decrypt the ciphertext using Caesar cipher with different shifts.

1. Shift 1:
cbo -> dap

2. Shift 2:
cbo -> eqp

3. Shift 3:
cbo -> frq

4. Shift 4:
cbo -> gsr

5. Shift 5:
cbo -> hts

None of the decrypted messages appear to be valid English words. This may not be a simple Caesar cipher.",0,6,"After trying different combinations, I couldn't find an English word that matches the anagram ""cbo"". Now, I will try to decrypt the ciphertext using Caesar cipher with different shifts.

1. Shift 1:
cbo -> dap

2. Shift 2:
cbo -> eqp

3. Shift 3:
cbo -> frq

4. Shift 4:
cbo -> gsr

5. Shift 5:
cbo -> hts

None of the decrypted messages appear to be",1,2.0
cbo,ban,3,1,"After trying different combinations, I couldn't find an English word that matches the anagram ""cbo"". Now, I will try to decrypt the ciphertext using Caesar cipher with different shifts.

1. Shift 1:
cbo -> dap

2. Shift 2:
cbo -> eqp

3. Shift 3:
cbo -> frq

4. Shift 4:
cbo -> gsr

5. Shift 5:
cbo -> hts

None of the decrypted messages appear to be valid English words. This may not be a simple Caesar cipher.",0,7,"After trying different combinations, I couldn't find an English word that matches the anagram ""cbo"". Now, I will try to decrypt the ciphertext using Caesar cipher with different shifts.

1. Shift 1:
cbo -> dap

2. Shift 2:
cbo -> eqp

3. Shift 3:
cbo -> frq

4. Shift 4:
cbo -> gsr

5. Shift 5:
cbo -> hts

None of the decrypted messages appear to be valid English words. This may not be a simple Cae",1,2.0
cbo,ban,3,1,"After trying different combinations, I couldn't find an English word that matches the anagram ""cbo"". Now, I will try to decrypt the ciphertext using Caesar cipher with different shifts.

1. Shift 1:
cbo -> dap

2. Shift 2:
cbo -> eqp

3. Shift 3:
cbo -> frq

4. Shift 4:
cbo -> gsr

5. Shift 5:
cbo -> hts

None of the decrypted messages appear to be valid English words. This may not be a simple Caesar cipher.",0,8,"After trying different combinations, I couldn't find an English word that matches the anagram ""cbo"". Now, I will try to decrypt the ciphertext using Caesar cipher with different shifts.

1. Shift 1:
cbo -> dap

2. Shift 2:
cbo -> eqp

3. Shift 3:
cbo -> frq

4. Shift 4:
cbo -> gsr

5. Shift 5:
cbo -> hts

None of the decrypted messages appear to be valid English words. This may not be a simple Caesar cipher.",1,2.0
uif,the,3,1,"The ciphertext ""uif"" unscrambles to ""the.""

Now, I'll try decrypting it using a Caesar cipher with different shifts:

Shift 1: This gives ""the"" -> ""sgd""
Shift 2: This gives ""the"" -> ""rfc""
Shift 3: This gives ""the"" -> ""qeb""
Shift 4: This gives ""the"" -> ""pda""
Shift 5: This gives ""the"" -> ""ocz""

None of the shifts produce a valid English word, so it seems like the original text was an anagram.",1,0,"The ciphertext ""uif"" unscrambles to ""the.""

Now, I",0,1.0
uif,the,3,1,"The ciphertext ""uif"" unscrambles to ""the.""

Now, I'll try decrypting it using a Caesar cipher with different shifts:

Shift 1: This gives ""the"" -> ""sgd""
Shift 2: This gives ""the"" -> ""rfc""
Shift 3: This gives ""the"" -> ""qeb""
Shift 4: This gives ""the"" -> ""pda""
Shift 5: This gives ""the"" -> ""ocz""

None of the shifts produce a valid English word, so it seems like the original text was an anagram.",1,1,"The ciphertext ""uif"" unscrambles to ""the.""

Now, I'll try decrypting it using a Caesar cipher with d",1,1.0
uif,the,3,1,"The ciphertext ""uif"" unscrambles to ""the.""

Now, I'll try decrypting it using a Caesar cipher with different shifts:

Shift 1: This gives ""the"" -> ""sgd""
Shift 2: This gives ""the"" -> ""rfc""
Shift 3: This gives ""the"" -> ""qeb""
Shift 4: This gives ""the"" -> ""pda""
Shift 5: This gives ""the"" -> ""ocz""

None of the shifts produce a valid English word, so it seems like the original text was an anagram.",1,2,"The ciphertext ""uif"" unscrambles to ""the.""

Now, I'll try decrypting it using a Caesar cipher with different shifts:

Shift 1: This gives ""the"" -> ""sg",1,1.0
uif,the,3,1,"The ciphertext ""uif"" unscrambles to ""the.""

Now, I'll try decrypting it using a Caesar cipher with different shifts:

Shift 1: This gives ""the"" -> ""sgd""
Shift 2: This gives ""the"" -> ""rfc""
Shift 3: This gives ""the"" -> ""qeb""
Shift 4: This gives ""the"" -> ""pda""
Shift 5: This gives ""the"" -> ""ocz""

None of the shifts produce a valid English word, so it seems like the original text was an anagram.",1,3,"The ciphertext ""uif"" unscrambles to ""the.""

Now, I'll try decrypting it using a Caesar cipher with different shifts:

Shift 1: This gives ""the"" -> ""sgd""
Shift 2: This gives ""the"" -> ""rfc""
Shift 3: Thi",1,1.0
uif,the,3,1,"The ciphertext ""uif"" unscrambles to ""the.""

Now, I'll try decrypting it using a Caesar cipher with different shifts:

Shift 1: This gives ""the"" -> ""sgd""
Shift 2: This gives ""the"" -> ""rfc""
Shift 3: This gives ""the"" -> ""qeb""
Shift 4: This gives ""the"" -> ""pda""
Shift 5: This gives ""the"" -> ""ocz""

None of the shifts produce a valid English word, so it seems like the original text was an anagram.",1,4,"The ciphertext ""uif"" unscrambles to ""the.""

Now, I'll try decrypting it using a Caesar cipher with different shifts:

Shift 1: This gives ""the"" -> ""sgd""
Shift 2: This gives ""the"" -> ""rfc""
Shift 3: This gives ""the"" -> ""qeb""
Shift 4: This gives ""the"" -",1,1.0
uif,the,3,1,"The ciphertext ""uif"" unscrambles to ""the.""

Now, I'll try decrypting it using a Caesar cipher with different shifts:

Shift 1: This gives ""the"" -> ""sgd""
Shift 2: This gives ""the"" -> ""rfc""
Shift 3: This gives ""the"" -> ""qeb""
Shift 4: This gives ""the"" -> ""pda""
Shift 5: This gives ""the"" -> ""ocz""

None of the shifts produce a valid English word, so it seems like the original text was an anagram.",1,5,"The ciphertext ""uif"" unscrambles to ""the.""

Now, I'll try decrypting it using a Caesar cipher with different shifts:

Shift 1: This gives ""the"" -> ""sgd""
Shift 2: This gives ""the"" -> ""rfc""
Shift 3: This gives ""the"" -> ""qeb""
Shift 4: This gives ""the"" -> ""pda""
Shift 5: This gives ""the"" -> ""ocz""

None o",1,1.0
uif,the,3,1,"The ciphertext ""uif"" unscrambles to ""the.""

Now, I'll try decrypting it using a Caesar cipher with different shifts:

Shift 1: This gives ""the"" -> ""sgd""
Shift 2: This gives ""the"" -> ""rfc""
Shift 3: This gives ""the"" -> ""qeb""
Shift 4: This gives ""the"" -> ""pda""
Shift 5: This gives ""the"" -> ""ocz""

None of the shifts produce a valid English word, so it seems like the original text was an anagram.",1,6,"The ciphertext ""uif"" unscrambles to ""the.""

Now, I'll try decrypting it using a Caesar cipher with different shifts:

Shift 1: This gives ""the"" -> ""sgd""
Shift 2: This gives ""the"" -> ""rfc""
Shift 3: This gives ""the"" -> ""qeb""
Shift 4: This gives ""the"" -> ""pda""
Shift 5: This gives ""the"" -> ""ocz""

None of the shifts produce a valid English word, so it s",1,1.0
uif,the,3,1,"The ciphertext ""uif"" unscrambles to ""the.""

Now, I'll try decrypting it using a Caesar cipher with different shifts:

Shift 1: This gives ""the"" -> ""sgd""
Shift 2: This gives ""the"" -> ""rfc""
Shift 3: This gives ""the"" -> ""qeb""
Shift 4: This gives ""the"" -> ""pda""
Shift 5: This gives ""the"" -> ""ocz""

None of the shifts produce a valid English word, so it seems like the original text was an anagram.",1,7,"The ciphertext ""uif"" unscrambles to ""the.""

Now, I'll try decrypting it using a Caesar cipher with different shifts:

Shift 1: This gives ""the"" -> ""sgd""
Shift 2: This gives ""the"" -> ""rfc""
Shift 3: This gives ""the"" -> ""qeb""
Shift 4: This gives ""the"" -> ""pda""
Shift 5: This gives ""the"" -> ""ocz""

None of the shifts produce a valid English word, so it seems like the original text was an anagram.",1,1.0
uif,the,3,1,"After unscrambling the ciphertext ""uif"":

1. ""uif"" -> ""fui""
2. ""uif"" -> ""ifu""
3. ""uif"" -> ""fiu""
4. ""uif"" -> ""fu""
5. ""uif"" -> ""if""

Since unscrambling the ciphertext did not yield any English word, I will now try decrypting it using the Caesar cipher with a shift of 1 to 5. 

1. Shift of 1:
   - ""uif"" -> ""the""
   
2. Shift of 2:
   - ""uif"" -> ""sgd""
   
3. Shift of 3:
   - ""uif"" -> ""rbe""
   
4. Shift of 4:
   - ""uif"" -> ""qad""
   
5. Shift of 5:
   - ""uif"" -> ""pzc""   

The decrypted word is ""the"" with a Caesar shift of 1.",1,0,"After unscrambling the ciphertext ""uif"":

1. ""uif""",0,3.0
uif,the,3,1,"After unscrambling the ciphertext ""uif"":

1. ""uif"" -> ""fui""
2. ""uif"" -> ""ifu""
3. ""uif"" -> ""fiu""
4. ""uif"" -> ""fu""
5. ""uif"" -> ""if""

Since unscrambling the ciphertext did not yield any English word, I will now try decrypting it using the Caesar cipher with a shift of 1 to 5. 

1. Shift of 1:
   - ""uif"" -> ""the""
   
2. Shift of 2:
   - ""uif"" -> ""sgd""
   
3. Shift of 3:
   - ""uif"" -> ""rbe""
   
4. Shift of 4:
   - ""uif"" -> ""qad""
   
5. Shift of 5:
   - ""uif"" -> ""pzc""   

The decrypted word is ""the"" with a Caesar shift of 1.",1,1,"After unscrambling the ciphertext ""uif"":

1. ""uif"" -> ""fui""
2. ""uif"" -> ""ifu""
3. ""uif"" -> ""fiu""
4. """,0,3.0
uif,the,3,1,"After unscrambling the ciphertext ""uif"":

1. ""uif"" -> ""fui""
2. ""uif"" -> ""ifu""
3. ""uif"" -> ""fiu""
4. ""uif"" -> ""fu""
5. ""uif"" -> ""if""

Since unscrambling the ciphertext did not yield any English word, I will now try decrypting it using the Caesar cipher with a shift of 1 to 5. 

1. Shift of 1:
   - ""uif"" -> ""the""
   
2. Shift of 2:
   - ""uif"" -> ""sgd""
   
3. Shift of 3:
   - ""uif"" -> ""rbe""
   
4. Shift of 4:
   - ""uif"" -> ""qad""
   
5. Shift of 5:
   - ""uif"" -> ""pzc""   

The decrypted word is ""the"" with a Caesar shift of 1.",1,2,"After unscrambling the ciphertext ""uif"":

1. ""uif"" -> ""fui""
2. ""uif"" -> ""ifu""
3. ""uif"" -> ""fiu""
4. ""uif"" -> ""fu""
5. ""uif"" -> ""if""

Since unscrambling ",0,3.0
uif,the,3,1,"After unscrambling the ciphertext ""uif"":

1. ""uif"" -> ""fui""
2. ""uif"" -> ""ifu""
3. ""uif"" -> ""fiu""
4. ""uif"" -> ""fu""
5. ""uif"" -> ""if""

Since unscrambling the ciphertext did not yield any English word, I will now try decrypting it using the Caesar cipher with a shift of 1 to 5. 

1. Shift of 1:
   - ""uif"" -> ""the""
   
2. Shift of 2:
   - ""uif"" -> ""sgd""
   
3. Shift of 3:
   - ""uif"" -> ""rbe""
   
4. Shift of 4:
   - ""uif"" -> ""qad""
   
5. Shift of 5:
   - ""uif"" -> ""pzc""   

The decrypted word is ""the"" with a Caesar shift of 1.",1,3,"After unscrambling the ciphertext ""uif"":

1. ""uif"" -> ""fui""
2. ""uif"" -> ""ifu""
3. ""uif"" -> ""fiu""
4. ""uif"" -> ""fu""
5. ""uif"" -> ""if""

Since unscrambling the ciphertext did not yield any English word, I w",1,3.0
uif,the,3,1,"After unscrambling the ciphertext ""uif"":

1. ""uif"" -> ""fui""
2. ""uif"" -> ""ifu""
3. ""uif"" -> ""fiu""
4. ""uif"" -> ""fu""
5. ""uif"" -> ""if""

Since unscrambling the ciphertext did not yield any English word, I will now try decrypting it using the Caesar cipher with a shift of 1 to 5. 

1. Shift of 1:
   - ""uif"" -> ""the""
   
2. Shift of 2:
   - ""uif"" -> ""sgd""
   
3. Shift of 3:
   - ""uif"" -> ""rbe""
   
4. Shift of 4:
   - ""uif"" -> ""qad""
   
5. Shift of 5:
   - ""uif"" -> ""pzc""   

The decrypted word is ""the"" with a Caesar shift of 1.",1,4,"After unscrambling the ciphertext ""uif"":

1. ""uif"" -> ""fui""
2. ""uif"" -> ""ifu""
3. ""uif"" -> ""fiu""
4. ""uif"" -> ""fu""
5. ""uif"" -> ""if""

Since unscrambling the ciphertext did not yield any English word, I will now try decrypting it using the Caesar cipher ",1,3.0
uif,the,3,1,"After unscrambling the ciphertext ""uif"":

1. ""uif"" -> ""fui""
2. ""uif"" -> ""ifu""
3. ""uif"" -> ""fiu""
4. ""uif"" -> ""fu""
5. ""uif"" -> ""if""

Since unscrambling the ciphertext did not yield any English word, I will now try decrypting it using the Caesar cipher with a shift of 1 to 5. 

1. Shift of 1:
   - ""uif"" -> ""the""
   
2. Shift of 2:
   - ""uif"" -> ""sgd""
   
3. Shift of 3:
   - ""uif"" -> ""rbe""
   
4. Shift of 4:
   - ""uif"" -> ""qad""
   
5. Shift of 5:
   - ""uif"" -> ""pzc""   

The decrypted word is ""the"" with a Caesar shift of 1.",1,5,"After unscrambling the ciphertext ""uif"":

1. ""uif"" -> ""fui""
2. ""uif"" -> ""ifu""
3. ""uif"" -> ""fiu""
4. ""uif"" -> ""fu""
5. ""uif"" -> ""if""

Since unscrambling the ciphertext did not yield any English word, I will now try decrypting it using the Caesar cipher with a shift of 1 to 5. 

1. Shift of 1:
   - ""uif",1,3.0
uif,the,3,1,"After unscrambling the ciphertext ""uif"":

1. ""uif"" -> ""fui""
2. ""uif"" -> ""ifu""
3. ""uif"" -> ""fiu""
4. ""uif"" -> ""fu""
5. ""uif"" -> ""if""

Since unscrambling the ciphertext did not yield any English word, I will now try decrypting it using the Caesar cipher with a shift of 1 to 5. 

1. Shift of 1:
   - ""uif"" -> ""the""
   
2. Shift of 2:
   - ""uif"" -> ""sgd""
   
3. Shift of 3:
   - ""uif"" -> ""rbe""
   
4. Shift of 4:
   - ""uif"" -> ""qad""
   
5. Shift of 5:
   - ""uif"" -> ""pzc""   

The decrypted word is ""the"" with a Caesar shift of 1.",1,6,"After unscrambling the ciphertext ""uif"":

1. ""uif"" -> ""fui""
2. ""uif"" -> ""ifu""
3. ""uif"" -> ""fiu""
4. ""uif"" -> ""fu""
5. ""uif"" -> ""if""

Since unscrambling the ciphertext did not yield any English word, I will now try decrypting it using the Caesar cipher with a shift of 1 to 5. 

1. Shift of 1:
   - ""uif"" -> ""the""
   
2. Shift of 2:
   - ""uif"" -> ""sgd""
",1,3.0
uif,the,3,1,"After unscrambling the ciphertext ""uif"":

1. ""uif"" -> ""fui""
2. ""uif"" -> ""ifu""
3. ""uif"" -> ""fiu""
4. ""uif"" -> ""fu""
5. ""uif"" -> ""if""

Since unscrambling the ciphertext did not yield any English word, I will now try decrypting it using the Caesar cipher with a shift of 1 to 5. 

1. Shift of 1:
   - ""uif"" -> ""the""
   
2. Shift of 2:
   - ""uif"" -> ""sgd""
   
3. Shift of 3:
   - ""uif"" -> ""rbe""
   
4. Shift of 4:
   - ""uif"" -> ""qad""
   
5. Shift of 5:
   - ""uif"" -> ""pzc""   

The decrypted word is ""the"" with a Caesar shift of 1.",1,7,"After unscrambling the ciphertext ""uif"":

1. ""uif"" -> ""fui""
2. ""uif"" -> ""ifu""
3. ""uif"" -> ""fiu""
4. ""uif"" -> ""fu""
5. ""uif"" -> ""if""

Since unscrambling the ciphertext did not yield any English word, I will now try decrypting it using the Caesar cipher with a shift of 1 to 5. 

1. Shift of 1:
   - ""uif"" -> ""the""
   
2. Shift of 2:
   - ""uif"" -> ""sgd""
   
3. Shift of 3:
   - ""uif"" -> ""rbe""
   
4. Shif",1,3.0
uif,the,3,1,"After unscrambling the ciphertext ""uif"":

1. ""uif"" -> ""fui""
2. ""uif"" -> ""ifu""
3. ""uif"" -> ""fiu""
4. ""uif"" -> ""fu""
5. ""uif"" -> ""if""

Since unscrambling the ciphertext did not yield any English word, I will now try decrypting it using the Caesar cipher with a shift of 1 to 5. 

1. Shift of 1:
   - ""uif"" -> ""the""
   
2. Shift of 2:
   - ""uif"" -> ""sgd""
   
3. Shift of 3:
   - ""uif"" -> ""rbe""
   
4. Shift of 4:
   - ""uif"" -> ""qad""
   
5. Shift of 5:
   - ""uif"" -> ""pzc""   

The decrypted word is ""the"" with a Caesar shift of 1.",1,8,"After unscrambling the ciphertext ""uif"":

1. ""uif"" -> ""fui""
2. ""uif"" -> ""ifu""
3. ""uif"" -> ""fiu""
4. ""uif"" -> ""fu""
5. ""uif"" -> ""if""

Since unscrambling the ciphertext did not yield any English word, I will now try decrypting it using the Caesar cipher with a shift of 1 to 5. 

1. Shift of 1:
   - ""uif"" -> ""the""
   
2. Shift of 2:
   - ""uif"" -> ""sgd""
   
3. Shift of 3:
   - ""uif"" -> ""rbe""
   
4. Shift of 4:
   - ""uif"" -> ""qad""
   
5. Shift of 5:
   ",1,3.0
uif,the,3,1,"After unscrambling the ciphertext ""uif"":

1. ""uif"" -> ""fui""
2. ""uif"" -> ""ifu""
3. ""uif"" -> ""fiu""
4. ""uif"" -> ""fu""
5. ""uif"" -> ""if""

Since unscrambling the ciphertext did not yield any English word, I will now try decrypting it using the Caesar cipher with a shift of 1 to 5. 

1. Shift of 1:
   - ""uif"" -> ""the""
   
2. Shift of 2:
   - ""uif"" -> ""sgd""
   
3. Shift of 3:
   - ""uif"" -> ""rbe""
   
4. Shift of 4:
   - ""uif"" -> ""qad""
   
5. Shift of 5:
   - ""uif"" -> ""pzc""   

The decrypted word is ""the"" with a Caesar shift of 1.",1,9,"After unscrambling the ciphertext ""uif"":

1. ""uif"" -> ""fui""
2. ""uif"" -> ""ifu""
3. ""uif"" -> ""fiu""
4. ""uif"" -> ""fu""
5. ""uif"" -> ""if""

Since unscrambling the ciphertext did not yield any English word, I will now try decrypting it using the Caesar cipher with a shift of 1 to 5. 

1. Shift of 1:
   - ""uif"" -> ""the""
   
2. Shift of 2:
   - ""uif"" -> ""sgd""
   
3. Shift of 3:
   - ""uif"" -> ""rbe""
   
4. Shift of 4:
   - ""uif"" -> ""qad""
   
5. Shift of 5:
   - ""uif"" -> ""pzc""   

The decrypted word is ""the"" w",1,3.0
uif,the,3,1,"After unscrambling the ciphertext ""uif"":

1. ""uif"" -> ""fui""
2. ""uif"" -> ""ifu""
3. ""uif"" -> ""fiu""
4. ""uif"" -> ""fu""
5. ""uif"" -> ""if""

Since unscrambling the ciphertext did not yield any English word, I will now try decrypting it using the Caesar cipher with a shift of 1 to 5. 

1. Shift of 1:
   - ""uif"" -> ""the""
   
2. Shift of 2:
   - ""uif"" -> ""sgd""
   
3. Shift of 3:
   - ""uif"" -> ""rbe""
   
4. Shift of 4:
   - ""uif"" -> ""qad""
   
5. Shift of 5:
   - ""uif"" -> ""pzc""   

The decrypted word is ""the"" with a Caesar shift of 1.",1,10,"After unscrambling the ciphertext ""uif"":

1. ""uif"" -> ""fui""
2. ""uif"" -> ""ifu""
3. ""uif"" -> ""fiu""
4. ""uif"" -> ""fu""
5. ""uif"" -> ""if""

Since unscrambling the ciphertext did not yield any English word, I will now try decrypting it using the Caesar cipher with a shift of 1 to 5. 

1. Shift of 1:
   - ""uif"" -> ""the""
   
2. Shift of 2:
   - ""uif"" -> ""sgd""
   
3. Shift of 3:
   - ""uif"" -> ""rbe""
   
4. Shift of 4:
   - ""uif"" -> ""qad""
   
5. Shift of 5:
   - ""uif"" -> ""pzc""   

The decrypted word is ""the"" with a Caesar shift of 1.",1,3.0
vjg,the,3,2,"When unscrambled, ""vjg"" could be ""jvg"", ""gvj"", ""vjg"", ""jvg"", ""gvj"", ""gjv"", ""jgv"", ""vjg"", ""gjv"", ""jgv"", ""jvg"", ""gvj"". 

Next, I will try decrypting the ciphertext using different Caesar cipher shifts. 

Shift 1: uif
Shift 2: the
Shift 3: sgd
Shift 4: rfc
Shift 5: qeb. 

Based on trying both anagrams and Caesar cipher decryption, it seems that the word is most likely ""the"" with a Caesar shift of 2.",1,0,"When unscrambled, ""vjg"" could be ""jvg"", ""gvj"", ""vj",0,2.0
vjg,the,3,2,"When unscrambled, ""vjg"" could be ""jvg"", ""gvj"", ""vjg"", ""jvg"", ""gvj"", ""gjv"", ""jgv"", ""vjg"", ""gjv"", ""jgv"", ""jvg"", ""gvj"". 

Next, I will try decrypting the ciphertext using different Caesar cipher shifts. 

Shift 1: uif
Shift 2: the
Shift 3: sgd
Shift 4: rfc
Shift 5: qeb. 

Based on trying both anagrams and Caesar cipher decryption, it seems that the word is most likely ""the"" with a Caesar shift of 2.",1,1,"When unscrambled, ""vjg"" could be ""jvg"", ""gvj"", ""vjg"", ""jvg"", ""gvj"", ""gjv"", ""jgv"", ""vjg"", ""gjv"", ""jgv",0,2.0
vjg,the,3,2,"When unscrambled, ""vjg"" could be ""jvg"", ""gvj"", ""vjg"", ""jvg"", ""gvj"", ""gjv"", ""jgv"", ""vjg"", ""gjv"", ""jgv"", ""jvg"", ""gvj"". 

Next, I will try decrypting the ciphertext using different Caesar cipher shifts. 

Shift 1: uif
Shift 2: the
Shift 3: sgd
Shift 4: rfc
Shift 5: qeb. 

Based on trying both anagrams and Caesar cipher decryption, it seems that the word is most likely ""the"" with a Caesar shift of 2.",1,2,"When unscrambled, ""vjg"" could be ""jvg"", ""gvj"", ""vjg"", ""jvg"", ""gvj"", ""gjv"", ""jgv"", ""vjg"", ""gjv"", ""jgv"", ""jvg"", ""gvj"". 

Next, I will try decrypting the",1,2.0
vjg,the,3,2,"When unscrambled, ""vjg"" could be ""jvg"", ""gvj"", ""vjg"", ""jvg"", ""gvj"", ""gjv"", ""jgv"", ""vjg"", ""gjv"", ""jgv"", ""jvg"", ""gvj"". 

Next, I will try decrypting the ciphertext using different Caesar cipher shifts. 

Shift 1: uif
Shift 2: the
Shift 3: sgd
Shift 4: rfc
Shift 5: qeb. 

Based on trying both anagrams and Caesar cipher decryption, it seems that the word is most likely ""the"" with a Caesar shift of 2.",1,3,"When unscrambled, ""vjg"" could be ""jvg"", ""gvj"", ""vjg"", ""jvg"", ""gvj"", ""gjv"", ""jgv"", ""vjg"", ""gjv"", ""jgv"", ""jvg"", ""gvj"". 

Next, I will try decrypting the ciphertext using different Caesar cipher shifts. ",1,2.0
vjg,the,3,2,"When unscrambled, ""vjg"" could be ""jvg"", ""gvj"", ""vjg"", ""jvg"", ""gvj"", ""gjv"", ""jgv"", ""vjg"", ""gjv"", ""jgv"", ""jvg"", ""gvj"". 

Next, I will try decrypting the ciphertext using different Caesar cipher shifts. 

Shift 1: uif
Shift 2: the
Shift 3: sgd
Shift 4: rfc
Shift 5: qeb. 

Based on trying both anagrams and Caesar cipher decryption, it seems that the word is most likely ""the"" with a Caesar shift of 2.",1,4,"When unscrambled, ""vjg"" could be ""jvg"", ""gvj"", ""vjg"", ""jvg"", ""gvj"", ""gjv"", ""jgv"", ""vjg"", ""gjv"", ""jgv"", ""jvg"", ""gvj"". 

Next, I will try decrypting the ciphertext using different Caesar cipher shifts. 

Shift 1: uif
Shift 2: the
Shift 3: sgd
Shift 4: ",1,2.0
vjg,the,3,2,"When unscrambled, ""vjg"" could be ""jvg"", ""gvj"", ""vjg"", ""jvg"", ""gvj"", ""gjv"", ""jgv"", ""vjg"", ""gjv"", ""jgv"", ""jvg"", ""gvj"". 

Next, I will try decrypting the ciphertext using different Caesar cipher shifts. 

Shift 1: uif
Shift 2: the
Shift 3: sgd
Shift 4: rfc
Shift 5: qeb. 

Based on trying both anagrams and Caesar cipher decryption, it seems that the word is most likely ""the"" with a Caesar shift of 2.",1,5,"When unscrambled, ""vjg"" could be ""jvg"", ""gvj"", ""vjg"", ""jvg"", ""gvj"", ""gjv"", ""jgv"", ""vjg"", ""gjv"", ""jgv"", ""jvg"", ""gvj"". 

Next, I will try decrypting the ciphertext using different Caesar cipher shifts. 

Shift 1: uif
Shift 2: the
Shift 3: sgd
Shift 4: rfc
Shift 5: qeb. 

Based on trying both anagrams ",1,2.0
vjg,the,3,2,"When unscrambled, ""vjg"" could be ""jvg"", ""gvj"", ""vjg"", ""jvg"", ""gvj"", ""gjv"", ""jgv"", ""vjg"", ""gjv"", ""jgv"", ""jvg"", ""gvj"". 

Next, I will try decrypting the ciphertext using different Caesar cipher shifts. 

Shift 1: uif
Shift 2: the
Shift 3: sgd
Shift 4: rfc
Shift 5: qeb. 

Based on trying both anagrams and Caesar cipher decryption, it seems that the word is most likely ""the"" with a Caesar shift of 2.",1,6,"When unscrambled, ""vjg"" could be ""jvg"", ""gvj"", ""vjg"", ""jvg"", ""gvj"", ""gjv"", ""jgv"", ""vjg"", ""gjv"", ""jgv"", ""jvg"", ""gvj"". 

Next, I will try decrypting the ciphertext using different Caesar cipher shifts. 

Shift 1: uif
Shift 2: the
Shift 3: sgd
Shift 4: rfc
Shift 5: qeb. 

Based on trying both anagrams and Caesar cipher decryption, it seems that the wo",1,2.0
vjg,the,3,2,"When unscrambled, ""vjg"" could be ""jvg"", ""gvj"", ""vjg"", ""jvg"", ""gvj"", ""gjv"", ""jgv"", ""vjg"", ""gjv"", ""jgv"", ""jvg"", ""gvj"". 

Next, I will try decrypting the ciphertext using different Caesar cipher shifts. 

Shift 1: uif
Shift 2: the
Shift 3: sgd
Shift 4: rfc
Shift 5: qeb. 

Based on trying both anagrams and Caesar cipher decryption, it seems that the word is most likely ""the"" with a Caesar shift of 2.",1,7,"When unscrambled, ""vjg"" could be ""jvg"", ""gvj"", ""vjg"", ""jvg"", ""gvj"", ""gjv"", ""jgv"", ""vjg"", ""gjv"", ""jgv"", ""jvg"", ""gvj"". 

Next, I will try decrypting the ciphertext using different Caesar cipher shifts. 

Shift 1: uif
Shift 2: the
Shift 3: sgd
Shift 4: rfc
Shift 5: qeb. 

Based on trying both anagrams and Caesar cipher decryption, it seems that the word is most likely ""the"" with a Caesar shift of 2.",1,2.0
cpf,and,3,2,"Anagram attempt: cpf

After trying various combinations, I couldn't find an English word that could be formed from this anagram. Now, I will try decrypting it using a Caesar cipher with different shifts.

Shift 1:
cpf -> doe

Shift 2:
cpf -> ene

Shift 3:
cpf -> fof

Shift 4:
cpf -> gpg

Shift 5:
cpf -> hqh

None of these options seem to produce a valid English word. Let's continue with a few more shifts. 

Shift 6:
cpf -> iri

Shift 7:
cpf -> jsj

Shift 8:
cpf -> ktk

Shift 9:
cpf -> lul

Shift 10:
cpf -> mvm

After trying different shifts, it seems that the letters ""cpf"" do not form an English word using a Caesar cipher technique. My final assumption is that the original ciphertext might be encoded using a different cipher method or is not an English word.",0,0,"Anagram attempt: cpf

After trying various combina",0,2.0
cpf,and,3,2,"Anagram attempt: cpf

After trying various combinations, I couldn't find an English word that could be formed from this anagram. Now, I will try decrypting it using a Caesar cipher with different shifts.

Shift 1:
cpf -> doe

Shift 2:
cpf -> ene

Shift 3:
cpf -> fof

Shift 4:
cpf -> gpg

Shift 5:
cpf -> hqh

None of these options seem to produce a valid English word. Let's continue with a few more shifts. 

Shift 6:
cpf -> iri

Shift 7:
cpf -> jsj

Shift 8:
cpf -> ktk

Shift 9:
cpf -> lul

Shift 10:
cpf -> mvm

After trying different shifts, it seems that the letters ""cpf"" do not form an English word using a Caesar cipher technique. My final assumption is that the original ciphertext might be encoded using a different cipher method or is not an English word.",0,1,"Anagram attempt: cpf

After trying various combinations, I couldn't find an English word that could ",0,2.0
cpf,and,3,2,"Anagram attempt: cpf

After trying various combinations, I couldn't find an English word that could be formed from this anagram. Now, I will try decrypting it using a Caesar cipher with different shifts.

Shift 1:
cpf -> doe

Shift 2:
cpf -> ene

Shift 3:
cpf -> fof

Shift 4:
cpf -> gpg

Shift 5:
cpf -> hqh

None of these options seem to produce a valid English word. Let's continue with a few more shifts. 

Shift 6:
cpf -> iri

Shift 7:
cpf -> jsj

Shift 8:
cpf -> ktk

Shift 9:
cpf -> lul

Shift 10:
cpf -> mvm

After trying different shifts, it seems that the letters ""cpf"" do not form an English word using a Caesar cipher technique. My final assumption is that the original ciphertext might be encoded using a different cipher method or is not an English word.",0,2,"Anagram attempt: cpf

After trying various combinations, I couldn't find an English word that could be formed from this anagram. Now, I will try decry",1,2.0
cpf,and,3,2,"Anagram attempt: cpf

After trying various combinations, I couldn't find an English word that could be formed from this anagram. Now, I will try decrypting it using a Caesar cipher with different shifts.

Shift 1:
cpf -> doe

Shift 2:
cpf -> ene

Shift 3:
cpf -> fof

Shift 4:
cpf -> gpg

Shift 5:
cpf -> hqh

None of these options seem to produce a valid English word. Let's continue with a few more shifts. 

Shift 6:
cpf -> iri

Shift 7:
cpf -> jsj

Shift 8:
cpf -> ktk

Shift 9:
cpf -> lul

Shift 10:
cpf -> mvm

After trying different shifts, it seems that the letters ""cpf"" do not form an English word using a Caesar cipher technique. My final assumption is that the original ciphertext might be encoded using a different cipher method or is not an English word.",0,3,"Anagram attempt: cpf

After trying various combinations, I couldn't find an English word that could be formed from this anagram. Now, I will try decrypting it using a Caesar cipher with different shif",1,2.0
cpf,and,3,2,"Anagram attempt: cpf

After trying various combinations, I couldn't find an English word that could be formed from this anagram. Now, I will try decrypting it using a Caesar cipher with different shifts.

Shift 1:
cpf -> doe

Shift 2:
cpf -> ene

Shift 3:
cpf -> fof

Shift 4:
cpf -> gpg

Shift 5:
cpf -> hqh

None of these options seem to produce a valid English word. Let's continue with a few more shifts. 

Shift 6:
cpf -> iri

Shift 7:
cpf -> jsj

Shift 8:
cpf -> ktk

Shift 9:
cpf -> lul

Shift 10:
cpf -> mvm

After trying different shifts, it seems that the letters ""cpf"" do not form an English word using a Caesar cipher technique. My final assumption is that the original ciphertext might be encoded using a different cipher method or is not an English word.",0,4,"Anagram attempt: cpf

After trying various combinations, I couldn't find an English word that could be formed from this anagram. Now, I will try decrypting it using a Caesar cipher with different shifts.

Shift 1:
cpf -> doe

Shift 2:
cpf -> ene

Shi",1,2.0
cpf,and,3,2,"Anagram attempt: cpf

After trying various combinations, I couldn't find an English word that could be formed from this anagram. Now, I will try decrypting it using a Caesar cipher with different shifts.

Shift 1:
cpf -> doe

Shift 2:
cpf -> ene

Shift 3:
cpf -> fof

Shift 4:
cpf -> gpg

Shift 5:
cpf -> hqh

None of these options seem to produce a valid English word. Let's continue with a few more shifts. 

Shift 6:
cpf -> iri

Shift 7:
cpf -> jsj

Shift 8:
cpf -> ktk

Shift 9:
cpf -> lul

Shift 10:
cpf -> mvm

After trying different shifts, it seems that the letters ""cpf"" do not form an English word using a Caesar cipher technique. My final assumption is that the original ciphertext might be encoded using a different cipher method or is not an English word.",0,5,"Anagram attempt: cpf

After trying various combinations, I couldn't find an English word that could be formed from this anagram. Now, I will try decrypting it using a Caesar cipher with different shifts.

Shift 1:
cpf -> doe

Shift 2:
cpf -> ene

Shift 3:
cpf -> fof

Shift 4:
cpf -> gpg

Shift 5:
cp",1,2.0
cpf,and,3,2,"Anagram attempt: cpf

After trying various combinations, I couldn't find an English word that could be formed from this anagram. Now, I will try decrypting it using a Caesar cipher with different shifts.

Shift 1:
cpf -> doe

Shift 2:
cpf -> ene

Shift 3:
cpf -> fof

Shift 4:
cpf -> gpg

Shift 5:
cpf -> hqh

None of these options seem to produce a valid English word. Let's continue with a few more shifts. 

Shift 6:
cpf -> iri

Shift 7:
cpf -> jsj

Shift 8:
cpf -> ktk

Shift 9:
cpf -> lul

Shift 10:
cpf -> mvm

After trying different shifts, it seems that the letters ""cpf"" do not form an English word using a Caesar cipher technique. My final assumption is that the original ciphertext might be encoded using a different cipher method or is not an English word.",0,6,"Anagram attempt: cpf

After trying various combinations, I couldn't find an English word that could be formed from this anagram. Now, I will try decrypting it using a Caesar cipher with different shifts.

Shift 1:
cpf -> doe

Shift 2:
cpf -> ene

Shift 3:
cpf -> fof

Shift 4:
cpf -> gpg

Shift 5:
cpf -> hqh

None of these options seem to produce a ",1,2.0
cpf,and,3,2,"Anagram attempt: cpf

After trying various combinations, I couldn't find an English word that could be formed from this anagram. Now, I will try decrypting it using a Caesar cipher with different shifts.

Shift 1:
cpf -> doe

Shift 2:
cpf -> ene

Shift 3:
cpf -> fof

Shift 4:
cpf -> gpg

Shift 5:
cpf -> hqh

None of these options seem to produce a valid English word. Let's continue with a few more shifts. 

Shift 6:
cpf -> iri

Shift 7:
cpf -> jsj

Shift 8:
cpf -> ktk

Shift 9:
cpf -> lul

Shift 10:
cpf -> mvm

After trying different shifts, it seems that the letters ""cpf"" do not form an English word using a Caesar cipher technique. My final assumption is that the original ciphertext might be encoded using a different cipher method or is not an English word.",0,7,"Anagram attempt: cpf

After trying various combinations, I couldn't find an English word that could be formed from this anagram. Now, I will try decrypting it using a Caesar cipher with different shifts.

Shift 1:
cpf -> doe

Shift 2:
cpf -> ene

Shift 3:
cpf -> fof

Shift 4:
cpf -> gpg

Shift 5:
cpf -> hqh

None of these options seem to produce a valid English word. Let's continue with a few more",1,2.0
cpf,and,3,2,"Anagram attempt: cpf

After trying various combinations, I couldn't find an English word that could be formed from this anagram. Now, I will try decrypting it using a Caesar cipher with different shifts.

Shift 1:
cpf -> doe

Shift 2:
cpf -> ene

Shift 3:
cpf -> fof

Shift 4:
cpf -> gpg

Shift 5:
cpf -> hqh

None of these options seem to produce a valid English word. Let's continue with a few more shifts. 

Shift 6:
cpf -> iri

Shift 7:
cpf -> jsj

Shift 8:
cpf -> ktk

Shift 9:
cpf -> lul

Shift 10:
cpf -> mvm

After trying different shifts, it seems that the letters ""cpf"" do not form an English word using a Caesar cipher technique. My final assumption is that the original ciphertext might be encoded using a different cipher method or is not an English word.",0,8,"Anagram attempt: cpf

After trying various combinations, I couldn't find an English word that could be formed from this anagram. Now, I will try decrypting it using a Caesar cipher with different shifts.

Shift 1:
cpf -> doe

Shift 2:
cpf -> ene

Shift 3:
cpf -> fof

Shift 4:
cpf -> gpg

Shift 5:
cpf -> hqh

None of these options seem to produce a valid English word. Let's continue with a few more shifts. 

Shift 6:
cpf -> iri

Shift 7:
cpf -> js",1,2.0
cpf,and,3,2,"Anagram attempt: cpf

After trying various combinations, I couldn't find an English word that could be formed from this anagram. Now, I will try decrypting it using a Caesar cipher with different shifts.

Shift 1:
cpf -> doe

Shift 2:
cpf -> ene

Shift 3:
cpf -> fof

Shift 4:
cpf -> gpg

Shift 5:
cpf -> hqh

None of these options seem to produce a valid English word. Let's continue with a few more shifts. 

Shift 6:
cpf -> iri

Shift 7:
cpf -> jsj

Shift 8:
cpf -> ktk

Shift 9:
cpf -> lul

Shift 10:
cpf -> mvm

After trying different shifts, it seems that the letters ""cpf"" do not form an English word using a Caesar cipher technique. My final assumption is that the original ciphertext might be encoded using a different cipher method or is not an English word.",0,9,"Anagram attempt: cpf

After trying various combinations, I couldn't find an English word that could be formed from this anagram. Now, I will try decrypting it using a Caesar cipher with different shifts.

Shift 1:
cpf -> doe

Shift 2:
cpf -> ene

Shift 3:
cpf -> fof

Shift 4:
cpf -> gpg

Shift 5:
cpf -> hqh

None of these options seem to produce a valid English word. Let's continue with a few more shifts. 

Shift 6:
cpf -> iri

Shift 7:
cpf -> jsj

Shift 8:
cpf -> ktk

Shift 9:
cpf -> lul

Shift",1,2.0
cpf,and,3,2,"Anagram attempt: cpf

After trying various combinations, I couldn't find an English word that could be formed from this anagram. Now, I will try decrypting it using a Caesar cipher with different shifts.

Shift 1:
cpf -> doe

Shift 2:
cpf -> ene

Shift 3:
cpf -> fof

Shift 4:
cpf -> gpg

Shift 5:
cpf -> hqh

None of these options seem to produce a valid English word. Let's continue with a few more shifts. 

Shift 6:
cpf -> iri

Shift 7:
cpf -> jsj

Shift 8:
cpf -> ktk

Shift 9:
cpf -> lul

Shift 10:
cpf -> mvm

After trying different shifts, it seems that the letters ""cpf"" do not form an English word using a Caesar cipher technique. My final assumption is that the original ciphertext might be encoded using a different cipher method or is not an English word.",0,10,"Anagram attempt: cpf

After trying various combinations, I couldn't find an English word that could be formed from this anagram. Now, I will try decrypting it using a Caesar cipher with different shifts.

Shift 1:
cpf -> doe

Shift 2:
cpf -> ene

Shift 3:
cpf -> fof

Shift 4:
cpf -> gpg

Shift 5:
cpf -> hqh

None of these options seem to produce a valid English word. Let's continue with a few more shifts. 

Shift 6:
cpf -> iri

Shift 7:
cpf -> jsj

Shift 8:
cpf -> ktk

Shift 9:
cpf -> lul

Shift 10:
cpf -> mvm

After trying different shifts, it",1,2.0
cpf,and,3,2,"Anagram attempt: cpf

After trying various combinations, I couldn't find an English word that could be formed from this anagram. Now, I will try decrypting it using a Caesar cipher with different shifts.

Shift 1:
cpf -> doe

Shift 2:
cpf -> ene

Shift 3:
cpf -> fof

Shift 4:
cpf -> gpg

Shift 5:
cpf -> hqh

None of these options seem to produce a valid English word. Let's continue with a few more shifts. 

Shift 6:
cpf -> iri

Shift 7:
cpf -> jsj

Shift 8:
cpf -> ktk

Shift 9:
cpf -> lul

Shift 10:
cpf -> mvm

After trying different shifts, it seems that the letters ""cpf"" do not form an English word using a Caesar cipher technique. My final assumption is that the original ciphertext might be encoded using a different cipher method or is not an English word.",0,11,"Anagram attempt: cpf

After trying various combinations, I couldn't find an English word that could be formed from this anagram. Now, I will try decrypting it using a Caesar cipher with different shifts.

Shift 1:
cpf -> doe

Shift 2:
cpf -> ene

Shift 3:
cpf -> fof

Shift 4:
cpf -> gpg

Shift 5:
cpf -> hqh

None of these options seem to produce a valid English word. Let's continue with a few more shifts. 

Shift 6:
cpf -> iri

Shift 7:
cpf -> jsj

Shift 8:
cpf -> ktk

Shift 9:
cpf -> lul

Shift 10:
cpf -> mvm

After trying different shifts, it seems that the letters ""cpf"" do not form an Engli",1,2.0
cpf,and,3,2,"Anagram attempt: cpf

After trying various combinations, I couldn't find an English word that could be formed from this anagram. Now, I will try decrypting it using a Caesar cipher with different shifts.

Shift 1:
cpf -> doe

Shift 2:
cpf -> ene

Shift 3:
cpf -> fof

Shift 4:
cpf -> gpg

Shift 5:
cpf -> hqh

None of these options seem to produce a valid English word. Let's continue with a few more shifts. 

Shift 6:
cpf -> iri

Shift 7:
cpf -> jsj

Shift 8:
cpf -> ktk

Shift 9:
cpf -> lul

Shift 10:
cpf -> mvm

After trying different shifts, it seems that the letters ""cpf"" do not form an English word using a Caesar cipher technique. My final assumption is that the original ciphertext might be encoded using a different cipher method or is not an English word.",0,12,"Anagram attempt: cpf

After trying various combinations, I couldn't find an English word that could be formed from this anagram. Now, I will try decrypting it using a Caesar cipher with different shifts.

Shift 1:
cpf -> doe

Shift 2:
cpf -> ene

Shift 3:
cpf -> fof

Shift 4:
cpf -> gpg

Shift 5:
cpf -> hqh

None of these options seem to produce a valid English word. Let's continue with a few more shifts. 

Shift 6:
cpf -> iri

Shift 7:
cpf -> jsj

Shift 8:
cpf -> ktk

Shift 9:
cpf -> lul

Shift 10:
cpf -> mvm

After trying different shifts, it seems that the letters ""cpf"" do not form an English word using a Caesar cipher technique. My final ",1,2.0
cpf,and,3,2,"Anagram attempt: cpf

After trying various combinations, I couldn't find an English word that could be formed from this anagram. Now, I will try decrypting it using a Caesar cipher with different shifts.

Shift 1:
cpf -> doe

Shift 2:
cpf -> ene

Shift 3:
cpf -> fof

Shift 4:
cpf -> gpg

Shift 5:
cpf -> hqh

None of these options seem to produce a valid English word. Let's continue with a few more shifts. 

Shift 6:
cpf -> iri

Shift 7:
cpf -> jsj

Shift 8:
cpf -> ktk

Shift 9:
cpf -> lul

Shift 10:
cpf -> mvm

After trying different shifts, it seems that the letters ""cpf"" do not form an English word using a Caesar cipher technique. My final assumption is that the original ciphertext might be encoded using a different cipher method or is not an English word.",0,13,"Anagram attempt: cpf

After trying various combinations, I couldn't find an English word that could be formed from this anagram. Now, I will try decrypting it using a Caesar cipher with different shifts.

Shift 1:
cpf -> doe

Shift 2:
cpf -> ene

Shift 3:
cpf -> fof

Shift 4:
cpf -> gpg

Shift 5:
cpf -> hqh

None of these options seem to produce a valid English word. Let's continue with a few more shifts. 

Shift 6:
cpf -> iri

Shift 7:
cpf -> jsj

Shift 8:
cpf -> ktk

Shift 9:
cpf -> lul

Shift 10:
cpf -> mvm

After trying different shifts, it seems that the letters ""cpf"" do not form an English word using a Caesar cipher technique. My final assumption is that the original ciphertext might b",1,2.0
cpf,and,3,2,"Anagram attempt: cpf

After trying various combinations, I couldn't find an English word that could be formed from this anagram. Now, I will try decrypting it using a Caesar cipher with different shifts.

Shift 1:
cpf -> doe

Shift 2:
cpf -> ene

Shift 3:
cpf -> fof

Shift 4:
cpf -> gpg

Shift 5:
cpf -> hqh

None of these options seem to produce a valid English word. Let's continue with a few more shifts. 

Shift 6:
cpf -> iri

Shift 7:
cpf -> jsj

Shift 8:
cpf -> ktk

Shift 9:
cpf -> lul

Shift 10:
cpf -> mvm

After trying different shifts, it seems that the letters ""cpf"" do not form an English word using a Caesar cipher technique. My final assumption is that the original ciphertext might be encoded using a different cipher method or is not an English word.",0,14,"Anagram attempt: cpf

After trying various combinations, I couldn't find an English word that could be formed from this anagram. Now, I will try decrypting it using a Caesar cipher with different shifts.

Shift 1:
cpf -> doe

Shift 2:
cpf -> ene

Shift 3:
cpf -> fof

Shift 4:
cpf -> gpg

Shift 5:
cpf -> hqh

None of these options seem to produce a valid English word. Let's continue with a few more shifts. 

Shift 6:
cpf -> iri

Shift 7:
cpf -> jsj

Shift 8:
cpf -> ktk

Shift 9:
cpf -> lul

Shift 10:
cpf -> mvm

After trying different shifts, it seems that the letters ""cpf"" do not form an English word using a Caesar cipher technique. My final assumption is that the original ciphertext might be encoded using a different cipher method or is no",1,2.0
cpf,and,3,2,"Anagram attempt: cpf

After trying various combinations, I couldn't find an English word that could be formed from this anagram. Now, I will try decrypting it using a Caesar cipher with different shifts.

Shift 1:
cpf -> doe

Shift 2:
cpf -> ene

Shift 3:
cpf -> fof

Shift 4:
cpf -> gpg

Shift 5:
cpf -> hqh

None of these options seem to produce a valid English word. Let's continue with a few more shifts. 

Shift 6:
cpf -> iri

Shift 7:
cpf -> jsj

Shift 8:
cpf -> ktk

Shift 9:
cpf -> lul

Shift 10:
cpf -> mvm

After trying different shifts, it seems that the letters ""cpf"" do not form an English word using a Caesar cipher technique. My final assumption is that the original ciphertext might be encoded using a different cipher method or is not an English word.",0,15,"Anagram attempt: cpf

After trying various combinations, I couldn't find an English word that could be formed from this anagram. Now, I will try decrypting it using a Caesar cipher with different shifts.

Shift 1:
cpf -> doe

Shift 2:
cpf -> ene

Shift 3:
cpf -> fof

Shift 4:
cpf -> gpg

Shift 5:
cpf -> hqh

None of these options seem to produce a valid English word. Let's continue with a few more shifts. 

Shift 6:
cpf -> iri

Shift 7:
cpf -> jsj

Shift 8:
cpf -> ktk

Shift 9:
cpf -> lul

Shift 10:
cpf -> mvm

After trying different shifts, it seems that the letters ""cpf"" do not form an English word using a Caesar cipher technique. My final assumption is that the original ciphertext might be encoded using a different cipher method or is not an English word.",1,2.0
vjg,the,3,2,"As there are only three characters in the ciphertext, there are only six possible anagrams:

1. jgv
2. jvg
3. gjv
4. gvj
5. vjg
6. vgj

After trying all possible anagrams, it doesn't seem to form a valid English word. Next, I will try decrypting the ciphertext using Caesar cipher with different shifts. 

Shift 1:
vjg -> uif

Shift 2:
vjg -> tie

Shift 3:
vjg -> shd

Shift 4:
vjg -> rgc

Shift 5:
vjg -> qfb

None of the decryptions using different Caesar shifts produce a valid English word.",1,0,As there are only three characters in the cipherte,0,4.0
vjg,the,3,2,"As there are only three characters in the ciphertext, there are only six possible anagrams:

1. jgv
2. jvg
3. gjv
4. gvj
5. vjg
6. vgj

After trying all possible anagrams, it doesn't seem to form a valid English word. Next, I will try decrypting the ciphertext using Caesar cipher with different shifts. 

Shift 1:
vjg -> uif

Shift 2:
vjg -> tie

Shift 3:
vjg -> shd

Shift 4:
vjg -> rgc

Shift 5:
vjg -> qfb

None of the decryptions using different Caesar shifts produce a valid English word.",1,1,"As there are only three characters in the ciphertext, there are only six possible anagrams:

1. jgv
",0,4.0
vjg,the,3,2,"As there are only three characters in the ciphertext, there are only six possible anagrams:

1. jgv
2. jvg
3. gjv
4. gvj
5. vjg
6. vgj

After trying all possible anagrams, it doesn't seem to form a valid English word. Next, I will try decrypting the ciphertext using Caesar cipher with different shifts. 

Shift 1:
vjg -> uif

Shift 2:
vjg -> tie

Shift 3:
vjg -> shd

Shift 4:
vjg -> rgc

Shift 5:
vjg -> qfb

None of the decryptions using different Caesar shifts produce a valid English word.",1,2,"As there are only three characters in the ciphertext, there are only six possible anagrams:

1. jgv
2. jvg
3. gjv
4. gvj
5. vjg
6. vgj

After trying a",0,4.0
vjg,the,3,2,"As there are only three characters in the ciphertext, there are only six possible anagrams:

1. jgv
2. jvg
3. gjv
4. gvj
5. vjg
6. vgj

After trying all possible anagrams, it doesn't seem to form a valid English word. Next, I will try decrypting the ciphertext using Caesar cipher with different shifts. 

Shift 1:
vjg -> uif

Shift 2:
vjg -> tie

Shift 3:
vjg -> shd

Shift 4:
vjg -> rgc

Shift 5:
vjg -> qfb

None of the decryptions using different Caesar shifts produce a valid English word.",1,3,"As there are only three characters in the ciphertext, there are only six possible anagrams:

1. jgv
2. jvg
3. gjv
4. gvj
5. vjg
6. vgj

After trying all possible anagrams, it doesn't seem to form a va",0,4.0
vjg,the,3,2,"As there are only three characters in the ciphertext, there are only six possible anagrams:

1. jgv
2. jvg
3. gjv
4. gvj
5. vjg
6. vgj

After trying all possible anagrams, it doesn't seem to form a valid English word. Next, I will try decrypting the ciphertext using Caesar cipher with different shifts. 

Shift 1:
vjg -> uif

Shift 2:
vjg -> tie

Shift 3:
vjg -> shd

Shift 4:
vjg -> rgc

Shift 5:
vjg -> qfb

None of the decryptions using different Caesar shifts produce a valid English word.",1,4,"As there are only three characters in the ciphertext, there are only six possible anagrams:

1. jgv
2. jvg
3. gjv
4. gvj
5. vjg
6. vgj

After trying all possible anagrams, it doesn't seem to form a valid English word. Next, I will try decrypting the ",1,4.0
vjg,the,3,2,"As there are only three characters in the ciphertext, there are only six possible anagrams:

1. jgv
2. jvg
3. gjv
4. gvj
5. vjg
6. vgj

After trying all possible anagrams, it doesn't seem to form a valid English word. Next, I will try decrypting the ciphertext using Caesar cipher with different shifts. 

Shift 1:
vjg -> uif

Shift 2:
vjg -> tie

Shift 3:
vjg -> shd

Shift 4:
vjg -> rgc

Shift 5:
vjg -> qfb

None of the decryptions using different Caesar shifts produce a valid English word.",1,5,"As there are only three characters in the ciphertext, there are only six possible anagrams:

1. jgv
2. jvg
3. gjv
4. gvj
5. vjg
6. vgj

After trying all possible anagrams, it doesn't seem to form a valid English word. Next, I will try decrypting the ciphertext using Caesar cipher with different shif",1,4.0
vjg,the,3,2,"As there are only three characters in the ciphertext, there are only six possible anagrams:

1. jgv
2. jvg
3. gjv
4. gvj
5. vjg
6. vgj

After trying all possible anagrams, it doesn't seem to form a valid English word. Next, I will try decrypting the ciphertext using Caesar cipher with different shifts. 

Shift 1:
vjg -> uif

Shift 2:
vjg -> tie

Shift 3:
vjg -> shd

Shift 4:
vjg -> rgc

Shift 5:
vjg -> qfb

None of the decryptions using different Caesar shifts produce a valid English word.",1,6,"As there are only three characters in the ciphertext, there are only six possible anagrams:

1. jgv
2. jvg
3. gjv
4. gvj
5. vjg
6. vgj

After trying all possible anagrams, it doesn't seem to form a valid English word. Next, I will try decrypting the ciphertext using Caesar cipher with different shifts. 

Shift 1:
vjg -> uif

Shift 2:
vjg -> tie

Sh",1,4.0
vjg,the,3,2,"As there are only three characters in the ciphertext, there are only six possible anagrams:

1. jgv
2. jvg
3. gjv
4. gvj
5. vjg
6. vgj

After trying all possible anagrams, it doesn't seem to form a valid English word. Next, I will try decrypting the ciphertext using Caesar cipher with different shifts. 

Shift 1:
vjg -> uif

Shift 2:
vjg -> tie

Shift 3:
vjg -> shd

Shift 4:
vjg -> rgc

Shift 5:
vjg -> qfb

None of the decryptions using different Caesar shifts produce a valid English word.",1,7,"As there are only three characters in the ciphertext, there are only six possible anagrams:

1. jgv
2. jvg
3. gjv
4. gvj
5. vjg
6. vgj

After trying all possible anagrams, it doesn't seem to form a valid English word. Next, I will try decrypting the ciphertext using Caesar cipher with different shifts. 

Shift 1:
vjg -> uif

Shift 2:
vjg -> tie

Shift 3:
vjg -> shd

Shift 4:
vjg -> rgc

Shift 5:
v",1,4.0
vjg,the,3,2,"As there are only three characters in the ciphertext, there are only six possible anagrams:

1. jgv
2. jvg
3. gjv
4. gvj
5. vjg
6. vgj

After trying all possible anagrams, it doesn't seem to form a valid English word. Next, I will try decrypting the ciphertext using Caesar cipher with different shifts. 

Shift 1:
vjg -> uif

Shift 2:
vjg -> tie

Shift 3:
vjg -> shd

Shift 4:
vjg -> rgc

Shift 5:
vjg -> qfb

None of the decryptions using different Caesar shifts produce a valid English word.",1,8,"As there are only three characters in the ciphertext, there are only six possible anagrams:

1. jgv
2. jvg
3. gjv
4. gvj
5. vjg
6. vgj

After trying all possible anagrams, it doesn't seem to form a valid English word. Next, I will try decrypting the ciphertext using Caesar cipher with different shifts. 

Shift 1:
vjg -> uif

Shift 2:
vjg -> tie

Shift 3:
vjg -> shd

Shift 4:
vjg -> rgc

Shift 5:
vjg -> qfb

None of the decryptions using different",1,4.0
vjg,the,3,2,"As there are only three characters in the ciphertext, there are only six possible anagrams:

1. jgv
2. jvg
3. gjv
4. gvj
5. vjg
6. vgj

After trying all possible anagrams, it doesn't seem to form a valid English word. Next, I will try decrypting the ciphertext using Caesar cipher with different shifts. 

Shift 1:
vjg -> uif

Shift 2:
vjg -> tie

Shift 3:
vjg -> shd

Shift 4:
vjg -> rgc

Shift 5:
vjg -> qfb

None of the decryptions using different Caesar shifts produce a valid English word.",1,9,"As there are only three characters in the ciphertext, there are only six possible anagrams:

1. jgv
2. jvg
3. gjv
4. gvj
5. vjg
6. vgj

After trying all possible anagrams, it doesn't seem to form a valid English word. Next, I will try decrypting the ciphertext using Caesar cipher with different shifts. 

Shift 1:
vjg -> uif

Shift 2:
vjg -> tie

Shift 3:
vjg -> shd

Shift 4:
vjg -> rgc

Shift 5:
vjg -> qfb

None of the decryptions using different Caesar shifts produce a valid English word.",1,4.0
duh,are,3,3,"After attempting to unscramble ""duh"", it seems that it is not a valid English word. I will now try decrypting it using a Caesar cipher with different shift values.

Shift 1:
Ciphertext: duh
Plaintext: ctg

Shift 2:
Ciphertext: duh
Plaintext: ctf

Shift 3:
Ciphertext: duh
Plaintext: cte

Shift 4:
Ciphertext: duh
Plaintext: ctd

Shift 5:
Ciphertext: duh
Plaintext: ctc

Based on trying multiple shifts, it seems that ""duh"" does not decrypt to a valid English word using a Caesar cipher either.",0,0,"After attempting to unscramble ""duh"", it seems tha",0,1.0
duh,are,3,3,"After attempting to unscramble ""duh"", it seems that it is not a valid English word. I will now try decrypting it using a Caesar cipher with different shift values.

Shift 1:
Ciphertext: duh
Plaintext: ctg

Shift 2:
Ciphertext: duh
Plaintext: ctf

Shift 3:
Ciphertext: duh
Plaintext: cte

Shift 4:
Ciphertext: duh
Plaintext: ctd

Shift 5:
Ciphertext: duh
Plaintext: ctc

Based on trying multiple shifts, it seems that ""duh"" does not decrypt to a valid English word using a Caesar cipher either.",0,1,"After attempting to unscramble ""duh"", it seems that it is not a valid English word. I will now try d",1,1.0
duh,are,3,3,"After attempting to unscramble ""duh"", it seems that it is not a valid English word. I will now try decrypting it using a Caesar cipher with different shift values.

Shift 1:
Ciphertext: duh
Plaintext: ctg

Shift 2:
Ciphertext: duh
Plaintext: ctf

Shift 3:
Ciphertext: duh
Plaintext: cte

Shift 4:
Ciphertext: duh
Plaintext: ctd

Shift 5:
Ciphertext: duh
Plaintext: ctc

Based on trying multiple shifts, it seems that ""duh"" does not decrypt to a valid English word using a Caesar cipher either.",0,2,"After attempting to unscramble ""duh"", it seems that it is not a valid English word. I will now try decrypting it using a Caesar cipher with different ",1,1.0
duh,are,3,3,"After attempting to unscramble ""duh"", it seems that it is not a valid English word. I will now try decrypting it using a Caesar cipher with different shift values.

Shift 1:
Ciphertext: duh
Plaintext: ctg

Shift 2:
Ciphertext: duh
Plaintext: ctf

Shift 3:
Ciphertext: duh
Plaintext: cte

Shift 4:
Ciphertext: duh
Plaintext: ctd

Shift 5:
Ciphertext: duh
Plaintext: ctc

Based on trying multiple shifts, it seems that ""duh"" does not decrypt to a valid English word using a Caesar cipher either.",0,3,"After attempting to unscramble ""duh"", it seems that it is not a valid English word. I will now try decrypting it using a Caesar cipher with different shift values.

Shift 1:
Ciphertext: duh
Plaintext:",1,1.0
duh,are,3,3,"After attempting to unscramble ""duh"", it seems that it is not a valid English word. I will now try decrypting it using a Caesar cipher with different shift values.

Shift 1:
Ciphertext: duh
Plaintext: ctg

Shift 2:
Ciphertext: duh
Plaintext: ctf

Shift 3:
Ciphertext: duh
Plaintext: cte

Shift 4:
Ciphertext: duh
Plaintext: ctd

Shift 5:
Ciphertext: duh
Plaintext: ctc

Based on trying multiple shifts, it seems that ""duh"" does not decrypt to a valid English word using a Caesar cipher either.",0,4,"After attempting to unscramble ""duh"", it seems that it is not a valid English word. I will now try decrypting it using a Caesar cipher with different shift values.

Shift 1:
Ciphertext: duh
Plaintext: ctg

Shift 2:
Ciphertext: duh
Plaintext: ctf

Shi",1,1.0
duh,are,3,3,"After attempting to unscramble ""duh"", it seems that it is not a valid English word. I will now try decrypting it using a Caesar cipher with different shift values.

Shift 1:
Ciphertext: duh
Plaintext: ctg

Shift 2:
Ciphertext: duh
Plaintext: ctf

Shift 3:
Ciphertext: duh
Plaintext: cte

Shift 4:
Ciphertext: duh
Plaintext: ctd

Shift 5:
Ciphertext: duh
Plaintext: ctc

Based on trying multiple shifts, it seems that ""duh"" does not decrypt to a valid English word using a Caesar cipher either.",0,5,"After attempting to unscramble ""duh"", it seems that it is not a valid English word. I will now try decrypting it using a Caesar cipher with different shift values.

Shift 1:
Ciphertext: duh
Plaintext: ctg

Shift 2:
Ciphertext: duh
Plaintext: ctf

Shift 3:
Ciphertext: duh
Plaintext: cte

Shift 4:
Cip",1,1.0
duh,are,3,3,"After attempting to unscramble ""duh"", it seems that it is not a valid English word. I will now try decrypting it using a Caesar cipher with different shift values.

Shift 1:
Ciphertext: duh
Plaintext: ctg

Shift 2:
Ciphertext: duh
Plaintext: ctf

Shift 3:
Ciphertext: duh
Plaintext: cte

Shift 4:
Ciphertext: duh
Plaintext: ctd

Shift 5:
Ciphertext: duh
Plaintext: ctc

Based on trying multiple shifts, it seems that ""duh"" does not decrypt to a valid English word using a Caesar cipher either.",0,6,"After attempting to unscramble ""duh"", it seems that it is not a valid English word. I will now try decrypting it using a Caesar cipher with different shift values.

Shift 1:
Ciphertext: duh
Plaintext: ctg

Shift 2:
Ciphertext: duh
Plaintext: ctf

Shift 3:
Ciphertext: duh
Plaintext: cte

Shift 4:
Ciphertext: duh
Plaintext: ctd

Shift 5:
Ciphertext: ",1,1.0
duh,are,3,3,"After attempting to unscramble ""duh"", it seems that it is not a valid English word. I will now try decrypting it using a Caesar cipher with different shift values.

Shift 1:
Ciphertext: duh
Plaintext: ctg

Shift 2:
Ciphertext: duh
Plaintext: ctf

Shift 3:
Ciphertext: duh
Plaintext: cte

Shift 4:
Ciphertext: duh
Plaintext: ctd

Shift 5:
Ciphertext: duh
Plaintext: ctc

Based on trying multiple shifts, it seems that ""duh"" does not decrypt to a valid English word using a Caesar cipher either.",0,7,"After attempting to unscramble ""duh"", it seems that it is not a valid English word. I will now try decrypting it using a Caesar cipher with different shift values.

Shift 1:
Ciphertext: duh
Plaintext: ctg

Shift 2:
Ciphertext: duh
Plaintext: ctf

Shift 3:
Ciphertext: duh
Plaintext: cte

Shift 4:
Ciphertext: duh
Plaintext: ctd

Shift 5:
Ciphertext: duh
Plaintext: ctc

Based on trying multiple shift",1,1.0
duh,are,3,3,"After attempting to unscramble ""duh"", it seems that it is not a valid English word. I will now try decrypting it using a Caesar cipher with different shift values.

Shift 1:
Ciphertext: duh
Plaintext: ctg

Shift 2:
Ciphertext: duh
Plaintext: ctf

Shift 3:
Ciphertext: duh
Plaintext: cte

Shift 4:
Ciphertext: duh
Plaintext: ctd

Shift 5:
Ciphertext: duh
Plaintext: ctc

Based on trying multiple shifts, it seems that ""duh"" does not decrypt to a valid English word using a Caesar cipher either.",0,8,"After attempting to unscramble ""duh"", it seems that it is not a valid English word. I will now try decrypting it using a Caesar cipher with different shift values.

Shift 1:
Ciphertext: duh
Plaintext: ctg

Shift 2:
Ciphertext: duh
Plaintext: ctf

Shift 3:
Ciphertext: duh
Plaintext: cte

Shift 4:
Ciphertext: duh
Plaintext: ctd

Shift 5:
Ciphertext: duh
Plaintext: ctc

Based on trying multiple shifts, it seems that ""duh"" does not decrypt to a valid",1,1.0
duh,are,3,3,"After attempting to unscramble ""duh"", it seems that it is not a valid English word. I will now try decrypting it using a Caesar cipher with different shift values.

Shift 1:
Ciphertext: duh
Plaintext: ctg

Shift 2:
Ciphertext: duh
Plaintext: ctf

Shift 3:
Ciphertext: duh
Plaintext: cte

Shift 4:
Ciphertext: duh
Plaintext: ctd

Shift 5:
Ciphertext: duh
Plaintext: ctc

Based on trying multiple shifts, it seems that ""duh"" does not decrypt to a valid English word using a Caesar cipher either.",0,9,"After attempting to unscramble ""duh"", it seems that it is not a valid English word. I will now try decrypting it using a Caesar cipher with different shift values.

Shift 1:
Ciphertext: duh
Plaintext: ctg

Shift 2:
Ciphertext: duh
Plaintext: ctf

Shift 3:
Ciphertext: duh
Plaintext: cte

Shift 4:
Ciphertext: duh
Plaintext: ctd

Shift 5:
Ciphertext: duh
Plaintext: ctc

Based on trying multiple shifts, it seems that ""duh"" does not decrypt to a valid English word using a Caesar cipher either.",1,1.0
vdb,say,3,3,"After trying different combinations, I couldn't find a meaningful English word by unscrambling the ciphertext ""vdb"" as an anagram. 

Next, I will try to decrypt the ciphertext using a Caesar cipher with different shifts:

Shift 1:
v -> u
d -> c
b -> a

Decrypted text: uca

Shift 2:
v -> t
d -> c
b -> a

Decrypted text: tca

Shift 3:
v -> s
d -> c
b -> a

Decrypted text: sca

Shift 4:
v -> r
d -> c
b -> a

Decrypted text: rca

Shift 5:
v -> q
d -> c
b -> a

Decrypted text: qca

After trying multiple shift values, it seems that decrypting the ciphertext ""vdb"" with a Caesar cipher does not result in any recognizable English word. It is possible that the ciphertext may not be a properly encrypted word or phrase.",0,0,"After trying different combinations, I couldn't fi",0,2.0
vdb,say,3,3,"After trying different combinations, I couldn't find a meaningful English word by unscrambling the ciphertext ""vdb"" as an anagram. 

Next, I will try to decrypt the ciphertext using a Caesar cipher with different shifts:

Shift 1:
v -> u
d -> c
b -> a

Decrypted text: uca

Shift 2:
v -> t
d -> c
b -> a

Decrypted text: tca

Shift 3:
v -> s
d -> c
b -> a

Decrypted text: sca

Shift 4:
v -> r
d -> c
b -> a

Decrypted text: rca

Shift 5:
v -> q
d -> c
b -> a

Decrypted text: qca

After trying multiple shift values, it seems that decrypting the ciphertext ""vdb"" with a Caesar cipher does not result in any recognizable English word. It is possible that the ciphertext may not be a properly encrypted word or phrase.",0,1,"After trying different combinations, I couldn't find a meaningful English word by unscrambling the c",0,2.0
vdb,say,3,3,"After trying different combinations, I couldn't find a meaningful English word by unscrambling the ciphertext ""vdb"" as an anagram. 

Next, I will try to decrypt the ciphertext using a Caesar cipher with different shifts:

Shift 1:
v -> u
d -> c
b -> a

Decrypted text: uca

Shift 2:
v -> t
d -> c
b -> a

Decrypted text: tca

Shift 3:
v -> s
d -> c
b -> a

Decrypted text: sca

Shift 4:
v -> r
d -> c
b -> a

Decrypted text: rca

Shift 5:
v -> q
d -> c
b -> a

Decrypted text: qca

After trying multiple shift values, it seems that decrypting the ciphertext ""vdb"" with a Caesar cipher does not result in any recognizable English word. It is possible that the ciphertext may not be a properly encrypted word or phrase.",0,2,"After trying different combinations, I couldn't find a meaningful English word by unscrambling the ciphertext ""vdb"" as an anagram. 

Next, I will try ",1,2.0
vdb,say,3,3,"After trying different combinations, I couldn't find a meaningful English word by unscrambling the ciphertext ""vdb"" as an anagram. 

Next, I will try to decrypt the ciphertext using a Caesar cipher with different shifts:

Shift 1:
v -> u
d -> c
b -> a

Decrypted text: uca

Shift 2:
v -> t
d -> c
b -> a

Decrypted text: tca

Shift 3:
v -> s
d -> c
b -> a

Decrypted text: sca

Shift 4:
v -> r
d -> c
b -> a

Decrypted text: rca

Shift 5:
v -> q
d -> c
b -> a

Decrypted text: qca

After trying multiple shift values, it seems that decrypting the ciphertext ""vdb"" with a Caesar cipher does not result in any recognizable English word. It is possible that the ciphertext may not be a properly encrypted word or phrase.",0,3,"After trying different combinations, I couldn't find a meaningful English word by unscrambling the ciphertext ""vdb"" as an anagram. 

Next, I will try to decrypt the ciphertext using a Caesar cipher wi",1,2.0
vdb,say,3,3,"After trying different combinations, I couldn't find a meaningful English word by unscrambling the ciphertext ""vdb"" as an anagram. 

Next, I will try to decrypt the ciphertext using a Caesar cipher with different shifts:

Shift 1:
v -> u
d -> c
b -> a

Decrypted text: uca

Shift 2:
v -> t
d -> c
b -> a

Decrypted text: tca

Shift 3:
v -> s
d -> c
b -> a

Decrypted text: sca

Shift 4:
v -> r
d -> c
b -> a

Decrypted text: rca

Shift 5:
v -> q
d -> c
b -> a

Decrypted text: qca

After trying multiple shift values, it seems that decrypting the ciphertext ""vdb"" with a Caesar cipher does not result in any recognizable English word. It is possible that the ciphertext may not be a properly encrypted word or phrase.",0,4,"After trying different combinations, I couldn't find a meaningful English word by unscrambling the ciphertext ""vdb"" as an anagram. 

Next, I will try to decrypt the ciphertext using a Caesar cipher with different shifts:

Shift 1:
v -> u
d -> c
b -> ",1,2.0
vdb,say,3,3,"After trying different combinations, I couldn't find a meaningful English word by unscrambling the ciphertext ""vdb"" as an anagram. 

Next, I will try to decrypt the ciphertext using a Caesar cipher with different shifts:

Shift 1:
v -> u
d -> c
b -> a

Decrypted text: uca

Shift 2:
v -> t
d -> c
b -> a

Decrypted text: tca

Shift 3:
v -> s
d -> c
b -> a

Decrypted text: sca

Shift 4:
v -> r
d -> c
b -> a

Decrypted text: rca

Shift 5:
v -> q
d -> c
b -> a

Decrypted text: qca

After trying multiple shift values, it seems that decrypting the ciphertext ""vdb"" with a Caesar cipher does not result in any recognizable English word. It is possible that the ciphertext may not be a properly encrypted word or phrase.",0,5,"After trying different combinations, I couldn't find a meaningful English word by unscrambling the ciphertext ""vdb"" as an anagram. 

Next, I will try to decrypt the ciphertext using a Caesar cipher with different shifts:

Shift 1:
v -> u
d -> c
b -> a

Decrypted text: uca

Shift 2:
v -> t
d -> c
b -",1,2.0
vdb,say,3,3,"After trying different combinations, I couldn't find a meaningful English word by unscrambling the ciphertext ""vdb"" as an anagram. 

Next, I will try to decrypt the ciphertext using a Caesar cipher with different shifts:

Shift 1:
v -> u
d -> c
b -> a

Decrypted text: uca

Shift 2:
v -> t
d -> c
b -> a

Decrypted text: tca

Shift 3:
v -> s
d -> c
b -> a

Decrypted text: sca

Shift 4:
v -> r
d -> c
b -> a

Decrypted text: rca

Shift 5:
v -> q
d -> c
b -> a

Decrypted text: qca

After trying multiple shift values, it seems that decrypting the ciphertext ""vdb"" with a Caesar cipher does not result in any recognizable English word. It is possible that the ciphertext may not be a properly encrypted word or phrase.",0,6,"After trying different combinations, I couldn't find a meaningful English word by unscrambling the ciphertext ""vdb"" as an anagram. 

Next, I will try to decrypt the ciphertext using a Caesar cipher with different shifts:

Shift 1:
v -> u
d -> c
b -> a

Decrypted text: uca

Shift 2:
v -> t
d -> c
b -> a

Decrypted text: tca

Shift 3:
v -> s
d -> c
b",1,2.0
vdb,say,3,3,"After trying different combinations, I couldn't find a meaningful English word by unscrambling the ciphertext ""vdb"" as an anagram. 

Next, I will try to decrypt the ciphertext using a Caesar cipher with different shifts:

Shift 1:
v -> u
d -> c
b -> a

Decrypted text: uca

Shift 2:
v -> t
d -> c
b -> a

Decrypted text: tca

Shift 3:
v -> s
d -> c
b -> a

Decrypted text: sca

Shift 4:
v -> r
d -> c
b -> a

Decrypted text: rca

Shift 5:
v -> q
d -> c
b -> a

Decrypted text: qca

After trying multiple shift values, it seems that decrypting the ciphertext ""vdb"" with a Caesar cipher does not result in any recognizable English word. It is possible that the ciphertext may not be a properly encrypted word or phrase.",0,7,"After trying different combinations, I couldn't find a meaningful English word by unscrambling the ciphertext ""vdb"" as an anagram. 

Next, I will try to decrypt the ciphertext using a Caesar cipher with different shifts:

Shift 1:
v -> u
d -> c
b -> a

Decrypted text: uca

Shift 2:
v -> t
d -> c
b -> a

Decrypted text: tca

Shift 3:
v -> s
d -> c
b -> a

Decrypted text: sca

Shift 4:
v -> r
d -> c",1,2.0
vdb,say,3,3,"After trying different combinations, I couldn't find a meaningful English word by unscrambling the ciphertext ""vdb"" as an anagram. 

Next, I will try to decrypt the ciphertext using a Caesar cipher with different shifts:

Shift 1:
v -> u
d -> c
b -> a

Decrypted text: uca

Shift 2:
v -> t
d -> c
b -> a

Decrypted text: tca

Shift 3:
v -> s
d -> c
b -> a

Decrypted text: sca

Shift 4:
v -> r
d -> c
b -> a

Decrypted text: rca

Shift 5:
v -> q
d -> c
b -> a

Decrypted text: qca

After trying multiple shift values, it seems that decrypting the ciphertext ""vdb"" with a Caesar cipher does not result in any recognizable English word. It is possible that the ciphertext may not be a properly encrypted word or phrase.",0,8,"After trying different combinations, I couldn't find a meaningful English word by unscrambling the ciphertext ""vdb"" as an anagram. 

Next, I will try to decrypt the ciphertext using a Caesar cipher with different shifts:

Shift 1:
v -> u
d -> c
b -> a

Decrypted text: uca

Shift 2:
v -> t
d -> c
b -> a

Decrypted text: tca

Shift 3:
v -> s
d -> c
b -> a

Decrypted text: sca

Shift 4:
v -> r
d -> c
b -> a

Decrypted text: rca

Shift 5:
v -> q
d ->",1,2.0
vdb,say,3,3,"After trying different combinations, I couldn't find a meaningful English word by unscrambling the ciphertext ""vdb"" as an anagram. 

Next, I will try to decrypt the ciphertext using a Caesar cipher with different shifts:

Shift 1:
v -> u
d -> c
b -> a

Decrypted text: uca

Shift 2:
v -> t
d -> c
b -> a

Decrypted text: tca

Shift 3:
v -> s
d -> c
b -> a

Decrypted text: sca

Shift 4:
v -> r
d -> c
b -> a

Decrypted text: rca

Shift 5:
v -> q
d -> c
b -> a

Decrypted text: qca

After trying multiple shift values, it seems that decrypting the ciphertext ""vdb"" with a Caesar cipher does not result in any recognizable English word. It is possible that the ciphertext may not be a properly encrypted word or phrase.",0,9,"After trying different combinations, I couldn't find a meaningful English word by unscrambling the ciphertext ""vdb"" as an anagram. 

Next, I will try to decrypt the ciphertext using a Caesar cipher with different shifts:

Shift 1:
v -> u
d -> c
b -> a

Decrypted text: uca

Shift 2:
v -> t
d -> c
b -> a

Decrypted text: tca

Shift 3:
v -> s
d -> c
b -> a

Decrypted text: sca

Shift 4:
v -> r
d -> c
b -> a

Decrypted text: rca

Shift 5:
v -> q
d -> c
b -> a

Decrypted text: qca

After trying multi",1,2.0
vdb,say,3,3,"After trying different combinations, I couldn't find a meaningful English word by unscrambling the ciphertext ""vdb"" as an anagram. 

Next, I will try to decrypt the ciphertext using a Caesar cipher with different shifts:

Shift 1:
v -> u
d -> c
b -> a

Decrypted text: uca

Shift 2:
v -> t
d -> c
b -> a

Decrypted text: tca

Shift 3:
v -> s
d -> c
b -> a

Decrypted text: sca

Shift 4:
v -> r
d -> c
b -> a

Decrypted text: rca

Shift 5:
v -> q
d -> c
b -> a

Decrypted text: qca

After trying multiple shift values, it seems that decrypting the ciphertext ""vdb"" with a Caesar cipher does not result in any recognizable English word. It is possible that the ciphertext may not be a properly encrypted word or phrase.",0,10,"After trying different combinations, I couldn't find a meaningful English word by unscrambling the ciphertext ""vdb"" as an anagram. 

Next, I will try to decrypt the ciphertext using a Caesar cipher with different shifts:

Shift 1:
v -> u
d -> c
b -> a

Decrypted text: uca

Shift 2:
v -> t
d -> c
b -> a

Decrypted text: tca

Shift 3:
v -> s
d -> c
b -> a

Decrypted text: sca

Shift 4:
v -> r
d -> c
b -> a

Decrypted text: rca

Shift 5:
v -> q
d -> c
b -> a

Decrypted text: qca

After trying multiple shift values, it seems that decrypting the cip",1,2.0
vdb,say,3,3,"After trying different combinations, I couldn't find a meaningful English word by unscrambling the ciphertext ""vdb"" as an anagram. 

Next, I will try to decrypt the ciphertext using a Caesar cipher with different shifts:

Shift 1:
v -> u
d -> c
b -> a

Decrypted text: uca

Shift 2:
v -> t
d -> c
b -> a

Decrypted text: tca

Shift 3:
v -> s
d -> c
b -> a

Decrypted text: sca

Shift 4:
v -> r
d -> c
b -> a

Decrypted text: rca

Shift 5:
v -> q
d -> c
b -> a

Decrypted text: qca

After trying multiple shift values, it seems that decrypting the ciphertext ""vdb"" with a Caesar cipher does not result in any recognizable English word. It is possible that the ciphertext may not be a properly encrypted word or phrase.",0,11,"After trying different combinations, I couldn't find a meaningful English word by unscrambling the ciphertext ""vdb"" as an anagram. 

Next, I will try to decrypt the ciphertext using a Caesar cipher with different shifts:

Shift 1:
v -> u
d -> c
b -> a

Decrypted text: uca

Shift 2:
v -> t
d -> c
b -> a

Decrypted text: tca

Shift 3:
v -> s
d -> c
b -> a

Decrypted text: sca

Shift 4:
v -> r
d -> c
b -> a

Decrypted text: rca

Shift 5:
v -> q
d -> c
b -> a

Decrypted text: qca

After trying multiple shift values, it seems that decrypting the ciphertext ""vdb"" with a Caesar cipher does not result",1,2.0
vdb,say,3,3,"After trying different combinations, I couldn't find a meaningful English word by unscrambling the ciphertext ""vdb"" as an anagram. 

Next, I will try to decrypt the ciphertext using a Caesar cipher with different shifts:

Shift 1:
v -> u
d -> c
b -> a

Decrypted text: uca

Shift 2:
v -> t
d -> c
b -> a

Decrypted text: tca

Shift 3:
v -> s
d -> c
b -> a

Decrypted text: sca

Shift 4:
v -> r
d -> c
b -> a

Decrypted text: rca

Shift 5:
v -> q
d -> c
b -> a

Decrypted text: qca

After trying multiple shift values, it seems that decrypting the ciphertext ""vdb"" with a Caesar cipher does not result in any recognizable English word. It is possible that the ciphertext may not be a properly encrypted word or phrase.",0,12,"After trying different combinations, I couldn't find a meaningful English word by unscrambling the ciphertext ""vdb"" as an anagram. 

Next, I will try to decrypt the ciphertext using a Caesar cipher with different shifts:

Shift 1:
v -> u
d -> c
b -> a

Decrypted text: uca

Shift 2:
v -> t
d -> c
b -> a

Decrypted text: tca

Shift 3:
v -> s
d -> c
b -> a

Decrypted text: sca

Shift 4:
v -> r
d -> c
b -> a

Decrypted text: rca

Shift 5:
v -> q
d -> c
b -> a

Decrypted text: qca

After trying multiple shift values, it seems that decrypting the ciphertext ""vdb"" with a Caesar cipher does not result in any recognizable English word. It is possible ",1,2.0
vdb,say,3,3,"After trying different combinations, I couldn't find a meaningful English word by unscrambling the ciphertext ""vdb"" as an anagram. 

Next, I will try to decrypt the ciphertext using a Caesar cipher with different shifts:

Shift 1:
v -> u
d -> c
b -> a

Decrypted text: uca

Shift 2:
v -> t
d -> c
b -> a

Decrypted text: tca

Shift 3:
v -> s
d -> c
b -> a

Decrypted text: sca

Shift 4:
v -> r
d -> c
b -> a

Decrypted text: rca

Shift 5:
v -> q
d -> c
b -> a

Decrypted text: qca

After trying multiple shift values, it seems that decrypting the ciphertext ""vdb"" with a Caesar cipher does not result in any recognizable English word. It is possible that the ciphertext may not be a properly encrypted word or phrase.",0,13,"After trying different combinations, I couldn't find a meaningful English word by unscrambling the ciphertext ""vdb"" as an anagram. 

Next, I will try to decrypt the ciphertext using a Caesar cipher with different shifts:

Shift 1:
v -> u
d -> c
b -> a

Decrypted text: uca

Shift 2:
v -> t
d -> c
b -> a

Decrypted text: tca

Shift 3:
v -> s
d -> c
b -> a

Decrypted text: sca

Shift 4:
v -> r
d -> c
b -> a

Decrypted text: rca

Shift 5:
v -> q
d -> c
b -> a

Decrypted text: qca

After trying multiple shift values, it seems that decrypting the ciphertext ""vdb"" with a Caesar cipher does not result in any recognizable English word. It is possible that the ciphertext may not be a properly encrypte",1,2.0
vdb,say,3,3,"After trying different combinations, I couldn't find a meaningful English word by unscrambling the ciphertext ""vdb"" as an anagram. 

Next, I will try to decrypt the ciphertext using a Caesar cipher with different shifts:

Shift 1:
v -> u
d -> c
b -> a

Decrypted text: uca

Shift 2:
v -> t
d -> c
b -> a

Decrypted text: tca

Shift 3:
v -> s
d -> c
b -> a

Decrypted text: sca

Shift 4:
v -> r
d -> c
b -> a

Decrypted text: rca

Shift 5:
v -> q
d -> c
b -> a

Decrypted text: qca

After trying multiple shift values, it seems that decrypting the ciphertext ""vdb"" with a Caesar cipher does not result in any recognizable English word. It is possible that the ciphertext may not be a properly encrypted word or phrase.",0,14,"After trying different combinations, I couldn't find a meaningful English word by unscrambling the ciphertext ""vdb"" as an anagram. 

Next, I will try to decrypt the ciphertext using a Caesar cipher with different shifts:

Shift 1:
v -> u
d -> c
b -> a

Decrypted text: uca

Shift 2:
v -> t
d -> c
b -> a

Decrypted text: tca

Shift 3:
v -> s
d -> c
b -> a

Decrypted text: sca

Shift 4:
v -> r
d -> c
b -> a

Decrypted text: rca

Shift 5:
v -> q
d -> c
b -> a

Decrypted text: qca

After trying multiple shift values, it seems that decrypting the ciphertext ""vdb"" with a Caesar cipher does not result in any recognizable English word. It is possible that the ciphertext may not be a properly encrypted word or phrase.",1,2.0
dqg,and,3,3,"After trying different combinations, I couldn't find any meaningful English word from ""dqg"" unscrambled. Now, I will try decrypting it using a Caesar cipher with different shifts.

Shift 1:
dqg -> eph

Shift 2:
dqg -> fri

Shift 3:
dqg -> gsj

Shift 4:
dqg -> htk

Shift 5:
dqg -> iul

None of these decrypted versions appear to be valid English words. Let me know if you would like me to try more shifts or if you have any other idea.",0,0,"After trying different combinations, I couldn't fi",0,2.0
dqg,and,3,3,"After trying different combinations, I couldn't find any meaningful English word from ""dqg"" unscrambled. Now, I will try decrypting it using a Caesar cipher with different shifts.

Shift 1:
dqg -> eph

Shift 2:
dqg -> fri

Shift 3:
dqg -> gsj

Shift 4:
dqg -> htk

Shift 5:
dqg -> iul

None of these decrypted versions appear to be valid English words. Let me know if you would like me to try more shifts or if you have any other idea.",0,1,"After trying different combinations, I couldn't find any meaningful English word from ""dqg"" unscramb",0,2.0
dqg,and,3,3,"After trying different combinations, I couldn't find any meaningful English word from ""dqg"" unscrambled. Now, I will try decrypting it using a Caesar cipher with different shifts.

Shift 1:
dqg -> eph

Shift 2:
dqg -> fri

Shift 3:
dqg -> gsj

Shift 4:
dqg -> htk

Shift 5:
dqg -> iul

None of these decrypted versions appear to be valid English words. Let me know if you would like me to try more shifts or if you have any other idea.",0,2,"After trying different combinations, I couldn't find any meaningful English word from ""dqg"" unscrambled. Now, I will try decrypting it using a Caesar ",1,2.0
dqg,and,3,3,"After trying different combinations, I couldn't find any meaningful English word from ""dqg"" unscrambled. Now, I will try decrypting it using a Caesar cipher with different shifts.

Shift 1:
dqg -> eph

Shift 2:
dqg -> fri

Shift 3:
dqg -> gsj

Shift 4:
dqg -> htk

Shift 5:
dqg -> iul

None of these decrypted versions appear to be valid English words. Let me know if you would like me to try more shifts or if you have any other idea.",0,3,"After trying different combinations, I couldn't find any meaningful English word from ""dqg"" unscrambled. Now, I will try decrypting it using a Caesar cipher with different shifts.

Shift 1:
dqg -> eph",1,2.0
dqg,and,3,3,"After trying different combinations, I couldn't find any meaningful English word from ""dqg"" unscrambled. Now, I will try decrypting it using a Caesar cipher with different shifts.

Shift 1:
dqg -> eph

Shift 2:
dqg -> fri

Shift 3:
dqg -> gsj

Shift 4:
dqg -> htk

Shift 5:
dqg -> iul

None of these decrypted versions appear to be valid English words. Let me know if you would like me to try more shifts or if you have any other idea.",0,4,"After trying different combinations, I couldn't find any meaningful English word from ""dqg"" unscrambled. Now, I will try decrypting it using a Caesar cipher with different shifts.

Shift 1:
dqg -> eph

Shift 2:
dqg -> fri

Shift 3:
dqg -> gsj

Shift ",1,2.0
dqg,and,3,3,"After trying different combinations, I couldn't find any meaningful English word from ""dqg"" unscrambled. Now, I will try decrypting it using a Caesar cipher with different shifts.

Shift 1:
dqg -> eph

Shift 2:
dqg -> fri

Shift 3:
dqg -> gsj

Shift 4:
dqg -> htk

Shift 5:
dqg -> iul

None of these decrypted versions appear to be valid English words. Let me know if you would like me to try more shifts or if you have any other idea.",0,5,"After trying different combinations, I couldn't find any meaningful English word from ""dqg"" unscrambled. Now, I will try decrypting it using a Caesar cipher with different shifts.

Shift 1:
dqg -> eph

Shift 2:
dqg -> fri

Shift 3:
dqg -> gsj

Shift 4:
dqg -> htk

Shift 5:
dqg -> iul

None of these ",1,2.0
dqg,and,3,3,"After trying different combinations, I couldn't find any meaningful English word from ""dqg"" unscrambled. Now, I will try decrypting it using a Caesar cipher with different shifts.

Shift 1:
dqg -> eph

Shift 2:
dqg -> fri

Shift 3:
dqg -> gsj

Shift 4:
dqg -> htk

Shift 5:
dqg -> iul

None of these decrypted versions appear to be valid English words. Let me know if you would like me to try more shifts or if you have any other idea.",0,6,"After trying different combinations, I couldn't find any meaningful English word from ""dqg"" unscrambled. Now, I will try decrypting it using a Caesar cipher with different shifts.

Shift 1:
dqg -> eph

Shift 2:
dqg -> fri

Shift 3:
dqg -> gsj

Shift 4:
dqg -> htk

Shift 5:
dqg -> iul

None of these decrypted versions appear to be valid English word",1,2.0
dqg,and,3,3,"After trying different combinations, I couldn't find any meaningful English word from ""dqg"" unscrambled. Now, I will try decrypting it using a Caesar cipher with different shifts.

Shift 1:
dqg -> eph

Shift 2:
dqg -> fri

Shift 3:
dqg -> gsj

Shift 4:
dqg -> htk

Shift 5:
dqg -> iul

None of these decrypted versions appear to be valid English words. Let me know if you would like me to try more shifts or if you have any other idea.",0,7,"After trying different combinations, I couldn't find any meaningful English word from ""dqg"" unscrambled. Now, I will try decrypting it using a Caesar cipher with different shifts.

Shift 1:
dqg -> eph

Shift 2:
dqg -> fri

Shift 3:
dqg -> gsj

Shift 4:
dqg -> htk

Shift 5:
dqg -> iul

None of these decrypted versions appear to be valid English words. Let me know if you would like me to try more sh",1,2.0
dqg,and,3,3,"After trying different combinations, I couldn't find any meaningful English word from ""dqg"" unscrambled. Now, I will try decrypting it using a Caesar cipher with different shifts.

Shift 1:
dqg -> eph

Shift 2:
dqg -> fri

Shift 3:
dqg -> gsj

Shift 4:
dqg -> htk

Shift 5:
dqg -> iul

None of these decrypted versions appear to be valid English words. Let me know if you would like me to try more shifts or if you have any other idea.",0,8,"After trying different combinations, I couldn't find any meaningful English word from ""dqg"" unscrambled. Now, I will try decrypting it using a Caesar cipher with different shifts.

Shift 1:
dqg -> eph

Shift 2:
dqg -> fri

Shift 3:
dqg -> gsj

Shift 4:
dqg -> htk

Shift 5:
dqg -> iul

None of these decrypted versions appear to be valid English words. Let me know if you would like me to try more shifts or if you have any other idea.",1,2.0
xli,the,3,4,"The ciphertext ""xli"" unscrambled is ""lix"". This could potentially be the word ""oil"". 

Now, let's try decrypting it assuming it's a Caesar cipher with different shifts:

1. Shift 1: ""xli"" decrypted with a shift of 1 is ""wkh"".
2. Shift 2: ""xli"" decrypted with a shift of 2 is ""vjg"".
3. Shift 3: ""xli"" decrypted with a shift of 3 is ""uif"".
4. Shift 4: ""xli"" decrypted with a shift of 4 is ""the"".
5. Shift 5: ""xli"" decrypted with a shift of 5 is ""sgd"".

Based on the resulting words from decrypting with different shifts, ""the"" seems to be a valid English word, so the decrypted word could be ""the"" using a Caesar cipher with a shift of 4.",1,0,"The ciphertext ""xli"" unscrambled is ""lix"". This co",0,1.0
xli,the,3,4,"The ciphertext ""xli"" unscrambled is ""lix"". This could potentially be the word ""oil"". 

Now, let's try decrypting it assuming it's a Caesar cipher with different shifts:

1. Shift 1: ""xli"" decrypted with a shift of 1 is ""wkh"".
2. Shift 2: ""xli"" decrypted with a shift of 2 is ""vjg"".
3. Shift 3: ""xli"" decrypted with a shift of 3 is ""uif"".
4. Shift 4: ""xli"" decrypted with a shift of 4 is ""the"".
5. Shift 5: ""xli"" decrypted with a shift of 5 is ""sgd"".

Based on the resulting words from decrypting with different shifts, ""the"" seems to be a valid English word, so the decrypted word could be ""the"" using a Caesar cipher with a shift of 4.",1,1,"The ciphertext ""xli"" unscrambled is ""lix"". This could potentially be the word ""oil"". 

Now, let's tr",1,1.0
xli,the,3,4,"The ciphertext ""xli"" unscrambled is ""lix"". This could potentially be the word ""oil"". 

Now, let's try decrypting it assuming it's a Caesar cipher with different shifts:

1. Shift 1: ""xli"" decrypted with a shift of 1 is ""wkh"".
2. Shift 2: ""xli"" decrypted with a shift of 2 is ""vjg"".
3. Shift 3: ""xli"" decrypted with a shift of 3 is ""uif"".
4. Shift 4: ""xli"" decrypted with a shift of 4 is ""the"".
5. Shift 5: ""xli"" decrypted with a shift of 5 is ""sgd"".

Based on the resulting words from decrypting with different shifts, ""the"" seems to be a valid English word, so the decrypted word could be ""the"" using a Caesar cipher with a shift of 4.",1,2,"The ciphertext ""xli"" unscrambled is ""lix"". This could potentially be the word ""oil"". 

Now, let's try decrypting it assuming it's a Caesar cipher with",1,1.0
xli,the,3,4,"The ciphertext ""xli"" unscrambled is ""lix"". This could potentially be the word ""oil"". 

Now, let's try decrypting it assuming it's a Caesar cipher with different shifts:

1. Shift 1: ""xli"" decrypted with a shift of 1 is ""wkh"".
2. Shift 2: ""xli"" decrypted with a shift of 2 is ""vjg"".
3. Shift 3: ""xli"" decrypted with a shift of 3 is ""uif"".
4. Shift 4: ""xli"" decrypted with a shift of 4 is ""the"".
5. Shift 5: ""xli"" decrypted with a shift of 5 is ""sgd"".

Based on the resulting words from decrypting with different shifts, ""the"" seems to be a valid English word, so the decrypted word could be ""the"" using a Caesar cipher with a shift of 4.",1,3,"The ciphertext ""xli"" unscrambled is ""lix"". This could potentially be the word ""oil"". 

Now, let's try decrypting it assuming it's a Caesar cipher with different shifts:

1. Shift 1: ""xli"" decrypted wi",1,1.0
xli,the,3,4,"The ciphertext ""xli"" unscrambled is ""lix"". This could potentially be the word ""oil"". 

Now, let's try decrypting it assuming it's a Caesar cipher with different shifts:

1. Shift 1: ""xli"" decrypted with a shift of 1 is ""wkh"".
2. Shift 2: ""xli"" decrypted with a shift of 2 is ""vjg"".
3. Shift 3: ""xli"" decrypted with a shift of 3 is ""uif"".
4. Shift 4: ""xli"" decrypted with a shift of 4 is ""the"".
5. Shift 5: ""xli"" decrypted with a shift of 5 is ""sgd"".

Based on the resulting words from decrypting with different shifts, ""the"" seems to be a valid English word, so the decrypted word could be ""the"" using a Caesar cipher with a shift of 4.",1,4,"The ciphertext ""xli"" unscrambled is ""lix"". This could potentially be the word ""oil"". 

Now, let's try decrypting it assuming it's a Caesar cipher with different shifts:

1. Shift 1: ""xli"" decrypted with a shift of 1 is ""wkh"".
2. Shift 2: ""xli"" decryp",1,1.0
xli,the,3,4,"The ciphertext ""xli"" unscrambled is ""lix"". This could potentially be the word ""oil"". 

Now, let's try decrypting it assuming it's a Caesar cipher with different shifts:

1. Shift 1: ""xli"" decrypted with a shift of 1 is ""wkh"".
2. Shift 2: ""xli"" decrypted with a shift of 2 is ""vjg"".
3. Shift 3: ""xli"" decrypted with a shift of 3 is ""uif"".
4. Shift 4: ""xli"" decrypted with a shift of 4 is ""the"".
5. Shift 5: ""xli"" decrypted with a shift of 5 is ""sgd"".

Based on the resulting words from decrypting with different shifts, ""the"" seems to be a valid English word, so the decrypted word could be ""the"" using a Caesar cipher with a shift of 4.",1,5,"The ciphertext ""xli"" unscrambled is ""lix"". This could potentially be the word ""oil"". 

Now, let's try decrypting it assuming it's a Caesar cipher with different shifts:

1. Shift 1: ""xli"" decrypted with a shift of 1 is ""wkh"".
2. Shift 2: ""xli"" decrypted with a shift of 2 is ""vjg"".
3. Shift 3: ""xli"" ",1,1.0
xli,the,3,4,"The ciphertext ""xli"" unscrambled is ""lix"". This could potentially be the word ""oil"". 

Now, let's try decrypting it assuming it's a Caesar cipher with different shifts:

1. Shift 1: ""xli"" decrypted with a shift of 1 is ""wkh"".
2. Shift 2: ""xli"" decrypted with a shift of 2 is ""vjg"".
3. Shift 3: ""xli"" decrypted with a shift of 3 is ""uif"".
4. Shift 4: ""xli"" decrypted with a shift of 4 is ""the"".
5. Shift 5: ""xli"" decrypted with a shift of 5 is ""sgd"".

Based on the resulting words from decrypting with different shifts, ""the"" seems to be a valid English word, so the decrypted word could be ""the"" using a Caesar cipher with a shift of 4.",1,6,"The ciphertext ""xli"" unscrambled is ""lix"". This could potentially be the word ""oil"". 

Now, let's try decrypting it assuming it's a Caesar cipher with different shifts:

1. Shift 1: ""xli"" decrypted with a shift of 1 is ""wkh"".
2. Shift 2: ""xli"" decrypted with a shift of 2 is ""vjg"".
3. Shift 3: ""xli"" decrypted with a shift of 3 is ""uif"".
4. Shift 4: ",1,1.0
xli,the,3,4,"The ciphertext ""xli"" unscrambled is ""lix"". This could potentially be the word ""oil"". 

Now, let's try decrypting it assuming it's a Caesar cipher with different shifts:

1. Shift 1: ""xli"" decrypted with a shift of 1 is ""wkh"".
2. Shift 2: ""xli"" decrypted with a shift of 2 is ""vjg"".
3. Shift 3: ""xli"" decrypted with a shift of 3 is ""uif"".
4. Shift 4: ""xli"" decrypted with a shift of 4 is ""the"".
5. Shift 5: ""xli"" decrypted with a shift of 5 is ""sgd"".

Based on the resulting words from decrypting with different shifts, ""the"" seems to be a valid English word, so the decrypted word could be ""the"" using a Caesar cipher with a shift of 4.",1,7,"The ciphertext ""xli"" unscrambled is ""lix"". This could potentially be the word ""oil"". 

Now, let's try decrypting it assuming it's a Caesar cipher with different shifts:

1. Shift 1: ""xli"" decrypted with a shift of 1 is ""wkh"".
2. Shift 2: ""xli"" decrypted with a shift of 2 is ""vjg"".
3. Shift 3: ""xli"" decrypted with a shift of 3 is ""uif"".
4. Shift 4: ""xli"" decrypted with a shift of 4 is ""the"".
5. Shi",1,1.0
xli,the,3,4,"The ciphertext ""xli"" unscrambled is ""lix"". This could potentially be the word ""oil"". 

Now, let's try decrypting it assuming it's a Caesar cipher with different shifts:

1. Shift 1: ""xli"" decrypted with a shift of 1 is ""wkh"".
2. Shift 2: ""xli"" decrypted with a shift of 2 is ""vjg"".
3. Shift 3: ""xli"" decrypted with a shift of 3 is ""uif"".
4. Shift 4: ""xli"" decrypted with a shift of 4 is ""the"".
5. Shift 5: ""xli"" decrypted with a shift of 5 is ""sgd"".

Based on the resulting words from decrypting with different shifts, ""the"" seems to be a valid English word, so the decrypted word could be ""the"" using a Caesar cipher with a shift of 4.",1,8,"The ciphertext ""xli"" unscrambled is ""lix"". This could potentially be the word ""oil"". 

Now, let's try decrypting it assuming it's a Caesar cipher with different shifts:

1. Shift 1: ""xli"" decrypted with a shift of 1 is ""wkh"".
2. Shift 2: ""xli"" decrypted with a shift of 2 is ""vjg"".
3. Shift 3: ""xli"" decrypted with a shift of 3 is ""uif"".
4. Shift 4: ""xli"" decrypted with a shift of 4 is ""the"".
5. Shift 5: ""xli"" decrypted with a shift of 5 is ""sgd"".
",1,1.0
xli,the,3,4,"The ciphertext ""xli"" unscrambled is ""lix"". This could potentially be the word ""oil"". 

Now, let's try decrypting it assuming it's a Caesar cipher with different shifts:

1. Shift 1: ""xli"" decrypted with a shift of 1 is ""wkh"".
2. Shift 2: ""xli"" decrypted with a shift of 2 is ""vjg"".
3. Shift 3: ""xli"" decrypted with a shift of 3 is ""uif"".
4. Shift 4: ""xli"" decrypted with a shift of 4 is ""the"".
5. Shift 5: ""xli"" decrypted with a shift of 5 is ""sgd"".

Based on the resulting words from decrypting with different shifts, ""the"" seems to be a valid English word, so the decrypted word could be ""the"" using a Caesar cipher with a shift of 4.",1,9,"The ciphertext ""xli"" unscrambled is ""lix"". This could potentially be the word ""oil"". 

Now, let's try decrypting it assuming it's a Caesar cipher with different shifts:

1. Shift 1: ""xli"" decrypted with a shift of 1 is ""wkh"".
2. Shift 2: ""xli"" decrypted with a shift of 2 is ""vjg"".
3. Shift 3: ""xli"" decrypted with a shift of 3 is ""uif"".
4. Shift 4: ""xli"" decrypted with a shift of 4 is ""the"".
5. Shift 5: ""xli"" decrypted with a shift of 5 is ""sgd"".

Based on the resulting words from decrypting with",1,1.0
xli,the,3,4,"The ciphertext ""xli"" unscrambled is ""lix"". This could potentially be the word ""oil"". 

Now, let's try decrypting it assuming it's a Caesar cipher with different shifts:

1. Shift 1: ""xli"" decrypted with a shift of 1 is ""wkh"".
2. Shift 2: ""xli"" decrypted with a shift of 2 is ""vjg"".
3. Shift 3: ""xli"" decrypted with a shift of 3 is ""uif"".
4. Shift 4: ""xli"" decrypted with a shift of 4 is ""the"".
5. Shift 5: ""xli"" decrypted with a shift of 5 is ""sgd"".

Based on the resulting words from decrypting with different shifts, ""the"" seems to be a valid English word, so the decrypted word could be ""the"" using a Caesar cipher with a shift of 4.",1,10,"The ciphertext ""xli"" unscrambled is ""lix"". This could potentially be the word ""oil"". 

Now, let's try decrypting it assuming it's a Caesar cipher with different shifts:

1. Shift 1: ""xli"" decrypted with a shift of 1 is ""wkh"".
2. Shift 2: ""xli"" decrypted with a shift of 2 is ""vjg"".
3. Shift 3: ""xli"" decrypted with a shift of 3 is ""uif"".
4. Shift 4: ""xli"" decrypted with a shift of 4 is ""the"".
5. Shift 5: ""xli"" decrypted with a shift of 5 is ""sgd"".

Based on the resulting words from decrypting with different shifts, ""the"" seems to be a valid Engli",1,1.0
xli,the,3,4,"The ciphertext ""xli"" unscrambled is ""lix"". This could potentially be the word ""oil"". 

Now, let's try decrypting it assuming it's a Caesar cipher with different shifts:

1. Shift 1: ""xli"" decrypted with a shift of 1 is ""wkh"".
2. Shift 2: ""xli"" decrypted with a shift of 2 is ""vjg"".
3. Shift 3: ""xli"" decrypted with a shift of 3 is ""uif"".
4. Shift 4: ""xli"" decrypted with a shift of 4 is ""the"".
5. Shift 5: ""xli"" decrypted with a shift of 5 is ""sgd"".

Based on the resulting words from decrypting with different shifts, ""the"" seems to be a valid English word, so the decrypted word could be ""the"" using a Caesar cipher with a shift of 4.",1,11,"The ciphertext ""xli"" unscrambled is ""lix"". This could potentially be the word ""oil"". 

Now, let's try decrypting it assuming it's a Caesar cipher with different shifts:

1. Shift 1: ""xli"" decrypted with a shift of 1 is ""wkh"".
2. Shift 2: ""xli"" decrypted with a shift of 2 is ""vjg"".
3. Shift 3: ""xli"" decrypted with a shift of 3 is ""uif"".
4. Shift 4: ""xli"" decrypted with a shift of 4 is ""the"".
5. Shift 5: ""xli"" decrypted with a shift of 5 is ""sgd"".

Based on the resulting words from decrypting with different shifts, ""the"" seems to be a valid English word, so the decrypted word could be ""the"" usin",1,1.0
xli,the,3,4,"The ciphertext ""xli"" unscrambled is ""lix"". This could potentially be the word ""oil"". 

Now, let's try decrypting it assuming it's a Caesar cipher with different shifts:

1. Shift 1: ""xli"" decrypted with a shift of 1 is ""wkh"".
2. Shift 2: ""xli"" decrypted with a shift of 2 is ""vjg"".
3. Shift 3: ""xli"" decrypted with a shift of 3 is ""uif"".
4. Shift 4: ""xli"" decrypted with a shift of 4 is ""the"".
5. Shift 5: ""xli"" decrypted with a shift of 5 is ""sgd"".

Based on the resulting words from decrypting with different shifts, ""the"" seems to be a valid English word, so the decrypted word could be ""the"" using a Caesar cipher with a shift of 4.",1,12,"The ciphertext ""xli"" unscrambled is ""lix"". This could potentially be the word ""oil"". 

Now, let's try decrypting it assuming it's a Caesar cipher with different shifts:

1. Shift 1: ""xli"" decrypted with a shift of 1 is ""wkh"".
2. Shift 2: ""xli"" decrypted with a shift of 2 is ""vjg"".
3. Shift 3: ""xli"" decrypted with a shift of 3 is ""uif"".
4. Shift 4: ""xli"" decrypted with a shift of 4 is ""the"".
5. Shift 5: ""xli"" decrypted with a shift of 5 is ""sgd"".

Based on the resulting words from decrypting with different shifts, ""the"" seems to be a valid English word, so the decrypted word could be ""the"" using a Caesar cipher with a shift of 4.",1,1.0
hhh,000,3,4,"After trying various combinations, I couldn't find any English word that can be formed from the anagram ""hhh"". Let's now try decrypting it using a Caesar cipher.

**Shift 1:**
hhh -> iii

**Shift 2:**
hhh -> iii

**Shift 3:**
hhh -> iii

**Shift 4:**
hhh -> iii

**Shift 5:**
hhh -> iii

It appears that no meaningful English word is produced by decrypting the ciphertext ""hhh"" using a Caesar cipher with different shift values.",0,0,"After trying various combinations, I couldn't find",0,2.0
hhh,000,3,4,"After trying various combinations, I couldn't find any English word that can be formed from the anagram ""hhh"". Let's now try decrypting it using a Caesar cipher.

**Shift 1:**
hhh -> iii

**Shift 2:**
hhh -> iii

**Shift 3:**
hhh -> iii

**Shift 4:**
hhh -> iii

**Shift 5:**
hhh -> iii

It appears that no meaningful English word is produced by decrypting the ciphertext ""hhh"" using a Caesar cipher with different shift values.",0,1,"After trying various combinations, I couldn't find any English word that can be formed from the anag",0,2.0
hhh,000,3,4,"After trying various combinations, I couldn't find any English word that can be formed from the anagram ""hhh"". Let's now try decrypting it using a Caesar cipher.

**Shift 1:**
hhh -> iii

**Shift 2:**
hhh -> iii

**Shift 3:**
hhh -> iii

**Shift 4:**
hhh -> iii

**Shift 5:**
hhh -> iii

It appears that no meaningful English word is produced by decrypting the ciphertext ""hhh"" using a Caesar cipher with different shift values.",0,2,"After trying various combinations, I couldn't find any English word that can be formed from the anagram ""hhh"". Let's now try decrypting it using a Cae",1,2.0
hhh,000,3,4,"After trying various combinations, I couldn't find any English word that can be formed from the anagram ""hhh"". Let's now try decrypting it using a Caesar cipher.

**Shift 1:**
hhh -> iii

**Shift 2:**
hhh -> iii

**Shift 3:**
hhh -> iii

**Shift 4:**
hhh -> iii

**Shift 5:**
hhh -> iii

It appears that no meaningful English word is produced by decrypting the ciphertext ""hhh"" using a Caesar cipher with different shift values.",0,3,"After trying various combinations, I couldn't find any English word that can be formed from the anagram ""hhh"". Let's now try decrypting it using a Caesar cipher.

**Shift 1:**
hhh -> iii

**Shift 2:**",1,2.0
hhh,000,3,4,"After trying various combinations, I couldn't find any English word that can be formed from the anagram ""hhh"". Let's now try decrypting it using a Caesar cipher.

**Shift 1:**
hhh -> iii

**Shift 2:**
hhh -> iii

**Shift 3:**
hhh -> iii

**Shift 4:**
hhh -> iii

**Shift 5:**
hhh -> iii

It appears that no meaningful English word is produced by decrypting the ciphertext ""hhh"" using a Caesar cipher with different shift values.",0,4,"After trying various combinations, I couldn't find any English word that can be formed from the anagram ""hhh"". Let's now try decrypting it using a Caesar cipher.

**Shift 1:**
hhh -> iii

**Shift 2:**
hhh -> iii

**Shift 3:**
hhh -> iii

**Shift 4:**",1,2.0
hhh,000,3,4,"After trying various combinations, I couldn't find any English word that can be formed from the anagram ""hhh"". Let's now try decrypting it using a Caesar cipher.

**Shift 1:**
hhh -> iii

**Shift 2:**
hhh -> iii

**Shift 3:**
hhh -> iii

**Shift 4:**
hhh -> iii

**Shift 5:**
hhh -> iii

It appears that no meaningful English word is produced by decrypting the ciphertext ""hhh"" using a Caesar cipher with different shift values.",0,5,"After trying various combinations, I couldn't find any English word that can be formed from the anagram ""hhh"". Let's now try decrypting it using a Caesar cipher.

**Shift 1:**
hhh -> iii

**Shift 2:**
hhh -> iii

**Shift 3:**
hhh -> iii

**Shift 4:**
hhh -> iii

**Shift 5:**
hhh -> iii

It appears t",1,2.0
hhh,000,3,4,"After trying various combinations, I couldn't find any English word that can be formed from the anagram ""hhh"". Let's now try decrypting it using a Caesar cipher.

**Shift 1:**
hhh -> iii

**Shift 2:**
hhh -> iii

**Shift 3:**
hhh -> iii

**Shift 4:**
hhh -> iii

**Shift 5:**
hhh -> iii

It appears that no meaningful English word is produced by decrypting the ciphertext ""hhh"" using a Caesar cipher with different shift values.",0,6,"After trying various combinations, I couldn't find any English word that can be formed from the anagram ""hhh"". Let's now try decrypting it using a Caesar cipher.

**Shift 1:**
hhh -> iii

**Shift 2:**
hhh -> iii

**Shift 3:**
hhh -> iii

**Shift 4:**
hhh -> iii

**Shift 5:**
hhh -> iii

It appears that no meaningful English word is produced by decr",1,2.0
hhh,000,3,4,"After trying various combinations, I couldn't find any English word that can be formed from the anagram ""hhh"". Let's now try decrypting it using a Caesar cipher.

**Shift 1:**
hhh -> iii

**Shift 2:**
hhh -> iii

**Shift 3:**
hhh -> iii

**Shift 4:**
hhh -> iii

**Shift 5:**
hhh -> iii

It appears that no meaningful English word is produced by decrypting the ciphertext ""hhh"" using a Caesar cipher with different shift values.",0,7,"After trying various combinations, I couldn't find any English word that can be formed from the anagram ""hhh"". Let's now try decrypting it using a Caesar cipher.

**Shift 1:**
hhh -> iii

**Shift 2:**
hhh -> iii

**Shift 3:**
hhh -> iii

**Shift 4:**
hhh -> iii

**Shift 5:**
hhh -> iii

It appears that no meaningful English word is produced by decrypting the ciphertext ""hhh"" using a Caesar cipher ",1,2.0
hhh,000,3,4,"After trying various combinations, I couldn't find any English word that can be formed from the anagram ""hhh"". Let's now try decrypting it using a Caesar cipher.

**Shift 1:**
hhh -> iii

**Shift 2:**
hhh -> iii

**Shift 3:**
hhh -> iii

**Shift 4:**
hhh -> iii

**Shift 5:**
hhh -> iii

It appears that no meaningful English word is produced by decrypting the ciphertext ""hhh"" using a Caesar cipher with different shift values.",0,8,"After trying various combinations, I couldn't find any English word that can be formed from the anagram ""hhh"". Let's now try decrypting it using a Caesar cipher.

**Shift 1:**
hhh -> iii

**Shift 2:**
hhh -> iii

**Shift 3:**
hhh -> iii

**Shift 4:**
hhh -> iii

**Shift 5:**
hhh -> iii

It appears that no meaningful English word is produced by decrypting the ciphertext ""hhh"" using a Caesar cipher with different shift values.",1,2.0
qtk,mp3,3,4,"An anagram of ""qtk"" could be ""ktq"" or ""tqk"".

Now, I will try decrypting the ciphertext using a Caesar cipher with different shifts:

1. Shift 1: pSJ
2. Shift 2: oRI
3. Shift 3: nQH
4. Shift 4: mPG
5. Shift 5: lOF

None of the decrypted words make sense. Let me try shifting in the other direction.

1. Shift -1: rUL
2. Shift -2: sVM
3. Shift -3: tWN
4. Shift -4: uXO
5. Shift -5: vYP

None of these decrypted words make sense either. This suggests that the ciphertext may not be encrypted using a Caesar cipher.",0,0,"An anagram of ""qtk"" could be ""ktq"" or ""tqk"".

Now,",1,0.0
qtk,mp3,3,4,"An anagram of ""qtk"" could be ""ktq"" or ""tqk"".

Now, I will try decrypting the ciphertext using a Caesar cipher with different shifts:

1. Shift 1: pSJ
2. Shift 2: oRI
3. Shift 3: nQH
4. Shift 4: mPG
5. Shift 5: lOF

None of the decrypted words make sense. Let me try shifting in the other direction.

1. Shift -1: rUL
2. Shift -2: sVM
3. Shift -3: tWN
4. Shift -4: uXO
5. Shift -5: vYP

None of these decrypted words make sense either. This suggests that the ciphertext may not be encrypted using a Caesar cipher.",0,1,"An anagram of ""qtk"" could be ""ktq"" or ""tqk"".

Now, I will try decrypting the ciphertext using a Caes",1,0.0
qtk,mp3,3,4,"An anagram of ""qtk"" could be ""ktq"" or ""tqk"".

Now, I will try decrypting the ciphertext using a Caesar cipher with different shifts:

1. Shift 1: pSJ
2. Shift 2: oRI
3. Shift 3: nQH
4. Shift 4: mPG
5. Shift 5: lOF

None of the decrypted words make sense. Let me try shifting in the other direction.

1. Shift -1: rUL
2. Shift -2: sVM
3. Shift -3: tWN
4. Shift -4: uXO
5. Shift -5: vYP

None of these decrypted words make sense either. This suggests that the ciphertext may not be encrypted using a Caesar cipher.",0,2,"An anagram of ""qtk"" could be ""ktq"" or ""tqk"".

Now, I will try decrypting the ciphertext using a Caesar cipher with different shifts:

1. Shift 1: pSJ
",1,0.0
qtk,mp3,3,4,"An anagram of ""qtk"" could be ""ktq"" or ""tqk"".

Now, I will try decrypting the ciphertext using a Caesar cipher with different shifts:

1. Shift 1: pSJ
2. Shift 2: oRI
3. Shift 3: nQH
4. Shift 4: mPG
5. Shift 5: lOF

None of the decrypted words make sense. Let me try shifting in the other direction.

1. Shift -1: rUL
2. Shift -2: sVM
3. Shift -3: tWN
4. Shift -4: uXO
5. Shift -5: vYP

None of these decrypted words make sense either. This suggests that the ciphertext may not be encrypted using a Caesar cipher.",0,3,"An anagram of ""qtk"" could be ""ktq"" or ""tqk"".

Now, I will try decrypting the ciphertext using a Caesar cipher with different shifts:

1. Shift 1: pSJ
2. Shift 2: oRI
3. Shift 3: nQH
4. Shift 4: mPG
5.",1,0.0
qtk,mp3,3,4,"An anagram of ""qtk"" could be ""ktq"" or ""tqk"".

Now, I will try decrypting the ciphertext using a Caesar cipher with different shifts:

1. Shift 1: pSJ
2. Shift 2: oRI
3. Shift 3: nQH
4. Shift 4: mPG
5. Shift 5: lOF

None of the decrypted words make sense. Let me try shifting in the other direction.

1. Shift -1: rUL
2. Shift -2: sVM
3. Shift -3: tWN
4. Shift -4: uXO
5. Shift -5: vYP

None of these decrypted words make sense either. This suggests that the ciphertext may not be encrypted using a Caesar cipher.",0,4,"An anagram of ""qtk"" could be ""ktq"" or ""tqk"".

Now, I will try decrypting the ciphertext using a Caesar cipher with different shifts:

1. Shift 1: pSJ
2. Shift 2: oRI
3. Shift 3: nQH
4. Shift 4: mPG
5. Shift 5: lOF

None of the decrypted words make se",1,0.0
qtk,mp3,3,4,"An anagram of ""qtk"" could be ""ktq"" or ""tqk"".

Now, I will try decrypting the ciphertext using a Caesar cipher with different shifts:

1. Shift 1: pSJ
2. Shift 2: oRI
3. Shift 3: nQH
4. Shift 4: mPG
5. Shift 5: lOF

None of the decrypted words make sense. Let me try shifting in the other direction.

1. Shift -1: rUL
2. Shift -2: sVM
3. Shift -3: tWN
4. Shift -4: uXO
5. Shift -5: vYP

None of these decrypted words make sense either. This suggests that the ciphertext may not be encrypted using a Caesar cipher.",0,5,"An anagram of ""qtk"" could be ""ktq"" or ""tqk"".

Now, I will try decrypting the ciphertext using a Caesar cipher with different shifts:

1. Shift 1: pSJ
2. Shift 2: oRI
3. Shift 3: nQH
4. Shift 4: mPG
5. Shift 5: lOF

None of the decrypted words make sense. Let me try shifting in the other direction.

",1,0.0
qtk,mp3,3,4,"An anagram of ""qtk"" could be ""ktq"" or ""tqk"".

Now, I will try decrypting the ciphertext using a Caesar cipher with different shifts:

1. Shift 1: pSJ
2. Shift 2: oRI
3. Shift 3: nQH
4. Shift 4: mPG
5. Shift 5: lOF

None of the decrypted words make sense. Let me try shifting in the other direction.

1. Shift -1: rUL
2. Shift -2: sVM
3. Shift -3: tWN
4. Shift -4: uXO
5. Shift -5: vYP

None of these decrypted words make sense either. This suggests that the ciphertext may not be encrypted using a Caesar cipher.",0,6,"An anagram of ""qtk"" could be ""ktq"" or ""tqk"".

Now, I will try decrypting the ciphertext using a Caesar cipher with different shifts:

1. Shift 1: pSJ
2. Shift 2: oRI
3. Shift 3: nQH
4. Shift 4: mPG
5. Shift 5: lOF

None of the decrypted words make sense. Let me try shifting in the other direction.

1. Shift -1: rUL
2. Shift -2: sVM
3. Shift -3: tWN",1,0.0
qtk,mp3,3,4,"An anagram of ""qtk"" could be ""ktq"" or ""tqk"".

Now, I will try decrypting the ciphertext using a Caesar cipher with different shifts:

1. Shift 1: pSJ
2. Shift 2: oRI
3. Shift 3: nQH
4. Shift 4: mPG
5. Shift 5: lOF

None of the decrypted words make sense. Let me try shifting in the other direction.

1. Shift -1: rUL
2. Shift -2: sVM
3. Shift -3: tWN
4. Shift -4: uXO
5. Shift -5: vYP

None of these decrypted words make sense either. This suggests that the ciphertext may not be encrypted using a Caesar cipher.",0,7,"An anagram of ""qtk"" could be ""ktq"" or ""tqk"".

Now, I will try decrypting the ciphertext using a Caesar cipher with different shifts:

1. Shift 1: pSJ
2. Shift 2: oRI
3. Shift 3: nQH
4. Shift 4: mPG
5. Shift 5: lOF

None of the decrypted words make sense. Let me try shifting in the other direction.

1. Shift -1: rUL
2. Shift -2: sVM
3. Shift -3: tWN
4. Shift -4: uXO
5. Shift -5: vYP

None of these ",1,0.0
qtk,mp3,3,4,"An anagram of ""qtk"" could be ""ktq"" or ""tqk"".

Now, I will try decrypting the ciphertext using a Caesar cipher with different shifts:

1. Shift 1: pSJ
2. Shift 2: oRI
3. Shift 3: nQH
4. Shift 4: mPG
5. Shift 5: lOF

None of the decrypted words make sense. Let me try shifting in the other direction.

1. Shift -1: rUL
2. Shift -2: sVM
3. Shift -3: tWN
4. Shift -4: uXO
5. Shift -5: vYP

None of these decrypted words make sense either. This suggests that the ciphertext may not be encrypted using a Caesar cipher.",0,8,"An anagram of ""qtk"" could be ""ktq"" or ""tqk"".

Now, I will try decrypting the ciphertext using a Caesar cipher with different shifts:

1. Shift 1: pSJ
2. Shift 2: oRI
3. Shift 3: nQH
4. Shift 4: mPG
5. Shift 5: lOF

None of the decrypted words make sense. Let me try shifting in the other direction.

1. Shift -1: rUL
2. Shift -2: sVM
3. Shift -3: tWN
4. Shift -4: uXO
5. Shift -5: vYP

None of these decrypted words make sense either. This suggests t",1,0.0
qtk,mp3,3,4,"An anagram of ""qtk"" could be ""ktq"" or ""tqk"".

Now, I will try decrypting the ciphertext using a Caesar cipher with different shifts:

1. Shift 1: pSJ
2. Shift 2: oRI
3. Shift 3: nQH
4. Shift 4: mPG
5. Shift 5: lOF

None of the decrypted words make sense. Let me try shifting in the other direction.

1. Shift -1: rUL
2. Shift -2: sVM
3. Shift -3: tWN
4. Shift -4: uXO
5. Shift -5: vYP

None of these decrypted words make sense either. This suggests that the ciphertext may not be encrypted using a Caesar cipher.",0,9,"An anagram of ""qtk"" could be ""ktq"" or ""tqk"".

Now, I will try decrypting the ciphertext using a Caesar cipher with different shifts:

1. Shift 1: pSJ
2. Shift 2: oRI
3. Shift 3: nQH
4. Shift 4: mPG
5. Shift 5: lOF

None of the decrypted words make sense. Let me try shifting in the other direction.

1. Shift -1: rUL
2. Shift -2: sVM
3. Shift -3: tWN
4. Shift -4: uXO
5. Shift -5: vYP

None of these decrypted words make sense either. This suggests that the ciphertext may not be encrypted using a Ca",1,0.0
qtk,mp3,3,4,"An anagram of ""qtk"" could be ""ktq"" or ""tqk"".

Now, I will try decrypting the ciphertext using a Caesar cipher with different shifts:

1. Shift 1: pSJ
2. Shift 2: oRI
3. Shift 3: nQH
4. Shift 4: mPG
5. Shift 5: lOF

None of the decrypted words make sense. Let me try shifting in the other direction.

1. Shift -1: rUL
2. Shift -2: sVM
3. Shift -3: tWN
4. Shift -4: uXO
5. Shift -5: vYP

None of these decrypted words make sense either. This suggests that the ciphertext may not be encrypted using a Caesar cipher.",0,10,"An anagram of ""qtk"" could be ""ktq"" or ""tqk"".

Now, I will try decrypting the ciphertext using a Caesar cipher with different shifts:

1. Shift 1: pSJ
2. Shift 2: oRI
3. Shift 3: nQH
4. Shift 4: mPG
5. Shift 5: lOF

None of the decrypted words make sense. Let me try shifting in the other direction.

1. Shift -1: rUL
2. Shift -2: sVM
3. Shift -3: tWN
4. Shift -4: uXO
5. Shift -5: vYP

None of these decrypted words make sense either. This suggests that the ciphertext may not be encrypted using a Caesar cipher.",1,0.0
fsi,and,3,5,"After trying to unscramble the ciphertext ""fsi"" with no success, I will now attempt to decrypt it as a Caesar cipher with different shifts:

Shift 1: erg
Shift 2: dqh
Shift 3: cpg
Shift 4: bof
Shift 5: ane

None of the shifts resulted in a meaningful English word. Let me know if you would like me to continue trying with more shifts.",0,0,"After trying to unscramble the ciphertext ""fsi"" wi",0,1.0
fsi,and,3,5,"After trying to unscramble the ciphertext ""fsi"" with no success, I will now attempt to decrypt it as a Caesar cipher with different shifts:

Shift 1: erg
Shift 2: dqh
Shift 3: cpg
Shift 4: bof
Shift 5: ane

None of the shifts resulted in a meaningful English word. Let me know if you would like me to continue trying with more shifts.",0,1,"After trying to unscramble the ciphertext ""fsi"" with no success, I will now attempt to decrypt it as",1,1.0
fsi,and,3,5,"After trying to unscramble the ciphertext ""fsi"" with no success, I will now attempt to decrypt it as a Caesar cipher with different shifts:

Shift 1: erg
Shift 2: dqh
Shift 3: cpg
Shift 4: bof
Shift 5: ane

None of the shifts resulted in a meaningful English word. Let me know if you would like me to continue trying with more shifts.",0,2,"After trying to unscramble the ciphertext ""fsi"" with no success, I will now attempt to decrypt it as a Caesar cipher with different shifts:

Shift 1: ",1,1.0
fsi,and,3,5,"After trying to unscramble the ciphertext ""fsi"" with no success, I will now attempt to decrypt it as a Caesar cipher with different shifts:

Shift 1: erg
Shift 2: dqh
Shift 3: cpg
Shift 4: bof
Shift 5: ane

None of the shifts resulted in a meaningful English word. Let me know if you would like me to continue trying with more shifts.",0,3,"After trying to unscramble the ciphertext ""fsi"" with no success, I will now attempt to decrypt it as a Caesar cipher with different shifts:

Shift 1: erg
Shift 2: dqh
Shift 3: cpg
Shift 4: bof
Shift 5",1,1.0
fsi,and,3,5,"After trying to unscramble the ciphertext ""fsi"" with no success, I will now attempt to decrypt it as a Caesar cipher with different shifts:

Shift 1: erg
Shift 2: dqh
Shift 3: cpg
Shift 4: bof
Shift 5: ane

None of the shifts resulted in a meaningful English word. Let me know if you would like me to continue trying with more shifts.",0,4,"After trying to unscramble the ciphertext ""fsi"" with no success, I will now attempt to decrypt it as a Caesar cipher with different shifts:

Shift 1: erg
Shift 2: dqh
Shift 3: cpg
Shift 4: bof
Shift 5: ane

None of the shifts resulted in a meaningful",1,1.0
fsi,and,3,5,"After trying to unscramble the ciphertext ""fsi"" with no success, I will now attempt to decrypt it as a Caesar cipher with different shifts:

Shift 1: erg
Shift 2: dqh
Shift 3: cpg
Shift 4: bof
Shift 5: ane

None of the shifts resulted in a meaningful English word. Let me know if you would like me to continue trying with more shifts.",0,5,"After trying to unscramble the ciphertext ""fsi"" with no success, I will now attempt to decrypt it as a Caesar cipher with different shifts:

Shift 1: erg
Shift 2: dqh
Shift 3: cpg
Shift 4: bof
Shift 5: ane

None of the shifts resulted in a meaningful English word. Let me know if you would like me to",1,1.0
fsi,and,3,5,"After trying to unscramble the ciphertext ""fsi"" with no success, I will now attempt to decrypt it as a Caesar cipher with different shifts:

Shift 1: erg
Shift 2: dqh
Shift 3: cpg
Shift 4: bof
Shift 5: ane

None of the shifts resulted in a meaningful English word. Let me know if you would like me to continue trying with more shifts.",0,6,"After trying to unscramble the ciphertext ""fsi"" with no success, I will now attempt to decrypt it as a Caesar cipher with different shifts:

Shift 1: erg
Shift 2: dqh
Shift 3: cpg
Shift 4: bof
Shift 5: ane

None of the shifts resulted in a meaningful English word. Let me know if you would like me to continue trying with more shifts.",1,1.0
fsi,and,3,5,"After trying various combinations, it seems like ""fsi"" doesn't unscramble to any recognizable English word. Let's now try decrypting it using a Caesar cipher with different shifts:

Shift 1: erg
Shift 2: dqh
Shift 3: cpg
Shift 4: bof
Shift 5: ane

None of the decrypted versions appear to be valid English words. Let's try a shift of 13 next.

Shift 13: sfi

The decrypted version ""sfi"" also doesn't form an English word. Let's try a shift of 17 next.

Shift 17: tzw

The decrypted version ""tzw"" also doesn't make sense. Let's try the final shift of 25.

Shift 25: erh

After trying all possible shifts, it seems like the ciphertext ""fsi"" doesn't decrypt to any meaningful English word when using a Caesar cipher. It's possible that the ciphertext is a different type of cipher or code.",0,0,"After trying various combinations, it seems like """,0,2.0
fsi,and,3,5,"After trying various combinations, it seems like ""fsi"" doesn't unscramble to any recognizable English word. Let's now try decrypting it using a Caesar cipher with different shifts:

Shift 1: erg
Shift 2: dqh
Shift 3: cpg
Shift 4: bof
Shift 5: ane

None of the decrypted versions appear to be valid English words. Let's try a shift of 13 next.

Shift 13: sfi

The decrypted version ""sfi"" also doesn't form an English word. Let's try a shift of 17 next.

Shift 17: tzw

The decrypted version ""tzw"" also doesn't make sense. Let's try the final shift of 25.

Shift 25: erh

After trying all possible shifts, it seems like the ciphertext ""fsi"" doesn't decrypt to any meaningful English word when using a Caesar cipher. It's possible that the ciphertext is a different type of cipher or code.",0,1,"After trying various combinations, it seems like ""fsi"" doesn't unscramble to any recognizable Englis",0,2.0
fsi,and,3,5,"After trying various combinations, it seems like ""fsi"" doesn't unscramble to any recognizable English word. Let's now try decrypting it using a Caesar cipher with different shifts:

Shift 1: erg
Shift 2: dqh
Shift 3: cpg
Shift 4: bof
Shift 5: ane

None of the decrypted versions appear to be valid English words. Let's try a shift of 13 next.

Shift 13: sfi

The decrypted version ""sfi"" also doesn't form an English word. Let's try a shift of 17 next.

Shift 17: tzw

The decrypted version ""tzw"" also doesn't make sense. Let's try the final shift of 25.

Shift 25: erh

After trying all possible shifts, it seems like the ciphertext ""fsi"" doesn't decrypt to any meaningful English word when using a Caesar cipher. It's possible that the ciphertext is a different type of cipher or code.",0,2,"After trying various combinations, it seems like ""fsi"" doesn't unscramble to any recognizable English word. Let's now try decrypting it using a Caesar",1,2.0
fsi,and,3,5,"After trying various combinations, it seems like ""fsi"" doesn't unscramble to any recognizable English word. Let's now try decrypting it using a Caesar cipher with different shifts:

Shift 1: erg
Shift 2: dqh
Shift 3: cpg
Shift 4: bof
Shift 5: ane

None of the decrypted versions appear to be valid English words. Let's try a shift of 13 next.

Shift 13: sfi

The decrypted version ""sfi"" also doesn't form an English word. Let's try a shift of 17 next.

Shift 17: tzw

The decrypted version ""tzw"" also doesn't make sense. Let's try the final shift of 25.

Shift 25: erh

After trying all possible shifts, it seems like the ciphertext ""fsi"" doesn't decrypt to any meaningful English word when using a Caesar cipher. It's possible that the ciphertext is a different type of cipher or code.",0,3,"After trying various combinations, it seems like ""fsi"" doesn't unscramble to any recognizable English word. Let's now try decrypting it using a Caesar cipher with different shifts:

Shift 1: erg
Shift",1,2.0
fsi,and,3,5,"After trying various combinations, it seems like ""fsi"" doesn't unscramble to any recognizable English word. Let's now try decrypting it using a Caesar cipher with different shifts:

Shift 1: erg
Shift 2: dqh
Shift 3: cpg
Shift 4: bof
Shift 5: ane

None of the decrypted versions appear to be valid English words. Let's try a shift of 13 next.

Shift 13: sfi

The decrypted version ""sfi"" also doesn't form an English word. Let's try a shift of 17 next.

Shift 17: tzw

The decrypted version ""tzw"" also doesn't make sense. Let's try the final shift of 25.

Shift 25: erh

After trying all possible shifts, it seems like the ciphertext ""fsi"" doesn't decrypt to any meaningful English word when using a Caesar cipher. It's possible that the ciphertext is a different type of cipher or code.",0,4,"After trying various combinations, it seems like ""fsi"" doesn't unscramble to any recognizable English word. Let's now try decrypting it using a Caesar cipher with different shifts:

Shift 1: erg
Shift 2: dqh
Shift 3: cpg
Shift 4: bof
Shift 5: ane

No",1,2.0
fsi,and,3,5,"After trying various combinations, it seems like ""fsi"" doesn't unscramble to any recognizable English word. Let's now try decrypting it using a Caesar cipher with different shifts:

Shift 1: erg
Shift 2: dqh
Shift 3: cpg
Shift 4: bof
Shift 5: ane

None of the decrypted versions appear to be valid English words. Let's try a shift of 13 next.

Shift 13: sfi

The decrypted version ""sfi"" also doesn't form an English word. Let's try a shift of 17 next.

Shift 17: tzw

The decrypted version ""tzw"" also doesn't make sense. Let's try the final shift of 25.

Shift 25: erh

After trying all possible shifts, it seems like the ciphertext ""fsi"" doesn't decrypt to any meaningful English word when using a Caesar cipher. It's possible that the ciphertext is a different type of cipher or code.",0,5,"After trying various combinations, it seems like ""fsi"" doesn't unscramble to any recognizable English word. Let's now try decrypting it using a Caesar cipher with different shifts:

Shift 1: erg
Shift 2: dqh
Shift 3: cpg
Shift 4: bof
Shift 5: ane

None of the decrypted versions appear to be valid En",1,2.0
fsi,and,3,5,"After trying various combinations, it seems like ""fsi"" doesn't unscramble to any recognizable English word. Let's now try decrypting it using a Caesar cipher with different shifts:

Shift 1: erg
Shift 2: dqh
Shift 3: cpg
Shift 4: bof
Shift 5: ane

None of the decrypted versions appear to be valid English words. Let's try a shift of 13 next.

Shift 13: sfi

The decrypted version ""sfi"" also doesn't form an English word. Let's try a shift of 17 next.

Shift 17: tzw

The decrypted version ""tzw"" also doesn't make sense. Let's try the final shift of 25.

Shift 25: erh

After trying all possible shifts, it seems like the ciphertext ""fsi"" doesn't decrypt to any meaningful English word when using a Caesar cipher. It's possible that the ciphertext is a different type of cipher or code.",0,6,"After trying various combinations, it seems like ""fsi"" doesn't unscramble to any recognizable English word. Let's now try decrypting it using a Caesar cipher with different shifts:

Shift 1: erg
Shift 2: dqh
Shift 3: cpg
Shift 4: bof
Shift 5: ane

None of the decrypted versions appear to be valid English words. Let's try a shift of 13 next.

Shift ",1,2.0
fsi,and,3,5,"After trying various combinations, it seems like ""fsi"" doesn't unscramble to any recognizable English word. Let's now try decrypting it using a Caesar cipher with different shifts:

Shift 1: erg
Shift 2: dqh
Shift 3: cpg
Shift 4: bof
Shift 5: ane

None of the decrypted versions appear to be valid English words. Let's try a shift of 13 next.

Shift 13: sfi

The decrypted version ""sfi"" also doesn't form an English word. Let's try a shift of 17 next.

Shift 17: tzw

The decrypted version ""tzw"" also doesn't make sense. Let's try the final shift of 25.

Shift 25: erh

After trying all possible shifts, it seems like the ciphertext ""fsi"" doesn't decrypt to any meaningful English word when using a Caesar cipher. It's possible that the ciphertext is a different type of cipher or code.",0,7,"After trying various combinations, it seems like ""fsi"" doesn't unscramble to any recognizable English word. Let's now try decrypting it using a Caesar cipher with different shifts:

Shift 1: erg
Shift 2: dqh
Shift 3: cpg
Shift 4: bof
Shift 5: ane

None of the decrypted versions appear to be valid English words. Let's try a shift of 13 next.

Shift 13: sfi

The decrypted version ""sfi"" also doesn't ",1,2.0
fsi,and,3,5,"After trying various combinations, it seems like ""fsi"" doesn't unscramble to any recognizable English word. Let's now try decrypting it using a Caesar cipher with different shifts:

Shift 1: erg
Shift 2: dqh
Shift 3: cpg
Shift 4: bof
Shift 5: ane

None of the decrypted versions appear to be valid English words. Let's try a shift of 13 next.

Shift 13: sfi

The decrypted version ""sfi"" also doesn't form an English word. Let's try a shift of 17 next.

Shift 17: tzw

The decrypted version ""tzw"" also doesn't make sense. Let's try the final shift of 25.

Shift 25: erh

After trying all possible shifts, it seems like the ciphertext ""fsi"" doesn't decrypt to any meaningful English word when using a Caesar cipher. It's possible that the ciphertext is a different type of cipher or code.",0,8,"After trying various combinations, it seems like ""fsi"" doesn't unscramble to any recognizable English word. Let's now try decrypting it using a Caesar cipher with different shifts:

Shift 1: erg
Shift 2: dqh
Shift 3: cpg
Shift 4: bof
Shift 5: ane

None of the decrypted versions appear to be valid English words. Let's try a shift of 13 next.

Shift 13: sfi

The decrypted version ""sfi"" also doesn't form an English word. Let's try a shift of 17 next",1,2.0
fsi,and,3,5,"After trying various combinations, it seems like ""fsi"" doesn't unscramble to any recognizable English word. Let's now try decrypting it using a Caesar cipher with different shifts:

Shift 1: erg
Shift 2: dqh
Shift 3: cpg
Shift 4: bof
Shift 5: ane

None of the decrypted versions appear to be valid English words. Let's try a shift of 13 next.

Shift 13: sfi

The decrypted version ""sfi"" also doesn't form an English word. Let's try a shift of 17 next.

Shift 17: tzw

The decrypted version ""tzw"" also doesn't make sense. Let's try the final shift of 25.

Shift 25: erh

After trying all possible shifts, it seems like the ciphertext ""fsi"" doesn't decrypt to any meaningful English word when using a Caesar cipher. It's possible that the ciphertext is a different type of cipher or code.",0,9,"After trying various combinations, it seems like ""fsi"" doesn't unscramble to any recognizable English word. Let's now try decrypting it using a Caesar cipher with different shifts:

Shift 1: erg
Shift 2: dqh
Shift 3: cpg
Shift 4: bof
Shift 5: ane

None of the decrypted versions appear to be valid English words. Let's try a shift of 13 next.

Shift 13: sfi

The decrypted version ""sfi"" also doesn't form an English word. Let's try a shift of 17 next.

Shift 17: tzw

The decrypted version ""tzw"" also",1,2.0
fsi,and,3,5,"After trying various combinations, it seems like ""fsi"" doesn't unscramble to any recognizable English word. Let's now try decrypting it using a Caesar cipher with different shifts:

Shift 1: erg
Shift 2: dqh
Shift 3: cpg
Shift 4: bof
Shift 5: ane

None of the decrypted versions appear to be valid English words. Let's try a shift of 13 next.

Shift 13: sfi

The decrypted version ""sfi"" also doesn't form an English word. Let's try a shift of 17 next.

Shift 17: tzw

The decrypted version ""tzw"" also doesn't make sense. Let's try the final shift of 25.

Shift 25: erh

After trying all possible shifts, it seems like the ciphertext ""fsi"" doesn't decrypt to any meaningful English word when using a Caesar cipher. It's possible that the ciphertext is a different type of cipher or code.",0,10,"After trying various combinations, it seems like ""fsi"" doesn't unscramble to any recognizable English word. Let's now try decrypting it using a Caesar cipher with different shifts:

Shift 1: erg
Shift 2: dqh
Shift 3: cpg
Shift 4: bof
Shift 5: ane

None of the decrypted versions appear to be valid English words. Let's try a shift of 13 next.

Shift 13: sfi

The decrypted version ""sfi"" also doesn't form an English word. Let's try a shift of 17 next.

Shift 17: tzw

The decrypted version ""tzw"" also doesn't make sense. Let's try the final shift of ",1,2.0
fsi,and,3,5,"After trying various combinations, it seems like ""fsi"" doesn't unscramble to any recognizable English word. Let's now try decrypting it using a Caesar cipher with different shifts:

Shift 1: erg
Shift 2: dqh
Shift 3: cpg
Shift 4: bof
Shift 5: ane

None of the decrypted versions appear to be valid English words. Let's try a shift of 13 next.

Shift 13: sfi

The decrypted version ""sfi"" also doesn't form an English word. Let's try a shift of 17 next.

Shift 17: tzw

The decrypted version ""tzw"" also doesn't make sense. Let's try the final shift of 25.

Shift 25: erh

After trying all possible shifts, it seems like the ciphertext ""fsi"" doesn't decrypt to any meaningful English word when using a Caesar cipher. It's possible that the ciphertext is a different type of cipher or code.",0,11,"After trying various combinations, it seems like ""fsi"" doesn't unscramble to any recognizable English word. Let's now try decrypting it using a Caesar cipher with different shifts:

Shift 1: erg
Shift 2: dqh
Shift 3: cpg
Shift 4: bof
Shift 5: ane

None of the decrypted versions appear to be valid English words. Let's try a shift of 13 next.

Shift 13: sfi

The decrypted version ""sfi"" also doesn't form an English word. Let's try a shift of 17 next.

Shift 17: tzw

The decrypted version ""tzw"" also doesn't make sense. Let's try the final shift of 25.

Shift 25: erh

After trying all possible shif",1,2.0
fsi,and,3,5,"After trying various combinations, it seems like ""fsi"" doesn't unscramble to any recognizable English word. Let's now try decrypting it using a Caesar cipher with different shifts:

Shift 1: erg
Shift 2: dqh
Shift 3: cpg
Shift 4: bof
Shift 5: ane

None of the decrypted versions appear to be valid English words. Let's try a shift of 13 next.

Shift 13: sfi

The decrypted version ""sfi"" also doesn't form an English word. Let's try a shift of 17 next.

Shift 17: tzw

The decrypted version ""tzw"" also doesn't make sense. Let's try the final shift of 25.

Shift 25: erh

After trying all possible shifts, it seems like the ciphertext ""fsi"" doesn't decrypt to any meaningful English word when using a Caesar cipher. It's possible that the ciphertext is a different type of cipher or code.",0,12,"After trying various combinations, it seems like ""fsi"" doesn't unscramble to any recognizable English word. Let's now try decrypting it using a Caesar cipher with different shifts:

Shift 1: erg
Shift 2: dqh
Shift 3: cpg
Shift 4: bof
Shift 5: ane

None of the decrypted versions appear to be valid English words. Let's try a shift of 13 next.

Shift 13: sfi

The decrypted version ""sfi"" also doesn't form an English word. Let's try a shift of 17 next.

Shift 17: tzw

The decrypted version ""tzw"" also doesn't make sense. Let's try the final shift of 25.

Shift 25: erh

After trying all possible shifts, it seems like the ciphertext ""fsi"" doesn't dec",1,2.0
fsi,and,3,5,"After trying various combinations, it seems like ""fsi"" doesn't unscramble to any recognizable English word. Let's now try decrypting it using a Caesar cipher with different shifts:

Shift 1: erg
Shift 2: dqh
Shift 3: cpg
Shift 4: bof
Shift 5: ane

None of the decrypted versions appear to be valid English words. Let's try a shift of 13 next.

Shift 13: sfi

The decrypted version ""sfi"" also doesn't form an English word. Let's try a shift of 17 next.

Shift 17: tzw

The decrypted version ""tzw"" also doesn't make sense. Let's try the final shift of 25.

Shift 25: erh

After trying all possible shifts, it seems like the ciphertext ""fsi"" doesn't decrypt to any meaningful English word when using a Caesar cipher. It's possible that the ciphertext is a different type of cipher or code.",0,13,"After trying various combinations, it seems like ""fsi"" doesn't unscramble to any recognizable English word. Let's now try decrypting it using a Caesar cipher with different shifts:

Shift 1: erg
Shift 2: dqh
Shift 3: cpg
Shift 4: bof
Shift 5: ane

None of the decrypted versions appear to be valid English words. Let's try a shift of 13 next.

Shift 13: sfi

The decrypted version ""sfi"" also doesn't form an English word. Let's try a shift of 17 next.

Shift 17: tzw

The decrypted version ""tzw"" also doesn't make sense. Let's try the final shift of 25.

Shift 25: erh

After trying all possible shifts, it seems like the ciphertext ""fsi"" doesn't decrypt to any meaningful English word when using a C",1,2.0
fsi,and,3,5,"After trying various combinations, it seems like ""fsi"" doesn't unscramble to any recognizable English word. Let's now try decrypting it using a Caesar cipher with different shifts:

Shift 1: erg
Shift 2: dqh
Shift 3: cpg
Shift 4: bof
Shift 5: ane

None of the decrypted versions appear to be valid English words. Let's try a shift of 13 next.

Shift 13: sfi

The decrypted version ""sfi"" also doesn't form an English word. Let's try a shift of 17 next.

Shift 17: tzw

The decrypted version ""tzw"" also doesn't make sense. Let's try the final shift of 25.

Shift 25: erh

After trying all possible shifts, it seems like the ciphertext ""fsi"" doesn't decrypt to any meaningful English word when using a Caesar cipher. It's possible that the ciphertext is a different type of cipher or code.",0,14,"After trying various combinations, it seems like ""fsi"" doesn't unscramble to any recognizable English word. Let's now try decrypting it using a Caesar cipher with different shifts:

Shift 1: erg
Shift 2: dqh
Shift 3: cpg
Shift 4: bof
Shift 5: ane

None of the decrypted versions appear to be valid English words. Let's try a shift of 13 next.

Shift 13: sfi

The decrypted version ""sfi"" also doesn't form an English word. Let's try a shift of 17 next.

Shift 17: tzw

The decrypted version ""tzw"" also doesn't make sense. Let's try the final shift of 25.

Shift 25: erh

After trying all possible shifts, it seems like the ciphertext ""fsi"" doesn't decrypt to any meaningful English word when using a Caesar cipher. It's possible that the ciphertext is",1,2.0
fsi,and,3,5,"After trying various combinations, it seems like ""fsi"" doesn't unscramble to any recognizable English word. Let's now try decrypting it using a Caesar cipher with different shifts:

Shift 1: erg
Shift 2: dqh
Shift 3: cpg
Shift 4: bof
Shift 5: ane

None of the decrypted versions appear to be valid English words. Let's try a shift of 13 next.

Shift 13: sfi

The decrypted version ""sfi"" also doesn't form an English word. Let's try a shift of 17 next.

Shift 17: tzw

The decrypted version ""tzw"" also doesn't make sense. Let's try the final shift of 25.

Shift 25: erh

After trying all possible shifts, it seems like the ciphertext ""fsi"" doesn't decrypt to any meaningful English word when using a Caesar cipher. It's possible that the ciphertext is a different type of cipher or code.",0,15,"After trying various combinations, it seems like ""fsi"" doesn't unscramble to any recognizable English word. Let's now try decrypting it using a Caesar cipher with different shifts:

Shift 1: erg
Shift 2: dqh
Shift 3: cpg
Shift 4: bof
Shift 5: ane

None of the decrypted versions appear to be valid English words. Let's try a shift of 13 next.

Shift 13: sfi

The decrypted version ""sfi"" also doesn't form an English word. Let's try a shift of 17 next.

Shift 17: tzw

The decrypted version ""tzw"" also doesn't make sense. Let's try the final shift of 25.

Shift 25: erh

After trying all possible shifts, it seems like the ciphertext ""fsi"" doesn't decrypt to any meaningful English word when using a Caesar cipher. It's possible that the ciphertext is a different type of cipher or code.",1,2.0
mny,hit,3,5,"After trying various combinations, I was unable to unscramble the ciphertext ""mny"" to form a valid English word. Next, I will try decrypting it using a Caesar cipher with different shifts.

1. Shift 1: lmx
2. Shift 2: klw
3. Shift 3: jkv
4. Shift 4: iju
5. Shift 5: h it

After trying different Caesar cipher shifts, I was unable to decrypt the ciphertext ""mny"" into a meaningful English word. It's possible that it may not be a simple Caesar cipher or an anagram.",0,0,"After trying various combinations, I was unable to",0,2.0
mny,hit,3,5,"After trying various combinations, I was unable to unscramble the ciphertext ""mny"" to form a valid English word. Next, I will try decrypting it using a Caesar cipher with different shifts.

1. Shift 1: lmx
2. Shift 2: klw
3. Shift 3: jkv
4. Shift 4: iju
5. Shift 5: h it

After trying different Caesar cipher shifts, I was unable to decrypt the ciphertext ""mny"" into a meaningful English word. It's possible that it may not be a simple Caesar cipher or an anagram.",0,1,"After trying various combinations, I was unable to unscramble the ciphertext ""mny"" to form a valid E",0,2.0
mny,hit,3,5,"After trying various combinations, I was unable to unscramble the ciphertext ""mny"" to form a valid English word. Next, I will try decrypting it using a Caesar cipher with different shifts.

1. Shift 1: lmx
2. Shift 2: klw
3. Shift 3: jkv
4. Shift 4: iju
5. Shift 5: h it

After trying different Caesar cipher shifts, I was unable to decrypt the ciphertext ""mny"" into a meaningful English word. It's possible that it may not be a simple Caesar cipher or an anagram.",0,2,"After trying various combinations, I was unable to unscramble the ciphertext ""mny"" to form a valid English word. Next, I will try decrypting it using ",1,2.0
mny,hit,3,5,"After trying various combinations, I was unable to unscramble the ciphertext ""mny"" to form a valid English word. Next, I will try decrypting it using a Caesar cipher with different shifts.

1. Shift 1: lmx
2. Shift 2: klw
3. Shift 3: jkv
4. Shift 4: iju
5. Shift 5: h it

After trying different Caesar cipher shifts, I was unable to decrypt the ciphertext ""mny"" into a meaningful English word. It's possible that it may not be a simple Caesar cipher or an anagram.",0,3,"After trying various combinations, I was unable to unscramble the ciphertext ""mny"" to form a valid English word. Next, I will try decrypting it using a Caesar cipher with different shifts.

1. Shift 1",1,2.0
mny,hit,3,5,"After trying various combinations, I was unable to unscramble the ciphertext ""mny"" to form a valid English word. Next, I will try decrypting it using a Caesar cipher with different shifts.

1. Shift 1: lmx
2. Shift 2: klw
3. Shift 3: jkv
4. Shift 4: iju
5. Shift 5: h it

After trying different Caesar cipher shifts, I was unable to decrypt the ciphertext ""mny"" into a meaningful English word. It's possible that it may not be a simple Caesar cipher or an anagram.",0,4,"After trying various combinations, I was unable to unscramble the ciphertext ""mny"" to form a valid English word. Next, I will try decrypting it using a Caesar cipher with different shifts.

1. Shift 1: lmx
2. Shift 2: klw
3. Shift 3: jkv
4. Shift 4: ",1,2.0
mny,hit,3,5,"After trying various combinations, I was unable to unscramble the ciphertext ""mny"" to form a valid English word. Next, I will try decrypting it using a Caesar cipher with different shifts.

1. Shift 1: lmx
2. Shift 2: klw
3. Shift 3: jkv
4. Shift 4: iju
5. Shift 5: h it

After trying different Caesar cipher shifts, I was unable to decrypt the ciphertext ""mny"" into a meaningful English word. It's possible that it may not be a simple Caesar cipher or an anagram.",0,5,"After trying various combinations, I was unable to unscramble the ciphertext ""mny"" to form a valid English word. Next, I will try decrypting it using a Caesar cipher with different shifts.

1. Shift 1: lmx
2. Shift 2: klw
3. Shift 3: jkv
4. Shift 4: iju
5. Shift 5: h it

After trying different Caesa",1,2.0
mny,hit,3,5,"After trying various combinations, I was unable to unscramble the ciphertext ""mny"" to form a valid English word. Next, I will try decrypting it using a Caesar cipher with different shifts.

1. Shift 1: lmx
2. Shift 2: klw
3. Shift 3: jkv
4. Shift 4: iju
5. Shift 5: h it

After trying different Caesar cipher shifts, I was unable to decrypt the ciphertext ""mny"" into a meaningful English word. It's possible that it may not be a simple Caesar cipher or an anagram.",0,6,"After trying various combinations, I was unable to unscramble the ciphertext ""mny"" to form a valid English word. Next, I will try decrypting it using a Caesar cipher with different shifts.

1. Shift 1: lmx
2. Shift 2: klw
3. Shift 3: jkv
4. Shift 4: iju
5. Shift 5: h it

After trying different Caesar cipher shifts, I was unable to decrypt the ciphe",1,2.0
mny,hit,3,5,"After trying various combinations, I was unable to unscramble the ciphertext ""mny"" to form a valid English word. Next, I will try decrypting it using a Caesar cipher with different shifts.

1. Shift 1: lmx
2. Shift 2: klw
3. Shift 3: jkv
4. Shift 4: iju
5. Shift 5: h it

After trying different Caesar cipher shifts, I was unable to decrypt the ciphertext ""mny"" into a meaningful English word. It's possible that it may not be a simple Caesar cipher or an anagram.",0,7,"After trying various combinations, I was unable to unscramble the ciphertext ""mny"" to form a valid English word. Next, I will try decrypting it using a Caesar cipher with different shifts.

1. Shift 1: lmx
2. Shift 2: klw
3. Shift 3: jkv
4. Shift 4: iju
5. Shift 5: h it

After trying different Caesar cipher shifts, I was unable to decrypt the ciphertext ""mny"" into a meaningful English word. It's p",1,2.0
mny,hit,3,5,"After trying various combinations, I was unable to unscramble the ciphertext ""mny"" to form a valid English word. Next, I will try decrypting it using a Caesar cipher with different shifts.

1. Shift 1: lmx
2. Shift 2: klw
3. Shift 3: jkv
4. Shift 4: iju
5. Shift 5: h it

After trying different Caesar cipher shifts, I was unable to decrypt the ciphertext ""mny"" into a meaningful English word. It's possible that it may not be a simple Caesar cipher or an anagram.",0,8,"After trying various combinations, I was unable to unscramble the ciphertext ""mny"" to form a valid English word. Next, I will try decrypting it using a Caesar cipher with different shifts.

1. Shift 1: lmx
2. Shift 2: klw
3. Shift 3: jkv
4. Shift 4: iju
5. Shift 5: h it

After trying different Caesar cipher shifts, I was unable to decrypt the ciphertext ""mny"" into a meaningful English word. It's possible that it may not be a simple Caesar cipher ",1,2.0
mny,hit,3,5,"After trying various combinations, I was unable to unscramble the ciphertext ""mny"" to form a valid English word. Next, I will try decrypting it using a Caesar cipher with different shifts.

1. Shift 1: lmx
2. Shift 2: klw
3. Shift 3: jkv
4. Shift 4: iju
5. Shift 5: h it

After trying different Caesar cipher shifts, I was unable to decrypt the ciphertext ""mny"" into a meaningful English word. It's possible that it may not be a simple Caesar cipher or an anagram.",0,9,"After trying various combinations, I was unable to unscramble the ciphertext ""mny"" to form a valid English word. Next, I will try decrypting it using a Caesar cipher with different shifts.

1. Shift 1: lmx
2. Shift 2: klw
3. Shift 3: jkv
4. Shift 4: iju
5. Shift 5: h it

After trying different Caesar cipher shifts, I was unable to decrypt the ciphertext ""mny"" into a meaningful English word. It's possible that it may not be a simple Caesar cipher or an anagram.",1,2.0
npsf,more,4,1,"There are only 4! = 24 possible permutations for the 4-letter word, so let's try all of them:

1. npsf -> pnsf
2. npsf -> fspn
3. npsf -> fpns
4. npsf -> nsfp
5. npsf -> spfn
6. npsf -> fnsp

None of these permutations appear to be valid English words, so let's try decrypting the ciphertext using a Caesar cipher with different shifts. Let's start with a shift of 1:

1. npsf -> more
2. npsf -> orsg
3. npsf -> oqre
4. npsf -> nqre
5. npsf -> more

None of these make much sense, so let's continue with a shift of 2:

1. npsf -> lpre
2. npsf -> mpug
3. npsf -> molto
4. npsf -> kprd
5. npsf -> lnqe

None of these appear to be valid English words either. Let's try a shift of 3:

1. npsf -> knots
2. npsf -> jmrq
3. npsf -> imqp
4. npsf -> jmpl
5. npsf -> nort

The word ""knots"" decrypted with a shift of 3 seems to make the most sense. So, the decrypted word is ""knots"".",1,0,There are only 4! = 24 possible permutations for t,0,4.0
npsf,more,4,1,"There are only 4! = 24 possible permutations for the 4-letter word, so let's try all of them:

1. npsf -> pnsf
2. npsf -> fspn
3. npsf -> fpns
4. npsf -> nsfp
5. npsf -> spfn
6. npsf -> fnsp

None of these permutations appear to be valid English words, so let's try decrypting the ciphertext using a Caesar cipher with different shifts. Let's start with a shift of 1:

1. npsf -> more
2. npsf -> orsg
3. npsf -> oqre
4. npsf -> nqre
5. npsf -> more

None of these make much sense, so let's continue with a shift of 2:

1. npsf -> lpre
2. npsf -> mpug
3. npsf -> molto
4. npsf -> kprd
5. npsf -> lnqe

None of these appear to be valid English words either. Let's try a shift of 3:

1. npsf -> knots
2. npsf -> jmrq
3. npsf -> imqp
4. npsf -> jmpl
5. npsf -> nort

The word ""knots"" decrypted with a shift of 3 seems to make the most sense. So, the decrypted word is ""knots"".",1,1,"There are only 4! = 24 possible permutations for the 4-letter word, so let's try all of them:

1. np",0,4.0
npsf,more,4,1,"There are only 4! = 24 possible permutations for the 4-letter word, so let's try all of them:

1. npsf -> pnsf
2. npsf -> fspn
3. npsf -> fpns
4. npsf -> nsfp
5. npsf -> spfn
6. npsf -> fnsp

None of these permutations appear to be valid English words, so let's try decrypting the ciphertext using a Caesar cipher with different shifts. Let's start with a shift of 1:

1. npsf -> more
2. npsf -> orsg
3. npsf -> oqre
4. npsf -> nqre
5. npsf -> more

None of these make much sense, so let's continue with a shift of 2:

1. npsf -> lpre
2. npsf -> mpug
3. npsf -> molto
4. npsf -> kprd
5. npsf -> lnqe

None of these appear to be valid English words either. Let's try a shift of 3:

1. npsf -> knots
2. npsf -> jmrq
3. npsf -> imqp
4. npsf -> jmpl
5. npsf -> nort

The word ""knots"" decrypted with a shift of 3 seems to make the most sense. So, the decrypted word is ""knots"".",1,2,"There are only 4! = 24 possible permutations for the 4-letter word, so let's try all of them:

1. npsf -> pnsf
2. npsf -> fspn
3. npsf -> fpns
4. npsf",0,4.0
npsf,more,4,1,"There are only 4! = 24 possible permutations for the 4-letter word, so let's try all of them:

1. npsf -> pnsf
2. npsf -> fspn
3. npsf -> fpns
4. npsf -> nsfp
5. npsf -> spfn
6. npsf -> fnsp

None of these permutations appear to be valid English words, so let's try decrypting the ciphertext using a Caesar cipher with different shifts. Let's start with a shift of 1:

1. npsf -> more
2. npsf -> orsg
3. npsf -> oqre
4. npsf -> nqre
5. npsf -> more

None of these make much sense, so let's continue with a shift of 2:

1. npsf -> lpre
2. npsf -> mpug
3. npsf -> molto
4. npsf -> kprd
5. npsf -> lnqe

None of these appear to be valid English words either. Let's try a shift of 3:

1. npsf -> knots
2. npsf -> jmrq
3. npsf -> imqp
4. npsf -> jmpl
5. npsf -> nort

The word ""knots"" decrypted with a shift of 3 seems to make the most sense. So, the decrypted word is ""knots"".",1,3,"There are only 4! = 24 possible permutations for the 4-letter word, so let's try all of them:

1. npsf -> pnsf
2. npsf -> fspn
3. npsf -> fpns
4. npsf -> nsfp
5. npsf -> spfn
6. npsf -> fnsp

None of ",0,4.0
npsf,more,4,1,"There are only 4! = 24 possible permutations for the 4-letter word, so let's try all of them:

1. npsf -> pnsf
2. npsf -> fspn
3. npsf -> fpns
4. npsf -> nsfp
5. npsf -> spfn
6. npsf -> fnsp

None of these permutations appear to be valid English words, so let's try decrypting the ciphertext using a Caesar cipher with different shifts. Let's start with a shift of 1:

1. npsf -> more
2. npsf -> orsg
3. npsf -> oqre
4. npsf -> nqre
5. npsf -> more

None of these make much sense, so let's continue with a shift of 2:

1. npsf -> lpre
2. npsf -> mpug
3. npsf -> molto
4. npsf -> kprd
5. npsf -> lnqe

None of these appear to be valid English words either. Let's try a shift of 3:

1. npsf -> knots
2. npsf -> jmrq
3. npsf -> imqp
4. npsf -> jmpl
5. npsf -> nort

The word ""knots"" decrypted with a shift of 3 seems to make the most sense. So, the decrypted word is ""knots"".",1,4,"There are only 4! = 24 possible permutations for the 4-letter word, so let's try all of them:

1. npsf -> pnsf
2. npsf -> fspn
3. npsf -> fpns
4. npsf -> nsfp
5. npsf -> spfn
6. npsf -> fnsp

None of these permutations appear to be valid English word",1,4.0
npsf,more,4,1,"There are only 4! = 24 possible permutations for the 4-letter word, so let's try all of them:

1. npsf -> pnsf
2. npsf -> fspn
3. npsf -> fpns
4. npsf -> nsfp
5. npsf -> spfn
6. npsf -> fnsp

None of these permutations appear to be valid English words, so let's try decrypting the ciphertext using a Caesar cipher with different shifts. Let's start with a shift of 1:

1. npsf -> more
2. npsf -> orsg
3. npsf -> oqre
4. npsf -> nqre
5. npsf -> more

None of these make much sense, so let's continue with a shift of 2:

1. npsf -> lpre
2. npsf -> mpug
3. npsf -> molto
4. npsf -> kprd
5. npsf -> lnqe

None of these appear to be valid English words either. Let's try a shift of 3:

1. npsf -> knots
2. npsf -> jmrq
3. npsf -> imqp
4. npsf -> jmpl
5. npsf -> nort

The word ""knots"" decrypted with a shift of 3 seems to make the most sense. So, the decrypted word is ""knots"".",1,5,"There are only 4! = 24 possible permutations for the 4-letter word, so let's try all of them:

1. npsf -> pnsf
2. npsf -> fspn
3. npsf -> fpns
4. npsf -> nsfp
5. npsf -> spfn
6. npsf -> fnsp

None of these permutations appear to be valid English words, so let's try decrypting the ciphertext using a ",1,4.0
npsf,more,4,1,"There are only 4! = 24 possible permutations for the 4-letter word, so let's try all of them:

1. npsf -> pnsf
2. npsf -> fspn
3. npsf -> fpns
4. npsf -> nsfp
5. npsf -> spfn
6. npsf -> fnsp

None of these permutations appear to be valid English words, so let's try decrypting the ciphertext using a Caesar cipher with different shifts. Let's start with a shift of 1:

1. npsf -> more
2. npsf -> orsg
3. npsf -> oqre
4. npsf -> nqre
5. npsf -> more

None of these make much sense, so let's continue with a shift of 2:

1. npsf -> lpre
2. npsf -> mpug
3. npsf -> molto
4. npsf -> kprd
5. npsf -> lnqe

None of these appear to be valid English words either. Let's try a shift of 3:

1. npsf -> knots
2. npsf -> jmrq
3. npsf -> imqp
4. npsf -> jmpl
5. npsf -> nort

The word ""knots"" decrypted with a shift of 3 seems to make the most sense. So, the decrypted word is ""knots"".",1,6,"There are only 4! = 24 possible permutations for the 4-letter word, so let's try all of them:

1. npsf -> pnsf
2. npsf -> fspn
3. npsf -> fpns
4. npsf -> nsfp
5. npsf -> spfn
6. npsf -> fnsp

None of these permutations appear to be valid English words, so let's try decrypting the ciphertext using a Caesar cipher with different shifts. Let's start w",1,4.0
npsf,more,4,1,"There are only 4! = 24 possible permutations for the 4-letter word, so let's try all of them:

1. npsf -> pnsf
2. npsf -> fspn
3. npsf -> fpns
4. npsf -> nsfp
5. npsf -> spfn
6. npsf -> fnsp

None of these permutations appear to be valid English words, so let's try decrypting the ciphertext using a Caesar cipher with different shifts. Let's start with a shift of 1:

1. npsf -> more
2. npsf -> orsg
3. npsf -> oqre
4. npsf -> nqre
5. npsf -> more

None of these make much sense, so let's continue with a shift of 2:

1. npsf -> lpre
2. npsf -> mpug
3. npsf -> molto
4. npsf -> kprd
5. npsf -> lnqe

None of these appear to be valid English words either. Let's try a shift of 3:

1. npsf -> knots
2. npsf -> jmrq
3. npsf -> imqp
4. npsf -> jmpl
5. npsf -> nort

The word ""knots"" decrypted with a shift of 3 seems to make the most sense. So, the decrypted word is ""knots"".",1,7,"There are only 4! = 24 possible permutations for the 4-letter word, so let's try all of them:

1. npsf -> pnsf
2. npsf -> fspn
3. npsf -> fpns
4. npsf -> nsfp
5. npsf -> spfn
6. npsf -> fnsp

None of these permutations appear to be valid English words, so let's try decrypting the ciphertext using a Caesar cipher with different shifts. Let's start with a shift of 1:

1. npsf -> more
2. npsf -> orsg",1,4.0
npsf,more,4,1,"There are only 4! = 24 possible permutations for the 4-letter word, so let's try all of them:

1. npsf -> pnsf
2. npsf -> fspn
3. npsf -> fpns
4. npsf -> nsfp
5. npsf -> spfn
6. npsf -> fnsp

None of these permutations appear to be valid English words, so let's try decrypting the ciphertext using a Caesar cipher with different shifts. Let's start with a shift of 1:

1. npsf -> more
2. npsf -> orsg
3. npsf -> oqre
4. npsf -> nqre
5. npsf -> more

None of these make much sense, so let's continue with a shift of 2:

1. npsf -> lpre
2. npsf -> mpug
3. npsf -> molto
4. npsf -> kprd
5. npsf -> lnqe

None of these appear to be valid English words either. Let's try a shift of 3:

1. npsf -> knots
2. npsf -> jmrq
3. npsf -> imqp
4. npsf -> jmpl
5. npsf -> nort

The word ""knots"" decrypted with a shift of 3 seems to make the most sense. So, the decrypted word is ""knots"".",1,8,"There are only 4! = 24 possible permutations for the 4-letter word, so let's try all of them:

1. npsf -> pnsf
2. npsf -> fspn
3. npsf -> fpns
4. npsf -> nsfp
5. npsf -> spfn
6. npsf -> fnsp

None of these permutations appear to be valid English words, so let's try decrypting the ciphertext using a Caesar cipher with different shifts. Let's start with a shift of 1:

1. npsf -> more
2. npsf -> orsg
3. npsf -> oqre
4. npsf -> nqre
5. npsf -> more

",1,4.0
npsf,more,4,1,"There are only 4! = 24 possible permutations for the 4-letter word, so let's try all of them:

1. npsf -> pnsf
2. npsf -> fspn
3. npsf -> fpns
4. npsf -> nsfp
5. npsf -> spfn
6. npsf -> fnsp

None of these permutations appear to be valid English words, so let's try decrypting the ciphertext using a Caesar cipher with different shifts. Let's start with a shift of 1:

1. npsf -> more
2. npsf -> orsg
3. npsf -> oqre
4. npsf -> nqre
5. npsf -> more

None of these make much sense, so let's continue with a shift of 2:

1. npsf -> lpre
2. npsf -> mpug
3. npsf -> molto
4. npsf -> kprd
5. npsf -> lnqe

None of these appear to be valid English words either. Let's try a shift of 3:

1. npsf -> knots
2. npsf -> jmrq
3. npsf -> imqp
4. npsf -> jmpl
5. npsf -> nort

The word ""knots"" decrypted with a shift of 3 seems to make the most sense. So, the decrypted word is ""knots"".",1,9,"There are only 4! = 24 possible permutations for the 4-letter word, so let's try all of them:

1. npsf -> pnsf
2. npsf -> fspn
3. npsf -> fpns
4. npsf -> nsfp
5. npsf -> spfn
6. npsf -> fnsp

None of these permutations appear to be valid English words, so let's try decrypting the ciphertext using a Caesar cipher with different shifts. Let's start with a shift of 1:

1. npsf -> more
2. npsf -> orsg
3. npsf -> oqre
4. npsf -> nqre
5. npsf -> more

None of these make much sense, so let's continue w",1,4.0
npsf,more,4,1,"There are only 4! = 24 possible permutations for the 4-letter word, so let's try all of them:

1. npsf -> pnsf
2. npsf -> fspn
3. npsf -> fpns
4. npsf -> nsfp
5. npsf -> spfn
6. npsf -> fnsp

None of these permutations appear to be valid English words, so let's try decrypting the ciphertext using a Caesar cipher with different shifts. Let's start with a shift of 1:

1. npsf -> more
2. npsf -> orsg
3. npsf -> oqre
4. npsf -> nqre
5. npsf -> more

None of these make much sense, so let's continue with a shift of 2:

1. npsf -> lpre
2. npsf -> mpug
3. npsf -> molto
4. npsf -> kprd
5. npsf -> lnqe

None of these appear to be valid English words either. Let's try a shift of 3:

1. npsf -> knots
2. npsf -> jmrq
3. npsf -> imqp
4. npsf -> jmpl
5. npsf -> nort

The word ""knots"" decrypted with a shift of 3 seems to make the most sense. So, the decrypted word is ""knots"".",1,10,"There are only 4! = 24 possible permutations for the 4-letter word, so let's try all of them:

1. npsf -> pnsf
2. npsf -> fspn
3. npsf -> fpns
4. npsf -> nsfp
5. npsf -> spfn
6. npsf -> fnsp

None of these permutations appear to be valid English words, so let's try decrypting the ciphertext using a Caesar cipher with different shifts. Let's start with a shift of 1:

1. npsf -> more
2. npsf -> orsg
3. npsf -> oqre
4. npsf -> nqre
5. npsf -> more

None of these make much sense, so let's continue with a shift of 2:

1. npsf -> lpre
2. npsf -> mpug",1,4.0
npsf,more,4,1,"There are only 4! = 24 possible permutations for the 4-letter word, so let's try all of them:

1. npsf -> pnsf
2. npsf -> fspn
3. npsf -> fpns
4. npsf -> nsfp
5. npsf -> spfn
6. npsf -> fnsp

None of these permutations appear to be valid English words, so let's try decrypting the ciphertext using a Caesar cipher with different shifts. Let's start with a shift of 1:

1. npsf -> more
2. npsf -> orsg
3. npsf -> oqre
4. npsf -> nqre
5. npsf -> more

None of these make much sense, so let's continue with a shift of 2:

1. npsf -> lpre
2. npsf -> mpug
3. npsf -> molto
4. npsf -> kprd
5. npsf -> lnqe

None of these appear to be valid English words either. Let's try a shift of 3:

1. npsf -> knots
2. npsf -> jmrq
3. npsf -> imqp
4. npsf -> jmpl
5. npsf -> nort

The word ""knots"" decrypted with a shift of 3 seems to make the most sense. So, the decrypted word is ""knots"".",1,11,"There are only 4! = 24 possible permutations for the 4-letter word, so let's try all of them:

1. npsf -> pnsf
2. npsf -> fspn
3. npsf -> fpns
4. npsf -> nsfp
5. npsf -> spfn
6. npsf -> fnsp

None of these permutations appear to be valid English words, so let's try decrypting the ciphertext using a Caesar cipher with different shifts. Let's start with a shift of 1:

1. npsf -> more
2. npsf -> orsg
3. npsf -> oqre
4. npsf -> nqre
5. npsf -> more

None of these make much sense, so let's continue with a shift of 2:

1. npsf -> lpre
2. npsf -> mpug
3. npsf -> molto
4. npsf -> kprd
5. npsf -> lnqe
",1,4.0
npsf,more,4,1,"There are only 4! = 24 possible permutations for the 4-letter word, so let's try all of them:

1. npsf -> pnsf
2. npsf -> fspn
3. npsf -> fpns
4. npsf -> nsfp
5. npsf -> spfn
6. npsf -> fnsp

None of these permutations appear to be valid English words, so let's try decrypting the ciphertext using a Caesar cipher with different shifts. Let's start with a shift of 1:

1. npsf -> more
2. npsf -> orsg
3. npsf -> oqre
4. npsf -> nqre
5. npsf -> more

None of these make much sense, so let's continue with a shift of 2:

1. npsf -> lpre
2. npsf -> mpug
3. npsf -> molto
4. npsf -> kprd
5. npsf -> lnqe

None of these appear to be valid English words either. Let's try a shift of 3:

1. npsf -> knots
2. npsf -> jmrq
3. npsf -> imqp
4. npsf -> jmpl
5. npsf -> nort

The word ""knots"" decrypted with a shift of 3 seems to make the most sense. So, the decrypted word is ""knots"".",1,12,"There are only 4! = 24 possible permutations for the 4-letter word, so let's try all of them:

1. npsf -> pnsf
2. npsf -> fspn
3. npsf -> fpns
4. npsf -> nsfp
5. npsf -> spfn
6. npsf -> fnsp

None of these permutations appear to be valid English words, so let's try decrypting the ciphertext using a Caesar cipher with different shifts. Let's start with a shift of 1:

1. npsf -> more
2. npsf -> orsg
3. npsf -> oqre
4. npsf -> nqre
5. npsf -> more

None of these make much sense, so let's continue with a shift of 2:

1. npsf -> lpre
2. npsf -> mpug
3. npsf -> molto
4. npsf -> kprd
5. npsf -> lnqe

None of these appear to be valid English words ei",1,4.0
npsf,more,4,1,"There are only 4! = 24 possible permutations for the 4-letter word, so let's try all of them:

1. npsf -> pnsf
2. npsf -> fspn
3. npsf -> fpns
4. npsf -> nsfp
5. npsf -> spfn
6. npsf -> fnsp

None of these permutations appear to be valid English words, so let's try decrypting the ciphertext using a Caesar cipher with different shifts. Let's start with a shift of 1:

1. npsf -> more
2. npsf -> orsg
3. npsf -> oqre
4. npsf -> nqre
5. npsf -> more

None of these make much sense, so let's continue with a shift of 2:

1. npsf -> lpre
2. npsf -> mpug
3. npsf -> molto
4. npsf -> kprd
5. npsf -> lnqe

None of these appear to be valid English words either. Let's try a shift of 3:

1. npsf -> knots
2. npsf -> jmrq
3. npsf -> imqp
4. npsf -> jmpl
5. npsf -> nort

The word ""knots"" decrypted with a shift of 3 seems to make the most sense. So, the decrypted word is ""knots"".",1,13,"There are only 4! = 24 possible permutations for the 4-letter word, so let's try all of them:

1. npsf -> pnsf
2. npsf -> fspn
3. npsf -> fpns
4. npsf -> nsfp
5. npsf -> spfn
6. npsf -> fnsp

None of these permutations appear to be valid English words, so let's try decrypting the ciphertext using a Caesar cipher with different shifts. Let's start with a shift of 1:

1. npsf -> more
2. npsf -> orsg
3. npsf -> oqre
4. npsf -> nqre
5. npsf -> more

None of these make much sense, so let's continue with a shift of 2:

1. npsf -> lpre
2. npsf -> mpug
3. npsf -> molto
4. npsf -> kprd
5. npsf -> lnqe

None of these appear to be valid English words either. Let's try a shift of 3:

1. npsf -> knots
2.",1,4.0
npsf,more,4,1,"There are only 4! = 24 possible permutations for the 4-letter word, so let's try all of them:

1. npsf -> pnsf
2. npsf -> fspn
3. npsf -> fpns
4. npsf -> nsfp
5. npsf -> spfn
6. npsf -> fnsp

None of these permutations appear to be valid English words, so let's try decrypting the ciphertext using a Caesar cipher with different shifts. Let's start with a shift of 1:

1. npsf -> more
2. npsf -> orsg
3. npsf -> oqre
4. npsf -> nqre
5. npsf -> more

None of these make much sense, so let's continue with a shift of 2:

1. npsf -> lpre
2. npsf -> mpug
3. npsf -> molto
4. npsf -> kprd
5. npsf -> lnqe

None of these appear to be valid English words either. Let's try a shift of 3:

1. npsf -> knots
2. npsf -> jmrq
3. npsf -> imqp
4. npsf -> jmpl
5. npsf -> nort

The word ""knots"" decrypted with a shift of 3 seems to make the most sense. So, the decrypted word is ""knots"".",1,14,"There are only 4! = 24 possible permutations for the 4-letter word, so let's try all of them:

1. npsf -> pnsf
2. npsf -> fspn
3. npsf -> fpns
4. npsf -> nsfp
5. npsf -> spfn
6. npsf -> fnsp

None of these permutations appear to be valid English words, so let's try decrypting the ciphertext using a Caesar cipher with different shifts. Let's start with a shift of 1:

1. npsf -> more
2. npsf -> orsg
3. npsf -> oqre
4. npsf -> nqre
5. npsf -> more

None of these make much sense, so let's continue with a shift of 2:

1. npsf -> lpre
2. npsf -> mpug
3. npsf -> molto
4. npsf -> kprd
5. npsf -> lnqe

None of these appear to be valid English words either. Let's try a shift of 3:

1. npsf -> knots
2. npsf -> jmrq
3. npsf -> imqp
4. npsf -> jmpl
5. n",1,4.0
npsf,more,4,1,"There are only 4! = 24 possible permutations for the 4-letter word, so let's try all of them:

1. npsf -> pnsf
2. npsf -> fspn
3. npsf -> fpns
4. npsf -> nsfp
5. npsf -> spfn
6. npsf -> fnsp

None of these permutations appear to be valid English words, so let's try decrypting the ciphertext using a Caesar cipher with different shifts. Let's start with a shift of 1:

1. npsf -> more
2. npsf -> orsg
3. npsf -> oqre
4. npsf -> nqre
5. npsf -> more

None of these make much sense, so let's continue with a shift of 2:

1. npsf -> lpre
2. npsf -> mpug
3. npsf -> molto
4. npsf -> kprd
5. npsf -> lnqe

None of these appear to be valid English words either. Let's try a shift of 3:

1. npsf -> knots
2. npsf -> jmrq
3. npsf -> imqp
4. npsf -> jmpl
5. npsf -> nort

The word ""knots"" decrypted with a shift of 3 seems to make the most sense. So, the decrypted word is ""knots"".",1,15,"There are only 4! = 24 possible permutations for the 4-letter word, so let's try all of them:

1. npsf -> pnsf
2. npsf -> fspn
3. npsf -> fpns
4. npsf -> nsfp
5. npsf -> spfn
6. npsf -> fnsp

None of these permutations appear to be valid English words, so let's try decrypting the ciphertext using a Caesar cipher with different shifts. Let's start with a shift of 1:

1. npsf -> more
2. npsf -> orsg
3. npsf -> oqre
4. npsf -> nqre
5. npsf -> more

None of these make much sense, so let's continue with a shift of 2:

1. npsf -> lpre
2. npsf -> mpug
3. npsf -> molto
4. npsf -> kprd
5. npsf -> lnqe

None of these appear to be valid English words either. Let's try a shift of 3:

1. npsf -> knots
2. npsf -> jmrq
3. npsf -> imqp
4. npsf -> jmpl
5. npsf -> nort

The word ""knots"" decrypted with a shi",1,4.0
npsf,more,4,1,"There are only 4! = 24 possible permutations for the 4-letter word, so let's try all of them:

1. npsf -> pnsf
2. npsf -> fspn
3. npsf -> fpns
4. npsf -> nsfp
5. npsf -> spfn
6. npsf -> fnsp

None of these permutations appear to be valid English words, so let's try decrypting the ciphertext using a Caesar cipher with different shifts. Let's start with a shift of 1:

1. npsf -> more
2. npsf -> orsg
3. npsf -> oqre
4. npsf -> nqre
5. npsf -> more

None of these make much sense, so let's continue with a shift of 2:

1. npsf -> lpre
2. npsf -> mpug
3. npsf -> molto
4. npsf -> kprd
5. npsf -> lnqe

None of these appear to be valid English words either. Let's try a shift of 3:

1. npsf -> knots
2. npsf -> jmrq
3. npsf -> imqp
4. npsf -> jmpl
5. npsf -> nort

The word ""knots"" decrypted with a shift of 3 seems to make the most sense. So, the decrypted word is ""knots"".",1,16,"There are only 4! = 24 possible permutations for the 4-letter word, so let's try all of them:

1. npsf -> pnsf
2. npsf -> fspn
3. npsf -> fpns
4. npsf -> nsfp
5. npsf -> spfn
6. npsf -> fnsp

None of these permutations appear to be valid English words, so let's try decrypting the ciphertext using a Caesar cipher with different shifts. Let's start with a shift of 1:

1. npsf -> more
2. npsf -> orsg
3. npsf -> oqre
4. npsf -> nqre
5. npsf -> more

None of these make much sense, so let's continue with a shift of 2:

1. npsf -> lpre
2. npsf -> mpug
3. npsf -> molto
4. npsf -> kprd
5. npsf -> lnqe

None of these appear to be valid English words either. Let's try a shift of 3:

1. npsf -> knots
2. npsf -> jmrq
3. npsf -> imqp
4. npsf -> jmpl
5. npsf -> nort

The word ""knots"" decrypted with a shift of 3 seems to make the most sense. So, the decr",1,4.0
npsf,more,4,1,"There are only 4! = 24 possible permutations for the 4-letter word, so let's try all of them:

1. npsf -> pnsf
2. npsf -> fspn
3. npsf -> fpns
4. npsf -> nsfp
5. npsf -> spfn
6. npsf -> fnsp

None of these permutations appear to be valid English words, so let's try decrypting the ciphertext using a Caesar cipher with different shifts. Let's start with a shift of 1:

1. npsf -> more
2. npsf -> orsg
3. npsf -> oqre
4. npsf -> nqre
5. npsf -> more

None of these make much sense, so let's continue with a shift of 2:

1. npsf -> lpre
2. npsf -> mpug
3. npsf -> molto
4. npsf -> kprd
5. npsf -> lnqe

None of these appear to be valid English words either. Let's try a shift of 3:

1. npsf -> knots
2. npsf -> jmrq
3. npsf -> imqp
4. npsf -> jmpl
5. npsf -> nort

The word ""knots"" decrypted with a shift of 3 seems to make the most sense. So, the decrypted word is ""knots"".",1,17,"There are only 4! = 24 possible permutations for the 4-letter word, so let's try all of them:

1. npsf -> pnsf
2. npsf -> fspn
3. npsf -> fpns
4. npsf -> nsfp
5. npsf -> spfn
6. npsf -> fnsp

None of these permutations appear to be valid English words, so let's try decrypting the ciphertext using a Caesar cipher with different shifts. Let's start with a shift of 1:

1. npsf -> more
2. npsf -> orsg
3. npsf -> oqre
4. npsf -> nqre
5. npsf -> more

None of these make much sense, so let's continue with a shift of 2:

1. npsf -> lpre
2. npsf -> mpug
3. npsf -> molto
4. npsf -> kprd
5. npsf -> lnqe

None of these appear to be valid English words either. Let's try a shift of 3:

1. npsf -> knots
2. npsf -> jmrq
3. npsf -> imqp
4. npsf -> jmpl
5. npsf -> nort

The word ""knots"" decrypted with a shift of 3 seems to make the most sense. So, the decrypted word is ""knots"".",1,4.0
npwf,move,4,1,"After trying to unscramble the ciphertext ""npwf"", I cannot form any meaningful English word. Let me now try decrypting it using a Caesar cipher with different shifts:

Shift 1:
npwf -> move

Shift 2:
npwf -> love

Shift 3:
npwf -> knee

Shift 4:
npwf -> meet

Shift 5:
npwf -> need

It seems that shifting the ciphertext by 5 positions decrypts it to the word ""need"".",1,0,"After trying to unscramble the ciphertext ""npwf"", ",0,1.0
npwf,move,4,1,"After trying to unscramble the ciphertext ""npwf"", I cannot form any meaningful English word. Let me now try decrypting it using a Caesar cipher with different shifts:

Shift 1:
npwf -> move

Shift 2:
npwf -> love

Shift 3:
npwf -> knee

Shift 4:
npwf -> meet

Shift 5:
npwf -> need

It seems that shifting the ciphertext by 5 positions decrypts it to the word ""need"".",1,1,"After trying to unscramble the ciphertext ""npwf"", I cannot form any meaningful English word. Let me ",1,1.0
npwf,move,4,1,"After trying to unscramble the ciphertext ""npwf"", I cannot form any meaningful English word. Let me now try decrypting it using a Caesar cipher with different shifts:

Shift 1:
npwf -> move

Shift 2:
npwf -> love

Shift 3:
npwf -> knee

Shift 4:
npwf -> meet

Shift 5:
npwf -> need

It seems that shifting the ciphertext by 5 positions decrypts it to the word ""need"".",1,2,"After trying to unscramble the ciphertext ""npwf"", I cannot form any meaningful English word. Let me now try decrypting it using a Caesar cipher with d",1,1.0
npwf,move,4,1,"After trying to unscramble the ciphertext ""npwf"", I cannot form any meaningful English word. Let me now try decrypting it using a Caesar cipher with different shifts:

Shift 1:
npwf -> move

Shift 2:
npwf -> love

Shift 3:
npwf -> knee

Shift 4:
npwf -> meet

Shift 5:
npwf -> need

It seems that shifting the ciphertext by 5 positions decrypts it to the word ""need"".",1,3,"After trying to unscramble the ciphertext ""npwf"", I cannot form any meaningful English word. Let me now try decrypting it using a Caesar cipher with different shifts:

Shift 1:
npwf -> move

Shift 2:
",1,1.0
npwf,move,4,1,"After trying to unscramble the ciphertext ""npwf"", I cannot form any meaningful English word. Let me now try decrypting it using a Caesar cipher with different shifts:

Shift 1:
npwf -> move

Shift 2:
npwf -> love

Shift 3:
npwf -> knee

Shift 4:
npwf -> meet

Shift 5:
npwf -> need

It seems that shifting the ciphertext by 5 positions decrypts it to the word ""need"".",1,4,"After trying to unscramble the ciphertext ""npwf"", I cannot form any meaningful English word. Let me now try decrypting it using a Caesar cipher with different shifts:

Shift 1:
npwf -> move

Shift 2:
npwf -> love

Shift 3:
npwf -> knee

Shift 4:
npwf",1,1.0
npwf,move,4,1,"After trying to unscramble the ciphertext ""npwf"", I cannot form any meaningful English word. Let me now try decrypting it using a Caesar cipher with different shifts:

Shift 1:
npwf -> move

Shift 2:
npwf -> love

Shift 3:
npwf -> knee

Shift 4:
npwf -> meet

Shift 5:
npwf -> need

It seems that shifting the ciphertext by 5 positions decrypts it to the word ""need"".",1,5,"After trying to unscramble the ciphertext ""npwf"", I cannot form any meaningful English word. Let me now try decrypting it using a Caesar cipher with different shifts:

Shift 1:
npwf -> move

Shift 2:
npwf -> love

Shift 3:
npwf -> knee

Shift 4:
npwf -> meet

Shift 5:
npwf -> need

It seems that shi",1,1.0
npwf,move,4,1,"After trying to unscramble the ciphertext ""npwf"", I cannot form any meaningful English word. Let me now try decrypting it using a Caesar cipher with different shifts:

Shift 1:
npwf -> move

Shift 2:
npwf -> love

Shift 3:
npwf -> knee

Shift 4:
npwf -> meet

Shift 5:
npwf -> need

It seems that shifting the ciphertext by 5 positions decrypts it to the word ""need"".",1,6,"After trying to unscramble the ciphertext ""npwf"", I cannot form any meaningful English word. Let me now try decrypting it using a Caesar cipher with different shifts:

Shift 1:
npwf -> move

Shift 2:
npwf -> love

Shift 3:
npwf -> knee

Shift 4:
npwf -> meet

Shift 5:
npwf -> need

It seems that shifting the ciphertext by 5 positions decrypts it to",1,1.0
npwf,move,4,1,"After trying to unscramble the ciphertext ""npwf"", I cannot form any meaningful English word. Let me now try decrypting it using a Caesar cipher with different shifts:

Shift 1:
npwf -> move

Shift 2:
npwf -> love

Shift 3:
npwf -> knee

Shift 4:
npwf -> meet

Shift 5:
npwf -> need

It seems that shifting the ciphertext by 5 positions decrypts it to the word ""need"".",1,7,"After trying to unscramble the ciphertext ""npwf"", I cannot form any meaningful English word. Let me now try decrypting it using a Caesar cipher with different shifts:

Shift 1:
npwf -> move

Shift 2:
npwf -> love

Shift 3:
npwf -> knee

Shift 4:
npwf -> meet

Shift 5:
npwf -> need

It seems that shifting the ciphertext by 5 positions decrypts it to the word ""need"".",1,1.0
gspn,from,4,1,"The encrypted word ""gspn"" unscrambled is most likely ""pngs"".

Next, I will try to decrypt the ciphertext using Caesar cipher with different shifts:

Shift 1: frqm
Shift 2: eqpl
Shift 3: dpok
Shift 4: cojn
Shift 5: bnim

Based on the results, the decrypted word using a Caesar cipher with a shift of 5 is most likely ""bnim"".",0,0,"The encrypted word ""gspn"" unscrambled is most like",0,1.0
gspn,from,4,1,"The encrypted word ""gspn"" unscrambled is most likely ""pngs"".

Next, I will try to decrypt the ciphertext using Caesar cipher with different shifts:

Shift 1: frqm
Shift 2: eqpl
Shift 3: dpok
Shift 4: cojn
Shift 5: bnim

Based on the results, the decrypted word using a Caesar cipher with a shift of 5 is most likely ""bnim"".",0,1,"The encrypted word ""gspn"" unscrambled is most likely ""pngs"".

Next, I will try to decrypt the cipher",1,1.0
gspn,from,4,1,"The encrypted word ""gspn"" unscrambled is most likely ""pngs"".

Next, I will try to decrypt the ciphertext using Caesar cipher with different shifts:

Shift 1: frqm
Shift 2: eqpl
Shift 3: dpok
Shift 4: cojn
Shift 5: bnim

Based on the results, the decrypted word using a Caesar cipher with a shift of 5 is most likely ""bnim"".",0,2,"The encrypted word ""gspn"" unscrambled is most likely ""pngs"".

Next, I will try to decrypt the ciphertext using Caesar cipher with different shifts:

S",1,1.0
gspn,from,4,1,"The encrypted word ""gspn"" unscrambled is most likely ""pngs"".

Next, I will try to decrypt the ciphertext using Caesar cipher with different shifts:

Shift 1: frqm
Shift 2: eqpl
Shift 3: dpok
Shift 4: cojn
Shift 5: bnim

Based on the results, the decrypted word using a Caesar cipher with a shift of 5 is most likely ""bnim"".",0,3,"The encrypted word ""gspn"" unscrambled is most likely ""pngs"".

Next, I will try to decrypt the ciphertext using Caesar cipher with different shifts:

Shift 1: frqm
Shift 2: eqpl
Shift 3: dpok
Shift 4: ",1,1.0
gspn,from,4,1,"The encrypted word ""gspn"" unscrambled is most likely ""pngs"".

Next, I will try to decrypt the ciphertext using Caesar cipher with different shifts:

Shift 1: frqm
Shift 2: eqpl
Shift 3: dpok
Shift 4: cojn
Shift 5: bnim

Based on the results, the decrypted word using a Caesar cipher with a shift of 5 is most likely ""bnim"".",0,4,"The encrypted word ""gspn"" unscrambled is most likely ""pngs"".

Next, I will try to decrypt the ciphertext using Caesar cipher with different shifts:

Shift 1: frqm
Shift 2: eqpl
Shift 3: dpok
Shift 4: cojn
Shift 5: bnim

Based on the results, the decr",1,1.0
gspn,from,4,1,"The encrypted word ""gspn"" unscrambled is most likely ""pngs"".

Next, I will try to decrypt the ciphertext using Caesar cipher with different shifts:

Shift 1: frqm
Shift 2: eqpl
Shift 3: dpok
Shift 4: cojn
Shift 5: bnim

Based on the results, the decrypted word using a Caesar cipher with a shift of 5 is most likely ""bnim"".",0,5,"The encrypted word ""gspn"" unscrambled is most likely ""pngs"".

Next, I will try to decrypt the ciphertext using Caesar cipher with different shifts:

Shift 1: frqm
Shift 2: eqpl
Shift 3: dpok
Shift 4: cojn
Shift 5: bnim

Based on the results, the decrypted word using a Caesar cipher with a shift of 5",1,1.0
gspn,from,4,1,"The encrypted word ""gspn"" unscrambled is most likely ""pngs"".

Next, I will try to decrypt the ciphertext using Caesar cipher with different shifts:

Shift 1: frqm
Shift 2: eqpl
Shift 3: dpok
Shift 4: cojn
Shift 5: bnim

Based on the results, the decrypted word using a Caesar cipher with a shift of 5 is most likely ""bnim"".",0,6,"The encrypted word ""gspn"" unscrambled is most likely ""pngs"".

Next, I will try to decrypt the ciphertext using Caesar cipher with different shifts:

Shift 1: frqm
Shift 2: eqpl
Shift 3: dpok
Shift 4: cojn
Shift 5: bnim

Based on the results, the decrypted word using a Caesar cipher with a shift of 5 is most likely ""bnim"".",1,1.0
oqxg,move,4,2,"The possible English word unscrambled is ""gqxo."" Let's see if it decrypts to any meaningful English words using the Caesar cipher method with different shifts:

Shift 1:
gqxo -> fpwn

Shift 2:
gqxo -> epvm

Shift 3:
gqxo -> doul

Shift 4:
gqxo -> cntk

Shift 5:
gqxo -> bmsj

None of these attempts decrypt to a meaningful English word, so it seems the ciphertext is not a Caesar cipher.",0,0,"The possible English word unscrambled is ""gqxo."" L",0,1.0
oqxg,move,4,2,"The possible English word unscrambled is ""gqxo."" Let's see if it decrypts to any meaningful English words using the Caesar cipher method with different shifts:

Shift 1:
gqxo -> fpwn

Shift 2:
gqxo -> epvm

Shift 3:
gqxo -> doul

Shift 4:
gqxo -> cntk

Shift 5:
gqxo -> bmsj

None of these attempts decrypt to a meaningful English word, so it seems the ciphertext is not a Caesar cipher.",0,1,"The possible English word unscrambled is ""gqxo."" Let's see if it decrypts to any meaningful English ",1,1.0
oqxg,move,4,2,"The possible English word unscrambled is ""gqxo."" Let's see if it decrypts to any meaningful English words using the Caesar cipher method with different shifts:

Shift 1:
gqxo -> fpwn

Shift 2:
gqxo -> epvm

Shift 3:
gqxo -> doul

Shift 4:
gqxo -> cntk

Shift 5:
gqxo -> bmsj

None of these attempts decrypt to a meaningful English word, so it seems the ciphertext is not a Caesar cipher.",0,2,"The possible English word unscrambled is ""gqxo."" Let's see if it decrypts to any meaningful English words using the Caesar cipher method with differen",1,1.0
oqxg,move,4,2,"The possible English word unscrambled is ""gqxo."" Let's see if it decrypts to any meaningful English words using the Caesar cipher method with different shifts:

Shift 1:
gqxo -> fpwn

Shift 2:
gqxo -> epvm

Shift 3:
gqxo -> doul

Shift 4:
gqxo -> cntk

Shift 5:
gqxo -> bmsj

None of these attempts decrypt to a meaningful English word, so it seems the ciphertext is not a Caesar cipher.",0,3,"The possible English word unscrambled is ""gqxo."" Let's see if it decrypts to any meaningful English words using the Caesar cipher method with different shifts:

Shift 1:
gqxo -> fpwn

Shift 2:
gqxo ->",1,1.0
oqxg,move,4,2,"The possible English word unscrambled is ""gqxo."" Let's see if it decrypts to any meaningful English words using the Caesar cipher method with different shifts:

Shift 1:
gqxo -> fpwn

Shift 2:
gqxo -> epvm

Shift 3:
gqxo -> doul

Shift 4:
gqxo -> cntk

Shift 5:
gqxo -> bmsj

None of these attempts decrypt to a meaningful English word, so it seems the ciphertext is not a Caesar cipher.",0,4,"The possible English word unscrambled is ""gqxo."" Let's see if it decrypts to any meaningful English words using the Caesar cipher method with different shifts:

Shift 1:
gqxo -> fpwn

Shift 2:
gqxo -> epvm

Shift 3:
gqxo -> doul

Shift 4:
gqxo -> cnt",1,1.0
oqxg,move,4,2,"The possible English word unscrambled is ""gqxo."" Let's see if it decrypts to any meaningful English words using the Caesar cipher method with different shifts:

Shift 1:
gqxo -> fpwn

Shift 2:
gqxo -> epvm

Shift 3:
gqxo -> doul

Shift 4:
gqxo -> cntk

Shift 5:
gqxo -> bmsj

None of these attempts decrypt to a meaningful English word, so it seems the ciphertext is not a Caesar cipher.",0,5,"The possible English word unscrambled is ""gqxo."" Let's see if it decrypts to any meaningful English words using the Caesar cipher method with different shifts:

Shift 1:
gqxo -> fpwn

Shift 2:
gqxo -> epvm

Shift 3:
gqxo -> doul

Shift 4:
gqxo -> cntk

Shift 5:
gqxo -> bmsj

None of these attempts d",1,1.0
oqxg,move,4,2,"The possible English word unscrambled is ""gqxo."" Let's see if it decrypts to any meaningful English words using the Caesar cipher method with different shifts:

Shift 1:
gqxo -> fpwn

Shift 2:
gqxo -> epvm

Shift 3:
gqxo -> doul

Shift 4:
gqxo -> cntk

Shift 5:
gqxo -> bmsj

None of these attempts decrypt to a meaningful English word, so it seems the ciphertext is not a Caesar cipher.",0,6,"The possible English word unscrambled is ""gqxo."" Let's see if it decrypts to any meaningful English words using the Caesar cipher method with different shifts:

Shift 1:
gqxo -> fpwn

Shift 2:
gqxo -> epvm

Shift 3:
gqxo -> doul

Shift 4:
gqxo -> cntk

Shift 5:
gqxo -> bmsj

None of these attempts decrypt to a meaningful English word, so it seems t",1,1.0
oqxg,move,4,2,"The possible English word unscrambled is ""gqxo."" Let's see if it decrypts to any meaningful English words using the Caesar cipher method with different shifts:

Shift 1:
gqxo -> fpwn

Shift 2:
gqxo -> epvm

Shift 3:
gqxo -> doul

Shift 4:
gqxo -> cntk

Shift 5:
gqxo -> bmsj

None of these attempts decrypt to a meaningful English word, so it seems the ciphertext is not a Caesar cipher.",0,7,"The possible English word unscrambled is ""gqxo."" Let's see if it decrypts to any meaningful English words using the Caesar cipher method with different shifts:

Shift 1:
gqxo -> fpwn

Shift 2:
gqxo -> epvm

Shift 3:
gqxo -> doul

Shift 4:
gqxo -> cntk

Shift 5:
gqxo -> bmsj

None of these attempts decrypt to a meaningful English word, so it seems the ciphertext is not a Caesar cipher.",1,1.0
ykvj,with,4,2,"After attempting to unscramble the ciphertext ""ykvj"", I was unable to find any meaningful English word. Next, I will try decrypting it using a Caesar cipher with different shifts.

Shift 1:
y -> x
k -> j
v -> u
j -> i

Shift 2:
y -> w
k -> i
v -> t
j -> h

Shift 3:
y -> v
k -> h
v -> s
j -> g

Shift 4:
y -> u
k -> g
v -> r
j -> f

Shift 5:
y -> t
k -> f
v -> q
j -> e

By trying different shifts for the Caesar cipher decryption, none of the results form a meaningful English word. Therefore, it seems that the ciphertext ""ykvj"" does not represent a single English word.",1,0,"After attempting to unscramble the ciphertext ""ykv",0,2.0
ykvj,with,4,2,"After attempting to unscramble the ciphertext ""ykvj"", I was unable to find any meaningful English word. Next, I will try decrypting it using a Caesar cipher with different shifts.

Shift 1:
y -> x
k -> j
v -> u
j -> i

Shift 2:
y -> w
k -> i
v -> t
j -> h

Shift 3:
y -> v
k -> h
v -> s
j -> g

Shift 4:
y -> u
k -> g
v -> r
j -> f

Shift 5:
y -> t
k -> f
v -> q
j -> e

By trying different shifts for the Caesar cipher decryption, none of the results form a meaningful English word. Therefore, it seems that the ciphertext ""ykvj"" does not represent a single English word.",1,1,"After attempting to unscramble the ciphertext ""ykvj"", I was unable to find any meaningful English wo",0,2.0
ykvj,with,4,2,"After attempting to unscramble the ciphertext ""ykvj"", I was unable to find any meaningful English word. Next, I will try decrypting it using a Caesar cipher with different shifts.

Shift 1:
y -> x
k -> j
v -> u
j -> i

Shift 2:
y -> w
k -> i
v -> t
j -> h

Shift 3:
y -> v
k -> h
v -> s
j -> g

Shift 4:
y -> u
k -> g
v -> r
j -> f

Shift 5:
y -> t
k -> f
v -> q
j -> e

By trying different shifts for the Caesar cipher decryption, none of the results form a meaningful English word. Therefore, it seems that the ciphertext ""ykvj"" does not represent a single English word.",1,2,"After attempting to unscramble the ciphertext ""ykvj"", I was unable to find any meaningful English word. Next, I will try decrypting it using a Caesar ",1,2.0
ykvj,with,4,2,"After attempting to unscramble the ciphertext ""ykvj"", I was unable to find any meaningful English word. Next, I will try decrypting it using a Caesar cipher with different shifts.

Shift 1:
y -> x
k -> j
v -> u
j -> i

Shift 2:
y -> w
k -> i
v -> t
j -> h

Shift 3:
y -> v
k -> h
v -> s
j -> g

Shift 4:
y -> u
k -> g
v -> r
j -> f

Shift 5:
y -> t
k -> f
v -> q
j -> e

By trying different shifts for the Caesar cipher decryption, none of the results form a meaningful English word. Therefore, it seems that the ciphertext ""ykvj"" does not represent a single English word.",1,3,"After attempting to unscramble the ciphertext ""ykvj"", I was unable to find any meaningful English word. Next, I will try decrypting it using a Caesar cipher with different shifts.

Shift 1:
y -> x
k -",1,2.0
ykvj,with,4,2,"After attempting to unscramble the ciphertext ""ykvj"", I was unable to find any meaningful English word. Next, I will try decrypting it using a Caesar cipher with different shifts.

Shift 1:
y -> x
k -> j
v -> u
j -> i

Shift 2:
y -> w
k -> i
v -> t
j -> h

Shift 3:
y -> v
k -> h
v -> s
j -> g

Shift 4:
y -> u
k -> g
v -> r
j -> f

Shift 5:
y -> t
k -> f
v -> q
j -> e

By trying different shifts for the Caesar cipher decryption, none of the results form a meaningful English word. Therefore, it seems that the ciphertext ""ykvj"" does not represent a single English word.",1,4,"After attempting to unscramble the ciphertext ""ykvj"", I was unable to find any meaningful English word. Next, I will try decrypting it using a Caesar cipher with different shifts.

Shift 1:
y -> x
k -> j
v -> u
j -> i

Shift 2:
y -> w
k -> i
v -> t
j",1,2.0
ykvj,with,4,2,"After attempting to unscramble the ciphertext ""ykvj"", I was unable to find any meaningful English word. Next, I will try decrypting it using a Caesar cipher with different shifts.

Shift 1:
y -> x
k -> j
v -> u
j -> i

Shift 2:
y -> w
k -> i
v -> t
j -> h

Shift 3:
y -> v
k -> h
v -> s
j -> g

Shift 4:
y -> u
k -> g
v -> r
j -> f

Shift 5:
y -> t
k -> f
v -> q
j -> e

By trying different shifts for the Caesar cipher decryption, none of the results form a meaningful English word. Therefore, it seems that the ciphertext ""ykvj"" does not represent a single English word.",1,5,"After attempting to unscramble the ciphertext ""ykvj"", I was unable to find any meaningful English word. Next, I will try decrypting it using a Caesar cipher with different shifts.

Shift 1:
y -> x
k -> j
v -> u
j -> i

Shift 2:
y -> w
k -> i
v -> t
j -> h

Shift 3:
y -> v
k -> h
v -> s
j -> g

Shift",1,2.0
ykvj,with,4,2,"After attempting to unscramble the ciphertext ""ykvj"", I was unable to find any meaningful English word. Next, I will try decrypting it using a Caesar cipher with different shifts.

Shift 1:
y -> x
k -> j
v -> u
j -> i

Shift 2:
y -> w
k -> i
v -> t
j -> h

Shift 3:
y -> v
k -> h
v -> s
j -> g

Shift 4:
y -> u
k -> g
v -> r
j -> f

Shift 5:
y -> t
k -> f
v -> q
j -> e

By trying different shifts for the Caesar cipher decryption, none of the results form a meaningful English word. Therefore, it seems that the ciphertext ""ykvj"" does not represent a single English word.",1,6,"After attempting to unscramble the ciphertext ""ykvj"", I was unable to find any meaningful English word. Next, I will try decrypting it using a Caesar cipher with different shifts.

Shift 1:
y -> x
k -> j
v -> u
j -> i

Shift 2:
y -> w
k -> i
v -> t
j -> h

Shift 3:
y -> v
k -> h
v -> s
j -> g

Shift 4:
y -> u
k -> g
v -> r
j -> f

Shift 5:
y -> t
k",1,2.0
ykvj,with,4,2,"After attempting to unscramble the ciphertext ""ykvj"", I was unable to find any meaningful English word. Next, I will try decrypting it using a Caesar cipher with different shifts.

Shift 1:
y -> x
k -> j
v -> u
j -> i

Shift 2:
y -> w
k -> i
v -> t
j -> h

Shift 3:
y -> v
k -> h
v -> s
j -> g

Shift 4:
y -> u
k -> g
v -> r
j -> f

Shift 5:
y -> t
k -> f
v -> q
j -> e

By trying different shifts for the Caesar cipher decryption, none of the results form a meaningful English word. Therefore, it seems that the ciphertext ""ykvj"" does not represent a single English word.",1,7,"After attempting to unscramble the ciphertext ""ykvj"", I was unable to find any meaningful English word. Next, I will try decrypting it using a Caesar cipher with different shifts.

Shift 1:
y -> x
k -> j
v -> u
j -> i

Shift 2:
y -> w
k -> i
v -> t
j -> h

Shift 3:
y -> v
k -> h
v -> s
j -> g

Shift 4:
y -> u
k -> g
v -> r
j -> f

Shift 5:
y -> t
k -> f
v -> q
j -> e

By trying different shifts fo",1,2.0
ykvj,with,4,2,"After attempting to unscramble the ciphertext ""ykvj"", I was unable to find any meaningful English word. Next, I will try decrypting it using a Caesar cipher with different shifts.

Shift 1:
y -> x
k -> j
v -> u
j -> i

Shift 2:
y -> w
k -> i
v -> t
j -> h

Shift 3:
y -> v
k -> h
v -> s
j -> g

Shift 4:
y -> u
k -> g
v -> r
j -> f

Shift 5:
y -> t
k -> f
v -> q
j -> e

By trying different shifts for the Caesar cipher decryption, none of the results form a meaningful English word. Therefore, it seems that the ciphertext ""ykvj"" does not represent a single English word.",1,8,"After attempting to unscramble the ciphertext ""ykvj"", I was unable to find any meaningful English word. Next, I will try decrypting it using a Caesar cipher with different shifts.

Shift 1:
y -> x
k -> j
v -> u
j -> i

Shift 2:
y -> w
k -> i
v -> t
j -> h

Shift 3:
y -> v
k -> h
v -> s
j -> g

Shift 4:
y -> u
k -> g
v -> r
j -> f

Shift 5:
y -> t
k -> f
v -> q
j -> e

By trying different shifts for the Caesar cipher decryption, none of the result",1,2.0
ykvj,with,4,2,"After attempting to unscramble the ciphertext ""ykvj"", I was unable to find any meaningful English word. Next, I will try decrypting it using a Caesar cipher with different shifts.

Shift 1:
y -> x
k -> j
v -> u
j -> i

Shift 2:
y -> w
k -> i
v -> t
j -> h

Shift 3:
y -> v
k -> h
v -> s
j -> g

Shift 4:
y -> u
k -> g
v -> r
j -> f

Shift 5:
y -> t
k -> f
v -> q
j -> e

By trying different shifts for the Caesar cipher decryption, none of the results form a meaningful English word. Therefore, it seems that the ciphertext ""ykvj"" does not represent a single English word.",1,9,"After attempting to unscramble the ciphertext ""ykvj"", I was unable to find any meaningful English word. Next, I will try decrypting it using a Caesar cipher with different shifts.

Shift 1:
y -> x
k -> j
v -> u
j -> i

Shift 2:
y -> w
k -> i
v -> t
j -> h

Shift 3:
y -> v
k -> h
v -> s
j -> g

Shift 4:
y -> u
k -> g
v -> r
j -> f

Shift 5:
y -> t
k -> f
v -> q
j -> e

By trying different shifts for the Caesar cipher decryption, none of the results form a meaningful English word. Therefore, it se",1,2.0
ykvj,with,4,2,"After attempting to unscramble the ciphertext ""ykvj"", I was unable to find any meaningful English word. Next, I will try decrypting it using a Caesar cipher with different shifts.

Shift 1:
y -> x
k -> j
v -> u
j -> i

Shift 2:
y -> w
k -> i
v -> t
j -> h

Shift 3:
y -> v
k -> h
v -> s
j -> g

Shift 4:
y -> u
k -> g
v -> r
j -> f

Shift 5:
y -> t
k -> f
v -> q
j -> e

By trying different shifts for the Caesar cipher decryption, none of the results form a meaningful English word. Therefore, it seems that the ciphertext ""ykvj"" does not represent a single English word.",1,10,"After attempting to unscramble the ciphertext ""ykvj"", I was unable to find any meaningful English word. Next, I will try decrypting it using a Caesar cipher with different shifts.

Shift 1:
y -> x
k -> j
v -> u
j -> i

Shift 2:
y -> w
k -> i
v -> t
j -> h

Shift 3:
y -> v
k -> h
v -> s
j -> g

Shift 4:
y -> u
k -> g
v -> r
j -> f

Shift 5:
y -> t
k -> f
v -> q
j -> e

By trying different shifts for the Caesar cipher decryption, none of the results form a meaningful English word. Therefore, it seems that the ciphertext ""ykvj"" does not represent ",1,2.0
ykvj,with,4,2,"After attempting to unscramble the ciphertext ""ykvj"", I was unable to find any meaningful English word. Next, I will try decrypting it using a Caesar cipher with different shifts.

Shift 1:
y -> x
k -> j
v -> u
j -> i

Shift 2:
y -> w
k -> i
v -> t
j -> h

Shift 3:
y -> v
k -> h
v -> s
j -> g

Shift 4:
y -> u
k -> g
v -> r
j -> f

Shift 5:
y -> t
k -> f
v -> q
j -> e

By trying different shifts for the Caesar cipher decryption, none of the results form a meaningful English word. Therefore, it seems that the ciphertext ""ykvj"" does not represent a single English word.",1,11,"After attempting to unscramble the ciphertext ""ykvj"", I was unable to find any meaningful English word. Next, I will try decrypting it using a Caesar cipher with different shifts.

Shift 1:
y -> x
k -> j
v -> u
j -> i

Shift 2:
y -> w
k -> i
v -> t
j -> h

Shift 3:
y -> v
k -> h
v -> s
j -> g

Shift 4:
y -> u
k -> g
v -> r
j -> f

Shift 5:
y -> t
k -> f
v -> q
j -> e

By trying different shifts for the Caesar cipher decryption, none of the results form a meaningful English word. Therefore, it seems that the ciphertext ""ykvj"" does not represent a single English word.",1,2.0
ncem,lack,4,2,"After trying all possible combinations, I couldn't unscramble the word. Now, I'll try to decrypt the ciphertext using a Caesar cipher with different shifts.

Shift 1:
ncem -> mdbl

Shift 2:
ncem -> lcak

Shift 3:
ncem -> kbzj

Shift 4:
ncem -> jayi

Shift 5:
ncem -> izxh

None of these shifts produced a recognizable English word. Let's try a few more.

Shift 6:
ncem -> hywg

Shift 7:
ncem -> gxvf

Shift 8:
ncem -> fwue

Shift 9:
ncem -> evtb

Shift 10:
ncem -> dust

It looks like the shift of 10 gives us a recognizable English word ""dust"". So, the ciphertext ""ncem"" decrypts to ""dust"" when using a Caesar cipher with a shift of 10.",0,0,"After trying all possible combinations, I couldn't",0,1.0
ncem,lack,4,2,"After trying all possible combinations, I couldn't unscramble the word. Now, I'll try to decrypt the ciphertext using a Caesar cipher with different shifts.

Shift 1:
ncem -> mdbl

Shift 2:
ncem -> lcak

Shift 3:
ncem -> kbzj

Shift 4:
ncem -> jayi

Shift 5:
ncem -> izxh

None of these shifts produced a recognizable English word. Let's try a few more.

Shift 6:
ncem -> hywg

Shift 7:
ncem -> gxvf

Shift 8:
ncem -> fwue

Shift 9:
ncem -> evtb

Shift 10:
ncem -> dust

It looks like the shift of 10 gives us a recognizable English word ""dust"". So, the ciphertext ""ncem"" decrypts to ""dust"" when using a Caesar cipher with a shift of 10.",0,1,"After trying all possible combinations, I couldn't unscramble the word. Now, I'll try to decrypt the",1,1.0
ncem,lack,4,2,"After trying all possible combinations, I couldn't unscramble the word. Now, I'll try to decrypt the ciphertext using a Caesar cipher with different shifts.

Shift 1:
ncem -> mdbl

Shift 2:
ncem -> lcak

Shift 3:
ncem -> kbzj

Shift 4:
ncem -> jayi

Shift 5:
ncem -> izxh

None of these shifts produced a recognizable English word. Let's try a few more.

Shift 6:
ncem -> hywg

Shift 7:
ncem -> gxvf

Shift 8:
ncem -> fwue

Shift 9:
ncem -> evtb

Shift 10:
ncem -> dust

It looks like the shift of 10 gives us a recognizable English word ""dust"". So, the ciphertext ""ncem"" decrypts to ""dust"" when using a Caesar cipher with a shift of 10.",0,2,"After trying all possible combinations, I couldn't unscramble the word. Now, I'll try to decrypt the ciphertext using a Caesar cipher with different s",1,1.0
ncem,lack,4,2,"After trying all possible combinations, I couldn't unscramble the word. Now, I'll try to decrypt the ciphertext using a Caesar cipher with different shifts.

Shift 1:
ncem -> mdbl

Shift 2:
ncem -> lcak

Shift 3:
ncem -> kbzj

Shift 4:
ncem -> jayi

Shift 5:
ncem -> izxh

None of these shifts produced a recognizable English word. Let's try a few more.

Shift 6:
ncem -> hywg

Shift 7:
ncem -> gxvf

Shift 8:
ncem -> fwue

Shift 9:
ncem -> evtb

Shift 10:
ncem -> dust

It looks like the shift of 10 gives us a recognizable English word ""dust"". So, the ciphertext ""ncem"" decrypts to ""dust"" when using a Caesar cipher with a shift of 10.",0,3,"After trying all possible combinations, I couldn't unscramble the word. Now, I'll try to decrypt the ciphertext using a Caesar cipher with different shifts.

Shift 1:
ncem -> mdbl

Shift 2:
ncem -> lc",1,1.0
ncem,lack,4,2,"After trying all possible combinations, I couldn't unscramble the word. Now, I'll try to decrypt the ciphertext using a Caesar cipher with different shifts.

Shift 1:
ncem -> mdbl

Shift 2:
ncem -> lcak

Shift 3:
ncem -> kbzj

Shift 4:
ncem -> jayi

Shift 5:
ncem -> izxh

None of these shifts produced a recognizable English word. Let's try a few more.

Shift 6:
ncem -> hywg

Shift 7:
ncem -> gxvf

Shift 8:
ncem -> fwue

Shift 9:
ncem -> evtb

Shift 10:
ncem -> dust

It looks like the shift of 10 gives us a recognizable English word ""dust"". So, the ciphertext ""ncem"" decrypts to ""dust"" when using a Caesar cipher with a shift of 10.",0,4,"After trying all possible combinations, I couldn't unscramble the word. Now, I'll try to decrypt the ciphertext using a Caesar cipher with different shifts.

Shift 1:
ncem -> mdbl

Shift 2:
ncem -> lcak

Shift 3:
ncem -> kbzj

Shift 4:
ncem -> jayi

",1,1.0
ncem,lack,4,2,"After trying all possible combinations, I couldn't unscramble the word. Now, I'll try to decrypt the ciphertext using a Caesar cipher with different shifts.

Shift 1:
ncem -> mdbl

Shift 2:
ncem -> lcak

Shift 3:
ncem -> kbzj

Shift 4:
ncem -> jayi

Shift 5:
ncem -> izxh

None of these shifts produced a recognizable English word. Let's try a few more.

Shift 6:
ncem -> hywg

Shift 7:
ncem -> gxvf

Shift 8:
ncem -> fwue

Shift 9:
ncem -> evtb

Shift 10:
ncem -> dust

It looks like the shift of 10 gives us a recognizable English word ""dust"". So, the ciphertext ""ncem"" decrypts to ""dust"" when using a Caesar cipher with a shift of 10.",0,5,"After trying all possible combinations, I couldn't unscramble the word. Now, I'll try to decrypt the ciphertext using a Caesar cipher with different shifts.

Shift 1:
ncem -> mdbl

Shift 2:
ncem -> lcak

Shift 3:
ncem -> kbzj

Shift 4:
ncem -> jayi

Shift 5:
ncem -> izxh

None of these shifts produc",1,1.0
ncem,lack,4,2,"After trying all possible combinations, I couldn't unscramble the word. Now, I'll try to decrypt the ciphertext using a Caesar cipher with different shifts.

Shift 1:
ncem -> mdbl

Shift 2:
ncem -> lcak

Shift 3:
ncem -> kbzj

Shift 4:
ncem -> jayi

Shift 5:
ncem -> izxh

None of these shifts produced a recognizable English word. Let's try a few more.

Shift 6:
ncem -> hywg

Shift 7:
ncem -> gxvf

Shift 8:
ncem -> fwue

Shift 9:
ncem -> evtb

Shift 10:
ncem -> dust

It looks like the shift of 10 gives us a recognizable English word ""dust"". So, the ciphertext ""ncem"" decrypts to ""dust"" when using a Caesar cipher with a shift of 10.",0,6,"After trying all possible combinations, I couldn't unscramble the word. Now, I'll try to decrypt the ciphertext using a Caesar cipher with different shifts.

Shift 1:
ncem -> mdbl

Shift 2:
ncem -> lcak

Shift 3:
ncem -> kbzj

Shift 4:
ncem -> jayi

Shift 5:
ncem -> izxh

None of these shifts produced a recognizable English word. Let's try a few mo",1,1.0
ncem,lack,4,2,"After trying all possible combinations, I couldn't unscramble the word. Now, I'll try to decrypt the ciphertext using a Caesar cipher with different shifts.

Shift 1:
ncem -> mdbl

Shift 2:
ncem -> lcak

Shift 3:
ncem -> kbzj

Shift 4:
ncem -> jayi

Shift 5:
ncem -> izxh

None of these shifts produced a recognizable English word. Let's try a few more.

Shift 6:
ncem -> hywg

Shift 7:
ncem -> gxvf

Shift 8:
ncem -> fwue

Shift 9:
ncem -> evtb

Shift 10:
ncem -> dust

It looks like the shift of 10 gives us a recognizable English word ""dust"". So, the ciphertext ""ncem"" decrypts to ""dust"" when using a Caesar cipher with a shift of 10.",0,7,"After trying all possible combinations, I couldn't unscramble the word. Now, I'll try to decrypt the ciphertext using a Caesar cipher with different shifts.

Shift 1:
ncem -> mdbl

Shift 2:
ncem -> lcak

Shift 3:
ncem -> kbzj

Shift 4:
ncem -> jayi

Shift 5:
ncem -> izxh

None of these shifts produced a recognizable English word. Let's try a few more.

Shift 6:
ncem -> hywg

Shift 7:
ncem -> gxvf
",1,1.0
ncem,lack,4,2,"After trying all possible combinations, I couldn't unscramble the word. Now, I'll try to decrypt the ciphertext using a Caesar cipher with different shifts.

Shift 1:
ncem -> mdbl

Shift 2:
ncem -> lcak

Shift 3:
ncem -> kbzj

Shift 4:
ncem -> jayi

Shift 5:
ncem -> izxh

None of these shifts produced a recognizable English word. Let's try a few more.

Shift 6:
ncem -> hywg

Shift 7:
ncem -> gxvf

Shift 8:
ncem -> fwue

Shift 9:
ncem -> evtb

Shift 10:
ncem -> dust

It looks like the shift of 10 gives us a recognizable English word ""dust"". So, the ciphertext ""ncem"" decrypts to ""dust"" when using a Caesar cipher with a shift of 10.",0,8,"After trying all possible combinations, I couldn't unscramble the word. Now, I'll try to decrypt the ciphertext using a Caesar cipher with different shifts.

Shift 1:
ncem -> mdbl

Shift 2:
ncem -> lcak

Shift 3:
ncem -> kbzj

Shift 4:
ncem -> jayi

Shift 5:
ncem -> izxh

None of these shifts produced a recognizable English word. Let's try a few more.

Shift 6:
ncem -> hywg

Shift 7:
ncem -> gxvf

Shift 8:
ncem -> fwue

Shift 9:
ncem -> evtb

Shi",1,1.0
ncem,lack,4,2,"After trying all possible combinations, I couldn't unscramble the word. Now, I'll try to decrypt the ciphertext using a Caesar cipher with different shifts.

Shift 1:
ncem -> mdbl

Shift 2:
ncem -> lcak

Shift 3:
ncem -> kbzj

Shift 4:
ncem -> jayi

Shift 5:
ncem -> izxh

None of these shifts produced a recognizable English word. Let's try a few more.

Shift 6:
ncem -> hywg

Shift 7:
ncem -> gxvf

Shift 8:
ncem -> fwue

Shift 9:
ncem -> evtb

Shift 10:
ncem -> dust

It looks like the shift of 10 gives us a recognizable English word ""dust"". So, the ciphertext ""ncem"" decrypts to ""dust"" when using a Caesar cipher with a shift of 10.",0,9,"After trying all possible combinations, I couldn't unscramble the word. Now, I'll try to decrypt the ciphertext using a Caesar cipher with different shifts.

Shift 1:
ncem -> mdbl

Shift 2:
ncem -> lcak

Shift 3:
ncem -> kbzj

Shift 4:
ncem -> jayi

Shift 5:
ncem -> izxh

None of these shifts produced a recognizable English word. Let's try a few more.

Shift 6:
ncem -> hywg

Shift 7:
ncem -> gxvf

Shift 8:
ncem -> fwue

Shift 9:
ncem -> evtb

Shift 10:
ncem -> dust

It looks like the shift of 10",1,1.0
ncem,lack,4,2,"After trying all possible combinations, I couldn't unscramble the word. Now, I'll try to decrypt the ciphertext using a Caesar cipher with different shifts.

Shift 1:
ncem -> mdbl

Shift 2:
ncem -> lcak

Shift 3:
ncem -> kbzj

Shift 4:
ncem -> jayi

Shift 5:
ncem -> izxh

None of these shifts produced a recognizable English word. Let's try a few more.

Shift 6:
ncem -> hywg

Shift 7:
ncem -> gxvf

Shift 8:
ncem -> fwue

Shift 9:
ncem -> evtb

Shift 10:
ncem -> dust

It looks like the shift of 10 gives us a recognizable English word ""dust"". So, the ciphertext ""ncem"" decrypts to ""dust"" when using a Caesar cipher with a shift of 10.",0,10,"After trying all possible combinations, I couldn't unscramble the word. Now, I'll try to decrypt the ciphertext using a Caesar cipher with different shifts.

Shift 1:
ncem -> mdbl

Shift 2:
ncem -> lcak

Shift 3:
ncem -> kbzj

Shift 4:
ncem -> jayi

Shift 5:
ncem -> izxh

None of these shifts produced a recognizable English word. Let's try a few more.

Shift 6:
ncem -> hywg

Shift 7:
ncem -> gxvf

Shift 8:
ncem -> fwue

Shift 9:
ncem -> evtb

Shift 10:
ncem -> dust

It looks like the shift of 10 gives us a recognizable English word ""dust"". So, ",1,1.0
ncem,lack,4,2,"After trying all possible combinations, I couldn't unscramble the word. Now, I'll try to decrypt the ciphertext using a Caesar cipher with different shifts.

Shift 1:
ncem -> mdbl

Shift 2:
ncem -> lcak

Shift 3:
ncem -> kbzj

Shift 4:
ncem -> jayi

Shift 5:
ncem -> izxh

None of these shifts produced a recognizable English word. Let's try a few more.

Shift 6:
ncem -> hywg

Shift 7:
ncem -> gxvf

Shift 8:
ncem -> fwue

Shift 9:
ncem -> evtb

Shift 10:
ncem -> dust

It looks like the shift of 10 gives us a recognizable English word ""dust"". So, the ciphertext ""ncem"" decrypts to ""dust"" when using a Caesar cipher with a shift of 10.",0,11,"After trying all possible combinations, I couldn't unscramble the word. Now, I'll try to decrypt the ciphertext using a Caesar cipher with different shifts.

Shift 1:
ncem -> mdbl

Shift 2:
ncem -> lcak

Shift 3:
ncem -> kbzj

Shift 4:
ncem -> jayi

Shift 5:
ncem -> izxh

None of these shifts produced a recognizable English word. Let's try a few more.

Shift 6:
ncem -> hywg

Shift 7:
ncem -> gxvf

Shift 8:
ncem -> fwue

Shift 9:
ncem -> evtb

Shift 10:
ncem -> dust

It looks like the shift of 10 gives us a recognizable English word ""dust"". So, the ciphertext ""ncem"" decrypts to ""dust"" when usin",1,1.0
ncem,lack,4,2,"After trying all possible combinations, I couldn't unscramble the word. Now, I'll try to decrypt the ciphertext using a Caesar cipher with different shifts.

Shift 1:
ncem -> mdbl

Shift 2:
ncem -> lcak

Shift 3:
ncem -> kbzj

Shift 4:
ncem -> jayi

Shift 5:
ncem -> izxh

None of these shifts produced a recognizable English word. Let's try a few more.

Shift 6:
ncem -> hywg

Shift 7:
ncem -> gxvf

Shift 8:
ncem -> fwue

Shift 9:
ncem -> evtb

Shift 10:
ncem -> dust

It looks like the shift of 10 gives us a recognizable English word ""dust"". So, the ciphertext ""ncem"" decrypts to ""dust"" when using a Caesar cipher with a shift of 10.",0,12,"After trying all possible combinations, I couldn't unscramble the word. Now, I'll try to decrypt the ciphertext using a Caesar cipher with different shifts.

Shift 1:
ncem -> mdbl

Shift 2:
ncem -> lcak

Shift 3:
ncem -> kbzj

Shift 4:
ncem -> jayi

Shift 5:
ncem -> izxh

None of these shifts produced a recognizable English word. Let's try a few more.

Shift 6:
ncem -> hywg

Shift 7:
ncem -> gxvf

Shift 8:
ncem -> fwue

Shift 9:
ncem -> evtb

Shift 10:
ncem -> dust

It looks like the shift of 10 gives us a recognizable English word ""dust"". So, the ciphertext ""ncem"" decrypts to ""dust"" when using a Caesar cipher with a shift of 10.",1,1.0
zkhq,when,4,3,"After trying different combinations, I couldn't find an English word by unscrambling the ciphertext ""zkhq"" so now I will try decrypting it using Caesar cipher with different shifts.

Shift 1:
zkhq
yjgp

Shift 2:
zkhq
xifp

Shift 3:
zkhq
wheo

Shift 4:
zkhq
vgdn

Shift 5:
zkhq
ufcm

None of the decrypted versions of the ciphertext with different shifts resulted in a meaningful English word. Would you like me to try any other method or shift?",0,0,"After trying different combinations, I couldn't fi",0,2.0
zkhq,when,4,3,"After trying different combinations, I couldn't find an English word by unscrambling the ciphertext ""zkhq"" so now I will try decrypting it using Caesar cipher with different shifts.

Shift 1:
zkhq
yjgp

Shift 2:
zkhq
xifp

Shift 3:
zkhq
wheo

Shift 4:
zkhq
vgdn

Shift 5:
zkhq
ufcm

None of the decrypted versions of the ciphertext with different shifts resulted in a meaningful English word. Would you like me to try any other method or shift?",0,1,"After trying different combinations, I couldn't find an English word by unscrambling the ciphertext ",0,2.0
zkhq,when,4,3,"After trying different combinations, I couldn't find an English word by unscrambling the ciphertext ""zkhq"" so now I will try decrypting it using Caesar cipher with different shifts.

Shift 1:
zkhq
yjgp

Shift 2:
zkhq
xifp

Shift 3:
zkhq
wheo

Shift 4:
zkhq
vgdn

Shift 5:
zkhq
ufcm

None of the decrypted versions of the ciphertext with different shifts resulted in a meaningful English word. Would you like me to try any other method or shift?",0,2,"After trying different combinations, I couldn't find an English word by unscrambling the ciphertext ""zkhq"" so now I will try decrypting it using Caesa",1,2.0
zkhq,when,4,3,"After trying different combinations, I couldn't find an English word by unscrambling the ciphertext ""zkhq"" so now I will try decrypting it using Caesar cipher with different shifts.

Shift 1:
zkhq
yjgp

Shift 2:
zkhq
xifp

Shift 3:
zkhq
wheo

Shift 4:
zkhq
vgdn

Shift 5:
zkhq
ufcm

None of the decrypted versions of the ciphertext with different shifts resulted in a meaningful English word. Would you like me to try any other method or shift?",0,3,"After trying different combinations, I couldn't find an English word by unscrambling the ciphertext ""zkhq"" so now I will try decrypting it using Caesar cipher with different shifts.

Shift 1:
zkhq
yjg",1,2.0
zkhq,when,4,3,"After trying different combinations, I couldn't find an English word by unscrambling the ciphertext ""zkhq"" so now I will try decrypting it using Caesar cipher with different shifts.

Shift 1:
zkhq
yjgp

Shift 2:
zkhq
xifp

Shift 3:
zkhq
wheo

Shift 4:
zkhq
vgdn

Shift 5:
zkhq
ufcm

None of the decrypted versions of the ciphertext with different shifts resulted in a meaningful English word. Would you like me to try any other method or shift?",0,4,"After trying different combinations, I couldn't find an English word by unscrambling the ciphertext ""zkhq"" so now I will try decrypting it using Caesar cipher with different shifts.

Shift 1:
zkhq
yjgp

Shift 2:
zkhq
xifp

Shift 3:
zkhq
wheo

Shift 4",1,2.0
zkhq,when,4,3,"After trying different combinations, I couldn't find an English word by unscrambling the ciphertext ""zkhq"" so now I will try decrypting it using Caesar cipher with different shifts.

Shift 1:
zkhq
yjgp

Shift 2:
zkhq
xifp

Shift 3:
zkhq
wheo

Shift 4:
zkhq
vgdn

Shift 5:
zkhq
ufcm

None of the decrypted versions of the ciphertext with different shifts resulted in a meaningful English word. Would you like me to try any other method or shift?",0,5,"After trying different combinations, I couldn't find an English word by unscrambling the ciphertext ""zkhq"" so now I will try decrypting it using Caesar cipher with different shifts.

Shift 1:
zkhq
yjgp

Shift 2:
zkhq
xifp

Shift 3:
zkhq
wheo

Shift 4:
zkhq
vgdn

Shift 5:
zkhq
ufcm

None of the decry",1,2.0
zkhq,when,4,3,"After trying different combinations, I couldn't find an English word by unscrambling the ciphertext ""zkhq"" so now I will try decrypting it using Caesar cipher with different shifts.

Shift 1:
zkhq
yjgp

Shift 2:
zkhq
xifp

Shift 3:
zkhq
wheo

Shift 4:
zkhq
vgdn

Shift 5:
zkhq
ufcm

None of the decrypted versions of the ciphertext with different shifts resulted in a meaningful English word. Would you like me to try any other method or shift?",0,6,"After trying different combinations, I couldn't find an English word by unscrambling the ciphertext ""zkhq"" so now I will try decrypting it using Caesar cipher with different shifts.

Shift 1:
zkhq
yjgp

Shift 2:
zkhq
xifp

Shift 3:
zkhq
wheo

Shift 4:
zkhq
vgdn

Shift 5:
zkhq
ufcm

None of the decrypted versions of the ciphertext with different shi",1,2.0
zkhq,when,4,3,"After trying different combinations, I couldn't find an English word by unscrambling the ciphertext ""zkhq"" so now I will try decrypting it using Caesar cipher with different shifts.

Shift 1:
zkhq
yjgp

Shift 2:
zkhq
xifp

Shift 3:
zkhq
wheo

Shift 4:
zkhq
vgdn

Shift 5:
zkhq
ufcm

None of the decrypted versions of the ciphertext with different shifts resulted in a meaningful English word. Would you like me to try any other method or shift?",0,7,"After trying different combinations, I couldn't find an English word by unscrambling the ciphertext ""zkhq"" so now I will try decrypting it using Caesar cipher with different shifts.

Shift 1:
zkhq
yjgp

Shift 2:
zkhq
xifp

Shift 3:
zkhq
wheo

Shift 4:
zkhq
vgdn

Shift 5:
zkhq
ufcm

None of the decrypted versions of the ciphertext with different shifts resulted in a meaningful English word. Would y",1,2.0
zkhq,when,4,3,"After trying different combinations, I couldn't find an English word by unscrambling the ciphertext ""zkhq"" so now I will try decrypting it using Caesar cipher with different shifts.

Shift 1:
zkhq
yjgp

Shift 2:
zkhq
xifp

Shift 3:
zkhq
wheo

Shift 4:
zkhq
vgdn

Shift 5:
zkhq
ufcm

None of the decrypted versions of the ciphertext with different shifts resulted in a meaningful English word. Would you like me to try any other method or shift?",0,8,"After trying different combinations, I couldn't find an English word by unscrambling the ciphertext ""zkhq"" so now I will try decrypting it using Caesar cipher with different shifts.

Shift 1:
zkhq
yjgp

Shift 2:
zkhq
xifp

Shift 3:
zkhq
wheo

Shift 4:
zkhq
vgdn

Shift 5:
zkhq
ufcm

None of the decrypted versions of the ciphertext with different shifts resulted in a meaningful English word. Would you like me to try any other method or shift?",1,2.0
dovr,also,4,3,"After trying different combinations of the letters, I couldn't find any English word that fits. Let's move on to trying to decrypt it using a Caesar cipher with different shifts:

Shift 1: cnuq
Shift 2: bmtp
Shift 3: alsq
Shift 4: zkpr
Shift 5: yjoq

None of these decrypted versions result in a meaningful English word. Let's continue trying a few more shifts:

Shift 6: xinp
Shift 7: whmo
Shift 8: vglp
Shift 9: ufko
Shift 10: tejn

Unfortunately, none of these shifts result in a meaningful English word either. It's possible that the ciphertext is encrypted in a different way or it could be a word in a different language.",0,0,After trying different combinations of the letters,0,1.0
dovr,also,4,3,"After trying different combinations of the letters, I couldn't find any English word that fits. Let's move on to trying to decrypt it using a Caesar cipher with different shifts:

Shift 1: cnuq
Shift 2: bmtp
Shift 3: alsq
Shift 4: zkpr
Shift 5: yjoq

None of these decrypted versions result in a meaningful English word. Let's continue trying a few more shifts:

Shift 6: xinp
Shift 7: whmo
Shift 8: vglp
Shift 9: ufko
Shift 10: tejn

Unfortunately, none of these shifts result in a meaningful English word either. It's possible that the ciphertext is encrypted in a different way or it could be a word in a different language.",0,1,"After trying different combinations of the letters, I couldn't find any English word that fits. Let'",1,1.0
dovr,also,4,3,"After trying different combinations of the letters, I couldn't find any English word that fits. Let's move on to trying to decrypt it using a Caesar cipher with different shifts:

Shift 1: cnuq
Shift 2: bmtp
Shift 3: alsq
Shift 4: zkpr
Shift 5: yjoq

None of these decrypted versions result in a meaningful English word. Let's continue trying a few more shifts:

Shift 6: xinp
Shift 7: whmo
Shift 8: vglp
Shift 9: ufko
Shift 10: tejn

Unfortunately, none of these shifts result in a meaningful English word either. It's possible that the ciphertext is encrypted in a different way or it could be a word in a different language.",0,2,"After trying different combinations of the letters, I couldn't find any English word that fits. Let's move on to trying to decrypt it using a Caesar c",1,1.0
dovr,also,4,3,"After trying different combinations of the letters, I couldn't find any English word that fits. Let's move on to trying to decrypt it using a Caesar cipher with different shifts:

Shift 1: cnuq
Shift 2: bmtp
Shift 3: alsq
Shift 4: zkpr
Shift 5: yjoq

None of these decrypted versions result in a meaningful English word. Let's continue trying a few more shifts:

Shift 6: xinp
Shift 7: whmo
Shift 8: vglp
Shift 9: ufko
Shift 10: tejn

Unfortunately, none of these shifts result in a meaningful English word either. It's possible that the ciphertext is encrypted in a different way or it could be a word in a different language.",0,3,"After trying different combinations of the letters, I couldn't find any English word that fits. Let's move on to trying to decrypt it using a Caesar cipher with different shifts:

Shift 1: cnuq
Shift ",1,1.0
dovr,also,4,3,"After trying different combinations of the letters, I couldn't find any English word that fits. Let's move on to trying to decrypt it using a Caesar cipher with different shifts:

Shift 1: cnuq
Shift 2: bmtp
Shift 3: alsq
Shift 4: zkpr
Shift 5: yjoq

None of these decrypted versions result in a meaningful English word. Let's continue trying a few more shifts:

Shift 6: xinp
Shift 7: whmo
Shift 8: vglp
Shift 9: ufko
Shift 10: tejn

Unfortunately, none of these shifts result in a meaningful English word either. It's possible that the ciphertext is encrypted in a different way or it could be a word in a different language.",0,4,"After trying different combinations of the letters, I couldn't find any English word that fits. Let's move on to trying to decrypt it using a Caesar cipher with different shifts:

Shift 1: cnuq
Shift 2: bmtp
Shift 3: alsq
Shift 4: zkpr
Shift 5: yjoq
",1,1.0
dovr,also,4,3,"After trying different combinations of the letters, I couldn't find any English word that fits. Let's move on to trying to decrypt it using a Caesar cipher with different shifts:

Shift 1: cnuq
Shift 2: bmtp
Shift 3: alsq
Shift 4: zkpr
Shift 5: yjoq

None of these decrypted versions result in a meaningful English word. Let's continue trying a few more shifts:

Shift 6: xinp
Shift 7: whmo
Shift 8: vglp
Shift 9: ufko
Shift 10: tejn

Unfortunately, none of these shifts result in a meaningful English word either. It's possible that the ciphertext is encrypted in a different way or it could be a word in a different language.",0,5,"After trying different combinations of the letters, I couldn't find any English word that fits. Let's move on to trying to decrypt it using a Caesar cipher with different shifts:

Shift 1: cnuq
Shift 2: bmtp
Shift 3: alsq
Shift 4: zkpr
Shift 5: yjoq

None of these decrypted versions result in a mean",1,1.0
dovr,also,4,3,"After trying different combinations of the letters, I couldn't find any English word that fits. Let's move on to trying to decrypt it using a Caesar cipher with different shifts:

Shift 1: cnuq
Shift 2: bmtp
Shift 3: alsq
Shift 4: zkpr
Shift 5: yjoq

None of these decrypted versions result in a meaningful English word. Let's continue trying a few more shifts:

Shift 6: xinp
Shift 7: whmo
Shift 8: vglp
Shift 9: ufko
Shift 10: tejn

Unfortunately, none of these shifts result in a meaningful English word either. It's possible that the ciphertext is encrypted in a different way or it could be a word in a different language.",0,6,"After trying different combinations of the letters, I couldn't find any English word that fits. Let's move on to trying to decrypt it using a Caesar cipher with different shifts:

Shift 1: cnuq
Shift 2: bmtp
Shift 3: alsq
Shift 4: zkpr
Shift 5: yjoq

None of these decrypted versions result in a meaningful English word. Let's continue trying a few m",1,1.0
dovr,also,4,3,"After trying different combinations of the letters, I couldn't find any English word that fits. Let's move on to trying to decrypt it using a Caesar cipher with different shifts:

Shift 1: cnuq
Shift 2: bmtp
Shift 3: alsq
Shift 4: zkpr
Shift 5: yjoq

None of these decrypted versions result in a meaningful English word. Let's continue trying a few more shifts:

Shift 6: xinp
Shift 7: whmo
Shift 8: vglp
Shift 9: ufko
Shift 10: tejn

Unfortunately, none of these shifts result in a meaningful English word either. It's possible that the ciphertext is encrypted in a different way or it could be a word in a different language.",0,7,"After trying different combinations of the letters, I couldn't find any English word that fits. Let's move on to trying to decrypt it using a Caesar cipher with different shifts:

Shift 1: cnuq
Shift 2: bmtp
Shift 3: alsq
Shift 4: zkpr
Shift 5: yjoq

None of these decrypted versions result in a meaningful English word. Let's continue trying a few more shifts:

Shift 6: xinp
Shift 7: whmo
Shift 8: ",1,1.0
dovr,also,4,3,"After trying different combinations of the letters, I couldn't find any English word that fits. Let's move on to trying to decrypt it using a Caesar cipher with different shifts:

Shift 1: cnuq
Shift 2: bmtp
Shift 3: alsq
Shift 4: zkpr
Shift 5: yjoq

None of these decrypted versions result in a meaningful English word. Let's continue trying a few more shifts:

Shift 6: xinp
Shift 7: whmo
Shift 8: vglp
Shift 9: ufko
Shift 10: tejn

Unfortunately, none of these shifts result in a meaningful English word either. It's possible that the ciphertext is encrypted in a different way or it could be a word in a different language.",0,8,"After trying different combinations of the letters, I couldn't find any English word that fits. Let's move on to trying to decrypt it using a Caesar cipher with different shifts:

Shift 1: cnuq
Shift 2: bmtp
Shift 3: alsq
Shift 4: zkpr
Shift 5: yjoq

None of these decrypted versions result in a meaningful English word. Let's continue trying a few more shifts:

Shift 6: xinp
Shift 7: whmo
Shift 8: vglp
Shift 9: ufko
Shift 10: tejn

Unfortunately, ",1,1.0
dovr,also,4,3,"After trying different combinations of the letters, I couldn't find any English word that fits. Let's move on to trying to decrypt it using a Caesar cipher with different shifts:

Shift 1: cnuq
Shift 2: bmtp
Shift 3: alsq
Shift 4: zkpr
Shift 5: yjoq

None of these decrypted versions result in a meaningful English word. Let's continue trying a few more shifts:

Shift 6: xinp
Shift 7: whmo
Shift 8: vglp
Shift 9: ufko
Shift 10: tejn

Unfortunately, none of these shifts result in a meaningful English word either. It's possible that the ciphertext is encrypted in a different way or it could be a word in a different language.",0,9,"After trying different combinations of the letters, I couldn't find any English word that fits. Let's move on to trying to decrypt it using a Caesar cipher with different shifts:

Shift 1: cnuq
Shift 2: bmtp
Shift 3: alsq
Shift 4: zkpr
Shift 5: yjoq

None of these decrypted versions result in a meaningful English word. Let's continue trying a few more shifts:

Shift 6: xinp
Shift 7: whmo
Shift 8: vglp
Shift 9: ufko
Shift 10: tejn

Unfortunately, none of these shifts result in a meaningful Englis",1,1.0
dovr,also,4,3,"After trying different combinations of the letters, I couldn't find any English word that fits. Let's move on to trying to decrypt it using a Caesar cipher with different shifts:

Shift 1: cnuq
Shift 2: bmtp
Shift 3: alsq
Shift 4: zkpr
Shift 5: yjoq

None of these decrypted versions result in a meaningful English word. Let's continue trying a few more shifts:

Shift 6: xinp
Shift 7: whmo
Shift 8: vglp
Shift 9: ufko
Shift 10: tejn

Unfortunately, none of these shifts result in a meaningful English word either. It's possible that the ciphertext is encrypted in a different way or it could be a word in a different language.",0,10,"After trying different combinations of the letters, I couldn't find any English word that fits. Let's move on to trying to decrypt it using a Caesar cipher with different shifts:

Shift 1: cnuq
Shift 2: bmtp
Shift 3: alsq
Shift 4: zkpr
Shift 5: yjoq

None of these decrypted versions result in a meaningful English word. Let's continue trying a few more shifts:

Shift 6: xinp
Shift 7: whmo
Shift 8: vglp
Shift 9: ufko
Shift 10: tejn

Unfortunately, none of these shifts result in a meaningful English word either. It's possible that the ciphertext i",1,1.0
dovr,also,4,3,"After trying different combinations of the letters, I couldn't find any English word that fits. Let's move on to trying to decrypt it using a Caesar cipher with different shifts:

Shift 1: cnuq
Shift 2: bmtp
Shift 3: alsq
Shift 4: zkpr
Shift 5: yjoq

None of these decrypted versions result in a meaningful English word. Let's continue trying a few more shifts:

Shift 6: xinp
Shift 7: whmo
Shift 8: vglp
Shift 9: ufko
Shift 10: tejn

Unfortunately, none of these shifts result in a meaningful English word either. It's possible that the ciphertext is encrypted in a different way or it could be a word in a different language.",0,11,"After trying different combinations of the letters, I couldn't find any English word that fits. Let's move on to trying to decrypt it using a Caesar cipher with different shifts:

Shift 1: cnuq
Shift 2: bmtp
Shift 3: alsq
Shift 4: zkpr
Shift 5: yjoq

None of these decrypted versions result in a meaningful English word. Let's continue trying a few more shifts:

Shift 6: xinp
Shift 7: whmo
Shift 8: vglp
Shift 9: ufko
Shift 10: tejn

Unfortunately, none of these shifts result in a meaningful English word either. It's possible that the ciphertext is encrypted in a different way or it could be a wo",1,1.0
dovr,also,4,3,"After trying different combinations of the letters, I couldn't find any English word that fits. Let's move on to trying to decrypt it using a Caesar cipher with different shifts:

Shift 1: cnuq
Shift 2: bmtp
Shift 3: alsq
Shift 4: zkpr
Shift 5: yjoq

None of these decrypted versions result in a meaningful English word. Let's continue trying a few more shifts:

Shift 6: xinp
Shift 7: whmo
Shift 8: vglp
Shift 9: ufko
Shift 10: tejn

Unfortunately, none of these shifts result in a meaningful English word either. It's possible that the ciphertext is encrypted in a different way or it could be a word in a different language.",0,12,"After trying different combinations of the letters, I couldn't find any English word that fits. Let's move on to trying to decrypt it using a Caesar cipher with different shifts:

Shift 1: cnuq
Shift 2: bmtp
Shift 3: alsq
Shift 4: zkpr
Shift 5: yjoq

None of these decrypted versions result in a meaningful English word. Let's continue trying a few more shifts:

Shift 6: xinp
Shift 7: whmo
Shift 8: vglp
Shift 9: ufko
Shift 10: tejn

Unfortunately, none of these shifts result in a meaningful English word either. It's possible that the ciphertext is encrypted in a different way or it could be a word in a different language.",1,1.0
kdyh,have,4,3,"Trying to unscramble ""kdyh"" as an anagram, we can rearrange the letters to ""dykh"". However, this does not form a valid English word. Let's try decrypting it as a Caesar cipher with different shifts:

Shift 1: jcxg
Shift 2: ibwf
Shift 3: have
Shift 4: guzd
Shift 5: ftyc

Among these shifts, ""have"" is a valid English word, so the decryption of the ciphertext ""kdyh"" using a Caesar cipher with a shift of 3 gives us ""have"".",1,0,"Trying to unscramble ""kdyh"" as an anagram, we can ",0,2.0
kdyh,have,4,3,"Trying to unscramble ""kdyh"" as an anagram, we can rearrange the letters to ""dykh"". However, this does not form a valid English word. Let's try decrypting it as a Caesar cipher with different shifts:

Shift 1: jcxg
Shift 2: ibwf
Shift 3: have
Shift 4: guzd
Shift 5: ftyc

Among these shifts, ""have"" is a valid English word, so the decryption of the ciphertext ""kdyh"" using a Caesar cipher with a shift of 3 gives us ""have"".",1,1,"Trying to unscramble ""kdyh"" as an anagram, we can rearrange the letters to ""dykh"". However, this doe",0,2.0
kdyh,have,4,3,"Trying to unscramble ""kdyh"" as an anagram, we can rearrange the letters to ""dykh"". However, this does not form a valid English word. Let's try decrypting it as a Caesar cipher with different shifts:

Shift 1: jcxg
Shift 2: ibwf
Shift 3: have
Shift 4: guzd
Shift 5: ftyc

Among these shifts, ""have"" is a valid English word, so the decryption of the ciphertext ""kdyh"" using a Caesar cipher with a shift of 3 gives us ""have"".",1,2,"Trying to unscramble ""kdyh"" as an anagram, we can rearrange the letters to ""dykh"". However, this does not form a valid English word. Let's try decrypt",1,2.0
kdyh,have,4,3,"Trying to unscramble ""kdyh"" as an anagram, we can rearrange the letters to ""dykh"". However, this does not form a valid English word. Let's try decrypting it as a Caesar cipher with different shifts:

Shift 1: jcxg
Shift 2: ibwf
Shift 3: have
Shift 4: guzd
Shift 5: ftyc

Among these shifts, ""have"" is a valid English word, so the decryption of the ciphertext ""kdyh"" using a Caesar cipher with a shift of 3 gives us ""have"".",1,3,"Trying to unscramble ""kdyh"" as an anagram, we can rearrange the letters to ""dykh"". However, this does not form a valid English word. Let's try decrypting it as a Caesar cipher with different shifts:

",1,2.0
kdyh,have,4,3,"Trying to unscramble ""kdyh"" as an anagram, we can rearrange the letters to ""dykh"". However, this does not form a valid English word. Let's try decrypting it as a Caesar cipher with different shifts:

Shift 1: jcxg
Shift 2: ibwf
Shift 3: have
Shift 4: guzd
Shift 5: ftyc

Among these shifts, ""have"" is a valid English word, so the decryption of the ciphertext ""kdyh"" using a Caesar cipher with a shift of 3 gives us ""have"".",1,4,"Trying to unscramble ""kdyh"" as an anagram, we can rearrange the letters to ""dykh"". However, this does not form a valid English word. Let's try decrypting it as a Caesar cipher with different shifts:

Shift 1: jcxg
Shift 2: ibwf
Shift 3: have
Shift 4:",1,2.0
kdyh,have,4,3,"Trying to unscramble ""kdyh"" as an anagram, we can rearrange the letters to ""dykh"". However, this does not form a valid English word. Let's try decrypting it as a Caesar cipher with different shifts:

Shift 1: jcxg
Shift 2: ibwf
Shift 3: have
Shift 4: guzd
Shift 5: ftyc

Among these shifts, ""have"" is a valid English word, so the decryption of the ciphertext ""kdyh"" using a Caesar cipher with a shift of 3 gives us ""have"".",1,5,"Trying to unscramble ""kdyh"" as an anagram, we can rearrange the letters to ""dykh"". However, this does not form a valid English word. Let's try decrypting it as a Caesar cipher with different shifts:

Shift 1: jcxg
Shift 2: ibwf
Shift 3: have
Shift 4: guzd
Shift 5: ftyc

Among these shifts, ""have"" is",1,2.0
kdyh,have,4,3,"Trying to unscramble ""kdyh"" as an anagram, we can rearrange the letters to ""dykh"". However, this does not form a valid English word. Let's try decrypting it as a Caesar cipher with different shifts:

Shift 1: jcxg
Shift 2: ibwf
Shift 3: have
Shift 4: guzd
Shift 5: ftyc

Among these shifts, ""have"" is a valid English word, so the decryption of the ciphertext ""kdyh"" using a Caesar cipher with a shift of 3 gives us ""have"".",1,6,"Trying to unscramble ""kdyh"" as an anagram, we can rearrange the letters to ""dykh"". However, this does not form a valid English word. Let's try decrypting it as a Caesar cipher with different shifts:

Shift 1: jcxg
Shift 2: ibwf
Shift 3: have
Shift 4: guzd
Shift 5: ftyc

Among these shifts, ""have"" is a valid English word, so the decryption of the ci",1,2.0
kdyh,have,4,3,"Trying to unscramble ""kdyh"" as an anagram, we can rearrange the letters to ""dykh"". However, this does not form a valid English word. Let's try decrypting it as a Caesar cipher with different shifts:

Shift 1: jcxg
Shift 2: ibwf
Shift 3: have
Shift 4: guzd
Shift 5: ftyc

Among these shifts, ""have"" is a valid English word, so the decryption of the ciphertext ""kdyh"" using a Caesar cipher with a shift of 3 gives us ""have"".",1,7,"Trying to unscramble ""kdyh"" as an anagram, we can rearrange the letters to ""dykh"". However, this does not form a valid English word. Let's try decrypting it as a Caesar cipher with different shifts:

Shift 1: jcxg
Shift 2: ibwf
Shift 3: have
Shift 4: guzd
Shift 5: ftyc

Among these shifts, ""have"" is a valid English word, so the decryption of the ciphertext ""kdyh"" using a Caesar cipher with a shift",1,2.0
kdyh,have,4,3,"Trying to unscramble ""kdyh"" as an anagram, we can rearrange the letters to ""dykh"". However, this does not form a valid English word. Let's try decrypting it as a Caesar cipher with different shifts:

Shift 1: jcxg
Shift 2: ibwf
Shift 3: have
Shift 4: guzd
Shift 5: ftyc

Among these shifts, ""have"" is a valid English word, so the decryption of the ciphertext ""kdyh"" using a Caesar cipher with a shift of 3 gives us ""have"".",1,8,"Trying to unscramble ""kdyh"" as an anagram, we can rearrange the letters to ""dykh"". However, this does not form a valid English word. Let's try decrypting it as a Caesar cipher with different shifts:

Shift 1: jcxg
Shift 2: ibwf
Shift 3: have
Shift 4: guzd
Shift 5: ftyc

Among these shifts, ""have"" is a valid English word, so the decryption of the ciphertext ""kdyh"" using a Caesar cipher with a shift of 3 gives us ""have"".",1,2.0
lieh,head,4,4,"After trying various combinations of the letters ""lieh"", it does not seem to form a valid English word. 

Next, I will try decrypting the ciphertext using a Caesar cipher with different shifts to see if it reveals a meaningful word. I will show my work for at least 5 different shifts:

Shift 1:
- MJFI
Shift 2:
- NKGJ
Shift 3:
- OLHK
Shift 4:
- PMLI
Shift 5:
- QNMJ

After trying different Caesar cipher shifts, it does not seem to form a valid English word. The ciphertext ""lieh"" remains a mystery.",0,0,"After trying various combinations of the letters """,0,2.0
lieh,head,4,4,"After trying various combinations of the letters ""lieh"", it does not seem to form a valid English word. 

Next, I will try decrypting the ciphertext using a Caesar cipher with different shifts to see if it reveals a meaningful word. I will show my work for at least 5 different shifts:

Shift 1:
- MJFI
Shift 2:
- NKGJ
Shift 3:
- OLHK
Shift 4:
- PMLI
Shift 5:
- QNMJ

After trying different Caesar cipher shifts, it does not seem to form a valid English word. The ciphertext ""lieh"" remains a mystery.",0,1,"After trying various combinations of the letters ""lieh"", it does not seem to form a valid English wo",0,2.0
lieh,head,4,4,"After trying various combinations of the letters ""lieh"", it does not seem to form a valid English word. 

Next, I will try decrypting the ciphertext using a Caesar cipher with different shifts to see if it reveals a meaningful word. I will show my work for at least 5 different shifts:

Shift 1:
- MJFI
Shift 2:
- NKGJ
Shift 3:
- OLHK
Shift 4:
- PMLI
Shift 5:
- QNMJ

After trying different Caesar cipher shifts, it does not seem to form a valid English word. The ciphertext ""lieh"" remains a mystery.",0,2,"After trying various combinations of the letters ""lieh"", it does not seem to form a valid English word. 

Next, I will try decrypting the ciphertext u",1,2.0
lieh,head,4,4,"After trying various combinations of the letters ""lieh"", it does not seem to form a valid English word. 

Next, I will try decrypting the ciphertext using a Caesar cipher with different shifts to see if it reveals a meaningful word. I will show my work for at least 5 different shifts:

Shift 1:
- MJFI
Shift 2:
- NKGJ
Shift 3:
- OLHK
Shift 4:
- PMLI
Shift 5:
- QNMJ

After trying different Caesar cipher shifts, it does not seem to form a valid English word. The ciphertext ""lieh"" remains a mystery.",0,3,"After trying various combinations of the letters ""lieh"", it does not seem to form a valid English word. 

Next, I will try decrypting the ciphertext using a Caesar cipher with different shifts to see ",1,2.0
lieh,head,4,4,"After trying various combinations of the letters ""lieh"", it does not seem to form a valid English word. 

Next, I will try decrypting the ciphertext using a Caesar cipher with different shifts to see if it reveals a meaningful word. I will show my work for at least 5 different shifts:

Shift 1:
- MJFI
Shift 2:
- NKGJ
Shift 3:
- OLHK
Shift 4:
- PMLI
Shift 5:
- QNMJ

After trying different Caesar cipher shifts, it does not seem to form a valid English word. The ciphertext ""lieh"" remains a mystery.",0,4,"After trying various combinations of the letters ""lieh"", it does not seem to form a valid English word. 

Next, I will try decrypting the ciphertext using a Caesar cipher with different shifts to see if it reveals a meaningful word. I will show my wo",1,2.0
lieh,head,4,4,"After trying various combinations of the letters ""lieh"", it does not seem to form a valid English word. 

Next, I will try decrypting the ciphertext using a Caesar cipher with different shifts to see if it reveals a meaningful word. I will show my work for at least 5 different shifts:

Shift 1:
- MJFI
Shift 2:
- NKGJ
Shift 3:
- OLHK
Shift 4:
- PMLI
Shift 5:
- QNMJ

After trying different Caesar cipher shifts, it does not seem to form a valid English word. The ciphertext ""lieh"" remains a mystery.",0,5,"After trying various combinations of the letters ""lieh"", it does not seem to form a valid English word. 

Next, I will try decrypting the ciphertext using a Caesar cipher with different shifts to see if it reveals a meaningful word. I will show my work for at least 5 different shifts:

Shift 1:
- MJ",1,2.0
lieh,head,4,4,"After trying various combinations of the letters ""lieh"", it does not seem to form a valid English word. 

Next, I will try decrypting the ciphertext using a Caesar cipher with different shifts to see if it reveals a meaningful word. I will show my work for at least 5 different shifts:

Shift 1:
- MJFI
Shift 2:
- NKGJ
Shift 3:
- OLHK
Shift 4:
- PMLI
Shift 5:
- QNMJ

After trying different Caesar cipher shifts, it does not seem to form a valid English word. The ciphertext ""lieh"" remains a mystery.",0,6,"After trying various combinations of the letters ""lieh"", it does not seem to form a valid English word. 

Next, I will try decrypting the ciphertext using a Caesar cipher with different shifts to see if it reveals a meaningful word. I will show my work for at least 5 different shifts:

Shift 1:
- MJFI
Shift 2:
- NKGJ
Shift 3:
- OLHK
Shift 4:
- PMLI",1,2.0
lieh,head,4,4,"After trying various combinations of the letters ""lieh"", it does not seem to form a valid English word. 

Next, I will try decrypting the ciphertext using a Caesar cipher with different shifts to see if it reveals a meaningful word. I will show my work for at least 5 different shifts:

Shift 1:
- MJFI
Shift 2:
- NKGJ
Shift 3:
- OLHK
Shift 4:
- PMLI
Shift 5:
- QNMJ

After trying different Caesar cipher shifts, it does not seem to form a valid English word. The ciphertext ""lieh"" remains a mystery.",0,7,"After trying various combinations of the letters ""lieh"", it does not seem to form a valid English word. 

Next, I will try decrypting the ciphertext using a Caesar cipher with different shifts to see if it reveals a meaningful word. I will show my work for at least 5 different shifts:

Shift 1:
- MJFI
Shift 2:
- NKGJ
Shift 3:
- OLHK
Shift 4:
- PMLI
Shift 5:
- QNMJ

After trying different Caesar ci",1,2.0
lieh,head,4,4,"After trying various combinations of the letters ""lieh"", it does not seem to form a valid English word. 

Next, I will try decrypting the ciphertext using a Caesar cipher with different shifts to see if it reveals a meaningful word. I will show my work for at least 5 different shifts:

Shift 1:
- MJFI
Shift 2:
- NKGJ
Shift 3:
- OLHK
Shift 4:
- PMLI
Shift 5:
- QNMJ

After trying different Caesar cipher shifts, it does not seem to form a valid English word. The ciphertext ""lieh"" remains a mystery.",0,8,"After trying various combinations of the letters ""lieh"", it does not seem to form a valid English word. 

Next, I will try decrypting the ciphertext using a Caesar cipher with different shifts to see if it reveals a meaningful word. I will show my work for at least 5 different shifts:

Shift 1:
- MJFI
Shift 2:
- NKGJ
Shift 3:
- OLHK
Shift 4:
- PMLI
Shift 5:
- QNMJ

After trying different Caesar cipher shifts, it does not seem to form a valid Engl",1,2.0
lieh,head,4,4,"After trying various combinations of the letters ""lieh"", it does not seem to form a valid English word. 

Next, I will try decrypting the ciphertext using a Caesar cipher with different shifts to see if it reveals a meaningful word. I will show my work for at least 5 different shifts:

Shift 1:
- MJFI
Shift 2:
- NKGJ
Shift 3:
- OLHK
Shift 4:
- PMLI
Shift 5:
- QNMJ

After trying different Caesar cipher shifts, it does not seem to form a valid English word. The ciphertext ""lieh"" remains a mystery.",0,9,"After trying various combinations of the letters ""lieh"", it does not seem to form a valid English word. 

Next, I will try decrypting the ciphertext using a Caesar cipher with different shifts to see if it reveals a meaningful word. I will show my work for at least 5 different shifts:

Shift 1:
- MJFI
Shift 2:
- NKGJ
Shift 3:
- OLHK
Shift 4:
- PMLI
Shift 5:
- QNMJ

After trying different Caesar cipher shifts, it does not seem to form a valid English word. The ciphertext ""lieh"" remains a mystery.",1,2.0
vemr,rain,4,4,"By rearranging the letters of ""vemr"", we can find that the word is ""verm"". 

Now, let's try decrypting the ciphertext assuming it's a Caesar cipher with different shifts.

Shift of 1:
v -> u
e -> d
m -> l
r -> q
Decrypted message: udql

Shift of 2:
v -> t
e -> c
m -> k
r -> p
Decrypted message: tckp

Shift of 3:
v -> s
e -> b
m -> j
r -> o
Decrypted message: sbjo

Shift of 4:
v -> r
e -> a
m -> i
r -> n
Decrypted message: rani

Shift of 5:
v -> q
e -> z
m -> h
r -> m
Decrypted message: qzhl

The word ""verm"" seems to be the correct answer, indicating that the ciphertext was an anagram.",0,0,"By rearranging the letters of ""vemr"", we can find ",0,1.0
vemr,rain,4,4,"By rearranging the letters of ""vemr"", we can find that the word is ""verm"". 

Now, let's try decrypting the ciphertext assuming it's a Caesar cipher with different shifts.

Shift of 1:
v -> u
e -> d
m -> l
r -> q
Decrypted message: udql

Shift of 2:
v -> t
e -> c
m -> k
r -> p
Decrypted message: tckp

Shift of 3:
v -> s
e -> b
m -> j
r -> o
Decrypted message: sbjo

Shift of 4:
v -> r
e -> a
m -> i
r -> n
Decrypted message: rani

Shift of 5:
v -> q
e -> z
m -> h
r -> m
Decrypted message: qzhl

The word ""verm"" seems to be the correct answer, indicating that the ciphertext was an anagram.",0,1,"By rearranging the letters of ""vemr"", we can find that the word is ""verm"". 

Now, let's try decrypti",1,1.0
vemr,rain,4,4,"By rearranging the letters of ""vemr"", we can find that the word is ""verm"". 

Now, let's try decrypting the ciphertext assuming it's a Caesar cipher with different shifts.

Shift of 1:
v -> u
e -> d
m -> l
r -> q
Decrypted message: udql

Shift of 2:
v -> t
e -> c
m -> k
r -> p
Decrypted message: tckp

Shift of 3:
v -> s
e -> b
m -> j
r -> o
Decrypted message: sbjo

Shift of 4:
v -> r
e -> a
m -> i
r -> n
Decrypted message: rani

Shift of 5:
v -> q
e -> z
m -> h
r -> m
Decrypted message: qzhl

The word ""verm"" seems to be the correct answer, indicating that the ciphertext was an anagram.",0,2,"By rearranging the letters of ""vemr"", we can find that the word is ""verm"". 

Now, let's try decrypting the ciphertext assuming it's a Caesar cipher wi",1,1.0
vemr,rain,4,4,"By rearranging the letters of ""vemr"", we can find that the word is ""verm"". 

Now, let's try decrypting the ciphertext assuming it's a Caesar cipher with different shifts.

Shift of 1:
v -> u
e -> d
m -> l
r -> q
Decrypted message: udql

Shift of 2:
v -> t
e -> c
m -> k
r -> p
Decrypted message: tckp

Shift of 3:
v -> s
e -> b
m -> j
r -> o
Decrypted message: sbjo

Shift of 4:
v -> r
e -> a
m -> i
r -> n
Decrypted message: rani

Shift of 5:
v -> q
e -> z
m -> h
r -> m
Decrypted message: qzhl

The word ""verm"" seems to be the correct answer, indicating that the ciphertext was an anagram.",0,3,"By rearranging the letters of ""vemr"", we can find that the word is ""verm"". 

Now, let's try decrypting the ciphertext assuming it's a Caesar cipher with different shifts.

Shift of 1:
v -> u
e -> d
m ",1,1.0
vemr,rain,4,4,"By rearranging the letters of ""vemr"", we can find that the word is ""verm"". 

Now, let's try decrypting the ciphertext assuming it's a Caesar cipher with different shifts.

Shift of 1:
v -> u
e -> d
m -> l
r -> q
Decrypted message: udql

Shift of 2:
v -> t
e -> c
m -> k
r -> p
Decrypted message: tckp

Shift of 3:
v -> s
e -> b
m -> j
r -> o
Decrypted message: sbjo

Shift of 4:
v -> r
e -> a
m -> i
r -> n
Decrypted message: rani

Shift of 5:
v -> q
e -> z
m -> h
r -> m
Decrypted message: qzhl

The word ""verm"" seems to be the correct answer, indicating that the ciphertext was an anagram.",0,4,"By rearranging the letters of ""vemr"", we can find that the word is ""verm"". 

Now, let's try decrypting the ciphertext assuming it's a Caesar cipher with different shifts.

Shift of 1:
v -> u
e -> d
m -> l
r -> q
Decrypted message: udql

Shift of 2:
v",1,1.0
vemr,rain,4,4,"By rearranging the letters of ""vemr"", we can find that the word is ""verm"". 

Now, let's try decrypting the ciphertext assuming it's a Caesar cipher with different shifts.

Shift of 1:
v -> u
e -> d
m -> l
r -> q
Decrypted message: udql

Shift of 2:
v -> t
e -> c
m -> k
r -> p
Decrypted message: tckp

Shift of 3:
v -> s
e -> b
m -> j
r -> o
Decrypted message: sbjo

Shift of 4:
v -> r
e -> a
m -> i
r -> n
Decrypted message: rani

Shift of 5:
v -> q
e -> z
m -> h
r -> m
Decrypted message: qzhl

The word ""verm"" seems to be the correct answer, indicating that the ciphertext was an anagram.",0,5,"By rearranging the letters of ""vemr"", we can find that the word is ""verm"". 

Now, let's try decrypting the ciphertext assuming it's a Caesar cipher with different shifts.

Shift of 1:
v -> u
e -> d
m -> l
r -> q
Decrypted message: udql

Shift of 2:
v -> t
e -> c
m -> k
r -> p
Decrypted message: tckp",1,1.0
vemr,rain,4,4,"By rearranging the letters of ""vemr"", we can find that the word is ""verm"". 

Now, let's try decrypting the ciphertext assuming it's a Caesar cipher with different shifts.

Shift of 1:
v -> u
e -> d
m -> l
r -> q
Decrypted message: udql

Shift of 2:
v -> t
e -> c
m -> k
r -> p
Decrypted message: tckp

Shift of 3:
v -> s
e -> b
m -> j
r -> o
Decrypted message: sbjo

Shift of 4:
v -> r
e -> a
m -> i
r -> n
Decrypted message: rani

Shift of 5:
v -> q
e -> z
m -> h
r -> m
Decrypted message: qzhl

The word ""verm"" seems to be the correct answer, indicating that the ciphertext was an anagram.",0,6,"By rearranging the letters of ""vemr"", we can find that the word is ""verm"". 

Now, let's try decrypting the ciphertext assuming it's a Caesar cipher with different shifts.

Shift of 1:
v -> u
e -> d
m -> l
r -> q
Decrypted message: udql

Shift of 2:
v -> t
e -> c
m -> k
r -> p
Decrypted message: tckp

Shift of 3:
v -> s
e -> b
m -> j
r -> o
Decrypte",1,1.0
vemr,rain,4,4,"By rearranging the letters of ""vemr"", we can find that the word is ""verm"". 

Now, let's try decrypting the ciphertext assuming it's a Caesar cipher with different shifts.

Shift of 1:
v -> u
e -> d
m -> l
r -> q
Decrypted message: udql

Shift of 2:
v -> t
e -> c
m -> k
r -> p
Decrypted message: tckp

Shift of 3:
v -> s
e -> b
m -> j
r -> o
Decrypted message: sbjo

Shift of 4:
v -> r
e -> a
m -> i
r -> n
Decrypted message: rani

Shift of 5:
v -> q
e -> z
m -> h
r -> m
Decrypted message: qzhl

The word ""verm"" seems to be the correct answer, indicating that the ciphertext was an anagram.",0,7,"By rearranging the letters of ""vemr"", we can find that the word is ""verm"". 

Now, let's try decrypting the ciphertext assuming it's a Caesar cipher with different shifts.

Shift of 1:
v -> u
e -> d
m -> l
r -> q
Decrypted message: udql

Shift of 2:
v -> t
e -> c
m -> k
r -> p
Decrypted message: tckp

Shift of 3:
v -> s
e -> b
m -> j
r -> o
Decrypted message: sbjo

Shift of 4:
v -> r
e -> a
m -> i
",1,1.0
vemr,rain,4,4,"By rearranging the letters of ""vemr"", we can find that the word is ""verm"". 

Now, let's try decrypting the ciphertext assuming it's a Caesar cipher with different shifts.

Shift of 1:
v -> u
e -> d
m -> l
r -> q
Decrypted message: udql

Shift of 2:
v -> t
e -> c
m -> k
r -> p
Decrypted message: tckp

Shift of 3:
v -> s
e -> b
m -> j
r -> o
Decrypted message: sbjo

Shift of 4:
v -> r
e -> a
m -> i
r -> n
Decrypted message: rani

Shift of 5:
v -> q
e -> z
m -> h
r -> m
Decrypted message: qzhl

The word ""verm"" seems to be the correct answer, indicating that the ciphertext was an anagram.",0,8,"By rearranging the letters of ""vemr"", we can find that the word is ""verm"". 

Now, let's try decrypting the ciphertext assuming it's a Caesar cipher with different shifts.

Shift of 1:
v -> u
e -> d
m -> l
r -> q
Decrypted message: udql

Shift of 2:
v -> t
e -> c
m -> k
r -> p
Decrypted message: tckp

Shift of 3:
v -> s
e -> b
m -> j
r -> o
Decrypted message: sbjo

Shift of 4:
v -> r
e -> a
m -> i
r -> n
Decrypted message: rani

Shift of 5:
v -> q",1,1.0
vemr,rain,4,4,"By rearranging the letters of ""vemr"", we can find that the word is ""verm"". 

Now, let's try decrypting the ciphertext assuming it's a Caesar cipher with different shifts.

Shift of 1:
v -> u
e -> d
m -> l
r -> q
Decrypted message: udql

Shift of 2:
v -> t
e -> c
m -> k
r -> p
Decrypted message: tckp

Shift of 3:
v -> s
e -> b
m -> j
r -> o
Decrypted message: sbjo

Shift of 4:
v -> r
e -> a
m -> i
r -> n
Decrypted message: rani

Shift of 5:
v -> q
e -> z
m -> h
r -> m
Decrypted message: qzhl

The word ""verm"" seems to be the correct answer, indicating that the ciphertext was an anagram.",0,9,"By rearranging the letters of ""vemr"", we can find that the word is ""verm"". 

Now, let's try decrypting the ciphertext assuming it's a Caesar cipher with different shifts.

Shift of 1:
v -> u
e -> d
m -> l
r -> q
Decrypted message: udql

Shift of 2:
v -> t
e -> c
m -> k
r -> p
Decrypted message: tckp

Shift of 3:
v -> s
e -> b
m -> j
r -> o
Decrypted message: sbjo

Shift of 4:
v -> r
e -> a
m -> i
r -> n
Decrypted message: rani

Shift of 5:
v -> q
e -> z
m -> h
r -> m
Decrypted message: qzhl

The",1,1.0
vemr,rain,4,4,"By rearranging the letters of ""vemr"", we can find that the word is ""verm"". 

Now, let's try decrypting the ciphertext assuming it's a Caesar cipher with different shifts.

Shift of 1:
v -> u
e -> d
m -> l
r -> q
Decrypted message: udql

Shift of 2:
v -> t
e -> c
m -> k
r -> p
Decrypted message: tckp

Shift of 3:
v -> s
e -> b
m -> j
r -> o
Decrypted message: sbjo

Shift of 4:
v -> r
e -> a
m -> i
r -> n
Decrypted message: rani

Shift of 5:
v -> q
e -> z
m -> h
r -> m
Decrypted message: qzhl

The word ""verm"" seems to be the correct answer, indicating that the ciphertext was an anagram.",0,10,"By rearranging the letters of ""vemr"", we can find that the word is ""verm"". 

Now, let's try decrypting the ciphertext assuming it's a Caesar cipher with different shifts.

Shift of 1:
v -> u
e -> d
m -> l
r -> q
Decrypted message: udql

Shift of 2:
v -> t
e -> c
m -> k
r -> p
Decrypted message: tckp

Shift of 3:
v -> s
e -> b
m -> j
r -> o
Decrypted message: sbjo

Shift of 4:
v -> r
e -> a
m -> i
r -> n
Decrypted message: rani

Shift of 5:
v -> q
e -> z
m -> h
r -> m
Decrypted message: qzhl

The word ""verm"" seems to be the correct answer, indic",1,1.0
vemr,rain,4,4,"By rearranging the letters of ""vemr"", we can find that the word is ""verm"". 

Now, let's try decrypting the ciphertext assuming it's a Caesar cipher with different shifts.

Shift of 1:
v -> u
e -> d
m -> l
r -> q
Decrypted message: udql

Shift of 2:
v -> t
e -> c
m -> k
r -> p
Decrypted message: tckp

Shift of 3:
v -> s
e -> b
m -> j
r -> o
Decrypted message: sbjo

Shift of 4:
v -> r
e -> a
m -> i
r -> n
Decrypted message: rani

Shift of 5:
v -> q
e -> z
m -> h
r -> m
Decrypted message: qzhl

The word ""verm"" seems to be the correct answer, indicating that the ciphertext was an anagram.",0,11,"By rearranging the letters of ""vemr"", we can find that the word is ""verm"". 

Now, let's try decrypting the ciphertext assuming it's a Caesar cipher with different shifts.

Shift of 1:
v -> u
e -> d
m -> l
r -> q
Decrypted message: udql

Shift of 2:
v -> t
e -> c
m -> k
r -> p
Decrypted message: tckp

Shift of 3:
v -> s
e -> b
m -> j
r -> o
Decrypted message: sbjo

Shift of 4:
v -> r
e -> a
m -> i
r -> n
Decrypted message: rani

Shift of 5:
v -> q
e -> z
m -> h
r -> m
Decrypted message: qzhl

The word ""verm"" seems to be the correct answer, indicating that the ciphertext was an anagram.",1,1.0
asvi,wore,4,4,"The word ""visa"" can be formed from the letters in ""asvi"". Let's see if we can decrypt it using a Caesar cipher. I will try shifting the letters by 1, 2, 3, 4, and 5 positions.

Shift 1:
asvi -> btwj

Shift 2:
asvi -> cuxk

Shift 3:
asvi -> dvyl

Shift 4:
asvi -> ewzm

Shift 5:
asvi -> fxan

From the five different shifts attempted, none of them reveal a meaningful English word. Therefore, the initial assumption that the ciphertext was an anagram appears to be correct, and the word ""visa"" is the likely decryption.",0,0,"The word ""visa"" can be formed from the letters in ",0,2.0
asvi,wore,4,4,"The word ""visa"" can be formed from the letters in ""asvi"". Let's see if we can decrypt it using a Caesar cipher. I will try shifting the letters by 1, 2, 3, 4, and 5 positions.

Shift 1:
asvi -> btwj

Shift 2:
asvi -> cuxk

Shift 3:
asvi -> dvyl

Shift 4:
asvi -> ewzm

Shift 5:
asvi -> fxan

From the five different shifts attempted, none of them reveal a meaningful English word. Therefore, the initial assumption that the ciphertext was an anagram appears to be correct, and the word ""visa"" is the likely decryption.",0,1,"The word ""visa"" can be formed from the letters in ""asvi"". Let's see if we can decrypt it using a Cae",0,2.0
asvi,wore,4,4,"The word ""visa"" can be formed from the letters in ""asvi"". Let's see if we can decrypt it using a Caesar cipher. I will try shifting the letters by 1, 2, 3, 4, and 5 positions.

Shift 1:
asvi -> btwj

Shift 2:
asvi -> cuxk

Shift 3:
asvi -> dvyl

Shift 4:
asvi -> ewzm

Shift 5:
asvi -> fxan

From the five different shifts attempted, none of them reveal a meaningful English word. Therefore, the initial assumption that the ciphertext was an anagram appears to be correct, and the word ""visa"" is the likely decryption.",0,2,"The word ""visa"" can be formed from the letters in ""asvi"". Let's see if we can decrypt it using a Caesar cipher. I will try shifting the letters by 1, ",1,2.0
asvi,wore,4,4,"The word ""visa"" can be formed from the letters in ""asvi"". Let's see if we can decrypt it using a Caesar cipher. I will try shifting the letters by 1, 2, 3, 4, and 5 positions.

Shift 1:
asvi -> btwj

Shift 2:
asvi -> cuxk

Shift 3:
asvi -> dvyl

Shift 4:
asvi -> ewzm

Shift 5:
asvi -> fxan

From the five different shifts attempted, none of them reveal a meaningful English word. Therefore, the initial assumption that the ciphertext was an anagram appears to be correct, and the word ""visa"" is the likely decryption.",0,3,"The word ""visa"" can be formed from the letters in ""asvi"". Let's see if we can decrypt it using a Caesar cipher. I will try shifting the letters by 1, 2, 3, 4, and 5 positions.

Shift 1:
asvi -> btwj

",1,2.0
asvi,wore,4,4,"The word ""visa"" can be formed from the letters in ""asvi"". Let's see if we can decrypt it using a Caesar cipher. I will try shifting the letters by 1, 2, 3, 4, and 5 positions.

Shift 1:
asvi -> btwj

Shift 2:
asvi -> cuxk

Shift 3:
asvi -> dvyl

Shift 4:
asvi -> ewzm

Shift 5:
asvi -> fxan

From the five different shifts attempted, none of them reveal a meaningful English word. Therefore, the initial assumption that the ciphertext was an anagram appears to be correct, and the word ""visa"" is the likely decryption.",0,4,"The word ""visa"" can be formed from the letters in ""asvi"". Let's see if we can decrypt it using a Caesar cipher. I will try shifting the letters by 1, 2, 3, 4, and 5 positions.

Shift 1:
asvi -> btwj

Shift 2:
asvi -> cuxk

Shift 3:
asvi -> dvyl

Shif",1,2.0
asvi,wore,4,4,"The word ""visa"" can be formed from the letters in ""asvi"". Let's see if we can decrypt it using a Caesar cipher. I will try shifting the letters by 1, 2, 3, 4, and 5 positions.

Shift 1:
asvi -> btwj

Shift 2:
asvi -> cuxk

Shift 3:
asvi -> dvyl

Shift 4:
asvi -> ewzm

Shift 5:
asvi -> fxan

From the five different shifts attempted, none of them reveal a meaningful English word. Therefore, the initial assumption that the ciphertext was an anagram appears to be correct, and the word ""visa"" is the likely decryption.",0,5,"The word ""visa"" can be formed from the letters in ""asvi"". Let's see if we can decrypt it using a Caesar cipher. I will try shifting the letters by 1, 2, 3, 4, and 5 positions.

Shift 1:
asvi -> btwj

Shift 2:
asvi -> cuxk

Shift 3:
asvi -> dvyl

Shift 4:
asvi -> ewzm

Shift 5:
asvi -> fxan

From the",1,2.0
asvi,wore,4,4,"The word ""visa"" can be formed from the letters in ""asvi"". Let's see if we can decrypt it using a Caesar cipher. I will try shifting the letters by 1, 2, 3, 4, and 5 positions.

Shift 1:
asvi -> btwj

Shift 2:
asvi -> cuxk

Shift 3:
asvi -> dvyl

Shift 4:
asvi -> ewzm

Shift 5:
asvi -> fxan

From the five different shifts attempted, none of them reveal a meaningful English word. Therefore, the initial assumption that the ciphertext was an anagram appears to be correct, and the word ""visa"" is the likely decryption.",0,6,"The word ""visa"" can be formed from the letters in ""asvi"". Let's see if we can decrypt it using a Caesar cipher. I will try shifting the letters by 1, 2, 3, 4, and 5 positions.

Shift 1:
asvi -> btwj

Shift 2:
asvi -> cuxk

Shift 3:
asvi -> dvyl

Shift 4:
asvi -> ewzm

Shift 5:
asvi -> fxan

From the five different shifts attempted, none of them rev",1,2.0
asvi,wore,4,4,"The word ""visa"" can be formed from the letters in ""asvi"". Let's see if we can decrypt it using a Caesar cipher. I will try shifting the letters by 1, 2, 3, 4, and 5 positions.

Shift 1:
asvi -> btwj

Shift 2:
asvi -> cuxk

Shift 3:
asvi -> dvyl

Shift 4:
asvi -> ewzm

Shift 5:
asvi -> fxan

From the five different shifts attempted, none of them reveal a meaningful English word. Therefore, the initial assumption that the ciphertext was an anagram appears to be correct, and the word ""visa"" is the likely decryption.",0,7,"The word ""visa"" can be formed from the letters in ""asvi"". Let's see if we can decrypt it using a Caesar cipher. I will try shifting the letters by 1, 2, 3, 4, and 5 positions.

Shift 1:
asvi -> btwj

Shift 2:
asvi -> cuxk

Shift 3:
asvi -> dvyl

Shift 4:
asvi -> ewzm

Shift 5:
asvi -> fxan

From the five different shifts attempted, none of them reveal a meaningful English word. Therefore, the init",1,2.0
asvi,wore,4,4,"The word ""visa"" can be formed from the letters in ""asvi"". Let's see if we can decrypt it using a Caesar cipher. I will try shifting the letters by 1, 2, 3, 4, and 5 positions.

Shift 1:
asvi -> btwj

Shift 2:
asvi -> cuxk

Shift 3:
asvi -> dvyl

Shift 4:
asvi -> ewzm

Shift 5:
asvi -> fxan

From the five different shifts attempted, none of them reveal a meaningful English word. Therefore, the initial assumption that the ciphertext was an anagram appears to be correct, and the word ""visa"" is the likely decryption.",0,8,"The word ""visa"" can be formed from the letters in ""asvi"". Let's see if we can decrypt it using a Caesar cipher. I will try shifting the letters by 1, 2, 3, 4, and 5 positions.

Shift 1:
asvi -> btwj

Shift 2:
asvi -> cuxk

Shift 3:
asvi -> dvyl

Shift 4:
asvi -> ewzm

Shift 5:
asvi -> fxan

From the five different shifts attempted, none of them reveal a meaningful English word. Therefore, the initial assumption that the ciphertext was an anagram ",1,2.0
asvi,wore,4,4,"The word ""visa"" can be formed from the letters in ""asvi"". Let's see if we can decrypt it using a Caesar cipher. I will try shifting the letters by 1, 2, 3, 4, and 5 positions.

Shift 1:
asvi -> btwj

Shift 2:
asvi -> cuxk

Shift 3:
asvi -> dvyl

Shift 4:
asvi -> ewzm

Shift 5:
asvi -> fxan

From the five different shifts attempted, none of them reveal a meaningful English word. Therefore, the initial assumption that the ciphertext was an anagram appears to be correct, and the word ""visa"" is the likely decryption.",0,9,"The word ""visa"" can be formed from the letters in ""asvi"". Let's see if we can decrypt it using a Caesar cipher. I will try shifting the letters by 1, 2, 3, 4, and 5 positions.

Shift 1:
asvi -> btwj

Shift 2:
asvi -> cuxk

Shift 3:
asvi -> dvyl

Shift 4:
asvi -> ewzm

Shift 5:
asvi -> fxan

From the five different shifts attempted, none of them reveal a meaningful English word. Therefore, the initial assumption that the ciphertext was an anagram appears to be correct, and the word ""visa"" is the ",1,2.0
asvi,wore,4,4,"The word ""visa"" can be formed from the letters in ""asvi"". Let's see if we can decrypt it using a Caesar cipher. I will try shifting the letters by 1, 2, 3, 4, and 5 positions.

Shift 1:
asvi -> btwj

Shift 2:
asvi -> cuxk

Shift 3:
asvi -> dvyl

Shift 4:
asvi -> ewzm

Shift 5:
asvi -> fxan

From the five different shifts attempted, none of them reveal a meaningful English word. Therefore, the initial assumption that the ciphertext was an anagram appears to be correct, and the word ""visa"" is the likely decryption.",0,10,"The word ""visa"" can be formed from the letters in ""asvi"". Let's see if we can decrypt it using a Caesar cipher. I will try shifting the letters by 1, 2, 3, 4, and 5 positions.

Shift 1:
asvi -> btwj

Shift 2:
asvi -> cuxk

Shift 3:
asvi -> dvyl

Shift 4:
asvi -> ewzm

Shift 5:
asvi -> fxan

From the five different shifts attempted, none of them reveal a meaningful English word. Therefore, the initial assumption that the ciphertext was an anagram appears to be correct, and the word ""visa"" is the likely decryption.",1,2.0
htbx,cows,4,5,"After trying to unscramble the ciphertext ""htbx"", I was unable to come up with any English word. Now, I will try decrypting it with a Caesar cipher.

Shift 1:
GSAW

Shift 2:
FRZV

Shift 3:
EQYU

Shift 4:
DPXT

Shift 5:
COWS

It appears that shifting the letters by 5 positions results in the English word ""COWS"". Therefore, the decryption of the ciphertext ""htbx"" using a Caesar cipher is ""cows"".",1,0,"After trying to unscramble the ciphertext ""htbx"", ",0,1.0
htbx,cows,4,5,"After trying to unscramble the ciphertext ""htbx"", I was unable to come up with any English word. Now, I will try decrypting it with a Caesar cipher.

Shift 1:
GSAW

Shift 2:
FRZV

Shift 3:
EQYU

Shift 4:
DPXT

Shift 5:
COWS

It appears that shifting the letters by 5 positions results in the English word ""COWS"". Therefore, the decryption of the ciphertext ""htbx"" using a Caesar cipher is ""cows"".",1,1,"After trying to unscramble the ciphertext ""htbx"", I was unable to come up with any English word. Now",1,1.0
htbx,cows,4,5,"After trying to unscramble the ciphertext ""htbx"", I was unable to come up with any English word. Now, I will try decrypting it with a Caesar cipher.

Shift 1:
GSAW

Shift 2:
FRZV

Shift 3:
EQYU

Shift 4:
DPXT

Shift 5:
COWS

It appears that shifting the letters by 5 positions results in the English word ""COWS"". Therefore, the decryption of the ciphertext ""htbx"" using a Caesar cipher is ""cows"".",1,2,"After trying to unscramble the ciphertext ""htbx"", I was unable to come up with any English word. Now, I will try decrypting it with a Caesar cipher.

",1,1.0
htbx,cows,4,5,"After trying to unscramble the ciphertext ""htbx"", I was unable to come up with any English word. Now, I will try decrypting it with a Caesar cipher.

Shift 1:
GSAW

Shift 2:
FRZV

Shift 3:
EQYU

Shift 4:
DPXT

Shift 5:
COWS

It appears that shifting the letters by 5 positions results in the English word ""COWS"". Therefore, the decryption of the ciphertext ""htbx"" using a Caesar cipher is ""cows"".",1,3,"After trying to unscramble the ciphertext ""htbx"", I was unable to come up with any English word. Now, I will try decrypting it with a Caesar cipher.

Shift 1:
GSAW

Shift 2:
FRZV

Shift 3:
EQYU

Shift",1,1.0
htbx,cows,4,5,"After trying to unscramble the ciphertext ""htbx"", I was unable to come up with any English word. Now, I will try decrypting it with a Caesar cipher.

Shift 1:
GSAW

Shift 2:
FRZV

Shift 3:
EQYU

Shift 4:
DPXT

Shift 5:
COWS

It appears that shifting the letters by 5 positions results in the English word ""COWS"". Therefore, the decryption of the ciphertext ""htbx"" using a Caesar cipher is ""cows"".",1,4,"After trying to unscramble the ciphertext ""htbx"", I was unable to come up with any English word. Now, I will try decrypting it with a Caesar cipher.

Shift 1:
GSAW

Shift 2:
FRZV

Shift 3:
EQYU

Shift 4:
DPXT

Shift 5:
COWS

It appears that shifting ",1,1.0
htbx,cows,4,5,"After trying to unscramble the ciphertext ""htbx"", I was unable to come up with any English word. Now, I will try decrypting it with a Caesar cipher.

Shift 1:
GSAW

Shift 2:
FRZV

Shift 3:
EQYU

Shift 4:
DPXT

Shift 5:
COWS

It appears that shifting the letters by 5 positions results in the English word ""COWS"". Therefore, the decryption of the ciphertext ""htbx"" using a Caesar cipher is ""cows"".",1,5,"After trying to unscramble the ciphertext ""htbx"", I was unable to come up with any English word. Now, I will try decrypting it with a Caesar cipher.

Shift 1:
GSAW

Shift 2:
FRZV

Shift 3:
EQYU

Shift 4:
DPXT

Shift 5:
COWS

It appears that shifting the letters by 5 positions results in the English ",1,1.0
htbx,cows,4,5,"After trying to unscramble the ciphertext ""htbx"", I was unable to come up with any English word. Now, I will try decrypting it with a Caesar cipher.

Shift 1:
GSAW

Shift 2:
FRZV

Shift 3:
EQYU

Shift 4:
DPXT

Shift 5:
COWS

It appears that shifting the letters by 5 positions results in the English word ""COWS"". Therefore, the decryption of the ciphertext ""htbx"" using a Caesar cipher is ""cows"".",1,6,"After trying to unscramble the ciphertext ""htbx"", I was unable to come up with any English word. Now, I will try decrypting it with a Caesar cipher.

Shift 1:
GSAW

Shift 2:
FRZV

Shift 3:
EQYU

Shift 4:
DPXT

Shift 5:
COWS

It appears that shifting the letters by 5 positions results in the English word ""COWS"". Therefore, the decryption of the ciph",1,1.0
htbx,cows,4,5,"After trying to unscramble the ciphertext ""htbx"", I was unable to come up with any English word. Now, I will try decrypting it with a Caesar cipher.

Shift 1:
GSAW

Shift 2:
FRZV

Shift 3:
EQYU

Shift 4:
DPXT

Shift 5:
COWS

It appears that shifting the letters by 5 positions results in the English word ""COWS"". Therefore, the decryption of the ciphertext ""htbx"" using a Caesar cipher is ""cows"".",1,7,"After trying to unscramble the ciphertext ""htbx"", I was unable to come up with any English word. Now, I will try decrypting it with a Caesar cipher.

Shift 1:
GSAW

Shift 2:
FRZV

Shift 3:
EQYU

Shift 4:
DPXT

Shift 5:
COWS

It appears that shifting the letters by 5 positions results in the English word ""COWS"". Therefore, the decryption of the ciphertext ""htbx"" using a Caesar cipher is ""cows"".",1,1.0
bmjs,when,4,5,"After trying to unscramble the ciphertext ""bmjs"", I couldn't find any meaningful English word. Now I will try decrypting it using a Caesar cipher with different shifts.

Shift 1:
bmjs -> c n k t

Shift 2:
bmjs -> d o l u

Shift 3:
bmjs -> e p m v

Shift 4:
bmjs -> f q n w

Shift 5:
bmjs -> g r o x

After trying different shifts, I still couldn't decrypt the ciphertext ""bmjs"" using a Caesar cipher. It appears that the ciphertext might not be a simple Caesar cipher of a single English word.",0,0,"After trying to unscramble the ciphertext ""bmjs"", ",0,1.0
bmjs,when,4,5,"After trying to unscramble the ciphertext ""bmjs"", I couldn't find any meaningful English word. Now I will try decrypting it using a Caesar cipher with different shifts.

Shift 1:
bmjs -> c n k t

Shift 2:
bmjs -> d o l u

Shift 3:
bmjs -> e p m v

Shift 4:
bmjs -> f q n w

Shift 5:
bmjs -> g r o x

After trying different shifts, I still couldn't decrypt the ciphertext ""bmjs"" using a Caesar cipher. It appears that the ciphertext might not be a simple Caesar cipher of a single English word.",0,1,"After trying to unscramble the ciphertext ""bmjs"", I couldn't find any meaningful English word. Now I",1,1.0
bmjs,when,4,5,"After trying to unscramble the ciphertext ""bmjs"", I couldn't find any meaningful English word. Now I will try decrypting it using a Caesar cipher with different shifts.

Shift 1:
bmjs -> c n k t

Shift 2:
bmjs -> d o l u

Shift 3:
bmjs -> e p m v

Shift 4:
bmjs -> f q n w

Shift 5:
bmjs -> g r o x

After trying different shifts, I still couldn't decrypt the ciphertext ""bmjs"" using a Caesar cipher. It appears that the ciphertext might not be a simple Caesar cipher of a single English word.",0,2,"After trying to unscramble the ciphertext ""bmjs"", I couldn't find any meaningful English word. Now I will try decrypting it using a Caesar cipher with",1,1.0
bmjs,when,4,5,"After trying to unscramble the ciphertext ""bmjs"", I couldn't find any meaningful English word. Now I will try decrypting it using a Caesar cipher with different shifts.

Shift 1:
bmjs -> c n k t

Shift 2:
bmjs -> d o l u

Shift 3:
bmjs -> e p m v

Shift 4:
bmjs -> f q n w

Shift 5:
bmjs -> g r o x

After trying different shifts, I still couldn't decrypt the ciphertext ""bmjs"" using a Caesar cipher. It appears that the ciphertext might not be a simple Caesar cipher of a single English word.",0,3,"After trying to unscramble the ciphertext ""bmjs"", I couldn't find any meaningful English word. Now I will try decrypting it using a Caesar cipher with different shifts.

Shift 1:
bmjs -> c n k t

Shif",1,1.0
bmjs,when,4,5,"After trying to unscramble the ciphertext ""bmjs"", I couldn't find any meaningful English word. Now I will try decrypting it using a Caesar cipher with different shifts.

Shift 1:
bmjs -> c n k t

Shift 2:
bmjs -> d o l u

Shift 3:
bmjs -> e p m v

Shift 4:
bmjs -> f q n w

Shift 5:
bmjs -> g r o x

After trying different shifts, I still couldn't decrypt the ciphertext ""bmjs"" using a Caesar cipher. It appears that the ciphertext might not be a simple Caesar cipher of a single English word.",0,4,"After trying to unscramble the ciphertext ""bmjs"", I couldn't find any meaningful English word. Now I will try decrypting it using a Caesar cipher with different shifts.

Shift 1:
bmjs -> c n k t

Shift 2:
bmjs -> d o l u

Shift 3:
bmjs -> e p m v

Sh",1,1.0
bmjs,when,4,5,"After trying to unscramble the ciphertext ""bmjs"", I couldn't find any meaningful English word. Now I will try decrypting it using a Caesar cipher with different shifts.

Shift 1:
bmjs -> c n k t

Shift 2:
bmjs -> d o l u

Shift 3:
bmjs -> e p m v

Shift 4:
bmjs -> f q n w

Shift 5:
bmjs -> g r o x

After trying different shifts, I still couldn't decrypt the ciphertext ""bmjs"" using a Caesar cipher. It appears that the ciphertext might not be a simple Caesar cipher of a single English word.",0,5,"After trying to unscramble the ciphertext ""bmjs"", I couldn't find any meaningful English word. Now I will try decrypting it using a Caesar cipher with different shifts.

Shift 1:
bmjs -> c n k t

Shift 2:
bmjs -> d o l u

Shift 3:
bmjs -> e p m v

Shift 4:
bmjs -> f q n w

Shift 5:
bmjs -> g r o x

",1,1.0
bmjs,when,4,5,"After trying to unscramble the ciphertext ""bmjs"", I couldn't find any meaningful English word. Now I will try decrypting it using a Caesar cipher with different shifts.

Shift 1:
bmjs -> c n k t

Shift 2:
bmjs -> d o l u

Shift 3:
bmjs -> e p m v

Shift 4:
bmjs -> f q n w

Shift 5:
bmjs -> g r o x

After trying different shifts, I still couldn't decrypt the ciphertext ""bmjs"" using a Caesar cipher. It appears that the ciphertext might not be a simple Caesar cipher of a single English word.",0,6,"After trying to unscramble the ciphertext ""bmjs"", I couldn't find any meaningful English word. Now I will try decrypting it using a Caesar cipher with different shifts.

Shift 1:
bmjs -> c n k t

Shift 2:
bmjs -> d o l u

Shift 3:
bmjs -> e p m v

Shift 4:
bmjs -> f q n w

Shift 5:
bmjs -> g r o x

After trying different shifts, I still couldn't de",1,1.0
bmjs,when,4,5,"After trying to unscramble the ciphertext ""bmjs"", I couldn't find any meaningful English word. Now I will try decrypting it using a Caesar cipher with different shifts.

Shift 1:
bmjs -> c n k t

Shift 2:
bmjs -> d o l u

Shift 3:
bmjs -> e p m v

Shift 4:
bmjs -> f q n w

Shift 5:
bmjs -> g r o x

After trying different shifts, I still couldn't decrypt the ciphertext ""bmjs"" using a Caesar cipher. It appears that the ciphertext might not be a simple Caesar cipher of a single English word.",0,7,"After trying to unscramble the ciphertext ""bmjs"", I couldn't find any meaningful English word. Now I will try decrypting it using a Caesar cipher with different shifts.

Shift 1:
bmjs -> c n k t

Shift 2:
bmjs -> d o l u

Shift 3:
bmjs -> e p m v

Shift 4:
bmjs -> f q n w

Shift 5:
bmjs -> g r o x

After trying different shifts, I still couldn't decrypt the ciphertext ""bmjs"" using a Caesar cipher.",1,1.0
bmjs,when,4,5,"After trying to unscramble the ciphertext ""bmjs"", I couldn't find any meaningful English word. Now I will try decrypting it using a Caesar cipher with different shifts.

Shift 1:
bmjs -> c n k t

Shift 2:
bmjs -> d o l u

Shift 3:
bmjs -> e p m v

Shift 4:
bmjs -> f q n w

Shift 5:
bmjs -> g r o x

After trying different shifts, I still couldn't decrypt the ciphertext ""bmjs"" using a Caesar cipher. It appears that the ciphertext might not be a simple Caesar cipher of a single English word.",0,8,"After trying to unscramble the ciphertext ""bmjs"", I couldn't find any meaningful English word. Now I will try decrypting it using a Caesar cipher with different shifts.

Shift 1:
bmjs -> c n k t

Shift 2:
bmjs -> d o l u

Shift 3:
bmjs -> e p m v

Shift 4:
bmjs -> f q n w

Shift 5:
bmjs -> g r o x

After trying different shifts, I still couldn't decrypt the ciphertext ""bmjs"" using a Caesar cipher. It appears that the ciphertext might not be a sim",1,1.0
bmjs,when,4,5,"After trying to unscramble the ciphertext ""bmjs"", I couldn't find any meaningful English word. Now I will try decrypting it using a Caesar cipher with different shifts.

Shift 1:
bmjs -> c n k t

Shift 2:
bmjs -> d o l u

Shift 3:
bmjs -> e p m v

Shift 4:
bmjs -> f q n w

Shift 5:
bmjs -> g r o x

After trying different shifts, I still couldn't decrypt the ciphertext ""bmjs"" using a Caesar cipher. It appears that the ciphertext might not be a simple Caesar cipher of a single English word.",0,9,"After trying to unscramble the ciphertext ""bmjs"", I couldn't find any meaningful English word. Now I will try decrypting it using a Caesar cipher with different shifts.

Shift 1:
bmjs -> c n k t

Shift 2:
bmjs -> d o l u

Shift 3:
bmjs -> e p m v

Shift 4:
bmjs -> f q n w

Shift 5:
bmjs -> g r o x

After trying different shifts, I still couldn't decrypt the ciphertext ""bmjs"" using a Caesar cipher. It appears that the ciphertext might not be a simple Caesar cipher of a single English word.",1,1.0
bjwj,were,4,5,"When unscrambling ""bjwj"" as an anagram, we find that it doesn't form any recognizable English word. Let's now try decoding it as a Caesar cipher with different shifts.

Shift 1:
bjwj -> aivi

Shift 2:
bjwj -> zhuh

Shift 3:
bjwj -> ygtg

Shift 4:
bjwj -> xfsf

Shift 5:
bjwj -> werb

None of the decrypted text seems to make any sense. Let me try a different approach to decrypt the ciphertext.",0,0,"When unscrambling ""bjwj"" as an anagram, we find th",0,2.0
bjwj,were,4,5,"When unscrambling ""bjwj"" as an anagram, we find that it doesn't form any recognizable English word. Let's now try decoding it as a Caesar cipher with different shifts.

Shift 1:
bjwj -> aivi

Shift 2:
bjwj -> zhuh

Shift 3:
bjwj -> ygtg

Shift 4:
bjwj -> xfsf

Shift 5:
bjwj -> werb

None of the decrypted text seems to make any sense. Let me try a different approach to decrypt the ciphertext.",0,1,"When unscrambling ""bjwj"" as an anagram, we find that it doesn't form any recognizable English word. ",0,2.0
bjwj,were,4,5,"When unscrambling ""bjwj"" as an anagram, we find that it doesn't form any recognizable English word. Let's now try decoding it as a Caesar cipher with different shifts.

Shift 1:
bjwj -> aivi

Shift 2:
bjwj -> zhuh

Shift 3:
bjwj -> ygtg

Shift 4:
bjwj -> xfsf

Shift 5:
bjwj -> werb

None of the decrypted text seems to make any sense. Let me try a different approach to decrypt the ciphertext.",0,2,"When unscrambling ""bjwj"" as an anagram, we find that it doesn't form any recognizable English word. Let's now try decoding it as a Caesar cipher with ",1,2.0
bjwj,were,4,5,"When unscrambling ""bjwj"" as an anagram, we find that it doesn't form any recognizable English word. Let's now try decoding it as a Caesar cipher with different shifts.

Shift 1:
bjwj -> aivi

Shift 2:
bjwj -> zhuh

Shift 3:
bjwj -> ygtg

Shift 4:
bjwj -> xfsf

Shift 5:
bjwj -> werb

None of the decrypted text seems to make any sense. Let me try a different approach to decrypt the ciphertext.",0,3,"When unscrambling ""bjwj"" as an anagram, we find that it doesn't form any recognizable English word. Let's now try decoding it as a Caesar cipher with different shifts.

Shift 1:
bjwj -> aivi

Shift 2:",1,2.0
bjwj,were,4,5,"When unscrambling ""bjwj"" as an anagram, we find that it doesn't form any recognizable English word. Let's now try decoding it as a Caesar cipher with different shifts.

Shift 1:
bjwj -> aivi

Shift 2:
bjwj -> zhuh

Shift 3:
bjwj -> ygtg

Shift 4:
bjwj -> xfsf

Shift 5:
bjwj -> werb

None of the decrypted text seems to make any sense. Let me try a different approach to decrypt the ciphertext.",0,4,"When unscrambling ""bjwj"" as an anagram, we find that it doesn't form any recognizable English word. Let's now try decoding it as a Caesar cipher with different shifts.

Shift 1:
bjwj -> aivi

Shift 2:
bjwj -> zhuh

Shift 3:
bjwj -> ygtg

Shift 4:
bjw",1,2.0
bjwj,were,4,5,"When unscrambling ""bjwj"" as an anagram, we find that it doesn't form any recognizable English word. Let's now try decoding it as a Caesar cipher with different shifts.

Shift 1:
bjwj -> aivi

Shift 2:
bjwj -> zhuh

Shift 3:
bjwj -> ygtg

Shift 4:
bjwj -> xfsf

Shift 5:
bjwj -> werb

None of the decrypted text seems to make any sense. Let me try a different approach to decrypt the ciphertext.",0,5,"When unscrambling ""bjwj"" as an anagram, we find that it doesn't form any recognizable English word. Let's now try decoding it as a Caesar cipher with different shifts.

Shift 1:
bjwj -> aivi

Shift 2:
bjwj -> zhuh

Shift 3:
bjwj -> ygtg

Shift 4:
bjwj -> xfsf

Shift 5:
bjwj -> werb

None of the decr",1,2.0
bjwj,were,4,5,"When unscrambling ""bjwj"" as an anagram, we find that it doesn't form any recognizable English word. Let's now try decoding it as a Caesar cipher with different shifts.

Shift 1:
bjwj -> aivi

Shift 2:
bjwj -> zhuh

Shift 3:
bjwj -> ygtg

Shift 4:
bjwj -> xfsf

Shift 5:
bjwj -> werb

None of the decrypted text seems to make any sense. Let me try a different approach to decrypt the ciphertext.",0,6,"When unscrambling ""bjwj"" as an anagram, we find that it doesn't form any recognizable English word. Let's now try decoding it as a Caesar cipher with different shifts.

Shift 1:
bjwj -> aivi

Shift 2:
bjwj -> zhuh

Shift 3:
bjwj -> ygtg

Shift 4:
bjwj -> xfsf

Shift 5:
bjwj -> werb

None of the decrypted text seems to make any sense. Let me try a d",1,2.0
bjwj,were,4,5,"When unscrambling ""bjwj"" as an anagram, we find that it doesn't form any recognizable English word. Let's now try decoding it as a Caesar cipher with different shifts.

Shift 1:
bjwj -> aivi

Shift 2:
bjwj -> zhuh

Shift 3:
bjwj -> ygtg

Shift 4:
bjwj -> xfsf

Shift 5:
bjwj -> werb

None of the decrypted text seems to make any sense. Let me try a different approach to decrypt the ciphertext.",0,7,"When unscrambling ""bjwj"" as an anagram, we find that it doesn't form any recognizable English word. Let's now try decoding it as a Caesar cipher with different shifts.

Shift 1:
bjwj -> aivi

Shift 2:
bjwj -> zhuh

Shift 3:
bjwj -> ygtg

Shift 4:
bjwj -> xfsf

Shift 5:
bjwj -> werb

None of the decrypted text seems to make any sense. Let me try a different approach to decrypt the ciphertext.",1,2.0
tipxt,shows,5,1,"Trying different combinations, I found that ""tip"" is a valid English word.

Next, I will try to decrypt the ciphertext using a Caesar cipher with various shifts to see if I can get an English word.

1. Shift of 1: shows
2. Shift of 2: rhnqr
3. Shift of 3: qgmpq
4. Shift of 4: pflop
5. Shift of 5: oekno

Out of the attempts, ""shows"" decrypts the ciphertext ""tipxt"" using a Caesar cipher with a shift of 1.",1,0,"Trying different combinations, I found that ""tip"" ",0,1.0
tipxt,shows,5,1,"Trying different combinations, I found that ""tip"" is a valid English word.

Next, I will try to decrypt the ciphertext using a Caesar cipher with various shifts to see if I can get an English word.

1. Shift of 1: shows
2. Shift of 2: rhnqr
3. Shift of 3: qgmpq
4. Shift of 4: pflop
5. Shift of 5: oekno

Out of the attempts, ""shows"" decrypts the ciphertext ""tipxt"" using a Caesar cipher with a shift of 1.",1,1,"Trying different combinations, I found that ""tip"" is a valid English word.

Next, I will try to decr",1,1.0
tipxt,shows,5,1,"Trying different combinations, I found that ""tip"" is a valid English word.

Next, I will try to decrypt the ciphertext using a Caesar cipher with various shifts to see if I can get an English word.

1. Shift of 1: shows
2. Shift of 2: rhnqr
3. Shift of 3: qgmpq
4. Shift of 4: pflop
5. Shift of 5: oekno

Out of the attempts, ""shows"" decrypts the ciphertext ""tipxt"" using a Caesar cipher with a shift of 1.",1,2,"Trying different combinations, I found that ""tip"" is a valid English word.

Next, I will try to decrypt the ciphertext using a Caesar cipher with vari",1,1.0
tipxt,shows,5,1,"Trying different combinations, I found that ""tip"" is a valid English word.

Next, I will try to decrypt the ciphertext using a Caesar cipher with various shifts to see if I can get an English word.

1. Shift of 1: shows
2. Shift of 2: rhnqr
3. Shift of 3: qgmpq
4. Shift of 4: pflop
5. Shift of 5: oekno

Out of the attempts, ""shows"" decrypts the ciphertext ""tipxt"" using a Caesar cipher with a shift of 1.",1,3,"Trying different combinations, I found that ""tip"" is a valid English word.

Next, I will try to decrypt the ciphertext using a Caesar cipher with various shifts to see if I can get an English word.

1",1,1.0
tipxt,shows,5,1,"Trying different combinations, I found that ""tip"" is a valid English word.

Next, I will try to decrypt the ciphertext using a Caesar cipher with various shifts to see if I can get an English word.

1. Shift of 1: shows
2. Shift of 2: rhnqr
3. Shift of 3: qgmpq
4. Shift of 4: pflop
5. Shift of 5: oekno

Out of the attempts, ""shows"" decrypts the ciphertext ""tipxt"" using a Caesar cipher with a shift of 1.",1,4,"Trying different combinations, I found that ""tip"" is a valid English word.

Next, I will try to decrypt the ciphertext using a Caesar cipher with various shifts to see if I can get an English word.

1. Shift of 1: shows
2. Shift of 2: rhnqr
3. Shift ",1,1.0
tipxt,shows,5,1,"Trying different combinations, I found that ""tip"" is a valid English word.

Next, I will try to decrypt the ciphertext using a Caesar cipher with various shifts to see if I can get an English word.

1. Shift of 1: shows
2. Shift of 2: rhnqr
3. Shift of 3: qgmpq
4. Shift of 4: pflop
5. Shift of 5: oekno

Out of the attempts, ""shows"" decrypts the ciphertext ""tipxt"" using a Caesar cipher with a shift of 1.",1,5,"Trying different combinations, I found that ""tip"" is a valid English word.

Next, I will try to decrypt the ciphertext using a Caesar cipher with various shifts to see if I can get an English word.

1. Shift of 1: shows
2. Shift of 2: rhnqr
3. Shift of 3: qgmpq
4. Shift of 4: pflop
5. Shift of 5: oe",1,1.0
tipxt,shows,5,1,"Trying different combinations, I found that ""tip"" is a valid English word.

Next, I will try to decrypt the ciphertext using a Caesar cipher with various shifts to see if I can get an English word.

1. Shift of 1: shows
2. Shift of 2: rhnqr
3. Shift of 3: qgmpq
4. Shift of 4: pflop
5. Shift of 5: oekno

Out of the attempts, ""shows"" decrypts the ciphertext ""tipxt"" using a Caesar cipher with a shift of 1.",1,6,"Trying different combinations, I found that ""tip"" is a valid English word.

Next, I will try to decrypt the ciphertext using a Caesar cipher with various shifts to see if I can get an English word.

1. Shift of 1: shows
2. Shift of 2: rhnqr
3. Shift of 3: qgmpq
4. Shift of 4: pflop
5. Shift of 5: oekno

Out of the attempts, ""shows"" decrypts the cip",1,1.0
tipxt,shows,5,1,"Trying different combinations, I found that ""tip"" is a valid English word.

Next, I will try to decrypt the ciphertext using a Caesar cipher with various shifts to see if I can get an English word.

1. Shift of 1: shows
2. Shift of 2: rhnqr
3. Shift of 3: qgmpq
4. Shift of 4: pflop
5. Shift of 5: oekno

Out of the attempts, ""shows"" decrypts the ciphertext ""tipxt"" using a Caesar cipher with a shift of 1.",1,7,"Trying different combinations, I found that ""tip"" is a valid English word.

Next, I will try to decrypt the ciphertext using a Caesar cipher with various shifts to see if I can get an English word.

1. Shift of 1: shows
2. Shift of 2: rhnqr
3. Shift of 3: qgmpq
4. Shift of 4: pflop
5. Shift of 5: oekno

Out of the attempts, ""shows"" decrypts the ciphertext ""tipxt"" using a Caesar cipher with a shift",1,1.0
tipxt,shows,5,1,"Trying different combinations, I found that ""tip"" is a valid English word.

Next, I will try to decrypt the ciphertext using a Caesar cipher with various shifts to see if I can get an English word.

1. Shift of 1: shows
2. Shift of 2: rhnqr
3. Shift of 3: qgmpq
4. Shift of 4: pflop
5. Shift of 5: oekno

Out of the attempts, ""shows"" decrypts the ciphertext ""tipxt"" using a Caesar cipher with a shift of 1.",1,8,"Trying different combinations, I found that ""tip"" is a valid English word.

Next, I will try to decrypt the ciphertext using a Caesar cipher with various shifts to see if I can get an English word.

1. Shift of 1: shows
2. Shift of 2: rhnqr
3. Shift of 3: qgmpq
4. Shift of 4: pflop
5. Shift of 5: oekno

Out of the attempts, ""shows"" decrypts the ciphertext ""tipxt"" using a Caesar cipher with a shift of 1.",1,1.0
csboe,brand,5,1,"After trying to unscramble the word ""csboe"" with no success, I will now try decrypting it using a Caesar cipher with different shift values:

Shift 1:
csboe -> drcpf

Shift 2:
csboe -> etdqf

Shift 3:
csboe -> furqf

Shift 4:
csboe -> gvsrg

Shift 5:
csboe -> hwsth

None of the decrypted words make sense, so I will continue trying different shift values to see if I can find the correct one. Let's continue with more shifts.",0,0,"After trying to unscramble the word ""csboe"" with n",0,1.0
csboe,brand,5,1,"After trying to unscramble the word ""csboe"" with no success, I will now try decrypting it using a Caesar cipher with different shift values:

Shift 1:
csboe -> drcpf

Shift 2:
csboe -> etdqf

Shift 3:
csboe -> furqf

Shift 4:
csboe -> gvsrg

Shift 5:
csboe -> hwsth

None of the decrypted words make sense, so I will continue trying different shift values to see if I can find the correct one. Let's continue with more shifts.",0,1,"After trying to unscramble the word ""csboe"" with no success, I will now try decrypting it using a Ca",1,1.0
csboe,brand,5,1,"After trying to unscramble the word ""csboe"" with no success, I will now try decrypting it using a Caesar cipher with different shift values:

Shift 1:
csboe -> drcpf

Shift 2:
csboe -> etdqf

Shift 3:
csboe -> furqf

Shift 4:
csboe -> gvsrg

Shift 5:
csboe -> hwsth

None of the decrypted words make sense, so I will continue trying different shift values to see if I can find the correct one. Let's continue with more shifts.",0,2,"After trying to unscramble the word ""csboe"" with no success, I will now try decrypting it using a Caesar cipher with different shift values:

Shift 1:",1,1.0
csboe,brand,5,1,"After trying to unscramble the word ""csboe"" with no success, I will now try decrypting it using a Caesar cipher with different shift values:

Shift 1:
csboe -> drcpf

Shift 2:
csboe -> etdqf

Shift 3:
csboe -> furqf

Shift 4:
csboe -> gvsrg

Shift 5:
csboe -> hwsth

None of the decrypted words make sense, so I will continue trying different shift values to see if I can find the correct one. Let's continue with more shifts.",0,3,"After trying to unscramble the word ""csboe"" with no success, I will now try decrypting it using a Caesar cipher with different shift values:

Shift 1:
csboe -> drcpf

Shift 2:
csboe -> etdqf

Shift 3:",1,1.0
csboe,brand,5,1,"After trying to unscramble the word ""csboe"" with no success, I will now try decrypting it using a Caesar cipher with different shift values:

Shift 1:
csboe -> drcpf

Shift 2:
csboe -> etdqf

Shift 3:
csboe -> furqf

Shift 4:
csboe -> gvsrg

Shift 5:
csboe -> hwsth

None of the decrypted words make sense, so I will continue trying different shift values to see if I can find the correct one. Let's continue with more shifts.",0,4,"After trying to unscramble the word ""csboe"" with no success, I will now try decrypting it using a Caesar cipher with different shift values:

Shift 1:
csboe -> drcpf

Shift 2:
csboe -> etdqf

Shift 3:
csboe -> furqf

Shift 4:
csboe -> gvsrg

Shift 5:",1,1.0
csboe,brand,5,1,"After trying to unscramble the word ""csboe"" with no success, I will now try decrypting it using a Caesar cipher with different shift values:

Shift 1:
csboe -> drcpf

Shift 2:
csboe -> etdqf

Shift 3:
csboe -> furqf

Shift 4:
csboe -> gvsrg

Shift 5:
csboe -> hwsth

None of the decrypted words make sense, so I will continue trying different shift values to see if I can find the correct one. Let's continue with more shifts.",0,5,"After trying to unscramble the word ""csboe"" with no success, I will now try decrypting it using a Caesar cipher with different shift values:

Shift 1:
csboe -> drcpf

Shift 2:
csboe -> etdqf

Shift 3:
csboe -> furqf

Shift 4:
csboe -> gvsrg

Shift 5:
csboe -> hwsth

None of the decrypted words make ",1,1.0
csboe,brand,5,1,"After trying to unscramble the word ""csboe"" with no success, I will now try decrypting it using a Caesar cipher with different shift values:

Shift 1:
csboe -> drcpf

Shift 2:
csboe -> etdqf

Shift 3:
csboe -> furqf

Shift 4:
csboe -> gvsrg

Shift 5:
csboe -> hwsth

None of the decrypted words make sense, so I will continue trying different shift values to see if I can find the correct one. Let's continue with more shifts.",0,6,"After trying to unscramble the word ""csboe"" with no success, I will now try decrypting it using a Caesar cipher with different shift values:

Shift 1:
csboe -> drcpf

Shift 2:
csboe -> etdqf

Shift 3:
csboe -> furqf

Shift 4:
csboe -> gvsrg

Shift 5:
csboe -> hwsth

None of the decrypted words make sense, so I will continue trying different shift v",1,1.0
csboe,brand,5,1,"After trying to unscramble the word ""csboe"" with no success, I will now try decrypting it using a Caesar cipher with different shift values:

Shift 1:
csboe -> drcpf

Shift 2:
csboe -> etdqf

Shift 3:
csboe -> furqf

Shift 4:
csboe -> gvsrg

Shift 5:
csboe -> hwsth

None of the decrypted words make sense, so I will continue trying different shift values to see if I can find the correct one. Let's continue with more shifts.",0,7,"After trying to unscramble the word ""csboe"" with no success, I will now try decrypting it using a Caesar cipher with different shift values:

Shift 1:
csboe -> drcpf

Shift 2:
csboe -> etdqf

Shift 3:
csboe -> furqf

Shift 4:
csboe -> gvsrg

Shift 5:
csboe -> hwsth

None of the decrypted words make sense, so I will continue trying different shift values to see if I can find the correct one. Let's ",1,1.0
csboe,brand,5,1,"After trying to unscramble the word ""csboe"" with no success, I will now try decrypting it using a Caesar cipher with different shift values:

Shift 1:
csboe -> drcpf

Shift 2:
csboe -> etdqf

Shift 3:
csboe -> furqf

Shift 4:
csboe -> gvsrg

Shift 5:
csboe -> hwsth

None of the decrypted words make sense, so I will continue trying different shift values to see if I can find the correct one. Let's continue with more shifts.",0,8,"After trying to unscramble the word ""csboe"" with no success, I will now try decrypting it using a Caesar cipher with different shift values:

Shift 1:
csboe -> drcpf

Shift 2:
csboe -> etdqf

Shift 3:
csboe -> furqf

Shift 4:
csboe -> gvsrg

Shift 5:
csboe -> hwsth

None of the decrypted words make sense, so I will continue trying different shift values to see if I can find the correct one. Let's continue with more shifts.",1,1.0
xifsf,where,5,1,"After trying to unscramble the ciphertext ""xifsf"", I couldn't find any English word that fits. Now, I'll try decrypting it using a Caesar cipher with different shifts.

Shift 1:
xifsf -> where

Shift 2:
xifsf -> vdefs

Shift 3:
xifsf -> udcer

Shift 4:
xifsf -> tcdbq

Shift 5:
xifsf -> sbcap

None of the attempts at decrypting the ciphertext using a Caesar cipher revealed an English word. It seems most likely that the ciphertext is not a simple Caesar cipher.",1,0,"After trying to unscramble the ciphertext ""xifsf"",",0,1.0
xifsf,where,5,1,"After trying to unscramble the ciphertext ""xifsf"", I couldn't find any English word that fits. Now, I'll try decrypting it using a Caesar cipher with different shifts.

Shift 1:
xifsf -> where

Shift 2:
xifsf -> vdefs

Shift 3:
xifsf -> udcer

Shift 4:
xifsf -> tcdbq

Shift 5:
xifsf -> sbcap

None of the attempts at decrypting the ciphertext using a Caesar cipher revealed an English word. It seems most likely that the ciphertext is not a simple Caesar cipher.",1,1,"After trying to unscramble the ciphertext ""xifsf"", I couldn't find any English word that fits. Now, ",1,1.0
xifsf,where,5,1,"After trying to unscramble the ciphertext ""xifsf"", I couldn't find any English word that fits. Now, I'll try decrypting it using a Caesar cipher with different shifts.

Shift 1:
xifsf -> where

Shift 2:
xifsf -> vdefs

Shift 3:
xifsf -> udcer

Shift 4:
xifsf -> tcdbq

Shift 5:
xifsf -> sbcap

None of the attempts at decrypting the ciphertext using a Caesar cipher revealed an English word. It seems most likely that the ciphertext is not a simple Caesar cipher.",1,2,"After trying to unscramble the ciphertext ""xifsf"", I couldn't find any English word that fits. Now, I'll try decrypting it using a Caesar cipher with ",1,1.0
xifsf,where,5,1,"After trying to unscramble the ciphertext ""xifsf"", I couldn't find any English word that fits. Now, I'll try decrypting it using a Caesar cipher with different shifts.

Shift 1:
xifsf -> where

Shift 2:
xifsf -> vdefs

Shift 3:
xifsf -> udcer

Shift 4:
xifsf -> tcdbq

Shift 5:
xifsf -> sbcap

None of the attempts at decrypting the ciphertext using a Caesar cipher revealed an English word. It seems most likely that the ciphertext is not a simple Caesar cipher.",1,3,"After trying to unscramble the ciphertext ""xifsf"", I couldn't find any English word that fits. Now, I'll try decrypting it using a Caesar cipher with different shifts.

Shift 1:
xifsf -> where

Shift ",1,1.0
xifsf,where,5,1,"After trying to unscramble the ciphertext ""xifsf"", I couldn't find any English word that fits. Now, I'll try decrypting it using a Caesar cipher with different shifts.

Shift 1:
xifsf -> where

Shift 2:
xifsf -> vdefs

Shift 3:
xifsf -> udcer

Shift 4:
xifsf -> tcdbq

Shift 5:
xifsf -> sbcap

None of the attempts at decrypting the ciphertext using a Caesar cipher revealed an English word. It seems most likely that the ciphertext is not a simple Caesar cipher.",1,4,"After trying to unscramble the ciphertext ""xifsf"", I couldn't find any English word that fits. Now, I'll try decrypting it using a Caesar cipher with different shifts.

Shift 1:
xifsf -> where

Shift 2:
xifsf -> vdefs

Shift 3:
xifsf -> udcer

Shift ",1,1.0
xifsf,where,5,1,"After trying to unscramble the ciphertext ""xifsf"", I couldn't find any English word that fits. Now, I'll try decrypting it using a Caesar cipher with different shifts.

Shift 1:
xifsf -> where

Shift 2:
xifsf -> vdefs

Shift 3:
xifsf -> udcer

Shift 4:
xifsf -> tcdbq

Shift 5:
xifsf -> sbcap

None of the attempts at decrypting the ciphertext using a Caesar cipher revealed an English word. It seems most likely that the ciphertext is not a simple Caesar cipher.",1,5,"After trying to unscramble the ciphertext ""xifsf"", I couldn't find any English word that fits. Now, I'll try decrypting it using a Caesar cipher with different shifts.

Shift 1:
xifsf -> where

Shift 2:
xifsf -> vdefs

Shift 3:
xifsf -> udcer

Shift 4:
xifsf -> tcdbq

Shift 5:
xifsf -> sbcap

None o",1,1.0
xifsf,where,5,1,"After trying to unscramble the ciphertext ""xifsf"", I couldn't find any English word that fits. Now, I'll try decrypting it using a Caesar cipher with different shifts.

Shift 1:
xifsf -> where

Shift 2:
xifsf -> vdefs

Shift 3:
xifsf -> udcer

Shift 4:
xifsf -> tcdbq

Shift 5:
xifsf -> sbcap

None of the attempts at decrypting the ciphertext using a Caesar cipher revealed an English word. It seems most likely that the ciphertext is not a simple Caesar cipher.",1,6,"After trying to unscramble the ciphertext ""xifsf"", I couldn't find any English word that fits. Now, I'll try decrypting it using a Caesar cipher with different shifts.

Shift 1:
xifsf -> where

Shift 2:
xifsf -> vdefs

Shift 3:
xifsf -> udcer

Shift 4:
xifsf -> tcdbq

Shift 5:
xifsf -> sbcap

None of the attempts at decrypting the ciphertext using ",1,1.0
xifsf,where,5,1,"After trying to unscramble the ciphertext ""xifsf"", I couldn't find any English word that fits. Now, I'll try decrypting it using a Caesar cipher with different shifts.

Shift 1:
xifsf -> where

Shift 2:
xifsf -> vdefs

Shift 3:
xifsf -> udcer

Shift 4:
xifsf -> tcdbq

Shift 5:
xifsf -> sbcap

None of the attempts at decrypting the ciphertext using a Caesar cipher revealed an English word. It seems most likely that the ciphertext is not a simple Caesar cipher.",1,7,"After trying to unscramble the ciphertext ""xifsf"", I couldn't find any English word that fits. Now, I'll try decrypting it using a Caesar cipher with different shifts.

Shift 1:
xifsf -> where

Shift 2:
xifsf -> vdefs

Shift 3:
xifsf -> udcer

Shift 4:
xifsf -> tcdbq

Shift 5:
xifsf -> sbcap

None of the attempts at decrypting the ciphertext using a Caesar cipher revealed an English word. It seems",1,1.0
xifsf,where,5,1,"After trying to unscramble the ciphertext ""xifsf"", I couldn't find any English word that fits. Now, I'll try decrypting it using a Caesar cipher with different shifts.

Shift 1:
xifsf -> where

Shift 2:
xifsf -> vdefs

Shift 3:
xifsf -> udcer

Shift 4:
xifsf -> tcdbq

Shift 5:
xifsf -> sbcap

None of the attempts at decrypting the ciphertext using a Caesar cipher revealed an English word. It seems most likely that the ciphertext is not a simple Caesar cipher.",1,8,"After trying to unscramble the ciphertext ""xifsf"", I couldn't find any English word that fits. Now, I'll try decrypting it using a Caesar cipher with different shifts.

Shift 1:
xifsf -> where

Shift 2:
xifsf -> vdefs

Shift 3:
xifsf -> udcer

Shift 4:
xifsf -> tcdbq

Shift 5:
xifsf -> sbcap

None of the attempts at decrypting the ciphertext using a Caesar cipher revealed an English word. It seems most likely that the ciphertext is not a simple C",1,1.0
xifsf,where,5,1,"After trying to unscramble the ciphertext ""xifsf"", I couldn't find any English word that fits. Now, I'll try decrypting it using a Caesar cipher with different shifts.

Shift 1:
xifsf -> where

Shift 2:
xifsf -> vdefs

Shift 3:
xifsf -> udcer

Shift 4:
xifsf -> tcdbq

Shift 5:
xifsf -> sbcap

None of the attempts at decrypting the ciphertext using a Caesar cipher revealed an English word. It seems most likely that the ciphertext is not a simple Caesar cipher.",1,9,"After trying to unscramble the ciphertext ""xifsf"", I couldn't find any English word that fits. Now, I'll try decrypting it using a Caesar cipher with different shifts.

Shift 1:
xifsf -> where

Shift 2:
xifsf -> vdefs

Shift 3:
xifsf -> udcer

Shift 4:
xifsf -> tcdbq

Shift 5:
xifsf -> sbcap

None of the attempts at decrypting the ciphertext using a Caesar cipher revealed an English word. It seems most likely that the ciphertext is not a simple Caesar cipher.",1,1.0
uvcig,stage,5,2,"After trying different combinations, I couldn't find an English word by unscrambling the ciphertext ""uvcig"". 
Next, I will try decrypting the ciphertext using a Caesar cipher with different shifts:

Shift 1: tubhf
Shift 2: stage
Shift 3: rzgfd
Shift 4: qyfec
Shift 5: pxedb

Among these attempts, ""stage"" seems to be a valid English word, so the ciphertext ""uvcig"" likely corresponds to ""stage"" with a Caesar shift of 2.

Therefore, the decrypted word is ""stage"" with a Caesar shift of 2.",1,0,"After trying different combinations, I couldn't fi",0,2.0
uvcig,stage,5,2,"After trying different combinations, I couldn't find an English word by unscrambling the ciphertext ""uvcig"". 
Next, I will try decrypting the ciphertext using a Caesar cipher with different shifts:

Shift 1: tubhf
Shift 2: stage
Shift 3: rzgfd
Shift 4: qyfec
Shift 5: pxedb

Among these attempts, ""stage"" seems to be a valid English word, so the ciphertext ""uvcig"" likely corresponds to ""stage"" with a Caesar shift of 2.

Therefore, the decrypted word is ""stage"" with a Caesar shift of 2.",1,1,"After trying different combinations, I couldn't find an English word by unscrambling the ciphertext ",0,2.0
uvcig,stage,5,2,"After trying different combinations, I couldn't find an English word by unscrambling the ciphertext ""uvcig"". 
Next, I will try decrypting the ciphertext using a Caesar cipher with different shifts:

Shift 1: tubhf
Shift 2: stage
Shift 3: rzgfd
Shift 4: qyfec
Shift 5: pxedb

Among these attempts, ""stage"" seems to be a valid English word, so the ciphertext ""uvcig"" likely corresponds to ""stage"" with a Caesar shift of 2.

Therefore, the decrypted word is ""stage"" with a Caesar shift of 2.",1,2,"After trying different combinations, I couldn't find an English word by unscrambling the ciphertext ""uvcig"". 
Next, I will try decrypting the cipherte",1,2.0
uvcig,stage,5,2,"After trying different combinations, I couldn't find an English word by unscrambling the ciphertext ""uvcig"". 
Next, I will try decrypting the ciphertext using a Caesar cipher with different shifts:

Shift 1: tubhf
Shift 2: stage
Shift 3: rzgfd
Shift 4: qyfec
Shift 5: pxedb

Among these attempts, ""stage"" seems to be a valid English word, so the ciphertext ""uvcig"" likely corresponds to ""stage"" with a Caesar shift of 2.

Therefore, the decrypted word is ""stage"" with a Caesar shift of 2.",1,3,"After trying different combinations, I couldn't find an English word by unscrambling the ciphertext ""uvcig"". 
Next, I will try decrypting the ciphertext using a Caesar cipher with different shifts:

S",1,2.0
uvcig,stage,5,2,"After trying different combinations, I couldn't find an English word by unscrambling the ciphertext ""uvcig"". 
Next, I will try decrypting the ciphertext using a Caesar cipher with different shifts:

Shift 1: tubhf
Shift 2: stage
Shift 3: rzgfd
Shift 4: qyfec
Shift 5: pxedb

Among these attempts, ""stage"" seems to be a valid English word, so the ciphertext ""uvcig"" likely corresponds to ""stage"" with a Caesar shift of 2.

Therefore, the decrypted word is ""stage"" with a Caesar shift of 2.",1,4,"After trying different combinations, I couldn't find an English word by unscrambling the ciphertext ""uvcig"". 
Next, I will try decrypting the ciphertext using a Caesar cipher with different shifts:

Shift 1: tubhf
Shift 2: stage
Shift 3: rzgfd
Shift ",1,2.0
uvcig,stage,5,2,"After trying different combinations, I couldn't find an English word by unscrambling the ciphertext ""uvcig"". 
Next, I will try decrypting the ciphertext using a Caesar cipher with different shifts:

Shift 1: tubhf
Shift 2: stage
Shift 3: rzgfd
Shift 4: qyfec
Shift 5: pxedb

Among these attempts, ""stage"" seems to be a valid English word, so the ciphertext ""uvcig"" likely corresponds to ""stage"" with a Caesar shift of 2.

Therefore, the decrypted word is ""stage"" with a Caesar shift of 2.",1,5,"After trying different combinations, I couldn't find an English word by unscrambling the ciphertext ""uvcig"". 
Next, I will try decrypting the ciphertext using a Caesar cipher with different shifts:

Shift 1: tubhf
Shift 2: stage
Shift 3: rzgfd
Shift 4: qyfec
Shift 5: pxedb

Among these attempts, ""st",1,2.0
uvcig,stage,5,2,"After trying different combinations, I couldn't find an English word by unscrambling the ciphertext ""uvcig"". 
Next, I will try decrypting the ciphertext using a Caesar cipher with different shifts:

Shift 1: tubhf
Shift 2: stage
Shift 3: rzgfd
Shift 4: qyfec
Shift 5: pxedb

Among these attempts, ""stage"" seems to be a valid English word, so the ciphertext ""uvcig"" likely corresponds to ""stage"" with a Caesar shift of 2.

Therefore, the decrypted word is ""stage"" with a Caesar shift of 2.",1,6,"After trying different combinations, I couldn't find an English word by unscrambling the ciphertext ""uvcig"". 
Next, I will try decrypting the ciphertext using a Caesar cipher with different shifts:

Shift 1: tubhf
Shift 2: stage
Shift 3: rzgfd
Shift 4: qyfec
Shift 5: pxedb

Among these attempts, ""stage"" seems to be a valid English word, so the ciph",1,2.0
uvcig,stage,5,2,"After trying different combinations, I couldn't find an English word by unscrambling the ciphertext ""uvcig"". 
Next, I will try decrypting the ciphertext using a Caesar cipher with different shifts:

Shift 1: tubhf
Shift 2: stage
Shift 3: rzgfd
Shift 4: qyfec
Shift 5: pxedb

Among these attempts, ""stage"" seems to be a valid English word, so the ciphertext ""uvcig"" likely corresponds to ""stage"" with a Caesar shift of 2.

Therefore, the decrypted word is ""stage"" with a Caesar shift of 2.",1,7,"After trying different combinations, I couldn't find an English word by unscrambling the ciphertext ""uvcig"". 
Next, I will try decrypting the ciphertext using a Caesar cipher with different shifts:

Shift 1: tubhf
Shift 2: stage
Shift 3: rzgfd
Shift 4: qyfec
Shift 5: pxedb

Among these attempts, ""stage"" seems to be a valid English word, so the ciphertext ""uvcig"" likely corresponds to ""stage"" with ",1,2.0
uvcig,stage,5,2,"After trying different combinations, I couldn't find an English word by unscrambling the ciphertext ""uvcig"". 
Next, I will try decrypting the ciphertext using a Caesar cipher with different shifts:

Shift 1: tubhf
Shift 2: stage
Shift 3: rzgfd
Shift 4: qyfec
Shift 5: pxedb

Among these attempts, ""stage"" seems to be a valid English word, so the ciphertext ""uvcig"" likely corresponds to ""stage"" with a Caesar shift of 2.

Therefore, the decrypted word is ""stage"" with a Caesar shift of 2.",1,8,"After trying different combinations, I couldn't find an English word by unscrambling the ciphertext ""uvcig"". 
Next, I will try decrypting the ciphertext using a Caesar cipher with different shifts:

Shift 1: tubhf
Shift 2: stage
Shift 3: rzgfd
Shift 4: qyfec
Shift 5: pxedb

Among these attempts, ""stage"" seems to be a valid English word, so the ciphertext ""uvcig"" likely corresponds to ""stage"" with a Caesar shift of 2.

Therefore, the decrypted wor",1,2.0
uvcig,stage,5,2,"After trying different combinations, I couldn't find an English word by unscrambling the ciphertext ""uvcig"". 
Next, I will try decrypting the ciphertext using a Caesar cipher with different shifts:

Shift 1: tubhf
Shift 2: stage
Shift 3: rzgfd
Shift 4: qyfec
Shift 5: pxedb

Among these attempts, ""stage"" seems to be a valid English word, so the ciphertext ""uvcig"" likely corresponds to ""stage"" with a Caesar shift of 2.

Therefore, the decrypted word is ""stage"" with a Caesar shift of 2.",1,9,"After trying different combinations, I couldn't find an English word by unscrambling the ciphertext ""uvcig"". 
Next, I will try decrypting the ciphertext using a Caesar cipher with different shifts:

Shift 1: tubhf
Shift 2: stage
Shift 3: rzgfd
Shift 4: qyfec
Shift 5: pxedb

Among these attempts, ""stage"" seems to be a valid English word, so the ciphertext ""uvcig"" likely corresponds to ""stage"" with a Caesar shift of 2.

Therefore, the decrypted word is ""stage"" with a Caesar shift of 2.",1,2.0
uvgru,steps,5,2,"After trying to unscramble the ciphertext ""uvgru"" as an anagram, I couldn't find any meaningful English word. Now I'll try to decrypt it using Caesar cipher for all possible shifts.

Shift 1: tugqt
Shift 2: stfpt
Shift 3: rsfou
Shift 4: qrept
Shift 5: qpdos

None of the shifts resulted in a meaningful English word. Let me know if you would like me to try any other decryption methods.",0,0,"After trying to unscramble the ciphertext ""uvgru"" ",0,2.0
uvgru,steps,5,2,"After trying to unscramble the ciphertext ""uvgru"" as an anagram, I couldn't find any meaningful English word. Now I'll try to decrypt it using Caesar cipher for all possible shifts.

Shift 1: tugqt
Shift 2: stfpt
Shift 3: rsfou
Shift 4: qrept
Shift 5: qpdos

None of the shifts resulted in a meaningful English word. Let me know if you would like me to try any other decryption methods.",0,1,"After trying to unscramble the ciphertext ""uvgru"" as an anagram, I couldn't find any meaningful Engl",0,2.0
uvgru,steps,5,2,"After trying to unscramble the ciphertext ""uvgru"" as an anagram, I couldn't find any meaningful English word. Now I'll try to decrypt it using Caesar cipher for all possible shifts.

Shift 1: tugqt
Shift 2: stfpt
Shift 3: rsfou
Shift 4: qrept
Shift 5: qpdos

None of the shifts resulted in a meaningful English word. Let me know if you would like me to try any other decryption methods.",0,2,"After trying to unscramble the ciphertext ""uvgru"" as an anagram, I couldn't find any meaningful English word. Now I'll try to decrypt it using Caesar ",1,2.0
uvgru,steps,5,2,"After trying to unscramble the ciphertext ""uvgru"" as an anagram, I couldn't find any meaningful English word. Now I'll try to decrypt it using Caesar cipher for all possible shifts.

Shift 1: tugqt
Shift 2: stfpt
Shift 3: rsfou
Shift 4: qrept
Shift 5: qpdos

None of the shifts resulted in a meaningful English word. Let me know if you would like me to try any other decryption methods.",0,3,"After trying to unscramble the ciphertext ""uvgru"" as an anagram, I couldn't find any meaningful English word. Now I'll try to decrypt it using Caesar cipher for all possible shifts.

Shift 1: tugqt
Sh",1,2.0
uvgru,steps,5,2,"After trying to unscramble the ciphertext ""uvgru"" as an anagram, I couldn't find any meaningful English word. Now I'll try to decrypt it using Caesar cipher for all possible shifts.

Shift 1: tugqt
Shift 2: stfpt
Shift 3: rsfou
Shift 4: qrept
Shift 5: qpdos

None of the shifts resulted in a meaningful English word. Let me know if you would like me to try any other decryption methods.",0,4,"After trying to unscramble the ciphertext ""uvgru"" as an anagram, I couldn't find any meaningful English word. Now I'll try to decrypt it using Caesar cipher for all possible shifts.

Shift 1: tugqt
Shift 2: stfpt
Shift 3: rsfou
Shift 4: qrept
Shift 5",1,2.0
uvgru,steps,5,2,"After trying to unscramble the ciphertext ""uvgru"" as an anagram, I couldn't find any meaningful English word. Now I'll try to decrypt it using Caesar cipher for all possible shifts.

Shift 1: tugqt
Shift 2: stfpt
Shift 3: rsfou
Shift 4: qrept
Shift 5: qpdos

None of the shifts resulted in a meaningful English word. Let me know if you would like me to try any other decryption methods.",0,5,"After trying to unscramble the ciphertext ""uvgru"" as an anagram, I couldn't find any meaningful English word. Now I'll try to decrypt it using Caesar cipher for all possible shifts.

Shift 1: tugqt
Shift 2: stfpt
Shift 3: rsfou
Shift 4: qrept
Shift 5: qpdos

None of the shifts resulted in a meaningf",1,2.0
uvgru,steps,5,2,"After trying to unscramble the ciphertext ""uvgru"" as an anagram, I couldn't find any meaningful English word. Now I'll try to decrypt it using Caesar cipher for all possible shifts.

Shift 1: tugqt
Shift 2: stfpt
Shift 3: rsfou
Shift 4: qrept
Shift 5: qpdos

None of the shifts resulted in a meaningful English word. Let me know if you would like me to try any other decryption methods.",0,6,"After trying to unscramble the ciphertext ""uvgru"" as an anagram, I couldn't find any meaningful English word. Now I'll try to decrypt it using Caesar cipher for all possible shifts.

Shift 1: tugqt
Shift 2: stfpt
Shift 3: rsfou
Shift 4: qrept
Shift 5: qpdos

None of the shifts resulted in a meaningful English word. Let me know if you would like me ",1,2.0
uvgru,steps,5,2,"After trying to unscramble the ciphertext ""uvgru"" as an anagram, I couldn't find any meaningful English word. Now I'll try to decrypt it using Caesar cipher for all possible shifts.

Shift 1: tugqt
Shift 2: stfpt
Shift 3: rsfou
Shift 4: qrept
Shift 5: qpdos

None of the shifts resulted in a meaningful English word. Let me know if you would like me to try any other decryption methods.",0,7,"After trying to unscramble the ciphertext ""uvgru"" as an anagram, I couldn't find any meaningful English word. Now I'll try to decrypt it using Caesar cipher for all possible shifts.

Shift 1: tugqt
Shift 2: stfpt
Shift 3: rsfou
Shift 4: qrept
Shift 5: qpdos

None of the shifts resulted in a meaningful English word. Let me know if you would like me to try any other decryption methods.",1,2.0
kfgcu,ideas,5,2,"When unscrambled, the ciphertext ""kfgcu"" becomes the word ""fugck"". 

Next, I'll try decrypting the ciphertext using a Caesar cipher with different shifts:

Shift 1: jefbt
Shift 2: ideas
Shift 3: hcdzr
Shift 4: gbcyq
Shift 5: fabxp

Using different shifts did not result in meaningful English words. Therefore, the ciphertext ""kfgcu"" does not appear to be a Caesar cipher.",1,0,"When unscrambled, the ciphertext ""kfgcu"" becomes t",0,1.0
kfgcu,ideas,5,2,"When unscrambled, the ciphertext ""kfgcu"" becomes the word ""fugck"". 

Next, I'll try decrypting the ciphertext using a Caesar cipher with different shifts:

Shift 1: jefbt
Shift 2: ideas
Shift 3: hcdzr
Shift 4: gbcyq
Shift 5: fabxp

Using different shifts did not result in meaningful English words. Therefore, the ciphertext ""kfgcu"" does not appear to be a Caesar cipher.",1,1,"When unscrambled, the ciphertext ""kfgcu"" becomes the word ""fugck"". 

Next, I'll try decrypting the c",1,1.0
kfgcu,ideas,5,2,"When unscrambled, the ciphertext ""kfgcu"" becomes the word ""fugck"". 

Next, I'll try decrypting the ciphertext using a Caesar cipher with different shifts:

Shift 1: jefbt
Shift 2: ideas
Shift 3: hcdzr
Shift 4: gbcyq
Shift 5: fabxp

Using different shifts did not result in meaningful English words. Therefore, the ciphertext ""kfgcu"" does not appear to be a Caesar cipher.",1,2,"When unscrambled, the ciphertext ""kfgcu"" becomes the word ""fugck"". 

Next, I'll try decrypting the ciphertext using a Caesar cipher with different shi",1,1.0
kfgcu,ideas,5,2,"When unscrambled, the ciphertext ""kfgcu"" becomes the word ""fugck"". 

Next, I'll try decrypting the ciphertext using a Caesar cipher with different shifts:

Shift 1: jefbt
Shift 2: ideas
Shift 3: hcdzr
Shift 4: gbcyq
Shift 5: fabxp

Using different shifts did not result in meaningful English words. Therefore, the ciphertext ""kfgcu"" does not appear to be a Caesar cipher.",1,3,"When unscrambled, the ciphertext ""kfgcu"" becomes the word ""fugck"". 

Next, I'll try decrypting the ciphertext using a Caesar cipher with different shifts:

Shift 1: jefbt
Shift 2: ideas
Shift 3: hcdzr",1,1.0
kfgcu,ideas,5,2,"When unscrambled, the ciphertext ""kfgcu"" becomes the word ""fugck"". 

Next, I'll try decrypting the ciphertext using a Caesar cipher with different shifts:

Shift 1: jefbt
Shift 2: ideas
Shift 3: hcdzr
Shift 4: gbcyq
Shift 5: fabxp

Using different shifts did not result in meaningful English words. Therefore, the ciphertext ""kfgcu"" does not appear to be a Caesar cipher.",1,4,"When unscrambled, the ciphertext ""kfgcu"" becomes the word ""fugck"". 

Next, I'll try decrypting the ciphertext using a Caesar cipher with different shifts:

Shift 1: jefbt
Shift 2: ideas
Shift 3: hcdzr
Shift 4: gbcyq
Shift 5: fabxp

Using different sh",1,1.0
kfgcu,ideas,5,2,"When unscrambled, the ciphertext ""kfgcu"" becomes the word ""fugck"". 

Next, I'll try decrypting the ciphertext using a Caesar cipher with different shifts:

Shift 1: jefbt
Shift 2: ideas
Shift 3: hcdzr
Shift 4: gbcyq
Shift 5: fabxp

Using different shifts did not result in meaningful English words. Therefore, the ciphertext ""kfgcu"" does not appear to be a Caesar cipher.",1,5,"When unscrambled, the ciphertext ""kfgcu"" becomes the word ""fugck"". 

Next, I'll try decrypting the ciphertext using a Caesar cipher with different shifts:

Shift 1: jefbt
Shift 2: ideas
Shift 3: hcdzr
Shift 4: gbcyq
Shift 5: fabxp

Using different shifts did not result in meaningful English words. T",1,1.0
kfgcu,ideas,5,2,"When unscrambled, the ciphertext ""kfgcu"" becomes the word ""fugck"". 

Next, I'll try decrypting the ciphertext using a Caesar cipher with different shifts:

Shift 1: jefbt
Shift 2: ideas
Shift 3: hcdzr
Shift 4: gbcyq
Shift 5: fabxp

Using different shifts did not result in meaningful English words. Therefore, the ciphertext ""kfgcu"" does not appear to be a Caesar cipher.",1,6,"When unscrambled, the ciphertext ""kfgcu"" becomes the word ""fugck"". 

Next, I'll try decrypting the ciphertext using a Caesar cipher with different shifts:

Shift 1: jefbt
Shift 2: ideas
Shift 3: hcdzr
Shift 4: gbcyq
Shift 5: fabxp

Using different shifts did not result in meaningful English words. Therefore, the ciphertext ""kfgcu"" does not appear t",1,1.0
kfgcu,ideas,5,2,"When unscrambled, the ciphertext ""kfgcu"" becomes the word ""fugck"". 

Next, I'll try decrypting the ciphertext using a Caesar cipher with different shifts:

Shift 1: jefbt
Shift 2: ideas
Shift 3: hcdzr
Shift 4: gbcyq
Shift 5: fabxp

Using different shifts did not result in meaningful English words. Therefore, the ciphertext ""kfgcu"" does not appear to be a Caesar cipher.",1,7,"When unscrambled, the ciphertext ""kfgcu"" becomes the word ""fugck"". 

Next, I'll try decrypting the ciphertext using a Caesar cipher with different shifts:

Shift 1: jefbt
Shift 2: ideas
Shift 3: hcdzr
Shift 4: gbcyq
Shift 5: fabxp

Using different shifts did not result in meaningful English words. Therefore, the ciphertext ""kfgcu"" does not appear to be a Caesar cipher.",1,1.0
zkloh,while,5,3,"After trying to unscramble the ciphertext ""zkloh"", I couldn't find any recognizable English word. Next, I will try decrypting it using a Caesar cipher with different shift values:

1. Shift of 1:
   - A -> Z
   - Z -> Y
   - B -> A
   - ...
   Decrypted text: yjkgi 

2. Shift of 2:
   - B -> Z
   - Z -> X
   - C -> A
   - ...
   Decrypted text: yjkgi 

3. Shift of 3:
   - C -> Z
   - Z -> Y
   - D -> A
   - ...
   Decrypted text: yjkgi 

4. Shift of 4:
   - D -> Z
   - Z -> Y
   - E -> A
   - ...
   Decrypted text: yjkgi 

5. Shift of 5:
   - E -> Z
   - Z -> Y
   - F -> A
   - ...
   Decrypted text: yjkgi 

After trying different shift values for the Caesar cipher, it seems the ciphertext ""zkloh"" remains unchanged. No recognizable English word has been found in either the anagram or the Caesar cipher decryption.",0,0,"After trying to unscramble the ciphertext ""zkloh"",",0,2.0
zkloh,while,5,3,"After trying to unscramble the ciphertext ""zkloh"", I couldn't find any recognizable English word. Next, I will try decrypting it using a Caesar cipher with different shift values:

1. Shift of 1:
   - A -> Z
   - Z -> Y
   - B -> A
   - ...
   Decrypted text: yjkgi 

2. Shift of 2:
   - B -> Z
   - Z -> X
   - C -> A
   - ...
   Decrypted text: yjkgi 

3. Shift of 3:
   - C -> Z
   - Z -> Y
   - D -> A
   - ...
   Decrypted text: yjkgi 

4. Shift of 4:
   - D -> Z
   - Z -> Y
   - E -> A
   - ...
   Decrypted text: yjkgi 

5. Shift of 5:
   - E -> Z
   - Z -> Y
   - F -> A
   - ...
   Decrypted text: yjkgi 

After trying different shift values for the Caesar cipher, it seems the ciphertext ""zkloh"" remains unchanged. No recognizable English word has been found in either the anagram or the Caesar cipher decryption.",0,1,"After trying to unscramble the ciphertext ""zkloh"", I couldn't find any recognizable English word. Ne",0,2.0
zkloh,while,5,3,"After trying to unscramble the ciphertext ""zkloh"", I couldn't find any recognizable English word. Next, I will try decrypting it using a Caesar cipher with different shift values:

1. Shift of 1:
   - A -> Z
   - Z -> Y
   - B -> A
   - ...
   Decrypted text: yjkgi 

2. Shift of 2:
   - B -> Z
   - Z -> X
   - C -> A
   - ...
   Decrypted text: yjkgi 

3. Shift of 3:
   - C -> Z
   - Z -> Y
   - D -> A
   - ...
   Decrypted text: yjkgi 

4. Shift of 4:
   - D -> Z
   - Z -> Y
   - E -> A
   - ...
   Decrypted text: yjkgi 

5. Shift of 5:
   - E -> Z
   - Z -> Y
   - F -> A
   - ...
   Decrypted text: yjkgi 

After trying different shift values for the Caesar cipher, it seems the ciphertext ""zkloh"" remains unchanged. No recognizable English word has been found in either the anagram or the Caesar cipher decryption.",0,2,"After trying to unscramble the ciphertext ""zkloh"", I couldn't find any recognizable English word. Next, I will try decrypting it using a Caesar cipher",1,2.0
zkloh,while,5,3,"After trying to unscramble the ciphertext ""zkloh"", I couldn't find any recognizable English word. Next, I will try decrypting it using a Caesar cipher with different shift values:

1. Shift of 1:
   - A -> Z
   - Z -> Y
   - B -> A
   - ...
   Decrypted text: yjkgi 

2. Shift of 2:
   - B -> Z
   - Z -> X
   - C -> A
   - ...
   Decrypted text: yjkgi 

3. Shift of 3:
   - C -> Z
   - Z -> Y
   - D -> A
   - ...
   Decrypted text: yjkgi 

4. Shift of 4:
   - D -> Z
   - Z -> Y
   - E -> A
   - ...
   Decrypted text: yjkgi 

5. Shift of 5:
   - E -> Z
   - Z -> Y
   - F -> A
   - ...
   Decrypted text: yjkgi 

After trying different shift values for the Caesar cipher, it seems the ciphertext ""zkloh"" remains unchanged. No recognizable English word has been found in either the anagram or the Caesar cipher decryption.",0,3,"After trying to unscramble the ciphertext ""zkloh"", I couldn't find any recognizable English word. Next, I will try decrypting it using a Caesar cipher with different shift values:

1. Shift of 1:
   -",1,2.0
zkloh,while,5,3,"After trying to unscramble the ciphertext ""zkloh"", I couldn't find any recognizable English word. Next, I will try decrypting it using a Caesar cipher with different shift values:

1. Shift of 1:
   - A -> Z
   - Z -> Y
   - B -> A
   - ...
   Decrypted text: yjkgi 

2. Shift of 2:
   - B -> Z
   - Z -> X
   - C -> A
   - ...
   Decrypted text: yjkgi 

3. Shift of 3:
   - C -> Z
   - Z -> Y
   - D -> A
   - ...
   Decrypted text: yjkgi 

4. Shift of 4:
   - D -> Z
   - Z -> Y
   - E -> A
   - ...
   Decrypted text: yjkgi 

5. Shift of 5:
   - E -> Z
   - Z -> Y
   - F -> A
   - ...
   Decrypted text: yjkgi 

After trying different shift values for the Caesar cipher, it seems the ciphertext ""zkloh"" remains unchanged. No recognizable English word has been found in either the anagram or the Caesar cipher decryption.",0,4,"After trying to unscramble the ciphertext ""zkloh"", I couldn't find any recognizable English word. Next, I will try decrypting it using a Caesar cipher with different shift values:

1. Shift of 1:
   - A -> Z
   - Z -> Y
   - B -> A
   - ...
   Decryp",1,2.0
zkloh,while,5,3,"After trying to unscramble the ciphertext ""zkloh"", I couldn't find any recognizable English word. Next, I will try decrypting it using a Caesar cipher with different shift values:

1. Shift of 1:
   - A -> Z
   - Z -> Y
   - B -> A
   - ...
   Decrypted text: yjkgi 

2. Shift of 2:
   - B -> Z
   - Z -> X
   - C -> A
   - ...
   Decrypted text: yjkgi 

3. Shift of 3:
   - C -> Z
   - Z -> Y
   - D -> A
   - ...
   Decrypted text: yjkgi 

4. Shift of 4:
   - D -> Z
   - Z -> Y
   - E -> A
   - ...
   Decrypted text: yjkgi 

5. Shift of 5:
   - E -> Z
   - Z -> Y
   - F -> A
   - ...
   Decrypted text: yjkgi 

After trying different shift values for the Caesar cipher, it seems the ciphertext ""zkloh"" remains unchanged. No recognizable English word has been found in either the anagram or the Caesar cipher decryption.",0,5,"After trying to unscramble the ciphertext ""zkloh"", I couldn't find any recognizable English word. Next, I will try decrypting it using a Caesar cipher with different shift values:

1. Shift of 1:
   - A -> Z
   - Z -> Y
   - B -> A
   - ...
   Decrypted text: yjkgi 

2. Shift of 2:
   - B -> Z
   - ",1,2.0
zkloh,while,5,3,"After trying to unscramble the ciphertext ""zkloh"", I couldn't find any recognizable English word. Next, I will try decrypting it using a Caesar cipher with different shift values:

1. Shift of 1:
   - A -> Z
   - Z -> Y
   - B -> A
   - ...
   Decrypted text: yjkgi 

2. Shift of 2:
   - B -> Z
   - Z -> X
   - C -> A
   - ...
   Decrypted text: yjkgi 

3. Shift of 3:
   - C -> Z
   - Z -> Y
   - D -> A
   - ...
   Decrypted text: yjkgi 

4. Shift of 4:
   - D -> Z
   - Z -> Y
   - E -> A
   - ...
   Decrypted text: yjkgi 

5. Shift of 5:
   - E -> Z
   - Z -> Y
   - F -> A
   - ...
   Decrypted text: yjkgi 

After trying different shift values for the Caesar cipher, it seems the ciphertext ""zkloh"" remains unchanged. No recognizable English word has been found in either the anagram or the Caesar cipher decryption.",0,6,"After trying to unscramble the ciphertext ""zkloh"", I couldn't find any recognizable English word. Next, I will try decrypting it using a Caesar cipher with different shift values:

1. Shift of 1:
   - A -> Z
   - Z -> Y
   - B -> A
   - ...
   Decrypted text: yjkgi 

2. Shift of 2:
   - B -> Z
   - Z -> X
   - C -> A
   - ...
   Decrypted text: yjk",1,2.0
zkloh,while,5,3,"After trying to unscramble the ciphertext ""zkloh"", I couldn't find any recognizable English word. Next, I will try decrypting it using a Caesar cipher with different shift values:

1. Shift of 1:
   - A -> Z
   - Z -> Y
   - B -> A
   - ...
   Decrypted text: yjkgi 

2. Shift of 2:
   - B -> Z
   - Z -> X
   - C -> A
   - ...
   Decrypted text: yjkgi 

3. Shift of 3:
   - C -> Z
   - Z -> Y
   - D -> A
   - ...
   Decrypted text: yjkgi 

4. Shift of 4:
   - D -> Z
   - Z -> Y
   - E -> A
   - ...
   Decrypted text: yjkgi 

5. Shift of 5:
   - E -> Z
   - Z -> Y
   - F -> A
   - ...
   Decrypted text: yjkgi 

After trying different shift values for the Caesar cipher, it seems the ciphertext ""zkloh"" remains unchanged. No recognizable English word has been found in either the anagram or the Caesar cipher decryption.",0,7,"After trying to unscramble the ciphertext ""zkloh"", I couldn't find any recognizable English word. Next, I will try decrypting it using a Caesar cipher with different shift values:

1. Shift of 1:
   - A -> Z
   - Z -> Y
   - B -> A
   - ...
   Decrypted text: yjkgi 

2. Shift of 2:
   - B -> Z
   - Z -> X
   - C -> A
   - ...
   Decrypted text: yjkgi 

3. Shift of 3:
   - C -> Z
   - Z -> Y
   - D",1,2.0
zkloh,while,5,3,"After trying to unscramble the ciphertext ""zkloh"", I couldn't find any recognizable English word. Next, I will try decrypting it using a Caesar cipher with different shift values:

1. Shift of 1:
   - A -> Z
   - Z -> Y
   - B -> A
   - ...
   Decrypted text: yjkgi 

2. Shift of 2:
   - B -> Z
   - Z -> X
   - C -> A
   - ...
   Decrypted text: yjkgi 

3. Shift of 3:
   - C -> Z
   - Z -> Y
   - D -> A
   - ...
   Decrypted text: yjkgi 

4. Shift of 4:
   - D -> Z
   - Z -> Y
   - E -> A
   - ...
   Decrypted text: yjkgi 

5. Shift of 5:
   - E -> Z
   - Z -> Y
   - F -> A
   - ...
   Decrypted text: yjkgi 

After trying different shift values for the Caesar cipher, it seems the ciphertext ""zkloh"" remains unchanged. No recognizable English word has been found in either the anagram or the Caesar cipher decryption.",0,8,"After trying to unscramble the ciphertext ""zkloh"", I couldn't find any recognizable English word. Next, I will try decrypting it using a Caesar cipher with different shift values:

1. Shift of 1:
   - A -> Z
   - Z -> Y
   - B -> A
   - ...
   Decrypted text: yjkgi 

2. Shift of 2:
   - B -> Z
   - Z -> X
   - C -> A
   - ...
   Decrypted text: yjkgi 

3. Shift of 3:
   - C -> Z
   - Z -> Y
   - D -> A
   - ...
   Decrypted text: yjkgi 

4. Shift",1,2.0
zkloh,while,5,3,"After trying to unscramble the ciphertext ""zkloh"", I couldn't find any recognizable English word. Next, I will try decrypting it using a Caesar cipher with different shift values:

1. Shift of 1:
   - A -> Z
   - Z -> Y
   - B -> A
   - ...
   Decrypted text: yjkgi 

2. Shift of 2:
   - B -> Z
   - Z -> X
   - C -> A
   - ...
   Decrypted text: yjkgi 

3. Shift of 3:
   - C -> Z
   - Z -> Y
   - D -> A
   - ...
   Decrypted text: yjkgi 

4. Shift of 4:
   - D -> Z
   - Z -> Y
   - E -> A
   - ...
   Decrypted text: yjkgi 

5. Shift of 5:
   - E -> Z
   - Z -> Y
   - F -> A
   - ...
   Decrypted text: yjkgi 

After trying different shift values for the Caesar cipher, it seems the ciphertext ""zkloh"" remains unchanged. No recognizable English word has been found in either the anagram or the Caesar cipher decryption.",0,9,"After trying to unscramble the ciphertext ""zkloh"", I couldn't find any recognizable English word. Next, I will try decrypting it using a Caesar cipher with different shift values:

1. Shift of 1:
   - A -> Z
   - Z -> Y
   - B -> A
   - ...
   Decrypted text: yjkgi 

2. Shift of 2:
   - B -> Z
   - Z -> X
   - C -> A
   - ...
   Decrypted text: yjkgi 

3. Shift of 3:
   - C -> Z
   - Z -> Y
   - D -> A
   - ...
   Decrypted text: yjkgi 

4. Shift of 4:
   - D -> Z
   - Z -> Y
   - E -> A
   - ..",1,2.0
zkloh,while,5,3,"After trying to unscramble the ciphertext ""zkloh"", I couldn't find any recognizable English word. Next, I will try decrypting it using a Caesar cipher with different shift values:

1. Shift of 1:
   - A -> Z
   - Z -> Y
   - B -> A
   - ...
   Decrypted text: yjkgi 

2. Shift of 2:
   - B -> Z
   - Z -> X
   - C -> A
   - ...
   Decrypted text: yjkgi 

3. Shift of 3:
   - C -> Z
   - Z -> Y
   - D -> A
   - ...
   Decrypted text: yjkgi 

4. Shift of 4:
   - D -> Z
   - Z -> Y
   - E -> A
   - ...
   Decrypted text: yjkgi 

5. Shift of 5:
   - E -> Z
   - Z -> Y
   - F -> A
   - ...
   Decrypted text: yjkgi 

After trying different shift values for the Caesar cipher, it seems the ciphertext ""zkloh"" remains unchanged. No recognizable English word has been found in either the anagram or the Caesar cipher decryption.",0,10,"After trying to unscramble the ciphertext ""zkloh"", I couldn't find any recognizable English word. Next, I will try decrypting it using a Caesar cipher with different shift values:

1. Shift of 1:
   - A -> Z
   - Z -> Y
   - B -> A
   - ...
   Decrypted text: yjkgi 

2. Shift of 2:
   - B -> Z
   - Z -> X
   - C -> A
   - ...
   Decrypted text: yjkgi 

3. Shift of 3:
   - C -> Z
   - Z -> Y
   - D -> A
   - ...
   Decrypted text: yjkgi 

4. Shift of 4:
   - D -> Z
   - Z -> Y
   - E -> A
   - ...
   Decrypted text: yjkgi 

5. Shift of 5:
   - E",1,2.0
zkloh,while,5,3,"After trying to unscramble the ciphertext ""zkloh"", I couldn't find any recognizable English word. Next, I will try decrypting it using a Caesar cipher with different shift values:

1. Shift of 1:
   - A -> Z
   - Z -> Y
   - B -> A
   - ...
   Decrypted text: yjkgi 

2. Shift of 2:
   - B -> Z
   - Z -> X
   - C -> A
   - ...
   Decrypted text: yjkgi 

3. Shift of 3:
   - C -> Z
   - Z -> Y
   - D -> A
   - ...
   Decrypted text: yjkgi 

4. Shift of 4:
   - D -> Z
   - Z -> Y
   - E -> A
   - ...
   Decrypted text: yjkgi 

5. Shift of 5:
   - E -> Z
   - Z -> Y
   - F -> A
   - ...
   Decrypted text: yjkgi 

After trying different shift values for the Caesar cipher, it seems the ciphertext ""zkloh"" remains unchanged. No recognizable English word has been found in either the anagram or the Caesar cipher decryption.",0,11,"After trying to unscramble the ciphertext ""zkloh"", I couldn't find any recognizable English word. Next, I will try decrypting it using a Caesar cipher with different shift values:

1. Shift of 1:
   - A -> Z
   - Z -> Y
   - B -> A
   - ...
   Decrypted text: yjkgi 

2. Shift of 2:
   - B -> Z
   - Z -> X
   - C -> A
   - ...
   Decrypted text: yjkgi 

3. Shift of 3:
   - C -> Z
   - Z -> Y
   - D -> A
   - ...
   Decrypted text: yjkgi 

4. Shift of 4:
   - D -> Z
   - Z -> Y
   - E -> A
   - ...
   Decrypted text: yjkgi 

5. Shift of 5:
   - E -> Z
   - Z -> Y
   - F -> A
   - ...
   Decrypte",1,2.0
zkloh,while,5,3,"After trying to unscramble the ciphertext ""zkloh"", I couldn't find any recognizable English word. Next, I will try decrypting it using a Caesar cipher with different shift values:

1. Shift of 1:
   - A -> Z
   - Z -> Y
   - B -> A
   - ...
   Decrypted text: yjkgi 

2. Shift of 2:
   - B -> Z
   - Z -> X
   - C -> A
   - ...
   Decrypted text: yjkgi 

3. Shift of 3:
   - C -> Z
   - Z -> Y
   - D -> A
   - ...
   Decrypted text: yjkgi 

4. Shift of 4:
   - D -> Z
   - Z -> Y
   - E -> A
   - ...
   Decrypted text: yjkgi 

5. Shift of 5:
   - E -> Z
   - Z -> Y
   - F -> A
   - ...
   Decrypted text: yjkgi 

After trying different shift values for the Caesar cipher, it seems the ciphertext ""zkloh"" remains unchanged. No recognizable English word has been found in either the anagram or the Caesar cipher decryption.",0,12,"After trying to unscramble the ciphertext ""zkloh"", I couldn't find any recognizable English word. Next, I will try decrypting it using a Caesar cipher with different shift values:

1. Shift of 1:
   - A -> Z
   - Z -> Y
   - B -> A
   - ...
   Decrypted text: yjkgi 

2. Shift of 2:
   - B -> Z
   - Z -> X
   - C -> A
   - ...
   Decrypted text: yjkgi 

3. Shift of 3:
   - C -> Z
   - Z -> Y
   - D -> A
   - ...
   Decrypted text: yjkgi 

4. Shift of 4:
   - D -> Z
   - Z -> Y
   - E -> A
   - ...
   Decrypted text: yjkgi 

5. Shift of 5:
   - E -> Z
   - Z -> Y
   - F -> A
   - ...
   Decrypted text: yjkgi 

After trying different shift value",1,2.0
zkloh,while,5,3,"After trying to unscramble the ciphertext ""zkloh"", I couldn't find any recognizable English word. Next, I will try decrypting it using a Caesar cipher with different shift values:

1. Shift of 1:
   - A -> Z
   - Z -> Y
   - B -> A
   - ...
   Decrypted text: yjkgi 

2. Shift of 2:
   - B -> Z
   - Z -> X
   - C -> A
   - ...
   Decrypted text: yjkgi 

3. Shift of 3:
   - C -> Z
   - Z -> Y
   - D -> A
   - ...
   Decrypted text: yjkgi 

4. Shift of 4:
   - D -> Z
   - Z -> Y
   - E -> A
   - ...
   Decrypted text: yjkgi 

5. Shift of 5:
   - E -> Z
   - Z -> Y
   - F -> A
   - ...
   Decrypted text: yjkgi 

After trying different shift values for the Caesar cipher, it seems the ciphertext ""zkloh"" remains unchanged. No recognizable English word has been found in either the anagram or the Caesar cipher decryption.",0,13,"After trying to unscramble the ciphertext ""zkloh"", I couldn't find any recognizable English word. Next, I will try decrypting it using a Caesar cipher with different shift values:

1. Shift of 1:
   - A -> Z
   - Z -> Y
   - B -> A
   - ...
   Decrypted text: yjkgi 

2. Shift of 2:
   - B -> Z
   - Z -> X
   - C -> A
   - ...
   Decrypted text: yjkgi 

3. Shift of 3:
   - C -> Z
   - Z -> Y
   - D -> A
   - ...
   Decrypted text: yjkgi 

4. Shift of 4:
   - D -> Z
   - Z -> Y
   - E -> A
   - ...
   Decrypted text: yjkgi 

5. Shift of 5:
   - E -> Z
   - Z -> Y
   - F -> A
   - ...
   Decrypted text: yjkgi 

After trying different shift values for the Caesar cipher, it seems the ciphertext """,1,2.0
zkloh,while,5,3,"After trying to unscramble the ciphertext ""zkloh"", I couldn't find any recognizable English word. Next, I will try decrypting it using a Caesar cipher with different shift values:

1. Shift of 1:
   - A -> Z
   - Z -> Y
   - B -> A
   - ...
   Decrypted text: yjkgi 

2. Shift of 2:
   - B -> Z
   - Z -> X
   - C -> A
   - ...
   Decrypted text: yjkgi 

3. Shift of 3:
   - C -> Z
   - Z -> Y
   - D -> A
   - ...
   Decrypted text: yjkgi 

4. Shift of 4:
   - D -> Z
   - Z -> Y
   - E -> A
   - ...
   Decrypted text: yjkgi 

5. Shift of 5:
   - E -> Z
   - Z -> Y
   - F -> A
   - ...
   Decrypted text: yjkgi 

After trying different shift values for the Caesar cipher, it seems the ciphertext ""zkloh"" remains unchanged. No recognizable English word has been found in either the anagram or the Caesar cipher decryption.",0,14,"After trying to unscramble the ciphertext ""zkloh"", I couldn't find any recognizable English word. Next, I will try decrypting it using a Caesar cipher with different shift values:

1. Shift of 1:
   - A -> Z
   - Z -> Y
   - B -> A
   - ...
   Decrypted text: yjkgi 

2. Shift of 2:
   - B -> Z
   - Z -> X
   - C -> A
   - ...
   Decrypted text: yjkgi 

3. Shift of 3:
   - C -> Z
   - Z -> Y
   - D -> A
   - ...
   Decrypted text: yjkgi 

4. Shift of 4:
   - D -> Z
   - Z -> Y
   - E -> A
   - ...
   Decrypted text: yjkgi 

5. Shift of 5:
   - E -> Z
   - Z -> Y
   - F -> A
   - ...
   Decrypted text: yjkgi 

After trying different shift values for the Caesar cipher, it seems the ciphertext ""zkloh"" remains unchanged. No recognizable English ",1,2.0
zkloh,while,5,3,"After trying to unscramble the ciphertext ""zkloh"", I couldn't find any recognizable English word. Next, I will try decrypting it using a Caesar cipher with different shift values:

1. Shift of 1:
   - A -> Z
   - Z -> Y
   - B -> A
   - ...
   Decrypted text: yjkgi 

2. Shift of 2:
   - B -> Z
   - Z -> X
   - C -> A
   - ...
   Decrypted text: yjkgi 

3. Shift of 3:
   - C -> Z
   - Z -> Y
   - D -> A
   - ...
   Decrypted text: yjkgi 

4. Shift of 4:
   - D -> Z
   - Z -> Y
   - E -> A
   - ...
   Decrypted text: yjkgi 

5. Shift of 5:
   - E -> Z
   - Z -> Y
   - F -> A
   - ...
   Decrypted text: yjkgi 

After trying different shift values for the Caesar cipher, it seems the ciphertext ""zkloh"" remains unchanged. No recognizable English word has been found in either the anagram or the Caesar cipher decryption.",0,15,"After trying to unscramble the ciphertext ""zkloh"", I couldn't find any recognizable English word. Next, I will try decrypting it using a Caesar cipher with different shift values:

1. Shift of 1:
   - A -> Z
   - Z -> Y
   - B -> A
   - ...
   Decrypted text: yjkgi 

2. Shift of 2:
   - B -> Z
   - Z -> X
   - C -> A
   - ...
   Decrypted text: yjkgi 

3. Shift of 3:
   - C -> Z
   - Z -> Y
   - D -> A
   - ...
   Decrypted text: yjkgi 

4. Shift of 4:
   - D -> Z
   - Z -> Y
   - E -> A
   - ...
   Decrypted text: yjkgi 

5. Shift of 5:
   - E -> Z
   - Z -> Y
   - F -> A
   - ...
   Decrypted text: yjkgi 

After trying different shift values for the Caesar cipher, it seems the ciphertext ""zkloh"" remains unchanged. No recognizable English word has been found in either the anagram or the C",1,2.0
zkloh,while,5,3,"After trying to unscramble the ciphertext ""zkloh"", I couldn't find any recognizable English word. Next, I will try decrypting it using a Caesar cipher with different shift values:

1. Shift of 1:
   - A -> Z
   - Z -> Y
   - B -> A
   - ...
   Decrypted text: yjkgi 

2. Shift of 2:
   - B -> Z
   - Z -> X
   - C -> A
   - ...
   Decrypted text: yjkgi 

3. Shift of 3:
   - C -> Z
   - Z -> Y
   - D -> A
   - ...
   Decrypted text: yjkgi 

4. Shift of 4:
   - D -> Z
   - Z -> Y
   - E -> A
   - ...
   Decrypted text: yjkgi 

5. Shift of 5:
   - E -> Z
   - Z -> Y
   - F -> A
   - ...
   Decrypted text: yjkgi 

After trying different shift values for the Caesar cipher, it seems the ciphertext ""zkloh"" remains unchanged. No recognizable English word has been found in either the anagram or the Caesar cipher decryption.",0,16,"After trying to unscramble the ciphertext ""zkloh"", I couldn't find any recognizable English word. Next, I will try decrypting it using a Caesar cipher with different shift values:

1. Shift of 1:
   - A -> Z
   - Z -> Y
   - B -> A
   - ...
   Decrypted text: yjkgi 

2. Shift of 2:
   - B -> Z
   - Z -> X
   - C -> A
   - ...
   Decrypted text: yjkgi 

3. Shift of 3:
   - C -> Z
   - Z -> Y
   - D -> A
   - ...
   Decrypted text: yjkgi 

4. Shift of 4:
   - D -> Z
   - Z -> Y
   - E -> A
   - ...
   Decrypted text: yjkgi 

5. Shift of 5:
   - E -> Z
   - Z -> Y
   - F -> A
   - ...
   Decrypted text: yjkgi 

After trying different shift values for the Caesar cipher, it seems the ciphertext ""zkloh"" remains unchanged. No recognizable English word has been found in either the anagram or the Caesar cipher decryption.",1,2.0
zdwhu,water,5,3,"After trying various combinations, I couldn't unscramble the ciphertext as an anagram. Next, I will try to decrypt it as a Caesar cipher with different shifts.

Shift 1: ycvgt
Shift 2: xbufs
Shift 3: watre
Shift 4: vszqd
Shift 5: urypc

The word ""urypc"" decrypted with a Caesar shift of 5 is ""storm."" However, this may not be the correct decryption. Let me try a Caesar shift of 6.

Shift 6: tqxob

The word ""tqxob"" decrypted with a Caesar shift of 6 is ""spurn."" This also may not be the correct decryption. Let me try a Caesar shift of 7.

Shift 7: spwna

The word ""spwna"" decrypted with a Caesar shift of 7 is ""spurn."" This may not be the correct decryption either. Let me try a Caesar shift of 8.

Shift 8: somlz

The word ""somlz"" decrypted with a Caesar shift of 8 is ""plkuy."" This also may not be the correct decryption. Let me try a Caesar shift of 9.

Shift 9: rnkly

The word ""rnkly"" decrypted with a Caesar shift of 9 is ""qmjlx."" This may not be the correct decryption either. Let me try a Caesar shift of 10.

Shift 10: qmjkx

The word ""qmjlk"" decrypted with a Caesar shift of 10 is ""plain."" This also may not be the correct decryption.",0,0,"After trying various combinations, I couldn't unsc",0,1.0
zdwhu,water,5,3,"After trying various combinations, I couldn't unscramble the ciphertext as an anagram. Next, I will try to decrypt it as a Caesar cipher with different shifts.

Shift 1: ycvgt
Shift 2: xbufs
Shift 3: watre
Shift 4: vszqd
Shift 5: urypc

The word ""urypc"" decrypted with a Caesar shift of 5 is ""storm."" However, this may not be the correct decryption. Let me try a Caesar shift of 6.

Shift 6: tqxob

The word ""tqxob"" decrypted with a Caesar shift of 6 is ""spurn."" This also may not be the correct decryption. Let me try a Caesar shift of 7.

Shift 7: spwna

The word ""spwna"" decrypted with a Caesar shift of 7 is ""spurn."" This may not be the correct decryption either. Let me try a Caesar shift of 8.

Shift 8: somlz

The word ""somlz"" decrypted with a Caesar shift of 8 is ""plkuy."" This also may not be the correct decryption. Let me try a Caesar shift of 9.

Shift 9: rnkly

The word ""rnkly"" decrypted with a Caesar shift of 9 is ""qmjlx."" This may not be the correct decryption either. Let me try a Caesar shift of 10.

Shift 10: qmjkx

The word ""qmjlk"" decrypted with a Caesar shift of 10 is ""plain."" This also may not be the correct decryption.",0,1,"After trying various combinations, I couldn't unscramble the ciphertext as an anagram. Next, I will ",1,1.0
zdwhu,water,5,3,"After trying various combinations, I couldn't unscramble the ciphertext as an anagram. Next, I will try to decrypt it as a Caesar cipher with different shifts.

Shift 1: ycvgt
Shift 2: xbufs
Shift 3: watre
Shift 4: vszqd
Shift 5: urypc

The word ""urypc"" decrypted with a Caesar shift of 5 is ""storm."" However, this may not be the correct decryption. Let me try a Caesar shift of 6.

Shift 6: tqxob

The word ""tqxob"" decrypted with a Caesar shift of 6 is ""spurn."" This also may not be the correct decryption. Let me try a Caesar shift of 7.

Shift 7: spwna

The word ""spwna"" decrypted with a Caesar shift of 7 is ""spurn."" This may not be the correct decryption either. Let me try a Caesar shift of 8.

Shift 8: somlz

The word ""somlz"" decrypted with a Caesar shift of 8 is ""plkuy."" This also may not be the correct decryption. Let me try a Caesar shift of 9.

Shift 9: rnkly

The word ""rnkly"" decrypted with a Caesar shift of 9 is ""qmjlx."" This may not be the correct decryption either. Let me try a Caesar shift of 10.

Shift 10: qmjkx

The word ""qmjlk"" decrypted with a Caesar shift of 10 is ""plain."" This also may not be the correct decryption.",0,2,"After trying various combinations, I couldn't unscramble the ciphertext as an anagram. Next, I will try to decrypt it as a Caesar cipher with differen",1,1.0
zdwhu,water,5,3,"After trying various combinations, I couldn't unscramble the ciphertext as an anagram. Next, I will try to decrypt it as a Caesar cipher with different shifts.

Shift 1: ycvgt
Shift 2: xbufs
Shift 3: watre
Shift 4: vszqd
Shift 5: urypc

The word ""urypc"" decrypted with a Caesar shift of 5 is ""storm."" However, this may not be the correct decryption. Let me try a Caesar shift of 6.

Shift 6: tqxob

The word ""tqxob"" decrypted with a Caesar shift of 6 is ""spurn."" This also may not be the correct decryption. Let me try a Caesar shift of 7.

Shift 7: spwna

The word ""spwna"" decrypted with a Caesar shift of 7 is ""spurn."" This may not be the correct decryption either. Let me try a Caesar shift of 8.

Shift 8: somlz

The word ""somlz"" decrypted with a Caesar shift of 8 is ""plkuy."" This also may not be the correct decryption. Let me try a Caesar shift of 9.

Shift 9: rnkly

The word ""rnkly"" decrypted with a Caesar shift of 9 is ""qmjlx."" This may not be the correct decryption either. Let me try a Caesar shift of 10.

Shift 10: qmjkx

The word ""qmjlk"" decrypted with a Caesar shift of 10 is ""plain."" This also may not be the correct decryption.",0,3,"After trying various combinations, I couldn't unscramble the ciphertext as an anagram. Next, I will try to decrypt it as a Caesar cipher with different shifts.

Shift 1: ycvgt
Shift 2: xbufs
Shift 3: ",1,1.0
zdwhu,water,5,3,"After trying various combinations, I couldn't unscramble the ciphertext as an anagram. Next, I will try to decrypt it as a Caesar cipher with different shifts.

Shift 1: ycvgt
Shift 2: xbufs
Shift 3: watre
Shift 4: vszqd
Shift 5: urypc

The word ""urypc"" decrypted with a Caesar shift of 5 is ""storm."" However, this may not be the correct decryption. Let me try a Caesar shift of 6.

Shift 6: tqxob

The word ""tqxob"" decrypted with a Caesar shift of 6 is ""spurn."" This also may not be the correct decryption. Let me try a Caesar shift of 7.

Shift 7: spwna

The word ""spwna"" decrypted with a Caesar shift of 7 is ""spurn."" This may not be the correct decryption either. Let me try a Caesar shift of 8.

Shift 8: somlz

The word ""somlz"" decrypted with a Caesar shift of 8 is ""plkuy."" This also may not be the correct decryption. Let me try a Caesar shift of 9.

Shift 9: rnkly

The word ""rnkly"" decrypted with a Caesar shift of 9 is ""qmjlx."" This may not be the correct decryption either. Let me try a Caesar shift of 10.

Shift 10: qmjkx

The word ""qmjlk"" decrypted with a Caesar shift of 10 is ""plain."" This also may not be the correct decryption.",0,4,"After trying various combinations, I couldn't unscramble the ciphertext as an anagram. Next, I will try to decrypt it as a Caesar cipher with different shifts.

Shift 1: ycvgt
Shift 2: xbufs
Shift 3: watre
Shift 4: vszqd
Shift 5: urypc

The word ""ury",1,1.0
zdwhu,water,5,3,"After trying various combinations, I couldn't unscramble the ciphertext as an anagram. Next, I will try to decrypt it as a Caesar cipher with different shifts.

Shift 1: ycvgt
Shift 2: xbufs
Shift 3: watre
Shift 4: vszqd
Shift 5: urypc

The word ""urypc"" decrypted with a Caesar shift of 5 is ""storm."" However, this may not be the correct decryption. Let me try a Caesar shift of 6.

Shift 6: tqxob

The word ""tqxob"" decrypted with a Caesar shift of 6 is ""spurn."" This also may not be the correct decryption. Let me try a Caesar shift of 7.

Shift 7: spwna

The word ""spwna"" decrypted with a Caesar shift of 7 is ""spurn."" This may not be the correct decryption either. Let me try a Caesar shift of 8.

Shift 8: somlz

The word ""somlz"" decrypted with a Caesar shift of 8 is ""plkuy."" This also may not be the correct decryption. Let me try a Caesar shift of 9.

Shift 9: rnkly

The word ""rnkly"" decrypted with a Caesar shift of 9 is ""qmjlx."" This may not be the correct decryption either. Let me try a Caesar shift of 10.

Shift 10: qmjkx

The word ""qmjlk"" decrypted with a Caesar shift of 10 is ""plain."" This also may not be the correct decryption.",0,5,"After trying various combinations, I couldn't unscramble the ciphertext as an anagram. Next, I will try to decrypt it as a Caesar cipher with different shifts.

Shift 1: ycvgt
Shift 2: xbufs
Shift 3: watre
Shift 4: vszqd
Shift 5: urypc

The word ""urypc"" decrypted with a Caesar shift of 5 is ""storm.""",1,1.0
zdwhu,water,5,3,"After trying various combinations, I couldn't unscramble the ciphertext as an anagram. Next, I will try to decrypt it as a Caesar cipher with different shifts.

Shift 1: ycvgt
Shift 2: xbufs
Shift 3: watre
Shift 4: vszqd
Shift 5: urypc

The word ""urypc"" decrypted with a Caesar shift of 5 is ""storm."" However, this may not be the correct decryption. Let me try a Caesar shift of 6.

Shift 6: tqxob

The word ""tqxob"" decrypted with a Caesar shift of 6 is ""spurn."" This also may not be the correct decryption. Let me try a Caesar shift of 7.

Shift 7: spwna

The word ""spwna"" decrypted with a Caesar shift of 7 is ""spurn."" This may not be the correct decryption either. Let me try a Caesar shift of 8.

Shift 8: somlz

The word ""somlz"" decrypted with a Caesar shift of 8 is ""plkuy."" This also may not be the correct decryption. Let me try a Caesar shift of 9.

Shift 9: rnkly

The word ""rnkly"" decrypted with a Caesar shift of 9 is ""qmjlx."" This may not be the correct decryption either. Let me try a Caesar shift of 10.

Shift 10: qmjkx

The word ""qmjlk"" decrypted with a Caesar shift of 10 is ""plain."" This also may not be the correct decryption.",0,6,"After trying various combinations, I couldn't unscramble the ciphertext as an anagram. Next, I will try to decrypt it as a Caesar cipher with different shifts.

Shift 1: ycvgt
Shift 2: xbufs
Shift 3: watre
Shift 4: vszqd
Shift 5: urypc

The word ""urypc"" decrypted with a Caesar shift of 5 is ""storm."" However, this may not be the correct decryption. ",1,1.0
zdwhu,water,5,3,"After trying various combinations, I couldn't unscramble the ciphertext as an anagram. Next, I will try to decrypt it as a Caesar cipher with different shifts.

Shift 1: ycvgt
Shift 2: xbufs
Shift 3: watre
Shift 4: vszqd
Shift 5: urypc

The word ""urypc"" decrypted with a Caesar shift of 5 is ""storm."" However, this may not be the correct decryption. Let me try a Caesar shift of 6.

Shift 6: tqxob

The word ""tqxob"" decrypted with a Caesar shift of 6 is ""spurn."" This also may not be the correct decryption. Let me try a Caesar shift of 7.

Shift 7: spwna

The word ""spwna"" decrypted with a Caesar shift of 7 is ""spurn."" This may not be the correct decryption either. Let me try a Caesar shift of 8.

Shift 8: somlz

The word ""somlz"" decrypted with a Caesar shift of 8 is ""plkuy."" This also may not be the correct decryption. Let me try a Caesar shift of 9.

Shift 9: rnkly

The word ""rnkly"" decrypted with a Caesar shift of 9 is ""qmjlx."" This may not be the correct decryption either. Let me try a Caesar shift of 10.

Shift 10: qmjkx

The word ""qmjlk"" decrypted with a Caesar shift of 10 is ""plain."" This also may not be the correct decryption.",0,7,"After trying various combinations, I couldn't unscramble the ciphertext as an anagram. Next, I will try to decrypt it as a Caesar cipher with different shifts.

Shift 1: ycvgt
Shift 2: xbufs
Shift 3: watre
Shift 4: vszqd
Shift 5: urypc

The word ""urypc"" decrypted with a Caesar shift of 5 is ""storm."" However, this may not be the correct decryption. Let me try a Caesar shift of 6.

Shift 6: tqxob

T",1,1.0
zdwhu,water,5,3,"After trying various combinations, I couldn't unscramble the ciphertext as an anagram. Next, I will try to decrypt it as a Caesar cipher with different shifts.

Shift 1: ycvgt
Shift 2: xbufs
Shift 3: watre
Shift 4: vszqd
Shift 5: urypc

The word ""urypc"" decrypted with a Caesar shift of 5 is ""storm."" However, this may not be the correct decryption. Let me try a Caesar shift of 6.

Shift 6: tqxob

The word ""tqxob"" decrypted with a Caesar shift of 6 is ""spurn."" This also may not be the correct decryption. Let me try a Caesar shift of 7.

Shift 7: spwna

The word ""spwna"" decrypted with a Caesar shift of 7 is ""spurn."" This may not be the correct decryption either. Let me try a Caesar shift of 8.

Shift 8: somlz

The word ""somlz"" decrypted with a Caesar shift of 8 is ""plkuy."" This also may not be the correct decryption. Let me try a Caesar shift of 9.

Shift 9: rnkly

The word ""rnkly"" decrypted with a Caesar shift of 9 is ""qmjlx."" This may not be the correct decryption either. Let me try a Caesar shift of 10.

Shift 10: qmjkx

The word ""qmjlk"" decrypted with a Caesar shift of 10 is ""plain."" This also may not be the correct decryption.",0,8,"After trying various combinations, I couldn't unscramble the ciphertext as an anagram. Next, I will try to decrypt it as a Caesar cipher with different shifts.

Shift 1: ycvgt
Shift 2: xbufs
Shift 3: watre
Shift 4: vszqd
Shift 5: urypc

The word ""urypc"" decrypted with a Caesar shift of 5 is ""storm."" However, this may not be the correct decryption. Let me try a Caesar shift of 6.

Shift 6: tqxob

The word ""tqxob"" decrypted with a Caesar shift of 6",1,1.0
zdwhu,water,5,3,"After trying various combinations, I couldn't unscramble the ciphertext as an anagram. Next, I will try to decrypt it as a Caesar cipher with different shifts.

Shift 1: ycvgt
Shift 2: xbufs
Shift 3: watre
Shift 4: vszqd
Shift 5: urypc

The word ""urypc"" decrypted with a Caesar shift of 5 is ""storm."" However, this may not be the correct decryption. Let me try a Caesar shift of 6.

Shift 6: tqxob

The word ""tqxob"" decrypted with a Caesar shift of 6 is ""spurn."" This also may not be the correct decryption. Let me try a Caesar shift of 7.

Shift 7: spwna

The word ""spwna"" decrypted with a Caesar shift of 7 is ""spurn."" This may not be the correct decryption either. Let me try a Caesar shift of 8.

Shift 8: somlz

The word ""somlz"" decrypted with a Caesar shift of 8 is ""plkuy."" This also may not be the correct decryption. Let me try a Caesar shift of 9.

Shift 9: rnkly

The word ""rnkly"" decrypted with a Caesar shift of 9 is ""qmjlx."" This may not be the correct decryption either. Let me try a Caesar shift of 10.

Shift 10: qmjkx

The word ""qmjlk"" decrypted with a Caesar shift of 10 is ""plain."" This also may not be the correct decryption.",0,9,"After trying various combinations, I couldn't unscramble the ciphertext as an anagram. Next, I will try to decrypt it as a Caesar cipher with different shifts.

Shift 1: ycvgt
Shift 2: xbufs
Shift 3: watre
Shift 4: vszqd
Shift 5: urypc

The word ""urypc"" decrypted with a Caesar shift of 5 is ""storm."" However, this may not be the correct decryption. Let me try a Caesar shift of 6.

Shift 6: tqxob

The word ""tqxob"" decrypted with a Caesar shift of 6 is ""spurn."" This also may not be the correct decr",1,1.0
zdwhu,water,5,3,"After trying various combinations, I couldn't unscramble the ciphertext as an anagram. Next, I will try to decrypt it as a Caesar cipher with different shifts.

Shift 1: ycvgt
Shift 2: xbufs
Shift 3: watre
Shift 4: vszqd
Shift 5: urypc

The word ""urypc"" decrypted with a Caesar shift of 5 is ""storm."" However, this may not be the correct decryption. Let me try a Caesar shift of 6.

Shift 6: tqxob

The word ""tqxob"" decrypted with a Caesar shift of 6 is ""spurn."" This also may not be the correct decryption. Let me try a Caesar shift of 7.

Shift 7: spwna

The word ""spwna"" decrypted with a Caesar shift of 7 is ""spurn."" This may not be the correct decryption either. Let me try a Caesar shift of 8.

Shift 8: somlz

The word ""somlz"" decrypted with a Caesar shift of 8 is ""plkuy."" This also may not be the correct decryption. Let me try a Caesar shift of 9.

Shift 9: rnkly

The word ""rnkly"" decrypted with a Caesar shift of 9 is ""qmjlx."" This may not be the correct decryption either. Let me try a Caesar shift of 10.

Shift 10: qmjkx

The word ""qmjlk"" decrypted with a Caesar shift of 10 is ""plain."" This also may not be the correct decryption.",0,10,"After trying various combinations, I couldn't unscramble the ciphertext as an anagram. Next, I will try to decrypt it as a Caesar cipher with different shifts.

Shift 1: ycvgt
Shift 2: xbufs
Shift 3: watre
Shift 4: vszqd
Shift 5: urypc

The word ""urypc"" decrypted with a Caesar shift of 5 is ""storm."" However, this may not be the correct decryption. Let me try a Caesar shift of 6.

Shift 6: tqxob

The word ""tqxob"" decrypted with a Caesar shift of 6 is ""spurn."" This also may not be the correct decryption. Let me try a Caesar shift of 7.

Shift 7: ",1,1.0
zdwhu,water,5,3,"After trying various combinations, I couldn't unscramble the ciphertext as an anagram. Next, I will try to decrypt it as a Caesar cipher with different shifts.

Shift 1: ycvgt
Shift 2: xbufs
Shift 3: watre
Shift 4: vszqd
Shift 5: urypc

The word ""urypc"" decrypted with a Caesar shift of 5 is ""storm."" However, this may not be the correct decryption. Let me try a Caesar shift of 6.

Shift 6: tqxob

The word ""tqxob"" decrypted with a Caesar shift of 6 is ""spurn."" This also may not be the correct decryption. Let me try a Caesar shift of 7.

Shift 7: spwna

The word ""spwna"" decrypted with a Caesar shift of 7 is ""spurn."" This may not be the correct decryption either. Let me try a Caesar shift of 8.

Shift 8: somlz

The word ""somlz"" decrypted with a Caesar shift of 8 is ""plkuy."" This also may not be the correct decryption. Let me try a Caesar shift of 9.

Shift 9: rnkly

The word ""rnkly"" decrypted with a Caesar shift of 9 is ""qmjlx."" This may not be the correct decryption either. Let me try a Caesar shift of 10.

Shift 10: qmjkx

The word ""qmjlk"" decrypted with a Caesar shift of 10 is ""plain."" This also may not be the correct decryption.",0,11,"After trying various combinations, I couldn't unscramble the ciphertext as an anagram. Next, I will try to decrypt it as a Caesar cipher with different shifts.

Shift 1: ycvgt
Shift 2: xbufs
Shift 3: watre
Shift 4: vszqd
Shift 5: urypc

The word ""urypc"" decrypted with a Caesar shift of 5 is ""storm."" However, this may not be the correct decryption. Let me try a Caesar shift of 6.

Shift 6: tqxob

The word ""tqxob"" decrypted with a Caesar shift of 6 is ""spurn."" This also may not be the correct decryption. Let me try a Caesar shift of 7.

Shift 7: spwna

The word ""spwna"" decrypted with a Caesar sh",1,1.0
zdwhu,water,5,3,"After trying various combinations, I couldn't unscramble the ciphertext as an anagram. Next, I will try to decrypt it as a Caesar cipher with different shifts.

Shift 1: ycvgt
Shift 2: xbufs
Shift 3: watre
Shift 4: vszqd
Shift 5: urypc

The word ""urypc"" decrypted with a Caesar shift of 5 is ""storm."" However, this may not be the correct decryption. Let me try a Caesar shift of 6.

Shift 6: tqxob

The word ""tqxob"" decrypted with a Caesar shift of 6 is ""spurn."" This also may not be the correct decryption. Let me try a Caesar shift of 7.

Shift 7: spwna

The word ""spwna"" decrypted with a Caesar shift of 7 is ""spurn."" This may not be the correct decryption either. Let me try a Caesar shift of 8.

Shift 8: somlz

The word ""somlz"" decrypted with a Caesar shift of 8 is ""plkuy."" This also may not be the correct decryption. Let me try a Caesar shift of 9.

Shift 9: rnkly

The word ""rnkly"" decrypted with a Caesar shift of 9 is ""qmjlx."" This may not be the correct decryption either. Let me try a Caesar shift of 10.

Shift 10: qmjkx

The word ""qmjlk"" decrypted with a Caesar shift of 10 is ""plain."" This also may not be the correct decryption.",0,12,"After trying various combinations, I couldn't unscramble the ciphertext as an anagram. Next, I will try to decrypt it as a Caesar cipher with different shifts.

Shift 1: ycvgt
Shift 2: xbufs
Shift 3: watre
Shift 4: vszqd
Shift 5: urypc

The word ""urypc"" decrypted with a Caesar shift of 5 is ""storm."" However, this may not be the correct decryption. Let me try a Caesar shift of 6.

Shift 6: tqxob

The word ""tqxob"" decrypted with a Caesar shift of 6 is ""spurn."" This also may not be the correct decryption. Let me try a Caesar shift of 7.

Shift 7: spwna

The word ""spwna"" decrypted with a Caesar shift of 7 is ""spurn."" This may not be the correct d",1,1.0
zdwhu,water,5,3,"After trying various combinations, I couldn't unscramble the ciphertext as an anagram. Next, I will try to decrypt it as a Caesar cipher with different shifts.

Shift 1: ycvgt
Shift 2: xbufs
Shift 3: watre
Shift 4: vszqd
Shift 5: urypc

The word ""urypc"" decrypted with a Caesar shift of 5 is ""storm."" However, this may not be the correct decryption. Let me try a Caesar shift of 6.

Shift 6: tqxob

The word ""tqxob"" decrypted with a Caesar shift of 6 is ""spurn."" This also may not be the correct decryption. Let me try a Caesar shift of 7.

Shift 7: spwna

The word ""spwna"" decrypted with a Caesar shift of 7 is ""spurn."" This may not be the correct decryption either. Let me try a Caesar shift of 8.

Shift 8: somlz

The word ""somlz"" decrypted with a Caesar shift of 8 is ""plkuy."" This also may not be the correct decryption. Let me try a Caesar shift of 9.

Shift 9: rnkly

The word ""rnkly"" decrypted with a Caesar shift of 9 is ""qmjlx."" This may not be the correct decryption either. Let me try a Caesar shift of 10.

Shift 10: qmjkx

The word ""qmjlk"" decrypted with a Caesar shift of 10 is ""plain."" This also may not be the correct decryption.",0,13,"After trying various combinations, I couldn't unscramble the ciphertext as an anagram. Next, I will try to decrypt it as a Caesar cipher with different shifts.

Shift 1: ycvgt
Shift 2: xbufs
Shift 3: watre
Shift 4: vszqd
Shift 5: urypc

The word ""urypc"" decrypted with a Caesar shift of 5 is ""storm."" However, this may not be the correct decryption. Let me try a Caesar shift of 6.

Shift 6: tqxob

The word ""tqxob"" decrypted with a Caesar shift of 6 is ""spurn."" This also may not be the correct decryption. Let me try a Caesar shift of 7.

Shift 7: spwna

The word ""spwna"" decrypted with a Caesar shift of 7 is ""spurn."" This may not be the correct decryption either. Let me try a Caesar shift of 8.
",1,1.0
zdwhu,water,5,3,"After trying various combinations, I couldn't unscramble the ciphertext as an anagram. Next, I will try to decrypt it as a Caesar cipher with different shifts.

Shift 1: ycvgt
Shift 2: xbufs
Shift 3: watre
Shift 4: vszqd
Shift 5: urypc

The word ""urypc"" decrypted with a Caesar shift of 5 is ""storm."" However, this may not be the correct decryption. Let me try a Caesar shift of 6.

Shift 6: tqxob

The word ""tqxob"" decrypted with a Caesar shift of 6 is ""spurn."" This also may not be the correct decryption. Let me try a Caesar shift of 7.

Shift 7: spwna

The word ""spwna"" decrypted with a Caesar shift of 7 is ""spurn."" This may not be the correct decryption either. Let me try a Caesar shift of 8.

Shift 8: somlz

The word ""somlz"" decrypted with a Caesar shift of 8 is ""plkuy."" This also may not be the correct decryption. Let me try a Caesar shift of 9.

Shift 9: rnkly

The word ""rnkly"" decrypted with a Caesar shift of 9 is ""qmjlx."" This may not be the correct decryption either. Let me try a Caesar shift of 10.

Shift 10: qmjkx

The word ""qmjlk"" decrypted with a Caesar shift of 10 is ""plain."" This also may not be the correct decryption.",0,14,"After trying various combinations, I couldn't unscramble the ciphertext as an anagram. Next, I will try to decrypt it as a Caesar cipher with different shifts.

Shift 1: ycvgt
Shift 2: xbufs
Shift 3: watre
Shift 4: vszqd
Shift 5: urypc

The word ""urypc"" decrypted with a Caesar shift of 5 is ""storm."" However, this may not be the correct decryption. Let me try a Caesar shift of 6.

Shift 6: tqxob

The word ""tqxob"" decrypted with a Caesar shift of 6 is ""spurn."" This also may not be the correct decryption. Let me try a Caesar shift of 7.

Shift 7: spwna

The word ""spwna"" decrypted with a Caesar shift of 7 is ""spurn."" This may not be the correct decryption either. Let me try a Caesar shift of 8.

Shift 8: somlz

The word ""somlz"" decrypted with a",1,1.0
zdwhu,water,5,3,"After trying various combinations, I couldn't unscramble the ciphertext as an anagram. Next, I will try to decrypt it as a Caesar cipher with different shifts.

Shift 1: ycvgt
Shift 2: xbufs
Shift 3: watre
Shift 4: vszqd
Shift 5: urypc

The word ""urypc"" decrypted with a Caesar shift of 5 is ""storm."" However, this may not be the correct decryption. Let me try a Caesar shift of 6.

Shift 6: tqxob

The word ""tqxob"" decrypted with a Caesar shift of 6 is ""spurn."" This also may not be the correct decryption. Let me try a Caesar shift of 7.

Shift 7: spwna

The word ""spwna"" decrypted with a Caesar shift of 7 is ""spurn."" This may not be the correct decryption either. Let me try a Caesar shift of 8.

Shift 8: somlz

The word ""somlz"" decrypted with a Caesar shift of 8 is ""plkuy."" This also may not be the correct decryption. Let me try a Caesar shift of 9.

Shift 9: rnkly

The word ""rnkly"" decrypted with a Caesar shift of 9 is ""qmjlx."" This may not be the correct decryption either. Let me try a Caesar shift of 10.

Shift 10: qmjkx

The word ""qmjlk"" decrypted with a Caesar shift of 10 is ""plain."" This also may not be the correct decryption.",0,15,"After trying various combinations, I couldn't unscramble the ciphertext as an anagram. Next, I will try to decrypt it as a Caesar cipher with different shifts.

Shift 1: ycvgt
Shift 2: xbufs
Shift 3: watre
Shift 4: vszqd
Shift 5: urypc

The word ""urypc"" decrypted with a Caesar shift of 5 is ""storm."" However, this may not be the correct decryption. Let me try a Caesar shift of 6.

Shift 6: tqxob

The word ""tqxob"" decrypted with a Caesar shift of 6 is ""spurn."" This also may not be the correct decryption. Let me try a Caesar shift of 7.

Shift 7: spwna

The word ""spwna"" decrypted with a Caesar shift of 7 is ""spurn."" This may not be the correct decryption either. Let me try a Caesar shift of 8.

Shift 8: somlz

The word ""somlz"" decrypted with a Caesar shift of 8 is ""plkuy."" This also may not b",1,1.0
zdwhu,water,5,3,"After trying various combinations, I couldn't unscramble the ciphertext as an anagram. Next, I will try to decrypt it as a Caesar cipher with different shifts.

Shift 1: ycvgt
Shift 2: xbufs
Shift 3: watre
Shift 4: vszqd
Shift 5: urypc

The word ""urypc"" decrypted with a Caesar shift of 5 is ""storm."" However, this may not be the correct decryption. Let me try a Caesar shift of 6.

Shift 6: tqxob

The word ""tqxob"" decrypted with a Caesar shift of 6 is ""spurn."" This also may not be the correct decryption. Let me try a Caesar shift of 7.

Shift 7: spwna

The word ""spwna"" decrypted with a Caesar shift of 7 is ""spurn."" This may not be the correct decryption either. Let me try a Caesar shift of 8.

Shift 8: somlz

The word ""somlz"" decrypted with a Caesar shift of 8 is ""plkuy."" This also may not be the correct decryption. Let me try a Caesar shift of 9.

Shift 9: rnkly

The word ""rnkly"" decrypted with a Caesar shift of 9 is ""qmjlx."" This may not be the correct decryption either. Let me try a Caesar shift of 10.

Shift 10: qmjkx

The word ""qmjlk"" decrypted with a Caesar shift of 10 is ""plain."" This also may not be the correct decryption.",0,16,"After trying various combinations, I couldn't unscramble the ciphertext as an anagram. Next, I will try to decrypt it as a Caesar cipher with different shifts.

Shift 1: ycvgt
Shift 2: xbufs
Shift 3: watre
Shift 4: vszqd
Shift 5: urypc

The word ""urypc"" decrypted with a Caesar shift of 5 is ""storm."" However, this may not be the correct decryption. Let me try a Caesar shift of 6.

Shift 6: tqxob

The word ""tqxob"" decrypted with a Caesar shift of 6 is ""spurn."" This also may not be the correct decryption. Let me try a Caesar shift of 7.

Shift 7: spwna

The word ""spwna"" decrypted with a Caesar shift of 7 is ""spurn."" This may not be the correct decryption either. Let me try a Caesar shift of 8.

Shift 8: somlz

The word ""somlz"" decrypted with a Caesar shift of 8 is ""plkuy."" This also may not be the correct decryption. Let me try a Caesar shif",1,1.0
zdwhu,water,5,3,"After trying various combinations, I couldn't unscramble the ciphertext as an anagram. Next, I will try to decrypt it as a Caesar cipher with different shifts.

Shift 1: ycvgt
Shift 2: xbufs
Shift 3: watre
Shift 4: vszqd
Shift 5: urypc

The word ""urypc"" decrypted with a Caesar shift of 5 is ""storm."" However, this may not be the correct decryption. Let me try a Caesar shift of 6.

Shift 6: tqxob

The word ""tqxob"" decrypted with a Caesar shift of 6 is ""spurn."" This also may not be the correct decryption. Let me try a Caesar shift of 7.

Shift 7: spwna

The word ""spwna"" decrypted with a Caesar shift of 7 is ""spurn."" This may not be the correct decryption either. Let me try a Caesar shift of 8.

Shift 8: somlz

The word ""somlz"" decrypted with a Caesar shift of 8 is ""plkuy."" This also may not be the correct decryption. Let me try a Caesar shift of 9.

Shift 9: rnkly

The word ""rnkly"" decrypted with a Caesar shift of 9 is ""qmjlx."" This may not be the correct decryption either. Let me try a Caesar shift of 10.

Shift 10: qmjkx

The word ""qmjlk"" decrypted with a Caesar shift of 10 is ""plain."" This also may not be the correct decryption.",0,17,"After trying various combinations, I couldn't unscramble the ciphertext as an anagram. Next, I will try to decrypt it as a Caesar cipher with different shifts.

Shift 1: ycvgt
Shift 2: xbufs
Shift 3: watre
Shift 4: vszqd
Shift 5: urypc

The word ""urypc"" decrypted with a Caesar shift of 5 is ""storm."" However, this may not be the correct decryption. Let me try a Caesar shift of 6.

Shift 6: tqxob

The word ""tqxob"" decrypted with a Caesar shift of 6 is ""spurn."" This also may not be the correct decryption. Let me try a Caesar shift of 7.

Shift 7: spwna

The word ""spwna"" decrypted with a Caesar shift of 7 is ""spurn."" This may not be the correct decryption either. Let me try a Caesar shift of 8.

Shift 8: somlz

The word ""somlz"" decrypted with a Caesar shift of 8 is ""plkuy."" This also may not be the correct decryption. Let me try a Caesar shift of 9.

Shift 9: rnkly

The word ""rnkly"" decrypte",1,1.0
zdwhu,water,5,3,"After trying various combinations, I couldn't unscramble the ciphertext as an anagram. Next, I will try to decrypt it as a Caesar cipher with different shifts.

Shift 1: ycvgt
Shift 2: xbufs
Shift 3: watre
Shift 4: vszqd
Shift 5: urypc

The word ""urypc"" decrypted with a Caesar shift of 5 is ""storm."" However, this may not be the correct decryption. Let me try a Caesar shift of 6.

Shift 6: tqxob

The word ""tqxob"" decrypted with a Caesar shift of 6 is ""spurn."" This also may not be the correct decryption. Let me try a Caesar shift of 7.

Shift 7: spwna

The word ""spwna"" decrypted with a Caesar shift of 7 is ""spurn."" This may not be the correct decryption either. Let me try a Caesar shift of 8.

Shift 8: somlz

The word ""somlz"" decrypted with a Caesar shift of 8 is ""plkuy."" This also may not be the correct decryption. Let me try a Caesar shift of 9.

Shift 9: rnkly

The word ""rnkly"" decrypted with a Caesar shift of 9 is ""qmjlx."" This may not be the correct decryption either. Let me try a Caesar shift of 10.

Shift 10: qmjkx

The word ""qmjlk"" decrypted with a Caesar shift of 10 is ""plain."" This also may not be the correct decryption.",0,18,"After trying various combinations, I couldn't unscramble the ciphertext as an anagram. Next, I will try to decrypt it as a Caesar cipher with different shifts.

Shift 1: ycvgt
Shift 2: xbufs
Shift 3: watre
Shift 4: vszqd
Shift 5: urypc

The word ""urypc"" decrypted with a Caesar shift of 5 is ""storm."" However, this may not be the correct decryption. Let me try a Caesar shift of 6.

Shift 6: tqxob

The word ""tqxob"" decrypted with a Caesar shift of 6 is ""spurn."" This also may not be the correct decryption. Let me try a Caesar shift of 7.

Shift 7: spwna

The word ""spwna"" decrypted with a Caesar shift of 7 is ""spurn."" This may not be the correct decryption either. Let me try a Caesar shift of 8.

Shift 8: somlz

The word ""somlz"" decrypted with a Caesar shift of 8 is ""plkuy."" This also may not be the correct decryption. Let me try a Caesar shift of 9.

Shift 9: rnkly

The word ""rnkly"" decrypted with a Caesar shift of 9 is ""qmjlx."" This may no",1,1.0
zdwhu,water,5,3,"After trying various combinations, I couldn't unscramble the ciphertext as an anagram. Next, I will try to decrypt it as a Caesar cipher with different shifts.

Shift 1: ycvgt
Shift 2: xbufs
Shift 3: watre
Shift 4: vszqd
Shift 5: urypc

The word ""urypc"" decrypted with a Caesar shift of 5 is ""storm."" However, this may not be the correct decryption. Let me try a Caesar shift of 6.

Shift 6: tqxob

The word ""tqxob"" decrypted with a Caesar shift of 6 is ""spurn."" This also may not be the correct decryption. Let me try a Caesar shift of 7.

Shift 7: spwna

The word ""spwna"" decrypted with a Caesar shift of 7 is ""spurn."" This may not be the correct decryption either. Let me try a Caesar shift of 8.

Shift 8: somlz

The word ""somlz"" decrypted with a Caesar shift of 8 is ""plkuy."" This also may not be the correct decryption. Let me try a Caesar shift of 9.

Shift 9: rnkly

The word ""rnkly"" decrypted with a Caesar shift of 9 is ""qmjlx."" This may not be the correct decryption either. Let me try a Caesar shift of 10.

Shift 10: qmjkx

The word ""qmjlk"" decrypted with a Caesar shift of 10 is ""plain."" This also may not be the correct decryption.",0,19,"After trying various combinations, I couldn't unscramble the ciphertext as an anagram. Next, I will try to decrypt it as a Caesar cipher with different shifts.

Shift 1: ycvgt
Shift 2: xbufs
Shift 3: watre
Shift 4: vszqd
Shift 5: urypc

The word ""urypc"" decrypted with a Caesar shift of 5 is ""storm."" However, this may not be the correct decryption. Let me try a Caesar shift of 6.

Shift 6: tqxob

The word ""tqxob"" decrypted with a Caesar shift of 6 is ""spurn."" This also may not be the correct decryption. Let me try a Caesar shift of 7.

Shift 7: spwna

The word ""spwna"" decrypted with a Caesar shift of 7 is ""spurn."" This may not be the correct decryption either. Let me try a Caesar shift of 8.

Shift 8: somlz

The word ""somlz"" decrypted with a Caesar shift of 8 is ""plkuy."" This also may not be the correct decryption. Let me try a Caesar shift of 9.

Shift 9: rnkly

The word ""rnkly"" decrypted with a Caesar shift of 9 is ""qmjlx."" This may not be the correct decryption either. Let me try a C",1,1.0
zdwhu,water,5,3,"After trying various combinations, I couldn't unscramble the ciphertext as an anagram. Next, I will try to decrypt it as a Caesar cipher with different shifts.

Shift 1: ycvgt
Shift 2: xbufs
Shift 3: watre
Shift 4: vszqd
Shift 5: urypc

The word ""urypc"" decrypted with a Caesar shift of 5 is ""storm."" However, this may not be the correct decryption. Let me try a Caesar shift of 6.

Shift 6: tqxob

The word ""tqxob"" decrypted with a Caesar shift of 6 is ""spurn."" This also may not be the correct decryption. Let me try a Caesar shift of 7.

Shift 7: spwna

The word ""spwna"" decrypted with a Caesar shift of 7 is ""spurn."" This may not be the correct decryption either. Let me try a Caesar shift of 8.

Shift 8: somlz

The word ""somlz"" decrypted with a Caesar shift of 8 is ""plkuy."" This also may not be the correct decryption. Let me try a Caesar shift of 9.

Shift 9: rnkly

The word ""rnkly"" decrypted with a Caesar shift of 9 is ""qmjlx."" This may not be the correct decryption either. Let me try a Caesar shift of 10.

Shift 10: qmjkx

The word ""qmjlk"" decrypted with a Caesar shift of 10 is ""plain."" This also may not be the correct decryption.",0,20,"After trying various combinations, I couldn't unscramble the ciphertext as an anagram. Next, I will try to decrypt it as a Caesar cipher with different shifts.

Shift 1: ycvgt
Shift 2: xbufs
Shift 3: watre
Shift 4: vszqd
Shift 5: urypc

The word ""urypc"" decrypted with a Caesar shift of 5 is ""storm."" However, this may not be the correct decryption. Let me try a Caesar shift of 6.

Shift 6: tqxob

The word ""tqxob"" decrypted with a Caesar shift of 6 is ""spurn."" This also may not be the correct decryption. Let me try a Caesar shift of 7.

Shift 7: spwna

The word ""spwna"" decrypted with a Caesar shift of 7 is ""spurn."" This may not be the correct decryption either. Let me try a Caesar shift of 8.

Shift 8: somlz

The word ""somlz"" decrypted with a Caesar shift of 8 is ""plkuy."" This also may not be the correct decryption. Let me try a Caesar shift of 9.

Shift 9: rnkly

The word ""rnkly"" decrypted with a Caesar shift of 9 is ""qmjlx."" This may not be the correct decryption either. Let me try a Caesar shift of 10.

Shift 10: qmjkx

The word ""qmj",1,1.0
zdwhu,water,5,3,"After trying various combinations, I couldn't unscramble the ciphertext as an anagram. Next, I will try to decrypt it as a Caesar cipher with different shifts.

Shift 1: ycvgt
Shift 2: xbufs
Shift 3: watre
Shift 4: vszqd
Shift 5: urypc

The word ""urypc"" decrypted with a Caesar shift of 5 is ""storm."" However, this may not be the correct decryption. Let me try a Caesar shift of 6.

Shift 6: tqxob

The word ""tqxob"" decrypted with a Caesar shift of 6 is ""spurn."" This also may not be the correct decryption. Let me try a Caesar shift of 7.

Shift 7: spwna

The word ""spwna"" decrypted with a Caesar shift of 7 is ""spurn."" This may not be the correct decryption either. Let me try a Caesar shift of 8.

Shift 8: somlz

The word ""somlz"" decrypted with a Caesar shift of 8 is ""plkuy."" This also may not be the correct decryption. Let me try a Caesar shift of 9.

Shift 9: rnkly

The word ""rnkly"" decrypted with a Caesar shift of 9 is ""qmjlx."" This may not be the correct decryption either. Let me try a Caesar shift of 10.

Shift 10: qmjkx

The word ""qmjlk"" decrypted with a Caesar shift of 10 is ""plain."" This also may not be the correct decryption.",0,21,"After trying various combinations, I couldn't unscramble the ciphertext as an anagram. Next, I will try to decrypt it as a Caesar cipher with different shifts.

Shift 1: ycvgt
Shift 2: xbufs
Shift 3: watre
Shift 4: vszqd
Shift 5: urypc

The word ""urypc"" decrypted with a Caesar shift of 5 is ""storm."" However, this may not be the correct decryption. Let me try a Caesar shift of 6.

Shift 6: tqxob

The word ""tqxob"" decrypted with a Caesar shift of 6 is ""spurn."" This also may not be the correct decryption. Let me try a Caesar shift of 7.

Shift 7: spwna

The word ""spwna"" decrypted with a Caesar shift of 7 is ""spurn."" This may not be the correct decryption either. Let me try a Caesar shift of 8.

Shift 8: somlz

The word ""somlz"" decrypted with a Caesar shift of 8 is ""plkuy."" This also may not be the correct decryption. Let me try a Caesar shift of 9.

Shift 9: rnkly

The word ""rnkly"" decrypted with a Caesar shift of 9 is ""qmjlx."" This may not be the correct decryption either. Let me try a Caesar shift of 10.

Shift 10: qmjkx

The word ""qmjlk"" decrypted with a Caesar shift of 10 is ""plain.",1,1.0
zdwhu,water,5,3,"After trying various combinations, I couldn't unscramble the ciphertext as an anagram. Next, I will try to decrypt it as a Caesar cipher with different shifts.

Shift 1: ycvgt
Shift 2: xbufs
Shift 3: watre
Shift 4: vszqd
Shift 5: urypc

The word ""urypc"" decrypted with a Caesar shift of 5 is ""storm."" However, this may not be the correct decryption. Let me try a Caesar shift of 6.

Shift 6: tqxob

The word ""tqxob"" decrypted with a Caesar shift of 6 is ""spurn."" This also may not be the correct decryption. Let me try a Caesar shift of 7.

Shift 7: spwna

The word ""spwna"" decrypted with a Caesar shift of 7 is ""spurn."" This may not be the correct decryption either. Let me try a Caesar shift of 8.

Shift 8: somlz

The word ""somlz"" decrypted with a Caesar shift of 8 is ""plkuy."" This also may not be the correct decryption. Let me try a Caesar shift of 9.

Shift 9: rnkly

The word ""rnkly"" decrypted with a Caesar shift of 9 is ""qmjlx."" This may not be the correct decryption either. Let me try a Caesar shift of 10.

Shift 10: qmjkx

The word ""qmjlk"" decrypted with a Caesar shift of 10 is ""plain."" This also may not be the correct decryption.",0,22,"After trying various combinations, I couldn't unscramble the ciphertext as an anagram. Next, I will try to decrypt it as a Caesar cipher with different shifts.

Shift 1: ycvgt
Shift 2: xbufs
Shift 3: watre
Shift 4: vszqd
Shift 5: urypc

The word ""urypc"" decrypted with a Caesar shift of 5 is ""storm."" However, this may not be the correct decryption. Let me try a Caesar shift of 6.

Shift 6: tqxob

The word ""tqxob"" decrypted with a Caesar shift of 6 is ""spurn."" This also may not be the correct decryption. Let me try a Caesar shift of 7.

Shift 7: spwna

The word ""spwna"" decrypted with a Caesar shift of 7 is ""spurn."" This may not be the correct decryption either. Let me try a Caesar shift of 8.

Shift 8: somlz

The word ""somlz"" decrypted with a Caesar shift of 8 is ""plkuy."" This also may not be the correct decryption. Let me try a Caesar shift of 9.

Shift 9: rnkly

The word ""rnkly"" decrypted with a Caesar shift of 9 is ""qmjlx."" This may not be the correct decryption either. Let me try a Caesar shift of 10.

Shift 10: qmjkx

The word ""qmjlk"" decrypted with a Caesar shift of 10 is ""plain."" This also may not be the correct decryption.",1,1.0
irxqg,found,5,3,"By rearranging the letters of ""irxqg"", I can see that it could potentially unscramble to the word ""rigqx"", although this doesn't seem to be a valid English word. Let's try decrypting it using Caesar cipher with different shifts.

Shift 1: hqwpf
Shift 2: gpvoe
Shift 3: found
Shift 4: entmc
Shift 5: dmslb

Out of the five different shifts, the shift of 3 results in the decrypted word ""found"", which is a valid English word. Therefore, the original word is likely ""found"" and the encryption method used was a Caesar cipher with a shift of 3.",1,0,"By rearranging the letters of ""irxqg"", I can see t",0,3.0
irxqg,found,5,3,"By rearranging the letters of ""irxqg"", I can see that it could potentially unscramble to the word ""rigqx"", although this doesn't seem to be a valid English word. Let's try decrypting it using Caesar cipher with different shifts.

Shift 1: hqwpf
Shift 2: gpvoe
Shift 3: found
Shift 4: entmc
Shift 5: dmslb

Out of the five different shifts, the shift of 3 results in the decrypted word ""found"", which is a valid English word. Therefore, the original word is likely ""found"" and the encryption method used was a Caesar cipher with a shift of 3.",1,1,"By rearranging the letters of ""irxqg"", I can see that it could potentially unscramble to the word ""r",0,3.0
irxqg,found,5,3,"By rearranging the letters of ""irxqg"", I can see that it could potentially unscramble to the word ""rigqx"", although this doesn't seem to be a valid English word. Let's try decrypting it using Caesar cipher with different shifts.

Shift 1: hqwpf
Shift 2: gpvoe
Shift 3: found
Shift 4: entmc
Shift 5: dmslb

Out of the five different shifts, the shift of 3 results in the decrypted word ""found"", which is a valid English word. Therefore, the original word is likely ""found"" and the encryption method used was a Caesar cipher with a shift of 3.",1,2,"By rearranging the letters of ""irxqg"", I can see that it could potentially unscramble to the word ""rigqx"", although this doesn't seem to be a valid En",0,3.0
irxqg,found,5,3,"By rearranging the letters of ""irxqg"", I can see that it could potentially unscramble to the word ""rigqx"", although this doesn't seem to be a valid English word. Let's try decrypting it using Caesar cipher with different shifts.

Shift 1: hqwpf
Shift 2: gpvoe
Shift 3: found
Shift 4: entmc
Shift 5: dmslb

Out of the five different shifts, the shift of 3 results in the decrypted word ""found"", which is a valid English word. Therefore, the original word is likely ""found"" and the encryption method used was a Caesar cipher with a shift of 3.",1,3,"By rearranging the letters of ""irxqg"", I can see that it could potentially unscramble to the word ""rigqx"", although this doesn't seem to be a valid English word. Let's try decrypting it using Caesar c",1,3.0
irxqg,found,5,3,"By rearranging the letters of ""irxqg"", I can see that it could potentially unscramble to the word ""rigqx"", although this doesn't seem to be a valid English word. Let's try decrypting it using Caesar cipher with different shifts.

Shift 1: hqwpf
Shift 2: gpvoe
Shift 3: found
Shift 4: entmc
Shift 5: dmslb

Out of the five different shifts, the shift of 3 results in the decrypted word ""found"", which is a valid English word. Therefore, the original word is likely ""found"" and the encryption method used was a Caesar cipher with a shift of 3.",1,4,"By rearranging the letters of ""irxqg"", I can see that it could potentially unscramble to the word ""rigqx"", although this doesn't seem to be a valid English word. Let's try decrypting it using Caesar cipher with different shifts.

Shift 1: hqwpf
Shift",1,3.0
irxqg,found,5,3,"By rearranging the letters of ""irxqg"", I can see that it could potentially unscramble to the word ""rigqx"", although this doesn't seem to be a valid English word. Let's try decrypting it using Caesar cipher with different shifts.

Shift 1: hqwpf
Shift 2: gpvoe
Shift 3: found
Shift 4: entmc
Shift 5: dmslb

Out of the five different shifts, the shift of 3 results in the decrypted word ""found"", which is a valid English word. Therefore, the original word is likely ""found"" and the encryption method used was a Caesar cipher with a shift of 3.",1,5,"By rearranging the letters of ""irxqg"", I can see that it could potentially unscramble to the word ""rigqx"", although this doesn't seem to be a valid English word. Let's try decrypting it using Caesar cipher with different shifts.

Shift 1: hqwpf
Shift 2: gpvoe
Shift 3: found
Shift 4: entmc
Shift 5: d",1,3.0
irxqg,found,5,3,"By rearranging the letters of ""irxqg"", I can see that it could potentially unscramble to the word ""rigqx"", although this doesn't seem to be a valid English word. Let's try decrypting it using Caesar cipher with different shifts.

Shift 1: hqwpf
Shift 2: gpvoe
Shift 3: found
Shift 4: entmc
Shift 5: dmslb

Out of the five different shifts, the shift of 3 results in the decrypted word ""found"", which is a valid English word. Therefore, the original word is likely ""found"" and the encryption method used was a Caesar cipher with a shift of 3.",1,6,"By rearranging the letters of ""irxqg"", I can see that it could potentially unscramble to the word ""rigqx"", although this doesn't seem to be a valid English word. Let's try decrypting it using Caesar cipher with different shifts.

Shift 1: hqwpf
Shift 2: gpvoe
Shift 3: found
Shift 4: entmc
Shift 5: dmslb

Out of the five different shifts, the shift ",1,3.0
irxqg,found,5,3,"By rearranging the letters of ""irxqg"", I can see that it could potentially unscramble to the word ""rigqx"", although this doesn't seem to be a valid English word. Let's try decrypting it using Caesar cipher with different shifts.

Shift 1: hqwpf
Shift 2: gpvoe
Shift 3: found
Shift 4: entmc
Shift 5: dmslb

Out of the five different shifts, the shift of 3 results in the decrypted word ""found"", which is a valid English word. Therefore, the original word is likely ""found"" and the encryption method used was a Caesar cipher with a shift of 3.",1,7,"By rearranging the letters of ""irxqg"", I can see that it could potentially unscramble to the word ""rigqx"", although this doesn't seem to be a valid English word. Let's try decrypting it using Caesar cipher with different shifts.

Shift 1: hqwpf
Shift 2: gpvoe
Shift 3: found
Shift 4: entmc
Shift 5: dmslb

Out of the five different shifts, the shift of 3 results in the decrypted word ""found"", which ",1,3.0
irxqg,found,5,3,"By rearranging the letters of ""irxqg"", I can see that it could potentially unscramble to the word ""rigqx"", although this doesn't seem to be a valid English word. Let's try decrypting it using Caesar cipher with different shifts.

Shift 1: hqwpf
Shift 2: gpvoe
Shift 3: found
Shift 4: entmc
Shift 5: dmslb

Out of the five different shifts, the shift of 3 results in the decrypted word ""found"", which is a valid English word. Therefore, the original word is likely ""found"" and the encryption method used was a Caesar cipher with a shift of 3.",1,8,"By rearranging the letters of ""irxqg"", I can see that it could potentially unscramble to the word ""rigqx"", although this doesn't seem to be a valid English word. Let's try decrypting it using Caesar cipher with different shifts.

Shift 1: hqwpf
Shift 2: gpvoe
Shift 3: found
Shift 4: entmc
Shift 5: dmslb

Out of the five different shifts, the shift of 3 results in the decrypted word ""found"", which is a valid English word. Therefore, the original w",1,3.0
irxqg,found,5,3,"By rearranging the letters of ""irxqg"", I can see that it could potentially unscramble to the word ""rigqx"", although this doesn't seem to be a valid English word. Let's try decrypting it using Caesar cipher with different shifts.

Shift 1: hqwpf
Shift 2: gpvoe
Shift 3: found
Shift 4: entmc
Shift 5: dmslb

Out of the five different shifts, the shift of 3 results in the decrypted word ""found"", which is a valid English word. Therefore, the original word is likely ""found"" and the encryption method used was a Caesar cipher with a shift of 3.",1,9,"By rearranging the letters of ""irxqg"", I can see that it could potentially unscramble to the word ""rigqx"", although this doesn't seem to be a valid English word. Let's try decrypting it using Caesar cipher with different shifts.

Shift 1: hqwpf
Shift 2: gpvoe
Shift 3: found
Shift 4: entmc
Shift 5: dmslb

Out of the five different shifts, the shift of 3 results in the decrypted word ""found"", which is a valid English word. Therefore, the original word is likely ""found"" and the encryption method us",1,3.0
irxqg,found,5,3,"By rearranging the letters of ""irxqg"", I can see that it could potentially unscramble to the word ""rigqx"", although this doesn't seem to be a valid English word. Let's try decrypting it using Caesar cipher with different shifts.

Shift 1: hqwpf
Shift 2: gpvoe
Shift 3: found
Shift 4: entmc
Shift 5: dmslb

Out of the five different shifts, the shift of 3 results in the decrypted word ""found"", which is a valid English word. Therefore, the original word is likely ""found"" and the encryption method used was a Caesar cipher with a shift of 3.",1,10,"By rearranging the letters of ""irxqg"", I can see that it could potentially unscramble to the word ""rigqx"", although this doesn't seem to be a valid English word. Let's try decrypting it using Caesar cipher with different shifts.

Shift 1: hqwpf
Shift 2: gpvoe
Shift 3: found
Shift 4: entmc
Shift 5: dmslb

Out of the five different shifts, the shift of 3 results in the decrypted word ""found"", which is a valid English word. Therefore, the original word is likely ""found"" and the encryption method used was a Caesar cipher with a shift of 3.",1,3.0
fikmr,begin,5,4,"The word ""fikmr"" unscrambled is ""krimf.""",0,0,"The word ""fikmr"" unscrambled is ""krimf.""",0,
asyph,would,5,4,"After trying different combinations, I was unable to come up with an English word by unscrambling the ciphertext ""asyph"". Therefore, I will now try decrypting it using a Caesar cipher with different shifts. 

Shift 1:
""asyph"" -> ""brzqi""

Shift 2:
""asyph"" -> ""csarj""

Shift 3:
""asyph"" -> ""dtbsk""

Shift 4:
""asyph"" -> ""euctl""

Shift 5:
""asyph"" -> ""fvdum""

None of these options seem to reveal an English word. Perhaps the original ciphertext is not a simple Caesar cipher.",0,0,"After trying different combinations, I was unable ",0,2.0
asyph,would,5,4,"After trying different combinations, I was unable to come up with an English word by unscrambling the ciphertext ""asyph"". Therefore, I will now try decrypting it using a Caesar cipher with different shifts. 

Shift 1:
""asyph"" -> ""brzqi""

Shift 2:
""asyph"" -> ""csarj""

Shift 3:
""asyph"" -> ""dtbsk""

Shift 4:
""asyph"" -> ""euctl""

Shift 5:
""asyph"" -> ""fvdum""

None of these options seem to reveal an English word. Perhaps the original ciphertext is not a simple Caesar cipher.",0,1,"After trying different combinations, I was unable to come up with an English word by unscrambling th",0,2.0
asyph,would,5,4,"After trying different combinations, I was unable to come up with an English word by unscrambling the ciphertext ""asyph"". Therefore, I will now try decrypting it using a Caesar cipher with different shifts. 

Shift 1:
""asyph"" -> ""brzqi""

Shift 2:
""asyph"" -> ""csarj""

Shift 3:
""asyph"" -> ""dtbsk""

Shift 4:
""asyph"" -> ""euctl""

Shift 5:
""asyph"" -> ""fvdum""

None of these options seem to reveal an English word. Perhaps the original ciphertext is not a simple Caesar cipher.",0,2,"After trying different combinations, I was unable to come up with an English word by unscrambling the ciphertext ""asyph"". Therefore, I will now try de",1,2.0
asyph,would,5,4,"After trying different combinations, I was unable to come up with an English word by unscrambling the ciphertext ""asyph"". Therefore, I will now try decrypting it using a Caesar cipher with different shifts. 

Shift 1:
""asyph"" -> ""brzqi""

Shift 2:
""asyph"" -> ""csarj""

Shift 3:
""asyph"" -> ""dtbsk""

Shift 4:
""asyph"" -> ""euctl""

Shift 5:
""asyph"" -> ""fvdum""

None of these options seem to reveal an English word. Perhaps the original ciphertext is not a simple Caesar cipher.",0,3,"After trying different combinations, I was unable to come up with an English word by unscrambling the ciphertext ""asyph"". Therefore, I will now try decrypting it using a Caesar cipher with different s",1,2.0
asyph,would,5,4,"After trying different combinations, I was unable to come up with an English word by unscrambling the ciphertext ""asyph"". Therefore, I will now try decrypting it using a Caesar cipher with different shifts. 

Shift 1:
""asyph"" -> ""brzqi""

Shift 2:
""asyph"" -> ""csarj""

Shift 3:
""asyph"" -> ""dtbsk""

Shift 4:
""asyph"" -> ""euctl""

Shift 5:
""asyph"" -> ""fvdum""

None of these options seem to reveal an English word. Perhaps the original ciphertext is not a simple Caesar cipher.",0,4,"After trying different combinations, I was unable to come up with an English word by unscrambling the ciphertext ""asyph"". Therefore, I will now try decrypting it using a Caesar cipher with different shifts. 

Shift 1:
""asyph"" -> ""brzqi""

Shift 2:
""as",1,2.0
asyph,would,5,4,"After trying different combinations, I was unable to come up with an English word by unscrambling the ciphertext ""asyph"". Therefore, I will now try decrypting it using a Caesar cipher with different shifts. 

Shift 1:
""asyph"" -> ""brzqi""

Shift 2:
""asyph"" -> ""csarj""

Shift 3:
""asyph"" -> ""dtbsk""

Shift 4:
""asyph"" -> ""euctl""

Shift 5:
""asyph"" -> ""fvdum""

None of these options seem to reveal an English word. Perhaps the original ciphertext is not a simple Caesar cipher.",0,5,"After trying different combinations, I was unable to come up with an English word by unscrambling the ciphertext ""asyph"". Therefore, I will now try decrypting it using a Caesar cipher with different shifts. 

Shift 1:
""asyph"" -> ""brzqi""

Shift 2:
""asyph"" -> ""csarj""

Shift 3:
""asyph"" -> ""dtbsk""

Shif",1,2.0
asyph,would,5,4,"After trying different combinations, I was unable to come up with an English word by unscrambling the ciphertext ""asyph"". Therefore, I will now try decrypting it using a Caesar cipher with different shifts. 

Shift 1:
""asyph"" -> ""brzqi""

Shift 2:
""asyph"" -> ""csarj""

Shift 3:
""asyph"" -> ""dtbsk""

Shift 4:
""asyph"" -> ""euctl""

Shift 5:
""asyph"" -> ""fvdum""

None of these options seem to reveal an English word. Perhaps the original ciphertext is not a simple Caesar cipher.",0,6,"After trying different combinations, I was unable to come up with an English word by unscrambling the ciphertext ""asyph"". Therefore, I will now try decrypting it using a Caesar cipher with different shifts. 

Shift 1:
""asyph"" -> ""brzqi""

Shift 2:
""asyph"" -> ""csarj""

Shift 3:
""asyph"" -> ""dtbsk""

Shift 4:
""asyph"" -> ""euctl""

Shift 5:
""asyph"" -> ""fvdu",1,2.0
asyph,would,5,4,"After trying different combinations, I was unable to come up with an English word by unscrambling the ciphertext ""asyph"". Therefore, I will now try decrypting it using a Caesar cipher with different shifts. 

Shift 1:
""asyph"" -> ""brzqi""

Shift 2:
""asyph"" -> ""csarj""

Shift 3:
""asyph"" -> ""dtbsk""

Shift 4:
""asyph"" -> ""euctl""

Shift 5:
""asyph"" -> ""fvdum""

None of these options seem to reveal an English word. Perhaps the original ciphertext is not a simple Caesar cipher.",0,7,"After trying different combinations, I was unable to come up with an English word by unscrambling the ciphertext ""asyph"". Therefore, I will now try decrypting it using a Caesar cipher with different shifts. 

Shift 1:
""asyph"" -> ""brzqi""

Shift 2:
""asyph"" -> ""csarj""

Shift 3:
""asyph"" -> ""dtbsk""

Shift 4:
""asyph"" -> ""euctl""

Shift 5:
""asyph"" -> ""fvdum""

None of these options seem to reveal an Englis",1,2.0
asyph,would,5,4,"After trying different combinations, I was unable to come up with an English word by unscrambling the ciphertext ""asyph"". Therefore, I will now try decrypting it using a Caesar cipher with different shifts. 

Shift 1:
""asyph"" -> ""brzqi""

Shift 2:
""asyph"" -> ""csarj""

Shift 3:
""asyph"" -> ""dtbsk""

Shift 4:
""asyph"" -> ""euctl""

Shift 5:
""asyph"" -> ""fvdum""

None of these options seem to reveal an English word. Perhaps the original ciphertext is not a simple Caesar cipher.",0,8,"After trying different combinations, I was unable to come up with an English word by unscrambling the ciphertext ""asyph"". Therefore, I will now try decrypting it using a Caesar cipher with different shifts. 

Shift 1:
""asyph"" -> ""brzqi""

Shift 2:
""asyph"" -> ""csarj""

Shift 3:
""asyph"" -> ""dtbsk""

Shift 4:
""asyph"" -> ""euctl""

Shift 5:
""asyph"" -> ""fvdum""

None of these options seem to reveal an English word. Perhaps the original ciphertext is not a s",1,2.0
asyph,would,5,4,"After trying different combinations, I was unable to come up with an English word by unscrambling the ciphertext ""asyph"". Therefore, I will now try decrypting it using a Caesar cipher with different shifts. 

Shift 1:
""asyph"" -> ""brzqi""

Shift 2:
""asyph"" -> ""csarj""

Shift 3:
""asyph"" -> ""dtbsk""

Shift 4:
""asyph"" -> ""euctl""

Shift 5:
""asyph"" -> ""fvdum""

None of these options seem to reveal an English word. Perhaps the original ciphertext is not a simple Caesar cipher.",0,9,"After trying different combinations, I was unable to come up with an English word by unscrambling the ciphertext ""asyph"". Therefore, I will now try decrypting it using a Caesar cipher with different shifts. 

Shift 1:
""asyph"" -> ""brzqi""

Shift 2:
""asyph"" -> ""csarj""

Shift 3:
""asyph"" -> ""dtbsk""

Shift 4:
""asyph"" -> ""euctl""

Shift 5:
""asyph"" -> ""fvdum""

None of these options seem to reveal an English word. Perhaps the original ciphertext is not a simple Caesar cipher.",1,2.0
jmfvi,fibre,5,4,"When unscrambling the letters ""jmfvi,"" the word ""jvmfi"" can be found. 

Next, I'll try to decrypt the word using a Caesar cipher with 5 different shifts:

Shift 1: IWLUH
Shift 2: HVKTG
Shift 3: GUJSF
Shift 4: FTIRE
Shift 5: ESQHD

Among these options, ""ESQHD"" does not resemble a valid English word, so the ciphertext may not be a Caesar cipher. The word ""jvmfi"" may be an anagram or another type of cipher.",0,0,"When unscrambling the letters ""jmfvi,"" the word ""j",0,1.0
jmfvi,fibre,5,4,"When unscrambling the letters ""jmfvi,"" the word ""jvmfi"" can be found. 

Next, I'll try to decrypt the word using a Caesar cipher with 5 different shifts:

Shift 1: IWLUH
Shift 2: HVKTG
Shift 3: GUJSF
Shift 4: FTIRE
Shift 5: ESQHD

Among these options, ""ESQHD"" does not resemble a valid English word, so the ciphertext may not be a Caesar cipher. The word ""jvmfi"" may be an anagram or another type of cipher.",0,1,"When unscrambling the letters ""jmfvi,"" the word ""jvmfi"" can be found. 

Next, I'll try to decrypt th",1,1.0
jmfvi,fibre,5,4,"When unscrambling the letters ""jmfvi,"" the word ""jvmfi"" can be found. 

Next, I'll try to decrypt the word using a Caesar cipher with 5 different shifts:

Shift 1: IWLUH
Shift 2: HVKTG
Shift 3: GUJSF
Shift 4: FTIRE
Shift 5: ESQHD

Among these options, ""ESQHD"" does not resemble a valid English word, so the ciphertext may not be a Caesar cipher. The word ""jvmfi"" may be an anagram or another type of cipher.",0,2,"When unscrambling the letters ""jmfvi,"" the word ""jvmfi"" can be found. 

Next, I'll try to decrypt the word using a Caesar cipher with 5 different shif",1,1.0
jmfvi,fibre,5,4,"When unscrambling the letters ""jmfvi,"" the word ""jvmfi"" can be found. 

Next, I'll try to decrypt the word using a Caesar cipher with 5 different shifts:

Shift 1: IWLUH
Shift 2: HVKTG
Shift 3: GUJSF
Shift 4: FTIRE
Shift 5: ESQHD

Among these options, ""ESQHD"" does not resemble a valid English word, so the ciphertext may not be a Caesar cipher. The word ""jvmfi"" may be an anagram or another type of cipher.",0,3,"When unscrambling the letters ""jmfvi,"" the word ""jvmfi"" can be found. 

Next, I'll try to decrypt the word using a Caesar cipher with 5 different shifts:

Shift 1: IWLUH
Shift 2: HVKTG
Shift 3: GUJSF
",1,1.0
jmfvi,fibre,5,4,"When unscrambling the letters ""jmfvi,"" the word ""jvmfi"" can be found. 

Next, I'll try to decrypt the word using a Caesar cipher with 5 different shifts:

Shift 1: IWLUH
Shift 2: HVKTG
Shift 3: GUJSF
Shift 4: FTIRE
Shift 5: ESQHD

Among these options, ""ESQHD"" does not resemble a valid English word, so the ciphertext may not be a Caesar cipher. The word ""jvmfi"" may be an anagram or another type of cipher.",0,4,"When unscrambling the letters ""jmfvi,"" the word ""jvmfi"" can be found. 

Next, I'll try to decrypt the word using a Caesar cipher with 5 different shifts:

Shift 1: IWLUH
Shift 2: HVKTG
Shift 3: GUJSF
Shift 4: FTIRE
Shift 5: ESQHD

Among these options",1,1.0
jmfvi,fibre,5,4,"When unscrambling the letters ""jmfvi,"" the word ""jvmfi"" can be found. 

Next, I'll try to decrypt the word using a Caesar cipher with 5 different shifts:

Shift 1: IWLUH
Shift 2: HVKTG
Shift 3: GUJSF
Shift 4: FTIRE
Shift 5: ESQHD

Among these options, ""ESQHD"" does not resemble a valid English word, so the ciphertext may not be a Caesar cipher. The word ""jvmfi"" may be an anagram or another type of cipher.",0,5,"When unscrambling the letters ""jmfvi,"" the word ""jvmfi"" can be found. 

Next, I'll try to decrypt the word using a Caesar cipher with 5 different shifts:

Shift 1: IWLUH
Shift 2: HVKTG
Shift 3: GUJSF
Shift 4: FTIRE
Shift 5: ESQHD

Among these options, ""ESQHD"" does not resemble a valid English word, ",1,1.0
jmfvi,fibre,5,4,"When unscrambling the letters ""jmfvi,"" the word ""jvmfi"" can be found. 

Next, I'll try to decrypt the word using a Caesar cipher with 5 different shifts:

Shift 1: IWLUH
Shift 2: HVKTG
Shift 3: GUJSF
Shift 4: FTIRE
Shift 5: ESQHD

Among these options, ""ESQHD"" does not resemble a valid English word, so the ciphertext may not be a Caesar cipher. The word ""jvmfi"" may be an anagram or another type of cipher.",0,6,"When unscrambling the letters ""jmfvi,"" the word ""jvmfi"" can be found. 

Next, I'll try to decrypt the word using a Caesar cipher with 5 different shifts:

Shift 1: IWLUH
Shift 2: HVKTG
Shift 3: GUJSF
Shift 4: FTIRE
Shift 5: ESQHD

Among these options, ""ESQHD"" does not resemble a valid English word, so the ciphertext may not be a Caesar cipher. The ",1,1.0
jmfvi,fibre,5,4,"When unscrambling the letters ""jmfvi,"" the word ""jvmfi"" can be found. 

Next, I'll try to decrypt the word using a Caesar cipher with 5 different shifts:

Shift 1: IWLUH
Shift 2: HVKTG
Shift 3: GUJSF
Shift 4: FTIRE
Shift 5: ESQHD

Among these options, ""ESQHD"" does not resemble a valid English word, so the ciphertext may not be a Caesar cipher. The word ""jvmfi"" may be an anagram or another type of cipher.",0,7,"When unscrambling the letters ""jmfvi,"" the word ""jvmfi"" can be found. 

Next, I'll try to decrypt the word using a Caesar cipher with 5 different shifts:

Shift 1: IWLUH
Shift 2: HVKTG
Shift 3: GUJSF
Shift 4: FTIRE
Shift 5: ESQHD

Among these options, ""ESQHD"" does not resemble a valid English word, so the ciphertext may not be a Caesar cipher. The word ""jvmfi"" may be an anagram or another type of ",1,1.0
jmfvi,fibre,5,4,"When unscrambling the letters ""jmfvi,"" the word ""jvmfi"" can be found. 

Next, I'll try to decrypt the word using a Caesar cipher with 5 different shifts:

Shift 1: IWLUH
Shift 2: HVKTG
Shift 3: GUJSF
Shift 4: FTIRE
Shift 5: ESQHD

Among these options, ""ESQHD"" does not resemble a valid English word, so the ciphertext may not be a Caesar cipher. The word ""jvmfi"" may be an anagram or another type of cipher.",0,8,"When unscrambling the letters ""jmfvi,"" the word ""jvmfi"" can be found. 

Next, I'll try to decrypt the word using a Caesar cipher with 5 different shifts:

Shift 1: IWLUH
Shift 2: HVKTG
Shift 3: GUJSF
Shift 4: FTIRE
Shift 5: ESQHD

Among these options, ""ESQHD"" does not resemble a valid English word, so the ciphertext may not be a Caesar cipher. The word ""jvmfi"" may be an anagram or another type of cipher.",1,1.0
xnlsx,signs,5,5,"After attempting to unscramble the ciphertext ""xnlsx"", I was unable to form any meaningful English word. So, I will proceed by assuming it's a Caesar cipher and try decrypting it using different shifts.

1. Shift 1:
xnlsx -> wormy

2. Shift 2:
xnlsx -> vocal

3. Shift 3:
xnlsx -> unmask

4. Shift 4:
xnlsx -> tmarj

5. Shift 5:
xnlsx -> slqzi

Based on the decryption using different shifts for a Caesar cipher, the word ""unmask"" comes closest to resembling a meaningful English word. So, assuming it is indeed a Caesar cipher, the plaintext word might be ""unmask"".",0,0,"After attempting to unscramble the ciphertext ""xnl",0,2.0
xnlsx,signs,5,5,"After attempting to unscramble the ciphertext ""xnlsx"", I was unable to form any meaningful English word. So, I will proceed by assuming it's a Caesar cipher and try decrypting it using different shifts.

1. Shift 1:
xnlsx -> wormy

2. Shift 2:
xnlsx -> vocal

3. Shift 3:
xnlsx -> unmask

4. Shift 4:
xnlsx -> tmarj

5. Shift 5:
xnlsx -> slqzi

Based on the decryption using different shifts for a Caesar cipher, the word ""unmask"" comes closest to resembling a meaningful English word. So, assuming it is indeed a Caesar cipher, the plaintext word might be ""unmask"".",0,1,"After attempting to unscramble the ciphertext ""xnlsx"", I was unable to form any meaningful English w",0,2.0
xnlsx,signs,5,5,"After attempting to unscramble the ciphertext ""xnlsx"", I was unable to form any meaningful English word. So, I will proceed by assuming it's a Caesar cipher and try decrypting it using different shifts.

1. Shift 1:
xnlsx -> wormy

2. Shift 2:
xnlsx -> vocal

3. Shift 3:
xnlsx -> unmask

4. Shift 4:
xnlsx -> tmarj

5. Shift 5:
xnlsx -> slqzi

Based on the decryption using different shifts for a Caesar cipher, the word ""unmask"" comes closest to resembling a meaningful English word. So, assuming it is indeed a Caesar cipher, the plaintext word might be ""unmask"".",0,2,"After attempting to unscramble the ciphertext ""xnlsx"", I was unable to form any meaningful English word. So, I will proceed by assuming it's a Caesar ",1,2.0
xnlsx,signs,5,5,"After attempting to unscramble the ciphertext ""xnlsx"", I was unable to form any meaningful English word. So, I will proceed by assuming it's a Caesar cipher and try decrypting it using different shifts.

1. Shift 1:
xnlsx -> wormy

2. Shift 2:
xnlsx -> vocal

3. Shift 3:
xnlsx -> unmask

4. Shift 4:
xnlsx -> tmarj

5. Shift 5:
xnlsx -> slqzi

Based on the decryption using different shifts for a Caesar cipher, the word ""unmask"" comes closest to resembling a meaningful English word. So, assuming it is indeed a Caesar cipher, the plaintext word might be ""unmask"".",0,3,"After attempting to unscramble the ciphertext ""xnlsx"", I was unable to form any meaningful English word. So, I will proceed by assuming it's a Caesar cipher and try decrypting it using different shift",1,2.0
xnlsx,signs,5,5,"After attempting to unscramble the ciphertext ""xnlsx"", I was unable to form any meaningful English word. So, I will proceed by assuming it's a Caesar cipher and try decrypting it using different shifts.

1. Shift 1:
xnlsx -> wormy

2. Shift 2:
xnlsx -> vocal

3. Shift 3:
xnlsx -> unmask

4. Shift 4:
xnlsx -> tmarj

5. Shift 5:
xnlsx -> slqzi

Based on the decryption using different shifts for a Caesar cipher, the word ""unmask"" comes closest to resembling a meaningful English word. So, assuming it is indeed a Caesar cipher, the plaintext word might be ""unmask"".",0,4,"After attempting to unscramble the ciphertext ""xnlsx"", I was unable to form any meaningful English word. So, I will proceed by assuming it's a Caesar cipher and try decrypting it using different shifts.

1. Shift 1:
xnlsx -> wormy

2. Shift 2:
xnlsx ",1,2.0
xnlsx,signs,5,5,"After attempting to unscramble the ciphertext ""xnlsx"", I was unable to form any meaningful English word. So, I will proceed by assuming it's a Caesar cipher and try decrypting it using different shifts.

1. Shift 1:
xnlsx -> wormy

2. Shift 2:
xnlsx -> vocal

3. Shift 3:
xnlsx -> unmask

4. Shift 4:
xnlsx -> tmarj

5. Shift 5:
xnlsx -> slqzi

Based on the decryption using different shifts for a Caesar cipher, the word ""unmask"" comes closest to resembling a meaningful English word. So, assuming it is indeed a Caesar cipher, the plaintext word might be ""unmask"".",0,5,"After attempting to unscramble the ciphertext ""xnlsx"", I was unable to form any meaningful English word. So, I will proceed by assuming it's a Caesar cipher and try decrypting it using different shifts.

1. Shift 1:
xnlsx -> wormy

2. Shift 2:
xnlsx -> vocal

3. Shift 3:
xnlsx -> unmask

4. Shift 4:",1,2.0
xnlsx,signs,5,5,"After attempting to unscramble the ciphertext ""xnlsx"", I was unable to form any meaningful English word. So, I will proceed by assuming it's a Caesar cipher and try decrypting it using different shifts.

1. Shift 1:
xnlsx -> wormy

2. Shift 2:
xnlsx -> vocal

3. Shift 3:
xnlsx -> unmask

4. Shift 4:
xnlsx -> tmarj

5. Shift 5:
xnlsx -> slqzi

Based on the decryption using different shifts for a Caesar cipher, the word ""unmask"" comes closest to resembling a meaningful English word. So, assuming it is indeed a Caesar cipher, the plaintext word might be ""unmask"".",0,6,"After attempting to unscramble the ciphertext ""xnlsx"", I was unable to form any meaningful English word. So, I will proceed by assuming it's a Caesar cipher and try decrypting it using different shifts.

1. Shift 1:
xnlsx -> wormy

2. Shift 2:
xnlsx -> vocal

3. Shift 3:
xnlsx -> unmask

4. Shift 4:
xnlsx -> tmarj

5. Shift 5:
xnlsx -> slqzi

Based",1,2.0
xnlsx,signs,5,5,"After attempting to unscramble the ciphertext ""xnlsx"", I was unable to form any meaningful English word. So, I will proceed by assuming it's a Caesar cipher and try decrypting it using different shifts.

1. Shift 1:
xnlsx -> wormy

2. Shift 2:
xnlsx -> vocal

3. Shift 3:
xnlsx -> unmask

4. Shift 4:
xnlsx -> tmarj

5. Shift 5:
xnlsx -> slqzi

Based on the decryption using different shifts for a Caesar cipher, the word ""unmask"" comes closest to resembling a meaningful English word. So, assuming it is indeed a Caesar cipher, the plaintext word might be ""unmask"".",0,7,"After attempting to unscramble the ciphertext ""xnlsx"", I was unable to form any meaningful English word. So, I will proceed by assuming it's a Caesar cipher and try decrypting it using different shifts.

1. Shift 1:
xnlsx -> wormy

2. Shift 2:
xnlsx -> vocal

3. Shift 3:
xnlsx -> unmask

4. Shift 4:
xnlsx -> tmarj

5. Shift 5:
xnlsx -> slqzi

Based on the decryption using different shifts for a Ca",1,2.0
xnlsx,signs,5,5,"After attempting to unscramble the ciphertext ""xnlsx"", I was unable to form any meaningful English word. So, I will proceed by assuming it's a Caesar cipher and try decrypting it using different shifts.

1. Shift 1:
xnlsx -> wormy

2. Shift 2:
xnlsx -> vocal

3. Shift 3:
xnlsx -> unmask

4. Shift 4:
xnlsx -> tmarj

5. Shift 5:
xnlsx -> slqzi

Based on the decryption using different shifts for a Caesar cipher, the word ""unmask"" comes closest to resembling a meaningful English word. So, assuming it is indeed a Caesar cipher, the plaintext word might be ""unmask"".",0,8,"After attempting to unscramble the ciphertext ""xnlsx"", I was unable to form any meaningful English word. So, I will proceed by assuming it's a Caesar cipher and try decrypting it using different shifts.

1. Shift 1:
xnlsx -> wormy

2. Shift 2:
xnlsx -> vocal

3. Shift 3:
xnlsx -> unmask

4. Shift 4:
xnlsx -> tmarj

5. Shift 5:
xnlsx -> slqzi

Based on the decryption using different shifts for a Caesar cipher, the word ""unmask"" comes closest to re",1,2.0
xnlsx,signs,5,5,"After attempting to unscramble the ciphertext ""xnlsx"", I was unable to form any meaningful English word. So, I will proceed by assuming it's a Caesar cipher and try decrypting it using different shifts.

1. Shift 1:
xnlsx -> wormy

2. Shift 2:
xnlsx -> vocal

3. Shift 3:
xnlsx -> unmask

4. Shift 4:
xnlsx -> tmarj

5. Shift 5:
xnlsx -> slqzi

Based on the decryption using different shifts for a Caesar cipher, the word ""unmask"" comes closest to resembling a meaningful English word. So, assuming it is indeed a Caesar cipher, the plaintext word might be ""unmask"".",0,9,"After attempting to unscramble the ciphertext ""xnlsx"", I was unable to form any meaningful English word. So, I will proceed by assuming it's a Caesar cipher and try decrypting it using different shifts.

1. Shift 1:
xnlsx -> wormy

2. Shift 2:
xnlsx -> vocal

3. Shift 3:
xnlsx -> unmask

4. Shift 4:
xnlsx -> tmarj

5. Shift 5:
xnlsx -> slqzi

Based on the decryption using different shifts for a Caesar cipher, the word ""unmask"" comes closest to resembling a meaningful English word. So, assuming i",1,2.0
xnlsx,signs,5,5,"After attempting to unscramble the ciphertext ""xnlsx"", I was unable to form any meaningful English word. So, I will proceed by assuming it's a Caesar cipher and try decrypting it using different shifts.

1. Shift 1:
xnlsx -> wormy

2. Shift 2:
xnlsx -> vocal

3. Shift 3:
xnlsx -> unmask

4. Shift 4:
xnlsx -> tmarj

5. Shift 5:
xnlsx -> slqzi

Based on the decryption using different shifts for a Caesar cipher, the word ""unmask"" comes closest to resembling a meaningful English word. So, assuming it is indeed a Caesar cipher, the plaintext word might be ""unmask"".",0,10,"After attempting to unscramble the ciphertext ""xnlsx"", I was unable to form any meaningful English word. So, I will proceed by assuming it's a Caesar cipher and try decrypting it using different shifts.

1. Shift 1:
xnlsx -> wormy

2. Shift 2:
xnlsx -> vocal

3. Shift 3:
xnlsx -> unmask

4. Shift 4:
xnlsx -> tmarj

5. Shift 5:
xnlsx -> slqzi

Based on the decryption using different shifts for a Caesar cipher, the word ""unmask"" comes closest to resembling a meaningful English word. So, assuming it is indeed a Caesar cipher, the plaintext word mi",1,2.0
xnlsx,signs,5,5,"After attempting to unscramble the ciphertext ""xnlsx"", I was unable to form any meaningful English word. So, I will proceed by assuming it's a Caesar cipher and try decrypting it using different shifts.

1. Shift 1:
xnlsx -> wormy

2. Shift 2:
xnlsx -> vocal

3. Shift 3:
xnlsx -> unmask

4. Shift 4:
xnlsx -> tmarj

5. Shift 5:
xnlsx -> slqzi

Based on the decryption using different shifts for a Caesar cipher, the word ""unmask"" comes closest to resembling a meaningful English word. So, assuming it is indeed a Caesar cipher, the plaintext word might be ""unmask"".",0,11,"After attempting to unscramble the ciphertext ""xnlsx"", I was unable to form any meaningful English word. So, I will proceed by assuming it's a Caesar cipher and try decrypting it using different shifts.

1. Shift 1:
xnlsx -> wormy

2. Shift 2:
xnlsx -> vocal

3. Shift 3:
xnlsx -> unmask

4. Shift 4:
xnlsx -> tmarj

5. Shift 5:
xnlsx -> slqzi

Based on the decryption using different shifts for a Caesar cipher, the word ""unmask"" comes closest to resembling a meaningful English word. So, assuming it is indeed a Caesar cipher, the plaintext word might be ""unmask"".",1,2.0
xmjix,sheds,5,5,"After trying to unscramble the ciphertext ""xmjix"", I was not able to find any meaningful English word. Next, I will try to decrypt it assuming it's a Caesar cipher and trying different shifts.

Shift 1:
xmjix -> wlihw

Shift 2:
xmjix -> vkhgv

Shift 3:
xmjix -> ujgfu

Shift 4:
xmjix -> tifet

Shift 5:
xmjix -> sheds

None of the decrypt attempts seem to give a meaningful English word. Let's continue with more shifts.",1,0,"After trying to unscramble the ciphertext ""xmjix"",",0,2.0
xmjix,sheds,5,5,"After trying to unscramble the ciphertext ""xmjix"", I was not able to find any meaningful English word. Next, I will try to decrypt it assuming it's a Caesar cipher and trying different shifts.

Shift 1:
xmjix -> wlihw

Shift 2:
xmjix -> vkhgv

Shift 3:
xmjix -> ujgfu

Shift 4:
xmjix -> tifet

Shift 5:
xmjix -> sheds

None of the decrypt attempts seem to give a meaningful English word. Let's continue with more shifts.",1,1,"After trying to unscramble the ciphertext ""xmjix"", I was not able to find any meaningful English wor",0,2.0
xmjix,sheds,5,5,"After trying to unscramble the ciphertext ""xmjix"", I was not able to find any meaningful English word. Next, I will try to decrypt it assuming it's a Caesar cipher and trying different shifts.

Shift 1:
xmjix -> wlihw

Shift 2:
xmjix -> vkhgv

Shift 3:
xmjix -> ujgfu

Shift 4:
xmjix -> tifet

Shift 5:
xmjix -> sheds

None of the decrypt attempts seem to give a meaningful English word. Let's continue with more shifts.",1,2,"After trying to unscramble the ciphertext ""xmjix"", I was not able to find any meaningful English word. Next, I will try to decrypt it assuming it's a ",1,2.0
xmjix,sheds,5,5,"After trying to unscramble the ciphertext ""xmjix"", I was not able to find any meaningful English word. Next, I will try to decrypt it assuming it's a Caesar cipher and trying different shifts.

Shift 1:
xmjix -> wlihw

Shift 2:
xmjix -> vkhgv

Shift 3:
xmjix -> ujgfu

Shift 4:
xmjix -> tifet

Shift 5:
xmjix -> sheds

None of the decrypt attempts seem to give a meaningful English word. Let's continue with more shifts.",1,3,"After trying to unscramble the ciphertext ""xmjix"", I was not able to find any meaningful English word. Next, I will try to decrypt it assuming it's a Caesar cipher and trying different shifts.

Shift ",1,2.0
xmjix,sheds,5,5,"After trying to unscramble the ciphertext ""xmjix"", I was not able to find any meaningful English word. Next, I will try to decrypt it assuming it's a Caesar cipher and trying different shifts.

Shift 1:
xmjix -> wlihw

Shift 2:
xmjix -> vkhgv

Shift 3:
xmjix -> ujgfu

Shift 4:
xmjix -> tifet

Shift 5:
xmjix -> sheds

None of the decrypt attempts seem to give a meaningful English word. Let's continue with more shifts.",1,4,"After trying to unscramble the ciphertext ""xmjix"", I was not able to find any meaningful English word. Next, I will try to decrypt it assuming it's a Caesar cipher and trying different shifts.

Shift 1:
xmjix -> wlihw

Shift 2:
xmjix -> vkhgv

Shift ",1,2.0
xmjix,sheds,5,5,"After trying to unscramble the ciphertext ""xmjix"", I was not able to find any meaningful English word. Next, I will try to decrypt it assuming it's a Caesar cipher and trying different shifts.

Shift 1:
xmjix -> wlihw

Shift 2:
xmjix -> vkhgv

Shift 3:
xmjix -> ujgfu

Shift 4:
xmjix -> tifet

Shift 5:
xmjix -> sheds

None of the decrypt attempts seem to give a meaningful English word. Let's continue with more shifts.",1,5,"After trying to unscramble the ciphertext ""xmjix"", I was not able to find any meaningful English word. Next, I will try to decrypt it assuming it's a Caesar cipher and trying different shifts.

Shift 1:
xmjix -> wlihw

Shift 2:
xmjix -> vkhgv

Shift 3:
xmjix -> ujgfu

Shift 4:
xmjix -> tifet

Shift ",1,2.0
xmjix,sheds,5,5,"After trying to unscramble the ciphertext ""xmjix"", I was not able to find any meaningful English word. Next, I will try to decrypt it assuming it's a Caesar cipher and trying different shifts.

Shift 1:
xmjix -> wlihw

Shift 2:
xmjix -> vkhgv

Shift 3:
xmjix -> ujgfu

Shift 4:
xmjix -> tifet

Shift 5:
xmjix -> sheds

None of the decrypt attempts seem to give a meaningful English word. Let's continue with more shifts.",1,6,"After trying to unscramble the ciphertext ""xmjix"", I was not able to find any meaningful English word. Next, I will try to decrypt it assuming it's a Caesar cipher and trying different shifts.

Shift 1:
xmjix -> wlihw

Shift 2:
xmjix -> vkhgv

Shift 3:
xmjix -> ujgfu

Shift 4:
xmjix -> tifet

Shift 5:
xmjix -> sheds

None of the decrypt attempts se",1,2.0
xmjix,sheds,5,5,"After trying to unscramble the ciphertext ""xmjix"", I was not able to find any meaningful English word. Next, I will try to decrypt it assuming it's a Caesar cipher and trying different shifts.

Shift 1:
xmjix -> wlihw

Shift 2:
xmjix -> vkhgv

Shift 3:
xmjix -> ujgfu

Shift 4:
xmjix -> tifet

Shift 5:
xmjix -> sheds

None of the decrypt attempts seem to give a meaningful English word. Let's continue with more shifts.",1,7,"After trying to unscramble the ciphertext ""xmjix"", I was not able to find any meaningful English word. Next, I will try to decrypt it assuming it's a Caesar cipher and trying different shifts.

Shift 1:
xmjix -> wlihw

Shift 2:
xmjix -> vkhgv

Shift 3:
xmjix -> ujgfu

Shift 4:
xmjix -> tifet

Shift 5:
xmjix -> sheds

None of the decrypt attempts seem to give a meaningful English word. Let's contin",1,2.0
xmjix,sheds,5,5,"After trying to unscramble the ciphertext ""xmjix"", I was not able to find any meaningful English word. Next, I will try to decrypt it assuming it's a Caesar cipher and trying different shifts.

Shift 1:
xmjix -> wlihw

Shift 2:
xmjix -> vkhgv

Shift 3:
xmjix -> ujgfu

Shift 4:
xmjix -> tifet

Shift 5:
xmjix -> sheds

None of the decrypt attempts seem to give a meaningful English word. Let's continue with more shifts.",1,8,"After trying to unscramble the ciphertext ""xmjix"", I was not able to find any meaningful English word. Next, I will try to decrypt it assuming it's a Caesar cipher and trying different shifts.

Shift 1:
xmjix -> wlihw

Shift 2:
xmjix -> vkhgv

Shift 3:
xmjix -> ujgfu

Shift 4:
xmjix -> tifet

Shift 5:
xmjix -> sheds

None of the decrypt attempts seem to give a meaningful English word. Let's continue with more shifts.",1,2.0
mjfwy,heart,5,5,"After trying to unscramble ""mjfwy"" into a valid English word, I was unable to find a solution. Now, I will try to decrypt the ciphertext using a Caesar cipher with different shifts.

Shift 1:
mjfwy -> likvx

Shift 2:
mjfwy -> khjux

Shift 3:
mjfwy -> jgitw

Shift 4:
mjfwy -> ifhsv

Shift 5:
mjfwy -> hegru

Based on trying different shifts, I was unable to decrypt the ciphertext using a Caesar cipher. It's possible that the original word was encrypted with a different method or key.",0,0,"After trying to unscramble ""mjfwy"" into a valid En",0,1.0
mjfwy,heart,5,5,"After trying to unscramble ""mjfwy"" into a valid English word, I was unable to find a solution. Now, I will try to decrypt the ciphertext using a Caesar cipher with different shifts.

Shift 1:
mjfwy -> likvx

Shift 2:
mjfwy -> khjux

Shift 3:
mjfwy -> jgitw

Shift 4:
mjfwy -> ifhsv

Shift 5:
mjfwy -> hegru

Based on trying different shifts, I was unable to decrypt the ciphertext using a Caesar cipher. It's possible that the original word was encrypted with a different method or key.",0,1,"After trying to unscramble ""mjfwy"" into a valid English word, I was unable to find a solution. Now, ",1,1.0
mjfwy,heart,5,5,"After trying to unscramble ""mjfwy"" into a valid English word, I was unable to find a solution. Now, I will try to decrypt the ciphertext using a Caesar cipher with different shifts.

Shift 1:
mjfwy -> likvx

Shift 2:
mjfwy -> khjux

Shift 3:
mjfwy -> jgitw

Shift 4:
mjfwy -> ifhsv

Shift 5:
mjfwy -> hegru

Based on trying different shifts, I was unable to decrypt the ciphertext using a Caesar cipher. It's possible that the original word was encrypted with a different method or key.",0,2,"After trying to unscramble ""mjfwy"" into a valid English word, I was unable to find a solution. Now, I will try to decrypt the ciphertext using a Caesa",1,1.0
mjfwy,heart,5,5,"After trying to unscramble ""mjfwy"" into a valid English word, I was unable to find a solution. Now, I will try to decrypt the ciphertext using a Caesar cipher with different shifts.

Shift 1:
mjfwy -> likvx

Shift 2:
mjfwy -> khjux

Shift 3:
mjfwy -> jgitw

Shift 4:
mjfwy -> ifhsv

Shift 5:
mjfwy -> hegru

Based on trying different shifts, I was unable to decrypt the ciphertext using a Caesar cipher. It's possible that the original word was encrypted with a different method or key.",0,3,"After trying to unscramble ""mjfwy"" into a valid English word, I was unable to find a solution. Now, I will try to decrypt the ciphertext using a Caesar cipher with different shifts.

Shift 1:
mjfwy ->",1,1.0
mjfwy,heart,5,5,"After trying to unscramble ""mjfwy"" into a valid English word, I was unable to find a solution. Now, I will try to decrypt the ciphertext using a Caesar cipher with different shifts.

Shift 1:
mjfwy -> likvx

Shift 2:
mjfwy -> khjux

Shift 3:
mjfwy -> jgitw

Shift 4:
mjfwy -> ifhsv

Shift 5:
mjfwy -> hegru

Based on trying different shifts, I was unable to decrypt the ciphertext using a Caesar cipher. It's possible that the original word was encrypted with a different method or key.",0,4,"After trying to unscramble ""mjfwy"" into a valid English word, I was unable to find a solution. Now, I will try to decrypt the ciphertext using a Caesar cipher with different shifts.

Shift 1:
mjfwy -> likvx

Shift 2:
mjfwy -> khjux

Shift 3:
mjfwy ->",1,1.0
mjfwy,heart,5,5,"After trying to unscramble ""mjfwy"" into a valid English word, I was unable to find a solution. Now, I will try to decrypt the ciphertext using a Caesar cipher with different shifts.

Shift 1:
mjfwy -> likvx

Shift 2:
mjfwy -> khjux

Shift 3:
mjfwy -> jgitw

Shift 4:
mjfwy -> ifhsv

Shift 5:
mjfwy -> hegru

Based on trying different shifts, I was unable to decrypt the ciphertext using a Caesar cipher. It's possible that the original word was encrypted with a different method or key.",0,5,"After trying to unscramble ""mjfwy"" into a valid English word, I was unable to find a solution. Now, I will try to decrypt the ciphertext using a Caesar cipher with different shifts.

Shift 1:
mjfwy -> likvx

Shift 2:
mjfwy -> khjux

Shift 3:
mjfwy -> jgitw

Shift 4:
mjfwy -> ifhsv

Shift 5:
mjfwy ->",1,1.0
mjfwy,heart,5,5,"After trying to unscramble ""mjfwy"" into a valid English word, I was unable to find a solution. Now, I will try to decrypt the ciphertext using a Caesar cipher with different shifts.

Shift 1:
mjfwy -> likvx

Shift 2:
mjfwy -> khjux

Shift 3:
mjfwy -> jgitw

Shift 4:
mjfwy -> ifhsv

Shift 5:
mjfwy -> hegru

Based on trying different shifts, I was unable to decrypt the ciphertext using a Caesar cipher. It's possible that the original word was encrypted with a different method or key.",0,6,"After trying to unscramble ""mjfwy"" into a valid English word, I was unable to find a solution. Now, I will try to decrypt the ciphertext using a Caesar cipher with different shifts.

Shift 1:
mjfwy -> likvx

Shift 2:
mjfwy -> khjux

Shift 3:
mjfwy -> jgitw

Shift 4:
mjfwy -> ifhsv

Shift 5:
mjfwy -> hegru

Based on trying different shifts, I was un",1,1.0
mjfwy,heart,5,5,"After trying to unscramble ""mjfwy"" into a valid English word, I was unable to find a solution. Now, I will try to decrypt the ciphertext using a Caesar cipher with different shifts.

Shift 1:
mjfwy -> likvx

Shift 2:
mjfwy -> khjux

Shift 3:
mjfwy -> jgitw

Shift 4:
mjfwy -> ifhsv

Shift 5:
mjfwy -> hegru

Based on trying different shifts, I was unable to decrypt the ciphertext using a Caesar cipher. It's possible that the original word was encrypted with a different method or key.",0,7,"After trying to unscramble ""mjfwy"" into a valid English word, I was unable to find a solution. Now, I will try to decrypt the ciphertext using a Caesar cipher with different shifts.

Shift 1:
mjfwy -> likvx

Shift 2:
mjfwy -> khjux

Shift 3:
mjfwy -> jgitw

Shift 4:
mjfwy -> ifhsv

Shift 5:
mjfwy -> hegru

Based on trying different shifts, I was unable to decrypt the ciphertext using a Caesar ciph",1,1.0
mjfwy,heart,5,5,"After trying to unscramble ""mjfwy"" into a valid English word, I was unable to find a solution. Now, I will try to decrypt the ciphertext using a Caesar cipher with different shifts.

Shift 1:
mjfwy -> likvx

Shift 2:
mjfwy -> khjux

Shift 3:
mjfwy -> jgitw

Shift 4:
mjfwy -> ifhsv

Shift 5:
mjfwy -> hegru

Based on trying different shifts, I was unable to decrypt the ciphertext using a Caesar cipher. It's possible that the original word was encrypted with a different method or key.",0,8,"After trying to unscramble ""mjfwy"" into a valid English word, I was unable to find a solution. Now, I will try to decrypt the ciphertext using a Caesar cipher with different shifts.

Shift 1:
mjfwy -> likvx

Shift 2:
mjfwy -> khjux

Shift 3:
mjfwy -> jgitw

Shift 4:
mjfwy -> ifhsv

Shift 5:
mjfwy -> hegru

Based on trying different shifts, I was unable to decrypt the ciphertext using a Caesar cipher. It's possible that the original word was encry",1,1.0
mjfwy,heart,5,5,"After trying to unscramble ""mjfwy"" into a valid English word, I was unable to find a solution. Now, I will try to decrypt the ciphertext using a Caesar cipher with different shifts.

Shift 1:
mjfwy -> likvx

Shift 2:
mjfwy -> khjux

Shift 3:
mjfwy -> jgitw

Shift 4:
mjfwy -> ifhsv

Shift 5:
mjfwy -> hegru

Based on trying different shifts, I was unable to decrypt the ciphertext using a Caesar cipher. It's possible that the original word was encrypted with a different method or key.",0,9,"After trying to unscramble ""mjfwy"" into a valid English word, I was unable to find a solution. Now, I will try to decrypt the ciphertext using a Caesar cipher with different shifts.

Shift 1:
mjfwy -> likvx

Shift 2:
mjfwy -> khjux

Shift 3:
mjfwy -> jgitw

Shift 4:
mjfwy -> ifhsv

Shift 5:
mjfwy -> hegru

Based on trying different shifts, I was unable to decrypt the ciphertext using a Caesar cipher. It's possible that the original word was encrypted with a different method or key.",1,1.0
gbtufs,faster,6,1,"After attempting to unscramble the ciphertext ""gbtufs"", I couldn't find any English word that fits. 

Next, I will try to decrypt the ciphertext using the Caesar cipher with different shift values.

1. Decryption with a shift of 1:
gbtufs -> fas­ter

2. Decryption with a shift of 2:
gbtufs -> early

3. Decryption with a shift of 3:
gbtufs -> daily

4. Decryption with a shift of 4:
gbtufs -> craft

5. Decryption with a shift of 5:
gbtufs -> break

The most likely decryption of the ciphertext ""gbtufs"" using a Caesar cipher is ""break"".",0,0,"After attempting to unscramble the ciphertext ""gbt",0,2.0
gbtufs,faster,6,1,"After attempting to unscramble the ciphertext ""gbtufs"", I couldn't find any English word that fits. 

Next, I will try to decrypt the ciphertext using the Caesar cipher with different shift values.

1. Decryption with a shift of 1:
gbtufs -> fas­ter

2. Decryption with a shift of 2:
gbtufs -> early

3. Decryption with a shift of 3:
gbtufs -> daily

4. Decryption with a shift of 4:
gbtufs -> craft

5. Decryption with a shift of 5:
gbtufs -> break

The most likely decryption of the ciphertext ""gbtufs"" using a Caesar cipher is ""break"".",0,1,"After attempting to unscramble the ciphertext ""gbtufs"", I couldn't find any English word that fits. ",0,2.0
gbtufs,faster,6,1,"After attempting to unscramble the ciphertext ""gbtufs"", I couldn't find any English word that fits. 

Next, I will try to decrypt the ciphertext using the Caesar cipher with different shift values.

1. Decryption with a shift of 1:
gbtufs -> fas­ter

2. Decryption with a shift of 2:
gbtufs -> early

3. Decryption with a shift of 3:
gbtufs -> daily

4. Decryption with a shift of 4:
gbtufs -> craft

5. Decryption with a shift of 5:
gbtufs -> break

The most likely decryption of the ciphertext ""gbtufs"" using a Caesar cipher is ""break"".",0,2,"After attempting to unscramble the ciphertext ""gbtufs"", I couldn't find any English word that fits. 

Next, I will try to decrypt the ciphertext using",1,2.0
gbtufs,faster,6,1,"After attempting to unscramble the ciphertext ""gbtufs"", I couldn't find any English word that fits. 

Next, I will try to decrypt the ciphertext using the Caesar cipher with different shift values.

1. Decryption with a shift of 1:
gbtufs -> fas­ter

2. Decryption with a shift of 2:
gbtufs -> early

3. Decryption with a shift of 3:
gbtufs -> daily

4. Decryption with a shift of 4:
gbtufs -> craft

5. Decryption with a shift of 5:
gbtufs -> break

The most likely decryption of the ciphertext ""gbtufs"" using a Caesar cipher is ""break"".",0,3,"After attempting to unscramble the ciphertext ""gbtufs"", I couldn't find any English word that fits. 

Next, I will try to decrypt the ciphertext using the Caesar cipher with different shift values.

1",1,2.0
gbtufs,faster,6,1,"After attempting to unscramble the ciphertext ""gbtufs"", I couldn't find any English word that fits. 

Next, I will try to decrypt the ciphertext using the Caesar cipher with different shift values.

1. Decryption with a shift of 1:
gbtufs -> fas­ter

2. Decryption with a shift of 2:
gbtufs -> early

3. Decryption with a shift of 3:
gbtufs -> daily

4. Decryption with a shift of 4:
gbtufs -> craft

5. Decryption with a shift of 5:
gbtufs -> break

The most likely decryption of the ciphertext ""gbtufs"" using a Caesar cipher is ""break"".",0,4,"After attempting to unscramble the ciphertext ""gbtufs"", I couldn't find any English word that fits. 

Next, I will try to decrypt the ciphertext using the Caesar cipher with different shift values.

1. Decryption with a shift of 1:
gbtufs -> fas­ter
",1,2.0
gbtufs,faster,6,1,"After attempting to unscramble the ciphertext ""gbtufs"", I couldn't find any English word that fits. 

Next, I will try to decrypt the ciphertext using the Caesar cipher with different shift values.

1. Decryption with a shift of 1:
gbtufs -> fas­ter

2. Decryption with a shift of 2:
gbtufs -> early

3. Decryption with a shift of 3:
gbtufs -> daily

4. Decryption with a shift of 4:
gbtufs -> craft

5. Decryption with a shift of 5:
gbtufs -> break

The most likely decryption of the ciphertext ""gbtufs"" using a Caesar cipher is ""break"".",0,5,"After attempting to unscramble the ciphertext ""gbtufs"", I couldn't find any English word that fits. 

Next, I will try to decrypt the ciphertext using the Caesar cipher with different shift values.

1. Decryption with a shift of 1:
gbtufs -> fas­ter

2. Decryption with a shift of 2:
gbtufs -> early
",1,2.0
gbtufs,faster,6,1,"After attempting to unscramble the ciphertext ""gbtufs"", I couldn't find any English word that fits. 

Next, I will try to decrypt the ciphertext using the Caesar cipher with different shift values.

1. Decryption with a shift of 1:
gbtufs -> fas­ter

2. Decryption with a shift of 2:
gbtufs -> early

3. Decryption with a shift of 3:
gbtufs -> daily

4. Decryption with a shift of 4:
gbtufs -> craft

5. Decryption with a shift of 5:
gbtufs -> break

The most likely decryption of the ciphertext ""gbtufs"" using a Caesar cipher is ""break"".",0,6,"After attempting to unscramble the ciphertext ""gbtufs"", I couldn't find any English word that fits. 

Next, I will try to decrypt the ciphertext using the Caesar cipher with different shift values.

1. Decryption with a shift of 1:
gbtufs -> fas­ter

2. Decryption with a shift of 2:
gbtufs -> early

3. Decryption with a shift of 3:
gbtufs -> daily
",1,2.0
gbtufs,faster,6,1,"After attempting to unscramble the ciphertext ""gbtufs"", I couldn't find any English word that fits. 

Next, I will try to decrypt the ciphertext using the Caesar cipher with different shift values.

1. Decryption with a shift of 1:
gbtufs -> fas­ter

2. Decryption with a shift of 2:
gbtufs -> early

3. Decryption with a shift of 3:
gbtufs -> daily

4. Decryption with a shift of 4:
gbtufs -> craft

5. Decryption with a shift of 5:
gbtufs -> break

The most likely decryption of the ciphertext ""gbtufs"" using a Caesar cipher is ""break"".",0,7,"After attempting to unscramble the ciphertext ""gbtufs"", I couldn't find any English word that fits. 

Next, I will try to decrypt the ciphertext using the Caesar cipher with different shift values.

1. Decryption with a shift of 1:
gbtufs -> fas­ter

2. Decryption with a shift of 2:
gbtufs -> early

3. Decryption with a shift of 3:
gbtufs -> daily

4. Decryption with a shift of 4:
gbtufs -> craft
",1,2.0
gbtufs,faster,6,1,"After attempting to unscramble the ciphertext ""gbtufs"", I couldn't find any English word that fits. 

Next, I will try to decrypt the ciphertext using the Caesar cipher with different shift values.

1. Decryption with a shift of 1:
gbtufs -> fas­ter

2. Decryption with a shift of 2:
gbtufs -> early

3. Decryption with a shift of 3:
gbtufs -> daily

4. Decryption with a shift of 4:
gbtufs -> craft

5. Decryption with a shift of 5:
gbtufs -> break

The most likely decryption of the ciphertext ""gbtufs"" using a Caesar cipher is ""break"".",0,8,"After attempting to unscramble the ciphertext ""gbtufs"", I couldn't find any English word that fits. 

Next, I will try to decrypt the ciphertext using the Caesar cipher with different shift values.

1. Decryption with a shift of 1:
gbtufs -> fas­ter

2. Decryption with a shift of 2:
gbtufs -> early

3. Decryption with a shift of 3:
gbtufs -> daily

4. Decryption with a shift of 4:
gbtufs -> craft

5. Decryption with a shift of 5:
gbtufs -> break
",1,2.0
gbtufs,faster,6,1,"After attempting to unscramble the ciphertext ""gbtufs"", I couldn't find any English word that fits. 

Next, I will try to decrypt the ciphertext using the Caesar cipher with different shift values.

1. Decryption with a shift of 1:
gbtufs -> fas­ter

2. Decryption with a shift of 2:
gbtufs -> early

3. Decryption with a shift of 3:
gbtufs -> daily

4. Decryption with a shift of 4:
gbtufs -> craft

5. Decryption with a shift of 5:
gbtufs -> break

The most likely decryption of the ciphertext ""gbtufs"" using a Caesar cipher is ""break"".",0,9,"After attempting to unscramble the ciphertext ""gbtufs"", I couldn't find any English word that fits. 

Next, I will try to decrypt the ciphertext using the Caesar cipher with different shift values.

1. Decryption with a shift of 1:
gbtufs -> fas­ter

2. Decryption with a shift of 2:
gbtufs -> early

3. Decryption with a shift of 3:
gbtufs -> daily

4. Decryption with a shift of 4:
gbtufs -> craft

5. Decryption with a shift of 5:
gbtufs -> break

The most likely decryption of the ciphertext ""gbt",1,2.0
gbtufs,faster,6,1,"After attempting to unscramble the ciphertext ""gbtufs"", I couldn't find any English word that fits. 

Next, I will try to decrypt the ciphertext using the Caesar cipher with different shift values.

1. Decryption with a shift of 1:
gbtufs -> fas­ter

2. Decryption with a shift of 2:
gbtufs -> early

3. Decryption with a shift of 3:
gbtufs -> daily

4. Decryption with a shift of 4:
gbtufs -> craft

5. Decryption with a shift of 5:
gbtufs -> break

The most likely decryption of the ciphertext ""gbtufs"" using a Caesar cipher is ""break"".",0,10,"After attempting to unscramble the ciphertext ""gbtufs"", I couldn't find any English word that fits. 

Next, I will try to decrypt the ciphertext using the Caesar cipher with different shift values.

1. Decryption with a shift of 1:
gbtufs -> fas­ter

2. Decryption with a shift of 2:
gbtufs -> early

3. Decryption with a shift of 3:
gbtufs -> daily

4. Decryption with a shift of 4:
gbtufs -> craft

5. Decryption with a shift of 5:
gbtufs -> break

The most likely decryption of the ciphertext ""gbtufs"" using a Caesar cipher is ""break"".",1,2.0
obujpo,nation,6,1,"After trying different combinations, I couldn't find a meaningful English word by unscrambling the ciphertext. Let's now try decrypting it using a Caesar cipher with different shifts.

1. Shift 1: npkion
2. Shift 2: mojhmn
3. Shift 3: linglm
4. Shift 4: kmfkjl
5. Shift 5: jlejik

None of the attempts above decrypted the ciphertext into a meaningful English word. Let's try a few more shifts.

6. Shift 6: ikdihj
7. Shift 7: hjchgj
8. Shift 8: gibfgi

After trying multiple shifts, none of them decrypted the ciphertext into a meaningful English word. It's possible that the original message may not be a simple Caesar cipher or an anagram of a single English word.",1,0,"After trying different combinations, I couldn't fi",0,2.0
obujpo,nation,6,1,"After trying different combinations, I couldn't find a meaningful English word by unscrambling the ciphertext. Let's now try decrypting it using a Caesar cipher with different shifts.

1. Shift 1: npkion
2. Shift 2: mojhmn
3. Shift 3: linglm
4. Shift 4: kmfkjl
5. Shift 5: jlejik

None of the attempts above decrypted the ciphertext into a meaningful English word. Let's try a few more shifts.

6. Shift 6: ikdihj
7. Shift 7: hjchgj
8. Shift 8: gibfgi

After trying multiple shifts, none of them decrypted the ciphertext into a meaningful English word. It's possible that the original message may not be a simple Caesar cipher or an anagram of a single English word.",1,1,"After trying different combinations, I couldn't find a meaningful English word by unscrambling the c",0,2.0
obujpo,nation,6,1,"After trying different combinations, I couldn't find a meaningful English word by unscrambling the ciphertext. Let's now try decrypting it using a Caesar cipher with different shifts.

1. Shift 1: npkion
2. Shift 2: mojhmn
3. Shift 3: linglm
4. Shift 4: kmfkjl
5. Shift 5: jlejik

None of the attempts above decrypted the ciphertext into a meaningful English word. Let's try a few more shifts.

6. Shift 6: ikdihj
7. Shift 7: hjchgj
8. Shift 8: gibfgi

After trying multiple shifts, none of them decrypted the ciphertext into a meaningful English word. It's possible that the original message may not be a simple Caesar cipher or an anagram of a single English word.",1,2,"After trying different combinations, I couldn't find a meaningful English word by unscrambling the ciphertext. Let's now try decrypting it using a Cae",1,2.0
obujpo,nation,6,1,"After trying different combinations, I couldn't find a meaningful English word by unscrambling the ciphertext. Let's now try decrypting it using a Caesar cipher with different shifts.

1. Shift 1: npkion
2. Shift 2: mojhmn
3. Shift 3: linglm
4. Shift 4: kmfkjl
5. Shift 5: jlejik

None of the attempts above decrypted the ciphertext into a meaningful English word. Let's try a few more shifts.

6. Shift 6: ikdihj
7. Shift 7: hjchgj
8. Shift 8: gibfgi

After trying multiple shifts, none of them decrypted the ciphertext into a meaningful English word. It's possible that the original message may not be a simple Caesar cipher or an anagram of a single English word.",1,3,"After trying different combinations, I couldn't find a meaningful English word by unscrambling the ciphertext. Let's now try decrypting it using a Caesar cipher with different shifts.

1. Shift 1: npk",1,2.0
obujpo,nation,6,1,"After trying different combinations, I couldn't find a meaningful English word by unscrambling the ciphertext. Let's now try decrypting it using a Caesar cipher with different shifts.

1. Shift 1: npkion
2. Shift 2: mojhmn
3. Shift 3: linglm
4. Shift 4: kmfkjl
5. Shift 5: jlejik

None of the attempts above decrypted the ciphertext into a meaningful English word. Let's try a few more shifts.

6. Shift 6: ikdihj
7. Shift 7: hjchgj
8. Shift 8: gibfgi

After trying multiple shifts, none of them decrypted the ciphertext into a meaningful English word. It's possible that the original message may not be a simple Caesar cipher or an anagram of a single English word.",1,4,"After trying different combinations, I couldn't find a meaningful English word by unscrambling the ciphertext. Let's now try decrypting it using a Caesar cipher with different shifts.

1. Shift 1: npkion
2. Shift 2: mojhmn
3. Shift 3: linglm
4. Shift",1,2.0
obujpo,nation,6,1,"After trying different combinations, I couldn't find a meaningful English word by unscrambling the ciphertext. Let's now try decrypting it using a Caesar cipher with different shifts.

1. Shift 1: npkion
2. Shift 2: mojhmn
3. Shift 3: linglm
4. Shift 4: kmfkjl
5. Shift 5: jlejik

None of the attempts above decrypted the ciphertext into a meaningful English word. Let's try a few more shifts.

6. Shift 6: ikdihj
7. Shift 7: hjchgj
8. Shift 8: gibfgi

After trying multiple shifts, none of them decrypted the ciphertext into a meaningful English word. It's possible that the original message may not be a simple Caesar cipher or an anagram of a single English word.",1,5,"After trying different combinations, I couldn't find a meaningful English word by unscrambling the ciphertext. Let's now try decrypting it using a Caesar cipher with different shifts.

1. Shift 1: npkion
2. Shift 2: mojhmn
3. Shift 3: linglm
4. Shift 4: kmfkjl
5. Shift 5: jlejik

None of the attempt",1,2.0
obujpo,nation,6,1,"After trying different combinations, I couldn't find a meaningful English word by unscrambling the ciphertext. Let's now try decrypting it using a Caesar cipher with different shifts.

1. Shift 1: npkion
2. Shift 2: mojhmn
3. Shift 3: linglm
4. Shift 4: kmfkjl
5. Shift 5: jlejik

None of the attempts above decrypted the ciphertext into a meaningful English word. Let's try a few more shifts.

6. Shift 6: ikdihj
7. Shift 7: hjchgj
8. Shift 8: gibfgi

After trying multiple shifts, none of them decrypted the ciphertext into a meaningful English word. It's possible that the original message may not be a simple Caesar cipher or an anagram of a single English word.",1,6,"After trying different combinations, I couldn't find a meaningful English word by unscrambling the ciphertext. Let's now try decrypting it using a Caesar cipher with different shifts.

1. Shift 1: npkion
2. Shift 2: mojhmn
3. Shift 3: linglm
4. Shift 4: kmfkjl
5. Shift 5: jlejik

None of the attempts above decrypted the ciphertext into a meaningful",1,2.0
obujpo,nation,6,1,"After trying different combinations, I couldn't find a meaningful English word by unscrambling the ciphertext. Let's now try decrypting it using a Caesar cipher with different shifts.

1. Shift 1: npkion
2. Shift 2: mojhmn
3. Shift 3: linglm
4. Shift 4: kmfkjl
5. Shift 5: jlejik

None of the attempts above decrypted the ciphertext into a meaningful English word. Let's try a few more shifts.

6. Shift 6: ikdihj
7. Shift 7: hjchgj
8. Shift 8: gibfgi

After trying multiple shifts, none of them decrypted the ciphertext into a meaningful English word. It's possible that the original message may not be a simple Caesar cipher or an anagram of a single English word.",1,7,"After trying different combinations, I couldn't find a meaningful English word by unscrambling the ciphertext. Let's now try decrypting it using a Caesar cipher with different shifts.

1. Shift 1: npkion
2. Shift 2: mojhmn
3. Shift 3: linglm
4. Shift 4: kmfkjl
5. Shift 5: jlejik

None of the attempts above decrypted the ciphertext into a meaningful English word. Let's try a few more shifts.

6. Sh",1,2.0
obujpo,nation,6,1,"After trying different combinations, I couldn't find a meaningful English word by unscrambling the ciphertext. Let's now try decrypting it using a Caesar cipher with different shifts.

1. Shift 1: npkion
2. Shift 2: mojhmn
3. Shift 3: linglm
4. Shift 4: kmfkjl
5. Shift 5: jlejik

None of the attempts above decrypted the ciphertext into a meaningful English word. Let's try a few more shifts.

6. Shift 6: ikdihj
7. Shift 7: hjchgj
8. Shift 8: gibfgi

After trying multiple shifts, none of them decrypted the ciphertext into a meaningful English word. It's possible that the original message may not be a simple Caesar cipher or an anagram of a single English word.",1,8,"After trying different combinations, I couldn't find a meaningful English word by unscrambling the ciphertext. Let's now try decrypting it using a Caesar cipher with different shifts.

1. Shift 1: npkion
2. Shift 2: mojhmn
3. Shift 3: linglm
4. Shift 4: kmfkjl
5. Shift 5: jlejik

None of the attempts above decrypted the ciphertext into a meaningful English word. Let's try a few more shifts.

6. Shift 6: ikdihj
7. Shift 7: hjchgj
8. Shift 8: gibfg",1,2.0
obujpo,nation,6,1,"After trying different combinations, I couldn't find a meaningful English word by unscrambling the ciphertext. Let's now try decrypting it using a Caesar cipher with different shifts.

1. Shift 1: npkion
2. Shift 2: mojhmn
3. Shift 3: linglm
4. Shift 4: kmfkjl
5. Shift 5: jlejik

None of the attempts above decrypted the ciphertext into a meaningful English word. Let's try a few more shifts.

6. Shift 6: ikdihj
7. Shift 7: hjchgj
8. Shift 8: gibfgi

After trying multiple shifts, none of them decrypted the ciphertext into a meaningful English word. It's possible that the original message may not be a simple Caesar cipher or an anagram of a single English word.",1,9,"After trying different combinations, I couldn't find a meaningful English word by unscrambling the ciphertext. Let's now try decrypting it using a Caesar cipher with different shifts.

1. Shift 1: npkion
2. Shift 2: mojhmn
3. Shift 3: linglm
4. Shift 4: kmfkjl
5. Shift 5: jlejik

None of the attempts above decrypted the ciphertext into a meaningful English word. Let's try a few more shifts.

6. Shift 6: ikdihj
7. Shift 7: hjchgj
8. Shift 8: gibfgi

After trying multiple shifts, none of them decr",1,2.0
obujpo,nation,6,1,"After trying different combinations, I couldn't find a meaningful English word by unscrambling the ciphertext. Let's now try decrypting it using a Caesar cipher with different shifts.

1. Shift 1: npkion
2. Shift 2: mojhmn
3. Shift 3: linglm
4. Shift 4: kmfkjl
5. Shift 5: jlejik

None of the attempts above decrypted the ciphertext into a meaningful English word. Let's try a few more shifts.

6. Shift 6: ikdihj
7. Shift 7: hjchgj
8. Shift 8: gibfgi

After trying multiple shifts, none of them decrypted the ciphertext into a meaningful English word. It's possible that the original message may not be a simple Caesar cipher or an anagram of a single English word.",1,10,"After trying different combinations, I couldn't find a meaningful English word by unscrambling the ciphertext. Let's now try decrypting it using a Caesar cipher with different shifts.

1. Shift 1: npkion
2. Shift 2: mojhmn
3. Shift 3: linglm
4. Shift 4: kmfkjl
5. Shift 5: jlejik

None of the attempts above decrypted the ciphertext into a meaningful English word. Let's try a few more shifts.

6. Shift 6: ikdihj
7. Shift 7: hjchgj
8. Shift 8: gibfgi

After trying multiple shifts, none of them decrypted the ciphertext into a meaningful English wor",1,2.0
obujpo,nation,6,1,"After trying different combinations, I couldn't find a meaningful English word by unscrambling the ciphertext. Let's now try decrypting it using a Caesar cipher with different shifts.

1. Shift 1: npkion
2. Shift 2: mojhmn
3. Shift 3: linglm
4. Shift 4: kmfkjl
5. Shift 5: jlejik

None of the attempts above decrypted the ciphertext into a meaningful English word. Let's try a few more shifts.

6. Shift 6: ikdihj
7. Shift 7: hjchgj
8. Shift 8: gibfgi

After trying multiple shifts, none of them decrypted the ciphertext into a meaningful English word. It's possible that the original message may not be a simple Caesar cipher or an anagram of a single English word.",1,11,"After trying different combinations, I couldn't find a meaningful English word by unscrambling the ciphertext. Let's now try decrypting it using a Caesar cipher with different shifts.

1. Shift 1: npkion
2. Shift 2: mojhmn
3. Shift 3: linglm
4. Shift 4: kmfkjl
5. Shift 5: jlejik

None of the attempts above decrypted the ciphertext into a meaningful English word. Let's try a few more shifts.

6. Shift 6: ikdihj
7. Shift 7: hjchgj
8. Shift 8: gibfgi

After trying multiple shifts, none of them decrypted the ciphertext into a meaningful English word. It's possible that the original message may not",1,2.0
obujpo,nation,6,1,"After trying different combinations, I couldn't find a meaningful English word by unscrambling the ciphertext. Let's now try decrypting it using a Caesar cipher with different shifts.

1. Shift 1: npkion
2. Shift 2: mojhmn
3. Shift 3: linglm
4. Shift 4: kmfkjl
5. Shift 5: jlejik

None of the attempts above decrypted the ciphertext into a meaningful English word. Let's try a few more shifts.

6. Shift 6: ikdihj
7. Shift 7: hjchgj
8. Shift 8: gibfgi

After trying multiple shifts, none of them decrypted the ciphertext into a meaningful English word. It's possible that the original message may not be a simple Caesar cipher or an anagram of a single English word.",1,12,"After trying different combinations, I couldn't find a meaningful English word by unscrambling the ciphertext. Let's now try decrypting it using a Caesar cipher with different shifts.

1. Shift 1: npkion
2. Shift 2: mojhmn
3. Shift 3: linglm
4. Shift 4: kmfkjl
5. Shift 5: jlejik

None of the attempts above decrypted the ciphertext into a meaningful English word. Let's try a few more shifts.

6. Shift 6: ikdihj
7. Shift 7: hjchgj
8. Shift 8: gibfgi

After trying multiple shifts, none of them decrypted the ciphertext into a meaningful English word. It's possible that the original message may not be a simple Caesar cipher or an anagram of a sing",1,2.0
obujpo,nation,6,1,"After trying different combinations, I couldn't find a meaningful English word by unscrambling the ciphertext. Let's now try decrypting it using a Caesar cipher with different shifts.

1. Shift 1: npkion
2. Shift 2: mojhmn
3. Shift 3: linglm
4. Shift 4: kmfkjl
5. Shift 5: jlejik

None of the attempts above decrypted the ciphertext into a meaningful English word. Let's try a few more shifts.

6. Shift 6: ikdihj
7. Shift 7: hjchgj
8. Shift 8: gibfgi

After trying multiple shifts, none of them decrypted the ciphertext into a meaningful English word. It's possible that the original message may not be a simple Caesar cipher or an anagram of a single English word.",1,13,"After trying different combinations, I couldn't find a meaningful English word by unscrambling the ciphertext. Let's now try decrypting it using a Caesar cipher with different shifts.

1. Shift 1: npkion
2. Shift 2: mojhmn
3. Shift 3: linglm
4. Shift 4: kmfkjl
5. Shift 5: jlejik

None of the attempts above decrypted the ciphertext into a meaningful English word. Let's try a few more shifts.

6. Shift 6: ikdihj
7. Shift 7: hjchgj
8. Shift 8: gibfgi

After trying multiple shifts, none of them decrypted the ciphertext into a meaningful English word. It's possible that the original message may not be a simple Caesar cipher or an anagram of a single English word.",1,2.0
sfubjo,retain,6,1,"After trying different combinations, I couldn't unscramble the word ""sfubjo"" to form any meaningful English word. Now, I will try decrypting it using a Caesar cipher with different shifts.

Shift 1:
sfubjo -> terckp

Shift 2:
sfubjo -> ufvclk

Shift 3:
sfubjo -> vgwdml

Shift 4:
sfubjo -> whxenm

Shift 5:
sfubjo -> xiyfno

None of these shifts form a meaningful English word. Let me know if you would like me to try a different approach.",0,0,"After trying different combinations, I couldn't un",0,1.0
sfubjo,retain,6,1,"After trying different combinations, I couldn't unscramble the word ""sfubjo"" to form any meaningful English word. Now, I will try decrypting it using a Caesar cipher with different shifts.

Shift 1:
sfubjo -> terckp

Shift 2:
sfubjo -> ufvclk

Shift 3:
sfubjo -> vgwdml

Shift 4:
sfubjo -> whxenm

Shift 5:
sfubjo -> xiyfno

None of these shifts form a meaningful English word. Let me know if you would like me to try a different approach.",0,1,"After trying different combinations, I couldn't unscramble the word ""sfubjo"" to form any meaningful ",1,1.0
sfubjo,retain,6,1,"After trying different combinations, I couldn't unscramble the word ""sfubjo"" to form any meaningful English word. Now, I will try decrypting it using a Caesar cipher with different shifts.

Shift 1:
sfubjo -> terckp

Shift 2:
sfubjo -> ufvclk

Shift 3:
sfubjo -> vgwdml

Shift 4:
sfubjo -> whxenm

Shift 5:
sfubjo -> xiyfno

None of these shifts form a meaningful English word. Let me know if you would like me to try a different approach.",0,2,"After trying different combinations, I couldn't unscramble the word ""sfubjo"" to form any meaningful English word. Now, I will try decrypting it using ",1,1.0
sfubjo,retain,6,1,"After trying different combinations, I couldn't unscramble the word ""sfubjo"" to form any meaningful English word. Now, I will try decrypting it using a Caesar cipher with different shifts.

Shift 1:
sfubjo -> terckp

Shift 2:
sfubjo -> ufvclk

Shift 3:
sfubjo -> vgwdml

Shift 4:
sfubjo -> whxenm

Shift 5:
sfubjo -> xiyfno

None of these shifts form a meaningful English word. Let me know if you would like me to try a different approach.",0,3,"After trying different combinations, I couldn't unscramble the word ""sfubjo"" to form any meaningful English word. Now, I will try decrypting it using a Caesar cipher with different shifts.

Shift 1:
s",1,1.0
sfubjo,retain,6,1,"After trying different combinations, I couldn't unscramble the word ""sfubjo"" to form any meaningful English word. Now, I will try decrypting it using a Caesar cipher with different shifts.

Shift 1:
sfubjo -> terckp

Shift 2:
sfubjo -> ufvclk

Shift 3:
sfubjo -> vgwdml

Shift 4:
sfubjo -> whxenm

Shift 5:
sfubjo -> xiyfno

None of these shifts form a meaningful English word. Let me know if you would like me to try a different approach.",0,4,"After trying different combinations, I couldn't unscramble the word ""sfubjo"" to form any meaningful English word. Now, I will try decrypting it using a Caesar cipher with different shifts.

Shift 1:
sfubjo -> terckp

Shift 2:
sfubjo -> ufvclk

Shift ",1,1.0
sfubjo,retain,6,1,"After trying different combinations, I couldn't unscramble the word ""sfubjo"" to form any meaningful English word. Now, I will try decrypting it using a Caesar cipher with different shifts.

Shift 1:
sfubjo -> terckp

Shift 2:
sfubjo -> ufvclk

Shift 3:
sfubjo -> vgwdml

Shift 4:
sfubjo -> whxenm

Shift 5:
sfubjo -> xiyfno

None of these shifts form a meaningful English word. Let me know if you would like me to try a different approach.",0,5,"After trying different combinations, I couldn't unscramble the word ""sfubjo"" to form any meaningful English word. Now, I will try decrypting it using a Caesar cipher with different shifts.

Shift 1:
sfubjo -> terckp

Shift 2:
sfubjo -> ufvclk

Shift 3:
sfubjo -> vgwdml

Shift 4:
sfubjo -> whxenm

Sh",1,1.0
sfubjo,retain,6,1,"After trying different combinations, I couldn't unscramble the word ""sfubjo"" to form any meaningful English word. Now, I will try decrypting it using a Caesar cipher with different shifts.

Shift 1:
sfubjo -> terckp

Shift 2:
sfubjo -> ufvclk

Shift 3:
sfubjo -> vgwdml

Shift 4:
sfubjo -> whxenm

Shift 5:
sfubjo -> xiyfno

None of these shifts form a meaningful English word. Let me know if you would like me to try a different approach.",0,6,"After trying different combinations, I couldn't unscramble the word ""sfubjo"" to form any meaningful English word. Now, I will try decrypting it using a Caesar cipher with different shifts.

Shift 1:
sfubjo -> terckp

Shift 2:
sfubjo -> ufvclk

Shift 3:
sfubjo -> vgwdml

Shift 4:
sfubjo -> whxenm

Shift 5:
sfubjo -> xiyfno

None of these shifts form",1,1.0
sfubjo,retain,6,1,"After trying different combinations, I couldn't unscramble the word ""sfubjo"" to form any meaningful English word. Now, I will try decrypting it using a Caesar cipher with different shifts.

Shift 1:
sfubjo -> terckp

Shift 2:
sfubjo -> ufvclk

Shift 3:
sfubjo -> vgwdml

Shift 4:
sfubjo -> whxenm

Shift 5:
sfubjo -> xiyfno

None of these shifts form a meaningful English word. Let me know if you would like me to try a different approach.",0,7,"After trying different combinations, I couldn't unscramble the word ""sfubjo"" to form any meaningful English word. Now, I will try decrypting it using a Caesar cipher with different shifts.

Shift 1:
sfubjo -> terckp

Shift 2:
sfubjo -> ufvclk

Shift 3:
sfubjo -> vgwdml

Shift 4:
sfubjo -> whxenm

Shift 5:
sfubjo -> xiyfno

None of these shifts form a meaningful English word. Let me know if you wou",1,1.0
sfubjo,retain,6,1,"After trying different combinations, I couldn't unscramble the word ""sfubjo"" to form any meaningful English word. Now, I will try decrypting it using a Caesar cipher with different shifts.

Shift 1:
sfubjo -> terckp

Shift 2:
sfubjo -> ufvclk

Shift 3:
sfubjo -> vgwdml

Shift 4:
sfubjo -> whxenm

Shift 5:
sfubjo -> xiyfno

None of these shifts form a meaningful English word. Let me know if you would like me to try a different approach.",0,8,"After trying different combinations, I couldn't unscramble the word ""sfubjo"" to form any meaningful English word. Now, I will try decrypting it using a Caesar cipher with different shifts.

Shift 1:
sfubjo -> terckp

Shift 2:
sfubjo -> ufvclk

Shift 3:
sfubjo -> vgwdml

Shift 4:
sfubjo -> whxenm

Shift 5:
sfubjo -> xiyfno

None of these shifts form a meaningful English word. Let me know if you would like me to try a different approach.",1,1.0
vctigv,target,6,2,"When unscrambled, the ciphertext ""vctigv"" becomes ""tgvcvi"". Next, I will try to decrypt it using Caesar cipher with different shift values.

1. Shift 1: t → s, g → f, v → u, c → b, v → u, i → h
Decrypted text: sbufuh

2. Shift 2: t → r, g → e, v → t, c → a, v → t, i → h
Decrypted text: reathh

3. Shift 3: t → q, g → d, v → s, c → z, v → s, i → h
Decrypted text: qdzshh

4. Shift 4: t → p, g → c, v → r, c → y, v → r, i → h
Decrypted text: pcyrhh

5. Shift 5: t → o, g → b, v → q, c → x, v → q, i → h
Decrypted text: obxqhh

It seems that none of the shifts using Caesar cipher produce a meaningful English word. This suggests that the ciphertext might not be encrypted using a simple Caesar cipher. Next, I will try some other decryption methods.",0,0,"When unscrambled, the ciphertext ""vctigv"" becomes ",0,1.0
vctigv,target,6,2,"When unscrambled, the ciphertext ""vctigv"" becomes ""tgvcvi"". Next, I will try to decrypt it using Caesar cipher with different shift values.

1. Shift 1: t → s, g → f, v → u, c → b, v → u, i → h
Decrypted text: sbufuh

2. Shift 2: t → r, g → e, v → t, c → a, v → t, i → h
Decrypted text: reathh

3. Shift 3: t → q, g → d, v → s, c → z, v → s, i → h
Decrypted text: qdzshh

4. Shift 4: t → p, g → c, v → r, c → y, v → r, i → h
Decrypted text: pcyrhh

5. Shift 5: t → o, g → b, v → q, c → x, v → q, i → h
Decrypted text: obxqhh

It seems that none of the shifts using Caesar cipher produce a meaningful English word. This suggests that the ciphertext might not be encrypted using a simple Caesar cipher. Next, I will try some other decryption methods.",0,1,"When unscrambled, the ciphertext ""vctigv"" becomes ""tgvcvi"". Next, I will try to decrypt it using Cae",1,1.0
vctigv,target,6,2,"When unscrambled, the ciphertext ""vctigv"" becomes ""tgvcvi"". Next, I will try to decrypt it using Caesar cipher with different shift values.

1. Shift 1: t → s, g → f, v → u, c → b, v → u, i → h
Decrypted text: sbufuh

2. Shift 2: t → r, g → e, v → t, c → a, v → t, i → h
Decrypted text: reathh

3. Shift 3: t → q, g → d, v → s, c → z, v → s, i → h
Decrypted text: qdzshh

4. Shift 4: t → p, g → c, v → r, c → y, v → r, i → h
Decrypted text: pcyrhh

5. Shift 5: t → o, g → b, v → q, c → x, v → q, i → h
Decrypted text: obxqhh

It seems that none of the shifts using Caesar cipher produce a meaningful English word. This suggests that the ciphertext might not be encrypted using a simple Caesar cipher. Next, I will try some other decryption methods.",0,2,"When unscrambled, the ciphertext ""vctigv"" becomes ""tgvcvi"". Next, I will try to decrypt it using Caesar cipher with different shift values.

1. Shift ",1,1.0
vctigv,target,6,2,"When unscrambled, the ciphertext ""vctigv"" becomes ""tgvcvi"". Next, I will try to decrypt it using Caesar cipher with different shift values.

1. Shift 1: t → s, g → f, v → u, c → b, v → u, i → h
Decrypted text: sbufuh

2. Shift 2: t → r, g → e, v → t, c → a, v → t, i → h
Decrypted text: reathh

3. Shift 3: t → q, g → d, v → s, c → z, v → s, i → h
Decrypted text: qdzshh

4. Shift 4: t → p, g → c, v → r, c → y, v → r, i → h
Decrypted text: pcyrhh

5. Shift 5: t → o, g → b, v → q, c → x, v → q, i → h
Decrypted text: obxqhh

It seems that none of the shifts using Caesar cipher produce a meaningful English word. This suggests that the ciphertext might not be encrypted using a simple Caesar cipher. Next, I will try some other decryption methods.",0,3,"When unscrambled, the ciphertext ""vctigv"" becomes ""tgvcvi"". Next, I will try to decrypt it using Caesar cipher with different shift values.

1. Shift 1: t → s, g → f, v → u, c → b, v → u, i → h
Decryp",1,1.0
vctigv,target,6,2,"When unscrambled, the ciphertext ""vctigv"" becomes ""tgvcvi"". Next, I will try to decrypt it using Caesar cipher with different shift values.

1. Shift 1: t → s, g → f, v → u, c → b, v → u, i → h
Decrypted text: sbufuh

2. Shift 2: t → r, g → e, v → t, c → a, v → t, i → h
Decrypted text: reathh

3. Shift 3: t → q, g → d, v → s, c → z, v → s, i → h
Decrypted text: qdzshh

4. Shift 4: t → p, g → c, v → r, c → y, v → r, i → h
Decrypted text: pcyrhh

5. Shift 5: t → o, g → b, v → q, c → x, v → q, i → h
Decrypted text: obxqhh

It seems that none of the shifts using Caesar cipher produce a meaningful English word. This suggests that the ciphertext might not be encrypted using a simple Caesar cipher. Next, I will try some other decryption methods.",0,4,"When unscrambled, the ciphertext ""vctigv"" becomes ""tgvcvi"". Next, I will try to decrypt it using Caesar cipher with different shift values.

1. Shift 1: t → s, g → f, v → u, c → b, v → u, i → h
Decrypted text: sbufuh

2. Shift 2: t → r, g → e, v → t,",1,1.0
vctigv,target,6,2,"When unscrambled, the ciphertext ""vctigv"" becomes ""tgvcvi"". Next, I will try to decrypt it using Caesar cipher with different shift values.

1. Shift 1: t → s, g → f, v → u, c → b, v → u, i → h
Decrypted text: sbufuh

2. Shift 2: t → r, g → e, v → t, c → a, v → t, i → h
Decrypted text: reathh

3. Shift 3: t → q, g → d, v → s, c → z, v → s, i → h
Decrypted text: qdzshh

4. Shift 4: t → p, g → c, v → r, c → y, v → r, i → h
Decrypted text: pcyrhh

5. Shift 5: t → o, g → b, v → q, c → x, v → q, i → h
Decrypted text: obxqhh

It seems that none of the shifts using Caesar cipher produce a meaningful English word. This suggests that the ciphertext might not be encrypted using a simple Caesar cipher. Next, I will try some other decryption methods.",0,5,"When unscrambled, the ciphertext ""vctigv"" becomes ""tgvcvi"". Next, I will try to decrypt it using Caesar cipher with different shift values.

1. Shift 1: t → s, g → f, v → u, c → b, v → u, i → h
Decrypted text: sbufuh

2. Shift 2: t → r, g → e, v → t, c → a, v → t, i → h
Decrypted text: reathh

3. Sh",1,1.0
vctigv,target,6,2,"When unscrambled, the ciphertext ""vctigv"" becomes ""tgvcvi"". Next, I will try to decrypt it using Caesar cipher with different shift values.

1. Shift 1: t → s, g → f, v → u, c → b, v → u, i → h
Decrypted text: sbufuh

2. Shift 2: t → r, g → e, v → t, c → a, v → t, i → h
Decrypted text: reathh

3. Shift 3: t → q, g → d, v → s, c → z, v → s, i → h
Decrypted text: qdzshh

4. Shift 4: t → p, g → c, v → r, c → y, v → r, i → h
Decrypted text: pcyrhh

5. Shift 5: t → o, g → b, v → q, c → x, v → q, i → h
Decrypted text: obxqhh

It seems that none of the shifts using Caesar cipher produce a meaningful English word. This suggests that the ciphertext might not be encrypted using a simple Caesar cipher. Next, I will try some other decryption methods.",0,6,"When unscrambled, the ciphertext ""vctigv"" becomes ""tgvcvi"". Next, I will try to decrypt it using Caesar cipher with different shift values.

1. Shift 1: t → s, g → f, v → u, c → b, v → u, i → h
Decrypted text: sbufuh

2. Shift 2: t → r, g → e, v → t, c → a, v → t, i → h
Decrypted text: reathh

3. Shift 3: t → q, g → d, v → s, c → z, v → s, i → h
De",1,1.0
vctigv,target,6,2,"When unscrambled, the ciphertext ""vctigv"" becomes ""tgvcvi"". Next, I will try to decrypt it using Caesar cipher with different shift values.

1. Shift 1: t → s, g → f, v → u, c → b, v → u, i → h
Decrypted text: sbufuh

2. Shift 2: t → r, g → e, v → t, c → a, v → t, i → h
Decrypted text: reathh

3. Shift 3: t → q, g → d, v → s, c → z, v → s, i → h
Decrypted text: qdzshh

4. Shift 4: t → p, g → c, v → r, c → y, v → r, i → h
Decrypted text: pcyrhh

5. Shift 5: t → o, g → b, v → q, c → x, v → q, i → h
Decrypted text: obxqhh

It seems that none of the shifts using Caesar cipher produce a meaningful English word. This suggests that the ciphertext might not be encrypted using a simple Caesar cipher. Next, I will try some other decryption methods.",0,7,"When unscrambled, the ciphertext ""vctigv"" becomes ""tgvcvi"". Next, I will try to decrypt it using Caesar cipher with different shift values.

1. Shift 1: t → s, g → f, v → u, c → b, v → u, i → h
Decrypted text: sbufuh

2. Shift 2: t → r, g → e, v → t, c → a, v → t, i → h
Decrypted text: reathh

3. Shift 3: t → q, g → d, v → s, c → z, v → s, i → h
Decrypted text: qdzshh

4. Shift 4: t → p, g → c, v ",1,1.0
vctigv,target,6,2,"When unscrambled, the ciphertext ""vctigv"" becomes ""tgvcvi"". Next, I will try to decrypt it using Caesar cipher with different shift values.

1. Shift 1: t → s, g → f, v → u, c → b, v → u, i → h
Decrypted text: sbufuh

2. Shift 2: t → r, g → e, v → t, c → a, v → t, i → h
Decrypted text: reathh

3. Shift 3: t → q, g → d, v → s, c → z, v → s, i → h
Decrypted text: qdzshh

4. Shift 4: t → p, g → c, v → r, c → y, v → r, i → h
Decrypted text: pcyrhh

5. Shift 5: t → o, g → b, v → q, c → x, v → q, i → h
Decrypted text: obxqhh

It seems that none of the shifts using Caesar cipher produce a meaningful English word. This suggests that the ciphertext might not be encrypted using a simple Caesar cipher. Next, I will try some other decryption methods.",0,8,"When unscrambled, the ciphertext ""vctigv"" becomes ""tgvcvi"". Next, I will try to decrypt it using Caesar cipher with different shift values.

1. Shift 1: t → s, g → f, v → u, c → b, v → u, i → h
Decrypted text: sbufuh

2. Shift 2: t → r, g → e, v → t, c → a, v → t, i → h
Decrypted text: reathh

3. Shift 3: t → q, g → d, v → s, c → z, v → s, i → h
Decrypted text: qdzshh

4. Shift 4: t → p, g → c, v → r, c → y, v → r, i → h
Decrypted text: pcyrhh

5",1,1.0
vctigv,target,6,2,"When unscrambled, the ciphertext ""vctigv"" becomes ""tgvcvi"". Next, I will try to decrypt it using Caesar cipher with different shift values.

1. Shift 1: t → s, g → f, v → u, c → b, v → u, i → h
Decrypted text: sbufuh

2. Shift 2: t → r, g → e, v → t, c → a, v → t, i → h
Decrypted text: reathh

3. Shift 3: t → q, g → d, v → s, c → z, v → s, i → h
Decrypted text: qdzshh

4. Shift 4: t → p, g → c, v → r, c → y, v → r, i → h
Decrypted text: pcyrhh

5. Shift 5: t → o, g → b, v → q, c → x, v → q, i → h
Decrypted text: obxqhh

It seems that none of the shifts using Caesar cipher produce a meaningful English word. This suggests that the ciphertext might not be encrypted using a simple Caesar cipher. Next, I will try some other decryption methods.",0,9,"When unscrambled, the ciphertext ""vctigv"" becomes ""tgvcvi"". Next, I will try to decrypt it using Caesar cipher with different shift values.

1. Shift 1: t → s, g → f, v → u, c → b, v → u, i → h
Decrypted text: sbufuh

2. Shift 2: t → r, g → e, v → t, c → a, v → t, i → h
Decrypted text: reathh

3. Shift 3: t → q, g → d, v → s, c → z, v → s, i → h
Decrypted text: qdzshh

4. Shift 4: t → p, g → c, v → r, c → y, v → r, i → h
Decrypted text: pcyrhh

5. Shift 5: t → o, g → b, v → q, c → x, v → q, i → ",1,1.0
vctigv,target,6,2,"When unscrambled, the ciphertext ""vctigv"" becomes ""tgvcvi"". Next, I will try to decrypt it using Caesar cipher with different shift values.

1. Shift 1: t → s, g → f, v → u, c → b, v → u, i → h
Decrypted text: sbufuh

2. Shift 2: t → r, g → e, v → t, c → a, v → t, i → h
Decrypted text: reathh

3. Shift 3: t → q, g → d, v → s, c → z, v → s, i → h
Decrypted text: qdzshh

4. Shift 4: t → p, g → c, v → r, c → y, v → r, i → h
Decrypted text: pcyrhh

5. Shift 5: t → o, g → b, v → q, c → x, v → q, i → h
Decrypted text: obxqhh

It seems that none of the shifts using Caesar cipher produce a meaningful English word. This suggests that the ciphertext might not be encrypted using a simple Caesar cipher. Next, I will try some other decryption methods.",0,10,"When unscrambled, the ciphertext ""vctigv"" becomes ""tgvcvi"". Next, I will try to decrypt it using Caesar cipher with different shift values.

1. Shift 1: t → s, g → f, v → u, c → b, v → u, i → h
Decrypted text: sbufuh

2. Shift 2: t → r, g → e, v → t, c → a, v → t, i → h
Decrypted text: reathh

3. Shift 3: t → q, g → d, v → s, c → z, v → s, i → h
Decrypted text: qdzshh

4. Shift 4: t → p, g → c, v → r, c → y, v → r, i → h
Decrypted text: pcyrhh

5. Shift 5: t → o, g → b, v → q, c → x, v → q, i → h
Decrypted text: obxqhh

It seems that none of th",1,1.0
vctigv,target,6,2,"When unscrambled, the ciphertext ""vctigv"" becomes ""tgvcvi"". Next, I will try to decrypt it using Caesar cipher with different shift values.

1. Shift 1: t → s, g → f, v → u, c → b, v → u, i → h
Decrypted text: sbufuh

2. Shift 2: t → r, g → e, v → t, c → a, v → t, i → h
Decrypted text: reathh

3. Shift 3: t → q, g → d, v → s, c → z, v → s, i → h
Decrypted text: qdzshh

4. Shift 4: t → p, g → c, v → r, c → y, v → r, i → h
Decrypted text: pcyrhh

5. Shift 5: t → o, g → b, v → q, c → x, v → q, i → h
Decrypted text: obxqhh

It seems that none of the shifts using Caesar cipher produce a meaningful English word. This suggests that the ciphertext might not be encrypted using a simple Caesar cipher. Next, I will try some other decryption methods.",0,11,"When unscrambled, the ciphertext ""vctigv"" becomes ""tgvcvi"". Next, I will try to decrypt it using Caesar cipher with different shift values.

1. Shift 1: t → s, g → f, v → u, c → b, v → u, i → h
Decrypted text: sbufuh

2. Shift 2: t → r, g → e, v → t, c → a, v → t, i → h
Decrypted text: reathh

3. Shift 3: t → q, g → d, v → s, c → z, v → s, i → h
Decrypted text: qdzshh

4. Shift 4: t → p, g → c, v → r, c → y, v → r, i → h
Decrypted text: pcyrhh

5. Shift 5: t → o, g → b, v → q, c → x, v → q, i → h
Decrypted text: obxqhh

It seems that none of the shifts using Caesar cipher produce a meaningful ",1,1.0
vctigv,target,6,2,"When unscrambled, the ciphertext ""vctigv"" becomes ""tgvcvi"". Next, I will try to decrypt it using Caesar cipher with different shift values.

1. Shift 1: t → s, g → f, v → u, c → b, v → u, i → h
Decrypted text: sbufuh

2. Shift 2: t → r, g → e, v → t, c → a, v → t, i → h
Decrypted text: reathh

3. Shift 3: t → q, g → d, v → s, c → z, v → s, i → h
Decrypted text: qdzshh

4. Shift 4: t → p, g → c, v → r, c → y, v → r, i → h
Decrypted text: pcyrhh

5. Shift 5: t → o, g → b, v → q, c → x, v → q, i → h
Decrypted text: obxqhh

It seems that none of the shifts using Caesar cipher produce a meaningful English word. This suggests that the ciphertext might not be encrypted using a simple Caesar cipher. Next, I will try some other decryption methods.",0,12,"When unscrambled, the ciphertext ""vctigv"" becomes ""tgvcvi"". Next, I will try to decrypt it using Caesar cipher with different shift values.

1. Shift 1: t → s, g → f, v → u, c → b, v → u, i → h
Decrypted text: sbufuh

2. Shift 2: t → r, g → e, v → t, c → a, v → t, i → h
Decrypted text: reathh

3. Shift 3: t → q, g → d, v → s, c → z, v → s, i → h
Decrypted text: qdzshh

4. Shift 4: t → p, g → c, v → r, c → y, v → r, i → h
Decrypted text: pcyrhh

5. Shift 5: t → o, g → b, v → q, c → x, v → q, i → h
Decrypted text: obxqhh

It seems that none of the shifts using Caesar cipher produce a meaningful English word. This suggests that the ciphertext mi",1,1.0
vctigv,target,6,2,"When unscrambled, the ciphertext ""vctigv"" becomes ""tgvcvi"". Next, I will try to decrypt it using Caesar cipher with different shift values.

1. Shift 1: t → s, g → f, v → u, c → b, v → u, i → h
Decrypted text: sbufuh

2. Shift 2: t → r, g → e, v → t, c → a, v → t, i → h
Decrypted text: reathh

3. Shift 3: t → q, g → d, v → s, c → z, v → s, i → h
Decrypted text: qdzshh

4. Shift 4: t → p, g → c, v → r, c → y, v → r, i → h
Decrypted text: pcyrhh

5. Shift 5: t → o, g → b, v → q, c → x, v → q, i → h
Decrypted text: obxqhh

It seems that none of the shifts using Caesar cipher produce a meaningful English word. This suggests that the ciphertext might not be encrypted using a simple Caesar cipher. Next, I will try some other decryption methods.",0,13,"When unscrambled, the ciphertext ""vctigv"" becomes ""tgvcvi"". Next, I will try to decrypt it using Caesar cipher with different shift values.

1. Shift 1: t → s, g → f, v → u, c → b, v → u, i → h
Decrypted text: sbufuh

2. Shift 2: t → r, g → e, v → t, c → a, v → t, i → h
Decrypted text: reathh

3. Shift 3: t → q, g → d, v → s, c → z, v → s, i → h
Decrypted text: qdzshh

4. Shift 4: t → p, g → c, v → r, c → y, v → r, i → h
Decrypted text: pcyrhh

5. Shift 5: t → o, g → b, v → q, c → x, v → q, i → h
Decrypted text: obxqhh

It seems that none of the shifts using Caesar cipher produce a meaningful English word. This suggests that the ciphertext might not be encrypted using a simple Caesar cipher.",1,1.0
vctigv,target,6,2,"When unscrambled, the ciphertext ""vctigv"" becomes ""tgvcvi"". Next, I will try to decrypt it using Caesar cipher with different shift values.

1. Shift 1: t → s, g → f, v → u, c → b, v → u, i → h
Decrypted text: sbufuh

2. Shift 2: t → r, g → e, v → t, c → a, v → t, i → h
Decrypted text: reathh

3. Shift 3: t → q, g → d, v → s, c → z, v → s, i → h
Decrypted text: qdzshh

4. Shift 4: t → p, g → c, v → r, c → y, v → r, i → h
Decrypted text: pcyrhh

5. Shift 5: t → o, g → b, v → q, c → x, v → q, i → h
Decrypted text: obxqhh

It seems that none of the shifts using Caesar cipher produce a meaningful English word. This suggests that the ciphertext might not be encrypted using a simple Caesar cipher. Next, I will try some other decryption methods.",0,14,"When unscrambled, the ciphertext ""vctigv"" becomes ""tgvcvi"". Next, I will try to decrypt it using Caesar cipher with different shift values.

1. Shift 1: t → s, g → f, v → u, c → b, v → u, i → h
Decrypted text: sbufuh

2. Shift 2: t → r, g → e, v → t, c → a, v → t, i → h
Decrypted text: reathh

3. Shift 3: t → q, g → d, v → s, c → z, v → s, i → h
Decrypted text: qdzshh

4. Shift 4: t → p, g → c, v → r, c → y, v → r, i → h
Decrypted text: pcyrhh

5. Shift 5: t → o, g → b, v → q, c → x, v → q, i → h
Decrypted text: obxqhh

It seems that none of the shifts using Caesar cipher produce a meaningful English word. This suggests that the ciphertext might not be encrypted using a simple Caesar cipher. Next, I will try some other decryption methods.",1,1.0
nqyguv,lowest,6,2,"When we unscramble the letters of ""nqyguv"", we get ""ungyqv"". This doesn't seem to be a valid English word. Let's try decrypting it as a Caesar cipher with different shifts:

Shift 1: 
nqyguv -> opzhvw

Shift 2:
nqyguv -> pqaiwx

Shift 3:
nqyguv -> qrbcxy

Shift 4:
nqyguv -> rscdyz

Shift 5:
nqyguv -> stdeza

None of these decrypted words seem to be meaningful. Let me try a few more shifts.",0,0,"When we unscramble the letters of ""nqyguv"", we get",0,2.0
nqyguv,lowest,6,2,"When we unscramble the letters of ""nqyguv"", we get ""ungyqv"". This doesn't seem to be a valid English word. Let's try decrypting it as a Caesar cipher with different shifts:

Shift 1: 
nqyguv -> opzhvw

Shift 2:
nqyguv -> pqaiwx

Shift 3:
nqyguv -> qrbcxy

Shift 4:
nqyguv -> rscdyz

Shift 5:
nqyguv -> stdeza

None of these decrypted words seem to be meaningful. Let me try a few more shifts.",0,1,"When we unscramble the letters of ""nqyguv"", we get ""ungyqv"". This doesn't seem to be a valid English",0,2.0
nqyguv,lowest,6,2,"When we unscramble the letters of ""nqyguv"", we get ""ungyqv"". This doesn't seem to be a valid English word. Let's try decrypting it as a Caesar cipher with different shifts:

Shift 1: 
nqyguv -> opzhvw

Shift 2:
nqyguv -> pqaiwx

Shift 3:
nqyguv -> qrbcxy

Shift 4:
nqyguv -> rscdyz

Shift 5:
nqyguv -> stdeza

None of these decrypted words seem to be meaningful. Let me try a few more shifts.",0,2,"When we unscramble the letters of ""nqyguv"", we get ""ungyqv"". This doesn't seem to be a valid English word. Let's try decrypting it as a Caesar cipher ",1,2.0
nqyguv,lowest,6,2,"When we unscramble the letters of ""nqyguv"", we get ""ungyqv"". This doesn't seem to be a valid English word. Let's try decrypting it as a Caesar cipher with different shifts:

Shift 1: 
nqyguv -> opzhvw

Shift 2:
nqyguv -> pqaiwx

Shift 3:
nqyguv -> qrbcxy

Shift 4:
nqyguv -> rscdyz

Shift 5:
nqyguv -> stdeza

None of these decrypted words seem to be meaningful. Let me try a few more shifts.",0,3,"When we unscramble the letters of ""nqyguv"", we get ""ungyqv"". This doesn't seem to be a valid English word. Let's try decrypting it as a Caesar cipher with different shifts:

Shift 1: 
nqyguv -> opzhvw",1,2.0
nqyguv,lowest,6,2,"When we unscramble the letters of ""nqyguv"", we get ""ungyqv"". This doesn't seem to be a valid English word. Let's try decrypting it as a Caesar cipher with different shifts:

Shift 1: 
nqyguv -> opzhvw

Shift 2:
nqyguv -> pqaiwx

Shift 3:
nqyguv -> qrbcxy

Shift 4:
nqyguv -> rscdyz

Shift 5:
nqyguv -> stdeza

None of these decrypted words seem to be meaningful. Let me try a few more shifts.",0,4,"When we unscramble the letters of ""nqyguv"", we get ""ungyqv"". This doesn't seem to be a valid English word. Let's try decrypting it as a Caesar cipher with different shifts:

Shift 1: 
nqyguv -> opzhvw

Shift 2:
nqyguv -> pqaiwx

Shift 3:
nqyguv -> qr",1,2.0
nqyguv,lowest,6,2,"When we unscramble the letters of ""nqyguv"", we get ""ungyqv"". This doesn't seem to be a valid English word. Let's try decrypting it as a Caesar cipher with different shifts:

Shift 1: 
nqyguv -> opzhvw

Shift 2:
nqyguv -> pqaiwx

Shift 3:
nqyguv -> qrbcxy

Shift 4:
nqyguv -> rscdyz

Shift 5:
nqyguv -> stdeza

None of these decrypted words seem to be meaningful. Let me try a few more shifts.",0,5,"When we unscramble the letters of ""nqyguv"", we get ""ungyqv"". This doesn't seem to be a valid English word. Let's try decrypting it as a Caesar cipher with different shifts:

Shift 1: 
nqyguv -> opzhvw

Shift 2:
nqyguv -> pqaiwx

Shift 3:
nqyguv -> qrbcxy

Shift 4:
nqyguv -> rscdyz

Shift 5:
nqyguv -",1,2.0
nqyguv,lowest,6,2,"When we unscramble the letters of ""nqyguv"", we get ""ungyqv"". This doesn't seem to be a valid English word. Let's try decrypting it as a Caesar cipher with different shifts:

Shift 1: 
nqyguv -> opzhvw

Shift 2:
nqyguv -> pqaiwx

Shift 3:
nqyguv -> qrbcxy

Shift 4:
nqyguv -> rscdyz

Shift 5:
nqyguv -> stdeza

None of these decrypted words seem to be meaningful. Let me try a few more shifts.",0,6,"When we unscramble the letters of ""nqyguv"", we get ""ungyqv"". This doesn't seem to be a valid English word. Let's try decrypting it as a Caesar cipher with different shifts:

Shift 1: 
nqyguv -> opzhvw

Shift 2:
nqyguv -> pqaiwx

Shift 3:
nqyguv -> qrbcxy

Shift 4:
nqyguv -> rscdyz

Shift 5:
nqyguv -> stdeza

None of these decrypted words seem to be",1,2.0
nqyguv,lowest,6,2,"When we unscramble the letters of ""nqyguv"", we get ""ungyqv"". This doesn't seem to be a valid English word. Let's try decrypting it as a Caesar cipher with different shifts:

Shift 1: 
nqyguv -> opzhvw

Shift 2:
nqyguv -> pqaiwx

Shift 3:
nqyguv -> qrbcxy

Shift 4:
nqyguv -> rscdyz

Shift 5:
nqyguv -> stdeza

None of these decrypted words seem to be meaningful. Let me try a few more shifts.",0,7,"When we unscramble the letters of ""nqyguv"", we get ""ungyqv"". This doesn't seem to be a valid English word. Let's try decrypting it as a Caesar cipher with different shifts:

Shift 1: 
nqyguv -> opzhvw

Shift 2:
nqyguv -> pqaiwx

Shift 3:
nqyguv -> qrbcxy

Shift 4:
nqyguv -> rscdyz

Shift 5:
nqyguv -> stdeza

None of these decrypted words seem to be meaningful. Let me try a few more shifts.",1,2.0
uvcvgu,states,6,2,"After unscrambling the ciphertext, the word is: vaccug

This does not appear to be a valid English word, so let's try decrypting it as a Caesar cipher with multiple shifts.

Shift 1: tubuft
Shift 2: stater
Shift 3: rszsdq
Shift 4: qryrcp
Shift 5: pqxqbo

Among these options, ""stater"" is a valid English word, so the decryption key for this ciphertext is SHIFT 2.",0,0,"After unscrambling the ciphertext, the word is: va",0,2.0
uvcvgu,states,6,2,"After unscrambling the ciphertext, the word is: vaccug

This does not appear to be a valid English word, so let's try decrypting it as a Caesar cipher with multiple shifts.

Shift 1: tubuft
Shift 2: stater
Shift 3: rszsdq
Shift 4: qryrcp
Shift 5: pqxqbo

Among these options, ""stater"" is a valid English word, so the decryption key for this ciphertext is SHIFT 2.",0,1,"After unscrambling the ciphertext, the word is: vaccug

This does not appear to be a valid English w",0,2.0
uvcvgu,states,6,2,"After unscrambling the ciphertext, the word is: vaccug

This does not appear to be a valid English word, so let's try decrypting it as a Caesar cipher with multiple shifts.

Shift 1: tubuft
Shift 2: stater
Shift 3: rszsdq
Shift 4: qryrcp
Shift 5: pqxqbo

Among these options, ""stater"" is a valid English word, so the decryption key for this ciphertext is SHIFT 2.",0,2,"After unscrambling the ciphertext, the word is: vaccug

This does not appear to be a valid English word, so let's try decrypting it as a Caesar cipher",1,2.0
uvcvgu,states,6,2,"After unscrambling the ciphertext, the word is: vaccug

This does not appear to be a valid English word, so let's try decrypting it as a Caesar cipher with multiple shifts.

Shift 1: tubuft
Shift 2: stater
Shift 3: rszsdq
Shift 4: qryrcp
Shift 5: pqxqbo

Among these options, ""stater"" is a valid English word, so the decryption key for this ciphertext is SHIFT 2.",0,3,"After unscrambling the ciphertext, the word is: vaccug

This does not appear to be a valid English word, so let's try decrypting it as a Caesar cipher with multiple shifts.

Shift 1: tubuft
Shift 2: s",1,2.0
uvcvgu,states,6,2,"After unscrambling the ciphertext, the word is: vaccug

This does not appear to be a valid English word, so let's try decrypting it as a Caesar cipher with multiple shifts.

Shift 1: tubuft
Shift 2: stater
Shift 3: rszsdq
Shift 4: qryrcp
Shift 5: pqxqbo

Among these options, ""stater"" is a valid English word, so the decryption key for this ciphertext is SHIFT 2.",0,4,"After unscrambling the ciphertext, the word is: vaccug

This does not appear to be a valid English word, so let's try decrypting it as a Caesar cipher with multiple shifts.

Shift 1: tubuft
Shift 2: stater
Shift 3: rszsdq
Shift 4: qryrcp
Shift 5: pqx",1,2.0
uvcvgu,states,6,2,"After unscrambling the ciphertext, the word is: vaccug

This does not appear to be a valid English word, so let's try decrypting it as a Caesar cipher with multiple shifts.

Shift 1: tubuft
Shift 2: stater
Shift 3: rszsdq
Shift 4: qryrcp
Shift 5: pqxqbo

Among these options, ""stater"" is a valid English word, so the decryption key for this ciphertext is SHIFT 2.",0,5,"After unscrambling the ciphertext, the word is: vaccug

This does not appear to be a valid English word, so let's try decrypting it as a Caesar cipher with multiple shifts.

Shift 1: tubuft
Shift 2: stater
Shift 3: rszsdq
Shift 4: qryrcp
Shift 5: pqxqbo

Among these options, ""stater"" is a valid Engl",1,2.0
uvcvgu,states,6,2,"After unscrambling the ciphertext, the word is: vaccug

This does not appear to be a valid English word, so let's try decrypting it as a Caesar cipher with multiple shifts.

Shift 1: tubuft
Shift 2: stater
Shift 3: rszsdq
Shift 4: qryrcp
Shift 5: pqxqbo

Among these options, ""stater"" is a valid English word, so the decryption key for this ciphertext is SHIFT 2.",0,6,"After unscrambling the ciphertext, the word is: vaccug

This does not appear to be a valid English word, so let's try decrypting it as a Caesar cipher with multiple shifts.

Shift 1: tubuft
Shift 2: stater
Shift 3: rszsdq
Shift 4: qryrcp
Shift 5: pqxqbo

Among these options, ""stater"" is a valid English word, so the decryption key for this ciphertex",1,2.0
uvcvgu,states,6,2,"After unscrambling the ciphertext, the word is: vaccug

This does not appear to be a valid English word, so let's try decrypting it as a Caesar cipher with multiple shifts.

Shift 1: tubuft
Shift 2: stater
Shift 3: rszsdq
Shift 4: qryrcp
Shift 5: pqxqbo

Among these options, ""stater"" is a valid English word, so the decryption key for this ciphertext is SHIFT 2.",0,7,"After unscrambling the ciphertext, the word is: vaccug

This does not appear to be a valid English word, so let's try decrypting it as a Caesar cipher with multiple shifts.

Shift 1: tubuft
Shift 2: stater
Shift 3: rszsdq
Shift 4: qryrcp
Shift 5: pqxqbo

Among these options, ""stater"" is a valid English word, so the decryption key for this ciphertext is SHIFT 2.",1,2.0
orqjhu,longer,6,3,"After trying different combinations, I couldn't unscramble ""orqjhu"" into an English word. Next, I will try decrypting it using Caesar cipher with different shift values:

Shift 1: npqigt
Shift 2: mophfs
Shift 3: lngoer
Shift 4: kmfndq
Shift 5: jlempc

None of these shifts yielded a valid English word. Let's try a few more:

Shift 6: ikdlob
Shift 7: hjckna
Shift 8: gibjmz
Shift 9: fhally
Shift 10: egzkkx

None of these shifts decoded the ciphertext ""orqjhu"" into a valid English word. It's possible that the ciphertext may be encrypted with a different type of cipher.",0,0,"After trying different combinations, I couldn't un",0,1.0
orqjhu,longer,6,3,"After trying different combinations, I couldn't unscramble ""orqjhu"" into an English word. Next, I will try decrypting it using Caesar cipher with different shift values:

Shift 1: npqigt
Shift 2: mophfs
Shift 3: lngoer
Shift 4: kmfndq
Shift 5: jlempc

None of these shifts yielded a valid English word. Let's try a few more:

Shift 6: ikdlob
Shift 7: hjckna
Shift 8: gibjmz
Shift 9: fhally
Shift 10: egzkkx

None of these shifts decoded the ciphertext ""orqjhu"" into a valid English word. It's possible that the ciphertext may be encrypted with a different type of cipher.",0,1,"After trying different combinations, I couldn't unscramble ""orqjhu"" into an English word. Next, I wi",1,1.0
orqjhu,longer,6,3,"After trying different combinations, I couldn't unscramble ""orqjhu"" into an English word. Next, I will try decrypting it using Caesar cipher with different shift values:

Shift 1: npqigt
Shift 2: mophfs
Shift 3: lngoer
Shift 4: kmfndq
Shift 5: jlempc

None of these shifts yielded a valid English word. Let's try a few more:

Shift 6: ikdlob
Shift 7: hjckna
Shift 8: gibjmz
Shift 9: fhally
Shift 10: egzkkx

None of these shifts decoded the ciphertext ""orqjhu"" into a valid English word. It's possible that the ciphertext may be encrypted with a different type of cipher.",0,2,"After trying different combinations, I couldn't unscramble ""orqjhu"" into an English word. Next, I will try decrypting it using Caesar cipher with diff",1,1.0
orqjhu,longer,6,3,"After trying different combinations, I couldn't unscramble ""orqjhu"" into an English word. Next, I will try decrypting it using Caesar cipher with different shift values:

Shift 1: npqigt
Shift 2: mophfs
Shift 3: lngoer
Shift 4: kmfndq
Shift 5: jlempc

None of these shifts yielded a valid English word. Let's try a few more:

Shift 6: ikdlob
Shift 7: hjckna
Shift 8: gibjmz
Shift 9: fhally
Shift 10: egzkkx

None of these shifts decoded the ciphertext ""orqjhu"" into a valid English word. It's possible that the ciphertext may be encrypted with a different type of cipher.",0,3,"After trying different combinations, I couldn't unscramble ""orqjhu"" into an English word. Next, I will try decrypting it using Caesar cipher with different shift values:

Shift 1: npqigt
Shift 2: moph",1,1.0
orqjhu,longer,6,3,"After trying different combinations, I couldn't unscramble ""orqjhu"" into an English word. Next, I will try decrypting it using Caesar cipher with different shift values:

Shift 1: npqigt
Shift 2: mophfs
Shift 3: lngoer
Shift 4: kmfndq
Shift 5: jlempc

None of these shifts yielded a valid English word. Let's try a few more:

Shift 6: ikdlob
Shift 7: hjckna
Shift 8: gibjmz
Shift 9: fhally
Shift 10: egzkkx

None of these shifts decoded the ciphertext ""orqjhu"" into a valid English word. It's possible that the ciphertext may be encrypted with a different type of cipher.",0,4,"After trying different combinations, I couldn't unscramble ""orqjhu"" into an English word. Next, I will try decrypting it using Caesar cipher with different shift values:

Shift 1: npqigt
Shift 2: mophfs
Shift 3: lngoer
Shift 4: kmfndq
Shift 5: jlempc",1,1.0
orqjhu,longer,6,3,"After trying different combinations, I couldn't unscramble ""orqjhu"" into an English word. Next, I will try decrypting it using Caesar cipher with different shift values:

Shift 1: npqigt
Shift 2: mophfs
Shift 3: lngoer
Shift 4: kmfndq
Shift 5: jlempc

None of these shifts yielded a valid English word. Let's try a few more:

Shift 6: ikdlob
Shift 7: hjckna
Shift 8: gibjmz
Shift 9: fhally
Shift 10: egzkkx

None of these shifts decoded the ciphertext ""orqjhu"" into a valid English word. It's possible that the ciphertext may be encrypted with a different type of cipher.",0,5,"After trying different combinations, I couldn't unscramble ""orqjhu"" into an English word. Next, I will try decrypting it using Caesar cipher with different shift values:

Shift 1: npqigt
Shift 2: mophfs
Shift 3: lngoer
Shift 4: kmfndq
Shift 5: jlempc

None of these shifts yielded a valid English wor",1,1.0
orqjhu,longer,6,3,"After trying different combinations, I couldn't unscramble ""orqjhu"" into an English word. Next, I will try decrypting it using Caesar cipher with different shift values:

Shift 1: npqigt
Shift 2: mophfs
Shift 3: lngoer
Shift 4: kmfndq
Shift 5: jlempc

None of these shifts yielded a valid English word. Let's try a few more:

Shift 6: ikdlob
Shift 7: hjckna
Shift 8: gibjmz
Shift 9: fhally
Shift 10: egzkkx

None of these shifts decoded the ciphertext ""orqjhu"" into a valid English word. It's possible that the ciphertext may be encrypted with a different type of cipher.",0,6,"After trying different combinations, I couldn't unscramble ""orqjhu"" into an English word. Next, I will try decrypting it using Caesar cipher with different shift values:

Shift 1: npqigt
Shift 2: mophfs
Shift 3: lngoer
Shift 4: kmfndq
Shift 5: jlempc

None of these shifts yielded a valid English word. Let's try a few more:

Shift 6: ikdlob
Shift 7:",1,1.0
orqjhu,longer,6,3,"After trying different combinations, I couldn't unscramble ""orqjhu"" into an English word. Next, I will try decrypting it using Caesar cipher with different shift values:

Shift 1: npqigt
Shift 2: mophfs
Shift 3: lngoer
Shift 4: kmfndq
Shift 5: jlempc

None of these shifts yielded a valid English word. Let's try a few more:

Shift 6: ikdlob
Shift 7: hjckna
Shift 8: gibjmz
Shift 9: fhally
Shift 10: egzkkx

None of these shifts decoded the ciphertext ""orqjhu"" into a valid English word. It's possible that the ciphertext may be encrypted with a different type of cipher.",0,7,"After trying different combinations, I couldn't unscramble ""orqjhu"" into an English word. Next, I will try decrypting it using Caesar cipher with different shift values:

Shift 1: npqigt
Shift 2: mophfs
Shift 3: lngoer
Shift 4: kmfndq
Shift 5: jlempc

None of these shifts yielded a valid English word. Let's try a few more:

Shift 6: ikdlob
Shift 7: hjckna
Shift 8: gibjmz
Shift 9: fhally
Shift 10: ",1,1.0
orqjhu,longer,6,3,"After trying different combinations, I couldn't unscramble ""orqjhu"" into an English word. Next, I will try decrypting it using Caesar cipher with different shift values:

Shift 1: npqigt
Shift 2: mophfs
Shift 3: lngoer
Shift 4: kmfndq
Shift 5: jlempc

None of these shifts yielded a valid English word. Let's try a few more:

Shift 6: ikdlob
Shift 7: hjckna
Shift 8: gibjmz
Shift 9: fhally
Shift 10: egzkkx

None of these shifts decoded the ciphertext ""orqjhu"" into a valid English word. It's possible that the ciphertext may be encrypted with a different type of cipher.",0,8,"After trying different combinations, I couldn't unscramble ""orqjhu"" into an English word. Next, I will try decrypting it using Caesar cipher with different shift values:

Shift 1: npqigt
Shift 2: mophfs
Shift 3: lngoer
Shift 4: kmfndq
Shift 5: jlempc

None of these shifts yielded a valid English word. Let's try a few more:

Shift 6: ikdlob
Shift 7: hjckna
Shift 8: gibjmz
Shift 9: fhally
Shift 10: egzkkx

None of these shifts decoded the ciphertex",1,1.0
orqjhu,longer,6,3,"After trying different combinations, I couldn't unscramble ""orqjhu"" into an English word. Next, I will try decrypting it using Caesar cipher with different shift values:

Shift 1: npqigt
Shift 2: mophfs
Shift 3: lngoer
Shift 4: kmfndq
Shift 5: jlempc

None of these shifts yielded a valid English word. Let's try a few more:

Shift 6: ikdlob
Shift 7: hjckna
Shift 8: gibjmz
Shift 9: fhally
Shift 10: egzkkx

None of these shifts decoded the ciphertext ""orqjhu"" into a valid English word. It's possible that the ciphertext may be encrypted with a different type of cipher.",0,9,"After trying different combinations, I couldn't unscramble ""orqjhu"" into an English word. Next, I will try decrypting it using Caesar cipher with different shift values:

Shift 1: npqigt
Shift 2: mophfs
Shift 3: lngoer
Shift 4: kmfndq
Shift 5: jlempc

None of these shifts yielded a valid English word. Let's try a few more:

Shift 6: ikdlob
Shift 7: hjckna
Shift 8: gibjmz
Shift 9: fhally
Shift 10: egzkkx

None of these shifts decoded the ciphertext ""orqjhu"" into a valid English word. It's possibl",1,1.0
orqjhu,longer,6,3,"After trying different combinations, I couldn't unscramble ""orqjhu"" into an English word. Next, I will try decrypting it using Caesar cipher with different shift values:

Shift 1: npqigt
Shift 2: mophfs
Shift 3: lngoer
Shift 4: kmfndq
Shift 5: jlempc

None of these shifts yielded a valid English word. Let's try a few more:

Shift 6: ikdlob
Shift 7: hjckna
Shift 8: gibjmz
Shift 9: fhally
Shift 10: egzkkx

None of these shifts decoded the ciphertext ""orqjhu"" into a valid English word. It's possible that the ciphertext may be encrypted with a different type of cipher.",0,10,"After trying different combinations, I couldn't unscramble ""orqjhu"" into an English word. Next, I will try decrypting it using Caesar cipher with different shift values:

Shift 1: npqigt
Shift 2: mophfs
Shift 3: lngoer
Shift 4: kmfndq
Shift 5: jlempc

None of these shifts yielded a valid English word. Let's try a few more:

Shift 6: ikdlob
Shift 7: hjckna
Shift 8: gibjmz
Shift 9: fhally
Shift 10: egzkkx

None of these shifts decoded the ciphertext ""orqjhu"" into a valid English word. It's possible that the ciphertext may be encrypted with a diff",1,1.0
orqjhu,longer,6,3,"After trying different combinations, I couldn't unscramble ""orqjhu"" into an English word. Next, I will try decrypting it using Caesar cipher with different shift values:

Shift 1: npqigt
Shift 2: mophfs
Shift 3: lngoer
Shift 4: kmfndq
Shift 5: jlempc

None of these shifts yielded a valid English word. Let's try a few more:

Shift 6: ikdlob
Shift 7: hjckna
Shift 8: gibjmz
Shift 9: fhally
Shift 10: egzkkx

None of these shifts decoded the ciphertext ""orqjhu"" into a valid English word. It's possible that the ciphertext may be encrypted with a different type of cipher.",0,11,"After trying different combinations, I couldn't unscramble ""orqjhu"" into an English word. Next, I will try decrypting it using Caesar cipher with different shift values:

Shift 1: npqigt
Shift 2: mophfs
Shift 3: lngoer
Shift 4: kmfndq
Shift 5: jlempc

None of these shifts yielded a valid English word. Let's try a few more:

Shift 6: ikdlob
Shift 7: hjckna
Shift 8: gibjmz
Shift 9: fhally
Shift 10: egzkkx

None of these shifts decoded the ciphertext ""orqjhu"" into a valid English word. It's possible that the ciphertext may be encrypted with a different type of cipher.",1,1.0
wkrxjk,though,6,3,"After trying to unscramble the ciphertext ""wkrxjk,"" I could not find a single English word that fit. Therefore, I will now attempt to decrypt it as a Caesar cipher by shifting the letters. 

Shift 1:
wkrxjk -> vjqwiJ

Shift 2:
wkrxjk -> uipvhI

Shift 3:
wkrxjk -> throat

Shift 4:
wkrxjk -> sgnzs

Shift 5:
wkrxjk -> rfmyr

Based on these attempts, shifting the ciphertext by 3 positions decodes it to ""throat,"" which is an English word. Therefore, the encryption of ""throat"" using a Caesar cipher with a shift of 3 positions results in the ciphertext ""wkrxjk.""",0,0,"After trying to unscramble the ciphertext ""wkrxjk,",0,2.0
wkrxjk,though,6,3,"After trying to unscramble the ciphertext ""wkrxjk,"" I could not find a single English word that fit. Therefore, I will now attempt to decrypt it as a Caesar cipher by shifting the letters. 

Shift 1:
wkrxjk -> vjqwiJ

Shift 2:
wkrxjk -> uipvhI

Shift 3:
wkrxjk -> throat

Shift 4:
wkrxjk -> sgnzs

Shift 5:
wkrxjk -> rfmyr

Based on these attempts, shifting the ciphertext by 3 positions decodes it to ""throat,"" which is an English word. Therefore, the encryption of ""throat"" using a Caesar cipher with a shift of 3 positions results in the ciphertext ""wkrxjk.""",0,1,"After trying to unscramble the ciphertext ""wkrxjk,"" I could not find a single English word that fit.",0,2.0
wkrxjk,though,6,3,"After trying to unscramble the ciphertext ""wkrxjk,"" I could not find a single English word that fit. Therefore, I will now attempt to decrypt it as a Caesar cipher by shifting the letters. 

Shift 1:
wkrxjk -> vjqwiJ

Shift 2:
wkrxjk -> uipvhI

Shift 3:
wkrxjk -> throat

Shift 4:
wkrxjk -> sgnzs

Shift 5:
wkrxjk -> rfmyr

Based on these attempts, shifting the ciphertext by 3 positions decodes it to ""throat,"" which is an English word. Therefore, the encryption of ""throat"" using a Caesar cipher with a shift of 3 positions results in the ciphertext ""wkrxjk.""",0,2,"After trying to unscramble the ciphertext ""wkrxjk,"" I could not find a single English word that fit. Therefore, I will now attempt to decrypt it as a ",1,2.0
wkrxjk,though,6,3,"After trying to unscramble the ciphertext ""wkrxjk,"" I could not find a single English word that fit. Therefore, I will now attempt to decrypt it as a Caesar cipher by shifting the letters. 

Shift 1:
wkrxjk -> vjqwiJ

Shift 2:
wkrxjk -> uipvhI

Shift 3:
wkrxjk -> throat

Shift 4:
wkrxjk -> sgnzs

Shift 5:
wkrxjk -> rfmyr

Based on these attempts, shifting the ciphertext by 3 positions decodes it to ""throat,"" which is an English word. Therefore, the encryption of ""throat"" using a Caesar cipher with a shift of 3 positions results in the ciphertext ""wkrxjk.""",0,3,"After trying to unscramble the ciphertext ""wkrxjk,"" I could not find a single English word that fit. Therefore, I will now attempt to decrypt it as a Caesar cipher by shifting the letters. 

Shift 1:
",1,2.0
wkrxjk,though,6,3,"After trying to unscramble the ciphertext ""wkrxjk,"" I could not find a single English word that fit. Therefore, I will now attempt to decrypt it as a Caesar cipher by shifting the letters. 

Shift 1:
wkrxjk -> vjqwiJ

Shift 2:
wkrxjk -> uipvhI

Shift 3:
wkrxjk -> throat

Shift 4:
wkrxjk -> sgnzs

Shift 5:
wkrxjk -> rfmyr

Based on these attempts, shifting the ciphertext by 3 positions decodes it to ""throat,"" which is an English word. Therefore, the encryption of ""throat"" using a Caesar cipher with a shift of 3 positions results in the ciphertext ""wkrxjk.""",0,4,"After trying to unscramble the ciphertext ""wkrxjk,"" I could not find a single English word that fit. Therefore, I will now attempt to decrypt it as a Caesar cipher by shifting the letters. 

Shift 1:
wkrxjk -> vjqwiJ

Shift 2:
wkrxjk -> uipvhI

Shift",1,2.0
wkrxjk,though,6,3,"After trying to unscramble the ciphertext ""wkrxjk,"" I could not find a single English word that fit. Therefore, I will now attempt to decrypt it as a Caesar cipher by shifting the letters. 

Shift 1:
wkrxjk -> vjqwiJ

Shift 2:
wkrxjk -> uipvhI

Shift 3:
wkrxjk -> throat

Shift 4:
wkrxjk -> sgnzs

Shift 5:
wkrxjk -> rfmyr

Based on these attempts, shifting the ciphertext by 3 positions decodes it to ""throat,"" which is an English word. Therefore, the encryption of ""throat"" using a Caesar cipher with a shift of 3 positions results in the ciphertext ""wkrxjk.""",0,5,"After trying to unscramble the ciphertext ""wkrxjk,"" I could not find a single English word that fit. Therefore, I will now attempt to decrypt it as a Caesar cipher by shifting the letters. 

Shift 1:
wkrxjk -> vjqwiJ

Shift 2:
wkrxjk -> uipvhI

Shift 3:
wkrxjk -> throat

Shift 4:
wkrxjk -> sgnzs

Sh",1,2.0
wkrxjk,though,6,3,"After trying to unscramble the ciphertext ""wkrxjk,"" I could not find a single English word that fit. Therefore, I will now attempt to decrypt it as a Caesar cipher by shifting the letters. 

Shift 1:
wkrxjk -> vjqwiJ

Shift 2:
wkrxjk -> uipvhI

Shift 3:
wkrxjk -> throat

Shift 4:
wkrxjk -> sgnzs

Shift 5:
wkrxjk -> rfmyr

Based on these attempts, shifting the ciphertext by 3 positions decodes it to ""throat,"" which is an English word. Therefore, the encryption of ""throat"" using a Caesar cipher with a shift of 3 positions results in the ciphertext ""wkrxjk.""",0,6,"After trying to unscramble the ciphertext ""wkrxjk,"" I could not find a single English word that fit. Therefore, I will now attempt to decrypt it as a Caesar cipher by shifting the letters. 

Shift 1:
wkrxjk -> vjqwiJ

Shift 2:
wkrxjk -> uipvhI

Shift 3:
wkrxjk -> throat

Shift 4:
wkrxjk -> sgnzs

Shift 5:
wkrxjk -> rfmyr

Based on these attempts, s",1,2.0
wkrxjk,though,6,3,"After trying to unscramble the ciphertext ""wkrxjk,"" I could not find a single English word that fit. Therefore, I will now attempt to decrypt it as a Caesar cipher by shifting the letters. 

Shift 1:
wkrxjk -> vjqwiJ

Shift 2:
wkrxjk -> uipvhI

Shift 3:
wkrxjk -> throat

Shift 4:
wkrxjk -> sgnzs

Shift 5:
wkrxjk -> rfmyr

Based on these attempts, shifting the ciphertext by 3 positions decodes it to ""throat,"" which is an English word. Therefore, the encryption of ""throat"" using a Caesar cipher with a shift of 3 positions results in the ciphertext ""wkrxjk.""",0,7,"After trying to unscramble the ciphertext ""wkrxjk,"" I could not find a single English word that fit. Therefore, I will now attempt to decrypt it as a Caesar cipher by shifting the letters. 

Shift 1:
wkrxjk -> vjqwiJ

Shift 2:
wkrxjk -> uipvhI

Shift 3:
wkrxjk -> throat

Shift 4:
wkrxjk -> sgnzs

Shift 5:
wkrxjk -> rfmyr

Based on these attempts, shifting the ciphertext by 3 positions decodes it t",1,2.0
wkrxjk,though,6,3,"After trying to unscramble the ciphertext ""wkrxjk,"" I could not find a single English word that fit. Therefore, I will now attempt to decrypt it as a Caesar cipher by shifting the letters. 

Shift 1:
wkrxjk -> vjqwiJ

Shift 2:
wkrxjk -> uipvhI

Shift 3:
wkrxjk -> throat

Shift 4:
wkrxjk -> sgnzs

Shift 5:
wkrxjk -> rfmyr

Based on these attempts, shifting the ciphertext by 3 positions decodes it to ""throat,"" which is an English word. Therefore, the encryption of ""throat"" using a Caesar cipher with a shift of 3 positions results in the ciphertext ""wkrxjk.""",0,8,"After trying to unscramble the ciphertext ""wkrxjk,"" I could not find a single English word that fit. Therefore, I will now attempt to decrypt it as a Caesar cipher by shifting the letters. 

Shift 1:
wkrxjk -> vjqwiJ

Shift 2:
wkrxjk -> uipvhI

Shift 3:
wkrxjk -> throat

Shift 4:
wkrxjk -> sgnzs

Shift 5:
wkrxjk -> rfmyr

Based on these attempts, shifting the ciphertext by 3 positions decodes it to ""throat,"" which is an English word. Therefore, t",1,2.0
wkrxjk,though,6,3,"After trying to unscramble the ciphertext ""wkrxjk,"" I could not find a single English word that fit. Therefore, I will now attempt to decrypt it as a Caesar cipher by shifting the letters. 

Shift 1:
wkrxjk -> vjqwiJ

Shift 2:
wkrxjk -> uipvhI

Shift 3:
wkrxjk -> throat

Shift 4:
wkrxjk -> sgnzs

Shift 5:
wkrxjk -> rfmyr

Based on these attempts, shifting the ciphertext by 3 positions decodes it to ""throat,"" which is an English word. Therefore, the encryption of ""throat"" using a Caesar cipher with a shift of 3 positions results in the ciphertext ""wkrxjk.""",0,9,"After trying to unscramble the ciphertext ""wkrxjk,"" I could not find a single English word that fit. Therefore, I will now attempt to decrypt it as a Caesar cipher by shifting the letters. 

Shift 1:
wkrxjk -> vjqwiJ

Shift 2:
wkrxjk -> uipvhI

Shift 3:
wkrxjk -> throat

Shift 4:
wkrxjk -> sgnzs

Shift 5:
wkrxjk -> rfmyr

Based on these attempts, shifting the ciphertext by 3 positions decodes it to ""throat,"" which is an English word. Therefore, the encryption of ""throat"" using a Caesar cipher wi",1,2.0
wkrxjk,though,6,3,"After trying to unscramble the ciphertext ""wkrxjk,"" I could not find a single English word that fit. Therefore, I will now attempt to decrypt it as a Caesar cipher by shifting the letters. 

Shift 1:
wkrxjk -> vjqwiJ

Shift 2:
wkrxjk -> uipvhI

Shift 3:
wkrxjk -> throat

Shift 4:
wkrxjk -> sgnzs

Shift 5:
wkrxjk -> rfmyr

Based on these attempts, shifting the ciphertext by 3 positions decodes it to ""throat,"" which is an English word. Therefore, the encryption of ""throat"" using a Caesar cipher with a shift of 3 positions results in the ciphertext ""wkrxjk.""",0,10,"After trying to unscramble the ciphertext ""wkrxjk,"" I could not find a single English word that fit. Therefore, I will now attempt to decrypt it as a Caesar cipher by shifting the letters. 

Shift 1:
wkrxjk -> vjqwiJ

Shift 2:
wkrxjk -> uipvhI

Shift 3:
wkrxjk -> throat

Shift 4:
wkrxjk -> sgnzs

Shift 5:
wkrxjk -> rfmyr

Based on these attempts, shifting the ciphertext by 3 positions decodes it to ""throat,"" which is an English word. Therefore, the encryption of ""throat"" using a Caesar cipher with a shift of 3 positions results in the ciphertex",1,2.0
wkrxjk,though,6,3,"After trying to unscramble the ciphertext ""wkrxjk,"" I could not find a single English word that fit. Therefore, I will now attempt to decrypt it as a Caesar cipher by shifting the letters. 

Shift 1:
wkrxjk -> vjqwiJ

Shift 2:
wkrxjk -> uipvhI

Shift 3:
wkrxjk -> throat

Shift 4:
wkrxjk -> sgnzs

Shift 5:
wkrxjk -> rfmyr

Based on these attempts, shifting the ciphertext by 3 positions decodes it to ""throat,"" which is an English word. Therefore, the encryption of ""throat"" using a Caesar cipher with a shift of 3 positions results in the ciphertext ""wkrxjk.""",0,11,"After trying to unscramble the ciphertext ""wkrxjk,"" I could not find a single English word that fit. Therefore, I will now attempt to decrypt it as a Caesar cipher by shifting the letters. 

Shift 1:
wkrxjk -> vjqwiJ

Shift 2:
wkrxjk -> uipvhI

Shift 3:
wkrxjk -> throat

Shift 4:
wkrxjk -> sgnzs

Shift 5:
wkrxjk -> rfmyr

Based on these attempts, shifting the ciphertext by 3 positions decodes it to ""throat,"" which is an English word. Therefore, the encryption of ""throat"" using a Caesar cipher with a shift of 3 positions results in the ciphertext ""wkrxjk.""",1,2.0
sulfhv,prices,6,3,"After trying a few different combinations, it appears that the ciphertext ""sulfhv"" cannot be unscrambled into an English word. Let's now try decrypting it using a Caesar cipher with different shifts.

Shift 1:
sulfhv -> trmgiw

Shift 2:
sulfhv -> sunhjw

Shift 3:
sulfhv -> tonikw

Shift 4:
sulfhv -> upojlx

Shift 5:
sulfhv -> vqpkmy

None of these decrypted versions are English words either. Let's continue trying different shifts. 

Shift 6:
sulfhv -> wrqlnz

Shift 7:
sulfhv -> xsrmoa

Shift 8:
sulfhv -> ytsnpb

Shift 9:
sulfhv -> zutoqc

None of these attempts have resulted in an English word. Let's try a few more shifts.

Shift 10:
sulfhv -> avuprd

Shift 11:
sulfhv -> bwvqse

Shift 12:
sulfhv -> cxwrtf

Shift 13:
sulfhv -> dyxsg

Shift 14:
sulfhv -> ezyth

None of these attempts have yielded an English word as well. It seems likely that the ciphertext either does not decrypt into a single English word using a Caesar cipher, or it may be a different type of cipher altogether.",0,0,"After trying a few different combinations, it appe",0,2.0
sulfhv,prices,6,3,"After trying a few different combinations, it appears that the ciphertext ""sulfhv"" cannot be unscrambled into an English word. Let's now try decrypting it using a Caesar cipher with different shifts.

Shift 1:
sulfhv -> trmgiw

Shift 2:
sulfhv -> sunhjw

Shift 3:
sulfhv -> tonikw

Shift 4:
sulfhv -> upojlx

Shift 5:
sulfhv -> vqpkmy

None of these decrypted versions are English words either. Let's continue trying different shifts. 

Shift 6:
sulfhv -> wrqlnz

Shift 7:
sulfhv -> xsrmoa

Shift 8:
sulfhv -> ytsnpb

Shift 9:
sulfhv -> zutoqc

None of these attempts have resulted in an English word. Let's try a few more shifts.

Shift 10:
sulfhv -> avuprd

Shift 11:
sulfhv -> bwvqse

Shift 12:
sulfhv -> cxwrtf

Shift 13:
sulfhv -> dyxsg

Shift 14:
sulfhv -> ezyth

None of these attempts have yielded an English word as well. It seems likely that the ciphertext either does not decrypt into a single English word using a Caesar cipher, or it may be a different type of cipher altogether.",0,1,"After trying a few different combinations, it appears that the ciphertext ""sulfhv"" cannot be unscram",0,2.0
sulfhv,prices,6,3,"After trying a few different combinations, it appears that the ciphertext ""sulfhv"" cannot be unscrambled into an English word. Let's now try decrypting it using a Caesar cipher with different shifts.

Shift 1:
sulfhv -> trmgiw

Shift 2:
sulfhv -> sunhjw

Shift 3:
sulfhv -> tonikw

Shift 4:
sulfhv -> upojlx

Shift 5:
sulfhv -> vqpkmy

None of these decrypted versions are English words either. Let's continue trying different shifts. 

Shift 6:
sulfhv -> wrqlnz

Shift 7:
sulfhv -> xsrmoa

Shift 8:
sulfhv -> ytsnpb

Shift 9:
sulfhv -> zutoqc

None of these attempts have resulted in an English word. Let's try a few more shifts.

Shift 10:
sulfhv -> avuprd

Shift 11:
sulfhv -> bwvqse

Shift 12:
sulfhv -> cxwrtf

Shift 13:
sulfhv -> dyxsg

Shift 14:
sulfhv -> ezyth

None of these attempts have yielded an English word as well. It seems likely that the ciphertext either does not decrypt into a single English word using a Caesar cipher, or it may be a different type of cipher altogether.",0,2,"After trying a few different combinations, it appears that the ciphertext ""sulfhv"" cannot be unscrambled into an English word. Let's now try decryptin",1,2.0
sulfhv,prices,6,3,"After trying a few different combinations, it appears that the ciphertext ""sulfhv"" cannot be unscrambled into an English word. Let's now try decrypting it using a Caesar cipher with different shifts.

Shift 1:
sulfhv -> trmgiw

Shift 2:
sulfhv -> sunhjw

Shift 3:
sulfhv -> tonikw

Shift 4:
sulfhv -> upojlx

Shift 5:
sulfhv -> vqpkmy

None of these decrypted versions are English words either. Let's continue trying different shifts. 

Shift 6:
sulfhv -> wrqlnz

Shift 7:
sulfhv -> xsrmoa

Shift 8:
sulfhv -> ytsnpb

Shift 9:
sulfhv -> zutoqc

None of these attempts have resulted in an English word. Let's try a few more shifts.

Shift 10:
sulfhv -> avuprd

Shift 11:
sulfhv -> bwvqse

Shift 12:
sulfhv -> cxwrtf

Shift 13:
sulfhv -> dyxsg

Shift 14:
sulfhv -> ezyth

None of these attempts have yielded an English word as well. It seems likely that the ciphertext either does not decrypt into a single English word using a Caesar cipher, or it may be a different type of cipher altogether.",0,3,"After trying a few different combinations, it appears that the ciphertext ""sulfhv"" cannot be unscrambled into an English word. Let's now try decrypting it using a Caesar cipher with different shifts.
",1,2.0
sulfhv,prices,6,3,"After trying a few different combinations, it appears that the ciphertext ""sulfhv"" cannot be unscrambled into an English word. Let's now try decrypting it using a Caesar cipher with different shifts.

Shift 1:
sulfhv -> trmgiw

Shift 2:
sulfhv -> sunhjw

Shift 3:
sulfhv -> tonikw

Shift 4:
sulfhv -> upojlx

Shift 5:
sulfhv -> vqpkmy

None of these decrypted versions are English words either. Let's continue trying different shifts. 

Shift 6:
sulfhv -> wrqlnz

Shift 7:
sulfhv -> xsrmoa

Shift 8:
sulfhv -> ytsnpb

Shift 9:
sulfhv -> zutoqc

None of these attempts have resulted in an English word. Let's try a few more shifts.

Shift 10:
sulfhv -> avuprd

Shift 11:
sulfhv -> bwvqse

Shift 12:
sulfhv -> cxwrtf

Shift 13:
sulfhv -> dyxsg

Shift 14:
sulfhv -> ezyth

None of these attempts have yielded an English word as well. It seems likely that the ciphertext either does not decrypt into a single English word using a Caesar cipher, or it may be a different type of cipher altogether.",0,4,"After trying a few different combinations, it appears that the ciphertext ""sulfhv"" cannot be unscrambled into an English word. Let's now try decrypting it using a Caesar cipher with different shifts.

Shift 1:
sulfhv -> trmgiw

Shift 2:
sulfhv -> sun",1,2.0
sulfhv,prices,6,3,"After trying a few different combinations, it appears that the ciphertext ""sulfhv"" cannot be unscrambled into an English word. Let's now try decrypting it using a Caesar cipher with different shifts.

Shift 1:
sulfhv -> trmgiw

Shift 2:
sulfhv -> sunhjw

Shift 3:
sulfhv -> tonikw

Shift 4:
sulfhv -> upojlx

Shift 5:
sulfhv -> vqpkmy

None of these decrypted versions are English words either. Let's continue trying different shifts. 

Shift 6:
sulfhv -> wrqlnz

Shift 7:
sulfhv -> xsrmoa

Shift 8:
sulfhv -> ytsnpb

Shift 9:
sulfhv -> zutoqc

None of these attempts have resulted in an English word. Let's try a few more shifts.

Shift 10:
sulfhv -> avuprd

Shift 11:
sulfhv -> bwvqse

Shift 12:
sulfhv -> cxwrtf

Shift 13:
sulfhv -> dyxsg

Shift 14:
sulfhv -> ezyth

None of these attempts have yielded an English word as well. It seems likely that the ciphertext either does not decrypt into a single English word using a Caesar cipher, or it may be a different type of cipher altogether.",0,5,"After trying a few different combinations, it appears that the ciphertext ""sulfhv"" cannot be unscrambled into an English word. Let's now try decrypting it using a Caesar cipher with different shifts.

Shift 1:
sulfhv -> trmgiw

Shift 2:
sulfhv -> sunhjw

Shift 3:
sulfhv -> tonikw

Shift 4:
sulfhv ->",1,2.0
sulfhv,prices,6,3,"After trying a few different combinations, it appears that the ciphertext ""sulfhv"" cannot be unscrambled into an English word. Let's now try decrypting it using a Caesar cipher with different shifts.

Shift 1:
sulfhv -> trmgiw

Shift 2:
sulfhv -> sunhjw

Shift 3:
sulfhv -> tonikw

Shift 4:
sulfhv -> upojlx

Shift 5:
sulfhv -> vqpkmy

None of these decrypted versions are English words either. Let's continue trying different shifts. 

Shift 6:
sulfhv -> wrqlnz

Shift 7:
sulfhv -> xsrmoa

Shift 8:
sulfhv -> ytsnpb

Shift 9:
sulfhv -> zutoqc

None of these attempts have resulted in an English word. Let's try a few more shifts.

Shift 10:
sulfhv -> avuprd

Shift 11:
sulfhv -> bwvqse

Shift 12:
sulfhv -> cxwrtf

Shift 13:
sulfhv -> dyxsg

Shift 14:
sulfhv -> ezyth

None of these attempts have yielded an English word as well. It seems likely that the ciphertext either does not decrypt into a single English word using a Caesar cipher, or it may be a different type of cipher altogether.",0,6,"After trying a few different combinations, it appears that the ciphertext ""sulfhv"" cannot be unscrambled into an English word. Let's now try decrypting it using a Caesar cipher with different shifts.

Shift 1:
sulfhv -> trmgiw

Shift 2:
sulfhv -> sunhjw

Shift 3:
sulfhv -> tonikw

Shift 4:
sulfhv -> upojlx

Shift 5:
sulfhv -> vqpkmy

None of these ",1,2.0
sulfhv,prices,6,3,"After trying a few different combinations, it appears that the ciphertext ""sulfhv"" cannot be unscrambled into an English word. Let's now try decrypting it using a Caesar cipher with different shifts.

Shift 1:
sulfhv -> trmgiw

Shift 2:
sulfhv -> sunhjw

Shift 3:
sulfhv -> tonikw

Shift 4:
sulfhv -> upojlx

Shift 5:
sulfhv -> vqpkmy

None of these decrypted versions are English words either. Let's continue trying different shifts. 

Shift 6:
sulfhv -> wrqlnz

Shift 7:
sulfhv -> xsrmoa

Shift 8:
sulfhv -> ytsnpb

Shift 9:
sulfhv -> zutoqc

None of these attempts have resulted in an English word. Let's try a few more shifts.

Shift 10:
sulfhv -> avuprd

Shift 11:
sulfhv -> bwvqse

Shift 12:
sulfhv -> cxwrtf

Shift 13:
sulfhv -> dyxsg

Shift 14:
sulfhv -> ezyth

None of these attempts have yielded an English word as well. It seems likely that the ciphertext either does not decrypt into a single English word using a Caesar cipher, or it may be a different type of cipher altogether.",0,7,"After trying a few different combinations, it appears that the ciphertext ""sulfhv"" cannot be unscrambled into an English word. Let's now try decrypting it using a Caesar cipher with different shifts.

Shift 1:
sulfhv -> trmgiw

Shift 2:
sulfhv -> sunhjw

Shift 3:
sulfhv -> tonikw

Shift 4:
sulfhv -> upojlx

Shift 5:
sulfhv -> vqpkmy

None of these decrypted versions are English words either. Let's",1,2.0
sulfhv,prices,6,3,"After trying a few different combinations, it appears that the ciphertext ""sulfhv"" cannot be unscrambled into an English word. Let's now try decrypting it using a Caesar cipher with different shifts.

Shift 1:
sulfhv -> trmgiw

Shift 2:
sulfhv -> sunhjw

Shift 3:
sulfhv -> tonikw

Shift 4:
sulfhv -> upojlx

Shift 5:
sulfhv -> vqpkmy

None of these decrypted versions are English words either. Let's continue trying different shifts. 

Shift 6:
sulfhv -> wrqlnz

Shift 7:
sulfhv -> xsrmoa

Shift 8:
sulfhv -> ytsnpb

Shift 9:
sulfhv -> zutoqc

None of these attempts have resulted in an English word. Let's try a few more shifts.

Shift 10:
sulfhv -> avuprd

Shift 11:
sulfhv -> bwvqse

Shift 12:
sulfhv -> cxwrtf

Shift 13:
sulfhv -> dyxsg

Shift 14:
sulfhv -> ezyth

None of these attempts have yielded an English word as well. It seems likely that the ciphertext either does not decrypt into a single English word using a Caesar cipher, or it may be a different type of cipher altogether.",0,8,"After trying a few different combinations, it appears that the ciphertext ""sulfhv"" cannot be unscrambled into an English word. Let's now try decrypting it using a Caesar cipher with different shifts.

Shift 1:
sulfhv -> trmgiw

Shift 2:
sulfhv -> sunhjw

Shift 3:
sulfhv -> tonikw

Shift 4:
sulfhv -> upojlx

Shift 5:
sulfhv -> vqpkmy

None of these decrypted versions are English words either. Let's continue trying different shifts. 

Shift 6:
sulf",1,2.0
sulfhv,prices,6,3,"After trying a few different combinations, it appears that the ciphertext ""sulfhv"" cannot be unscrambled into an English word. Let's now try decrypting it using a Caesar cipher with different shifts.

Shift 1:
sulfhv -> trmgiw

Shift 2:
sulfhv -> sunhjw

Shift 3:
sulfhv -> tonikw

Shift 4:
sulfhv -> upojlx

Shift 5:
sulfhv -> vqpkmy

None of these decrypted versions are English words either. Let's continue trying different shifts. 

Shift 6:
sulfhv -> wrqlnz

Shift 7:
sulfhv -> xsrmoa

Shift 8:
sulfhv -> ytsnpb

Shift 9:
sulfhv -> zutoqc

None of these attempts have resulted in an English word. Let's try a few more shifts.

Shift 10:
sulfhv -> avuprd

Shift 11:
sulfhv -> bwvqse

Shift 12:
sulfhv -> cxwrtf

Shift 13:
sulfhv -> dyxsg

Shift 14:
sulfhv -> ezyth

None of these attempts have yielded an English word as well. It seems likely that the ciphertext either does not decrypt into a single English word using a Caesar cipher, or it may be a different type of cipher altogether.",0,9,"After trying a few different combinations, it appears that the ciphertext ""sulfhv"" cannot be unscrambled into an English word. Let's now try decrypting it using a Caesar cipher with different shifts.

Shift 1:
sulfhv -> trmgiw

Shift 2:
sulfhv -> sunhjw

Shift 3:
sulfhv -> tonikw

Shift 4:
sulfhv -> upojlx

Shift 5:
sulfhv -> vqpkmy

None of these decrypted versions are English words either. Let's continue trying different shifts. 

Shift 6:
sulfhv -> wrqlnz

Shift 7:
sulfhv -> xsrmoa

Shift 8:
",1,2.0
sulfhv,prices,6,3,"After trying a few different combinations, it appears that the ciphertext ""sulfhv"" cannot be unscrambled into an English word. Let's now try decrypting it using a Caesar cipher with different shifts.

Shift 1:
sulfhv -> trmgiw

Shift 2:
sulfhv -> sunhjw

Shift 3:
sulfhv -> tonikw

Shift 4:
sulfhv -> upojlx

Shift 5:
sulfhv -> vqpkmy

None of these decrypted versions are English words either. Let's continue trying different shifts. 

Shift 6:
sulfhv -> wrqlnz

Shift 7:
sulfhv -> xsrmoa

Shift 8:
sulfhv -> ytsnpb

Shift 9:
sulfhv -> zutoqc

None of these attempts have resulted in an English word. Let's try a few more shifts.

Shift 10:
sulfhv -> avuprd

Shift 11:
sulfhv -> bwvqse

Shift 12:
sulfhv -> cxwrtf

Shift 13:
sulfhv -> dyxsg

Shift 14:
sulfhv -> ezyth

None of these attempts have yielded an English word as well. It seems likely that the ciphertext either does not decrypt into a single English word using a Caesar cipher, or it may be a different type of cipher altogether.",0,10,"After trying a few different combinations, it appears that the ciphertext ""sulfhv"" cannot be unscrambled into an English word. Let's now try decrypting it using a Caesar cipher with different shifts.

Shift 1:
sulfhv -> trmgiw

Shift 2:
sulfhv -> sunhjw

Shift 3:
sulfhv -> tonikw

Shift 4:
sulfhv -> upojlx

Shift 5:
sulfhv -> vqpkmy

None of these decrypted versions are English words either. Let's continue trying different shifts. 

Shift 6:
sulfhv -> wrqlnz

Shift 7:
sulfhv -> xsrmoa

Shift 8:
sulfhv -> ytsnpb

Shift 9:
sulfhv -> zutoqc

None ",1,2.0
sulfhv,prices,6,3,"After trying a few different combinations, it appears that the ciphertext ""sulfhv"" cannot be unscrambled into an English word. Let's now try decrypting it using a Caesar cipher with different shifts.

Shift 1:
sulfhv -> trmgiw

Shift 2:
sulfhv -> sunhjw

Shift 3:
sulfhv -> tonikw

Shift 4:
sulfhv -> upojlx

Shift 5:
sulfhv -> vqpkmy

None of these decrypted versions are English words either. Let's continue trying different shifts. 

Shift 6:
sulfhv -> wrqlnz

Shift 7:
sulfhv -> xsrmoa

Shift 8:
sulfhv -> ytsnpb

Shift 9:
sulfhv -> zutoqc

None of these attempts have resulted in an English word. Let's try a few more shifts.

Shift 10:
sulfhv -> avuprd

Shift 11:
sulfhv -> bwvqse

Shift 12:
sulfhv -> cxwrtf

Shift 13:
sulfhv -> dyxsg

Shift 14:
sulfhv -> ezyth

None of these attempts have yielded an English word as well. It seems likely that the ciphertext either does not decrypt into a single English word using a Caesar cipher, or it may be a different type of cipher altogether.",0,11,"After trying a few different combinations, it appears that the ciphertext ""sulfhv"" cannot be unscrambled into an English word. Let's now try decrypting it using a Caesar cipher with different shifts.

Shift 1:
sulfhv -> trmgiw

Shift 2:
sulfhv -> sunhjw

Shift 3:
sulfhv -> tonikw

Shift 4:
sulfhv -> upojlx

Shift 5:
sulfhv -> vqpkmy

None of these decrypted versions are English words either. Let's continue trying different shifts. 

Shift 6:
sulfhv -> wrqlnz

Shift 7:
sulfhv -> xsrmoa

Shift 8:
sulfhv -> ytsnpb

Shift 9:
sulfhv -> zutoqc

None of these attempts have resulted in an English word",1,2.0
sulfhv,prices,6,3,"After trying a few different combinations, it appears that the ciphertext ""sulfhv"" cannot be unscrambled into an English word. Let's now try decrypting it using a Caesar cipher with different shifts.

Shift 1:
sulfhv -> trmgiw

Shift 2:
sulfhv -> sunhjw

Shift 3:
sulfhv -> tonikw

Shift 4:
sulfhv -> upojlx

Shift 5:
sulfhv -> vqpkmy

None of these decrypted versions are English words either. Let's continue trying different shifts. 

Shift 6:
sulfhv -> wrqlnz

Shift 7:
sulfhv -> xsrmoa

Shift 8:
sulfhv -> ytsnpb

Shift 9:
sulfhv -> zutoqc

None of these attempts have resulted in an English word. Let's try a few more shifts.

Shift 10:
sulfhv -> avuprd

Shift 11:
sulfhv -> bwvqse

Shift 12:
sulfhv -> cxwrtf

Shift 13:
sulfhv -> dyxsg

Shift 14:
sulfhv -> ezyth

None of these attempts have yielded an English word as well. It seems likely that the ciphertext either does not decrypt into a single English word using a Caesar cipher, or it may be a different type of cipher altogether.",0,12,"After trying a few different combinations, it appears that the ciphertext ""sulfhv"" cannot be unscrambled into an English word. Let's now try decrypting it using a Caesar cipher with different shifts.

Shift 1:
sulfhv -> trmgiw

Shift 2:
sulfhv -> sunhjw

Shift 3:
sulfhv -> tonikw

Shift 4:
sulfhv -> upojlx

Shift 5:
sulfhv -> vqpkmy

None of these decrypted versions are English words either. Let's continue trying different shifts. 

Shift 6:
sulfhv -> wrqlnz

Shift 7:
sulfhv -> xsrmoa

Shift 8:
sulfhv -> ytsnpb

Shift 9:
sulfhv -> zutoqc

None of these attempts have resulted in an English word. Let's try a few more shifts.

Shift 10:
sulfhv -",1,2.0
sulfhv,prices,6,3,"After trying a few different combinations, it appears that the ciphertext ""sulfhv"" cannot be unscrambled into an English word. Let's now try decrypting it using a Caesar cipher with different shifts.

Shift 1:
sulfhv -> trmgiw

Shift 2:
sulfhv -> sunhjw

Shift 3:
sulfhv -> tonikw

Shift 4:
sulfhv -> upojlx

Shift 5:
sulfhv -> vqpkmy

None of these decrypted versions are English words either. Let's continue trying different shifts. 

Shift 6:
sulfhv -> wrqlnz

Shift 7:
sulfhv -> xsrmoa

Shift 8:
sulfhv -> ytsnpb

Shift 9:
sulfhv -> zutoqc

None of these attempts have resulted in an English word. Let's try a few more shifts.

Shift 10:
sulfhv -> avuprd

Shift 11:
sulfhv -> bwvqse

Shift 12:
sulfhv -> cxwrtf

Shift 13:
sulfhv -> dyxsg

Shift 14:
sulfhv -> ezyth

None of these attempts have yielded an English word as well. It seems likely that the ciphertext either does not decrypt into a single English word using a Caesar cipher, or it may be a different type of cipher altogether.",0,13,"After trying a few different combinations, it appears that the ciphertext ""sulfhv"" cannot be unscrambled into an English word. Let's now try decrypting it using a Caesar cipher with different shifts.

Shift 1:
sulfhv -> trmgiw

Shift 2:
sulfhv -> sunhjw

Shift 3:
sulfhv -> tonikw

Shift 4:
sulfhv -> upojlx

Shift 5:
sulfhv -> vqpkmy

None of these decrypted versions are English words either. Let's continue trying different shifts. 

Shift 6:
sulfhv -> wrqlnz

Shift 7:
sulfhv -> xsrmoa

Shift 8:
sulfhv -> ytsnpb

Shift 9:
sulfhv -> zutoqc

None of these attempts have resulted in an English word. Let's try a few more shifts.

Shift 10:
sulfhv -> avuprd

Shift 11:
sulfhv -> bwvqse

Shift 12:
su",1,2.0
sulfhv,prices,6,3,"After trying a few different combinations, it appears that the ciphertext ""sulfhv"" cannot be unscrambled into an English word. Let's now try decrypting it using a Caesar cipher with different shifts.

Shift 1:
sulfhv -> trmgiw

Shift 2:
sulfhv -> sunhjw

Shift 3:
sulfhv -> tonikw

Shift 4:
sulfhv -> upojlx

Shift 5:
sulfhv -> vqpkmy

None of these decrypted versions are English words either. Let's continue trying different shifts. 

Shift 6:
sulfhv -> wrqlnz

Shift 7:
sulfhv -> xsrmoa

Shift 8:
sulfhv -> ytsnpb

Shift 9:
sulfhv -> zutoqc

None of these attempts have resulted in an English word. Let's try a few more shifts.

Shift 10:
sulfhv -> avuprd

Shift 11:
sulfhv -> bwvqse

Shift 12:
sulfhv -> cxwrtf

Shift 13:
sulfhv -> dyxsg

Shift 14:
sulfhv -> ezyth

None of these attempts have yielded an English word as well. It seems likely that the ciphertext either does not decrypt into a single English word using a Caesar cipher, or it may be a different type of cipher altogether.",0,14,"After trying a few different combinations, it appears that the ciphertext ""sulfhv"" cannot be unscrambled into an English word. Let's now try decrypting it using a Caesar cipher with different shifts.

Shift 1:
sulfhv -> trmgiw

Shift 2:
sulfhv -> sunhjw

Shift 3:
sulfhv -> tonikw

Shift 4:
sulfhv -> upojlx

Shift 5:
sulfhv -> vqpkmy

None of these decrypted versions are English words either. Let's continue trying different shifts. 

Shift 6:
sulfhv -> wrqlnz

Shift 7:
sulfhv -> xsrmoa

Shift 8:
sulfhv -> ytsnpb

Shift 9:
sulfhv -> zutoqc

None of these attempts have resulted in an English word. Let's try a few more shifts.

Shift 10:
sulfhv -> avuprd

Shift 11:
sulfhv -> bwvqse

Shift 12:
sulfhv -> cxwrtf

Shift 13:
sulfhv -> dyxsg

Shift 1",1,2.0
sulfhv,prices,6,3,"After trying a few different combinations, it appears that the ciphertext ""sulfhv"" cannot be unscrambled into an English word. Let's now try decrypting it using a Caesar cipher with different shifts.

Shift 1:
sulfhv -> trmgiw

Shift 2:
sulfhv -> sunhjw

Shift 3:
sulfhv -> tonikw

Shift 4:
sulfhv -> upojlx

Shift 5:
sulfhv -> vqpkmy

None of these decrypted versions are English words either. Let's continue trying different shifts. 

Shift 6:
sulfhv -> wrqlnz

Shift 7:
sulfhv -> xsrmoa

Shift 8:
sulfhv -> ytsnpb

Shift 9:
sulfhv -> zutoqc

None of these attempts have resulted in an English word. Let's try a few more shifts.

Shift 10:
sulfhv -> avuprd

Shift 11:
sulfhv -> bwvqse

Shift 12:
sulfhv -> cxwrtf

Shift 13:
sulfhv -> dyxsg

Shift 14:
sulfhv -> ezyth

None of these attempts have yielded an English word as well. It seems likely that the ciphertext either does not decrypt into a single English word using a Caesar cipher, or it may be a different type of cipher altogether.",0,15,"After trying a few different combinations, it appears that the ciphertext ""sulfhv"" cannot be unscrambled into an English word. Let's now try decrypting it using a Caesar cipher with different shifts.

Shift 1:
sulfhv -> trmgiw

Shift 2:
sulfhv -> sunhjw

Shift 3:
sulfhv -> tonikw

Shift 4:
sulfhv -> upojlx

Shift 5:
sulfhv -> vqpkmy

None of these decrypted versions are English words either. Let's continue trying different shifts. 

Shift 6:
sulfhv -> wrqlnz

Shift 7:
sulfhv -> xsrmoa

Shift 8:
sulfhv -> ytsnpb

Shift 9:
sulfhv -> zutoqc

None of these attempts have resulted in an English word. Let's try a few more shifts.

Shift 10:
sulfhv -> avuprd

Shift 11:
sulfhv -> bwvqse

Shift 12:
sulfhv -> cxwrtf

Shift 13:
sulfhv -> dyxsg

Shift 14:
sulfhv -> ezyth

None of these attempts have yi",1,2.0
sulfhv,prices,6,3,"After trying a few different combinations, it appears that the ciphertext ""sulfhv"" cannot be unscrambled into an English word. Let's now try decrypting it using a Caesar cipher with different shifts.

Shift 1:
sulfhv -> trmgiw

Shift 2:
sulfhv -> sunhjw

Shift 3:
sulfhv -> tonikw

Shift 4:
sulfhv -> upojlx

Shift 5:
sulfhv -> vqpkmy

None of these decrypted versions are English words either. Let's continue trying different shifts. 

Shift 6:
sulfhv -> wrqlnz

Shift 7:
sulfhv -> xsrmoa

Shift 8:
sulfhv -> ytsnpb

Shift 9:
sulfhv -> zutoqc

None of these attempts have resulted in an English word. Let's try a few more shifts.

Shift 10:
sulfhv -> avuprd

Shift 11:
sulfhv -> bwvqse

Shift 12:
sulfhv -> cxwrtf

Shift 13:
sulfhv -> dyxsg

Shift 14:
sulfhv -> ezyth

None of these attempts have yielded an English word as well. It seems likely that the ciphertext either does not decrypt into a single English word using a Caesar cipher, or it may be a different type of cipher altogether.",0,16,"After trying a few different combinations, it appears that the ciphertext ""sulfhv"" cannot be unscrambled into an English word. Let's now try decrypting it using a Caesar cipher with different shifts.

Shift 1:
sulfhv -> trmgiw

Shift 2:
sulfhv -> sunhjw

Shift 3:
sulfhv -> tonikw

Shift 4:
sulfhv -> upojlx

Shift 5:
sulfhv -> vqpkmy

None of these decrypted versions are English words either. Let's continue trying different shifts. 

Shift 6:
sulfhv -> wrqlnz

Shift 7:
sulfhv -> xsrmoa

Shift 8:
sulfhv -> ytsnpb

Shift 9:
sulfhv -> zutoqc

None of these attempts have resulted in an English word. Let's try a few more shifts.

Shift 10:
sulfhv -> avuprd

Shift 11:
sulfhv -> bwvqse

Shift 12:
sulfhv -> cxwrtf

Shift 13:
sulfhv -> dyxsg

Shift 14:
sulfhv -> ezyth

None of these attempts have yielded an English word as well. It seems likely tha",1,2.0
sulfhv,prices,6,3,"After trying a few different combinations, it appears that the ciphertext ""sulfhv"" cannot be unscrambled into an English word. Let's now try decrypting it using a Caesar cipher with different shifts.

Shift 1:
sulfhv -> trmgiw

Shift 2:
sulfhv -> sunhjw

Shift 3:
sulfhv -> tonikw

Shift 4:
sulfhv -> upojlx

Shift 5:
sulfhv -> vqpkmy

None of these decrypted versions are English words either. Let's continue trying different shifts. 

Shift 6:
sulfhv -> wrqlnz

Shift 7:
sulfhv -> xsrmoa

Shift 8:
sulfhv -> ytsnpb

Shift 9:
sulfhv -> zutoqc

None of these attempts have resulted in an English word. Let's try a few more shifts.

Shift 10:
sulfhv -> avuprd

Shift 11:
sulfhv -> bwvqse

Shift 12:
sulfhv -> cxwrtf

Shift 13:
sulfhv -> dyxsg

Shift 14:
sulfhv -> ezyth

None of these attempts have yielded an English word as well. It seems likely that the ciphertext either does not decrypt into a single English word using a Caesar cipher, or it may be a different type of cipher altogether.",0,17,"After trying a few different combinations, it appears that the ciphertext ""sulfhv"" cannot be unscrambled into an English word. Let's now try decrypting it using a Caesar cipher with different shifts.

Shift 1:
sulfhv -> trmgiw

Shift 2:
sulfhv -> sunhjw

Shift 3:
sulfhv -> tonikw

Shift 4:
sulfhv -> upojlx

Shift 5:
sulfhv -> vqpkmy

None of these decrypted versions are English words either. Let's continue trying different shifts. 

Shift 6:
sulfhv -> wrqlnz

Shift 7:
sulfhv -> xsrmoa

Shift 8:
sulfhv -> ytsnpb

Shift 9:
sulfhv -> zutoqc

None of these attempts have resulted in an English word. Let's try a few more shifts.

Shift 10:
sulfhv -> avuprd

Shift 11:
sulfhv -> bwvqse

Shift 12:
sulfhv -> cxwrtf

Shift 13:
sulfhv -> dyxsg

Shift 14:
sulfhv -> ezyth

None of these attempts have yielded an English word as well. It seems likely that the ciphertext either does not decrypt into a si",1,2.0
sulfhv,prices,6,3,"After trying a few different combinations, it appears that the ciphertext ""sulfhv"" cannot be unscrambled into an English word. Let's now try decrypting it using a Caesar cipher with different shifts.

Shift 1:
sulfhv -> trmgiw

Shift 2:
sulfhv -> sunhjw

Shift 3:
sulfhv -> tonikw

Shift 4:
sulfhv -> upojlx

Shift 5:
sulfhv -> vqpkmy

None of these decrypted versions are English words either. Let's continue trying different shifts. 

Shift 6:
sulfhv -> wrqlnz

Shift 7:
sulfhv -> xsrmoa

Shift 8:
sulfhv -> ytsnpb

Shift 9:
sulfhv -> zutoqc

None of these attempts have resulted in an English word. Let's try a few more shifts.

Shift 10:
sulfhv -> avuprd

Shift 11:
sulfhv -> bwvqse

Shift 12:
sulfhv -> cxwrtf

Shift 13:
sulfhv -> dyxsg

Shift 14:
sulfhv -> ezyth

None of these attempts have yielded an English word as well. It seems likely that the ciphertext either does not decrypt into a single English word using a Caesar cipher, or it may be a different type of cipher altogether.",0,18,"After trying a few different combinations, it appears that the ciphertext ""sulfhv"" cannot be unscrambled into an English word. Let's now try decrypting it using a Caesar cipher with different shifts.

Shift 1:
sulfhv -> trmgiw

Shift 2:
sulfhv -> sunhjw

Shift 3:
sulfhv -> tonikw

Shift 4:
sulfhv -> upojlx

Shift 5:
sulfhv -> vqpkmy

None of these decrypted versions are English words either. Let's continue trying different shifts. 

Shift 6:
sulfhv -> wrqlnz

Shift 7:
sulfhv -> xsrmoa

Shift 8:
sulfhv -> ytsnpb

Shift 9:
sulfhv -> zutoqc

None of these attempts have resulted in an English word. Let's try a few more shifts.

Shift 10:
sulfhv -> avuprd

Shift 11:
sulfhv -> bwvqse

Shift 12:
sulfhv -> cxwrtf

Shift 13:
sulfhv -> dyxsg

Shift 14:
sulfhv -> ezyth

None of these attempts have yielded an English word as well. It seems likely that the ciphertext either does not decrypt into a single English word using a Caesar cipher, or it may",1,2.0
sulfhv,prices,6,3,"After trying a few different combinations, it appears that the ciphertext ""sulfhv"" cannot be unscrambled into an English word. Let's now try decrypting it using a Caesar cipher with different shifts.

Shift 1:
sulfhv -> trmgiw

Shift 2:
sulfhv -> sunhjw

Shift 3:
sulfhv -> tonikw

Shift 4:
sulfhv -> upojlx

Shift 5:
sulfhv -> vqpkmy

None of these decrypted versions are English words either. Let's continue trying different shifts. 

Shift 6:
sulfhv -> wrqlnz

Shift 7:
sulfhv -> xsrmoa

Shift 8:
sulfhv -> ytsnpb

Shift 9:
sulfhv -> zutoqc

None of these attempts have resulted in an English word. Let's try a few more shifts.

Shift 10:
sulfhv -> avuprd

Shift 11:
sulfhv -> bwvqse

Shift 12:
sulfhv -> cxwrtf

Shift 13:
sulfhv -> dyxsg

Shift 14:
sulfhv -> ezyth

None of these attempts have yielded an English word as well. It seems likely that the ciphertext either does not decrypt into a single English word using a Caesar cipher, or it may be a different type of cipher altogether.",0,19,"After trying a few different combinations, it appears that the ciphertext ""sulfhv"" cannot be unscrambled into an English word. Let's now try decrypting it using a Caesar cipher with different shifts.

Shift 1:
sulfhv -> trmgiw

Shift 2:
sulfhv -> sunhjw

Shift 3:
sulfhv -> tonikw

Shift 4:
sulfhv -> upojlx

Shift 5:
sulfhv -> vqpkmy

None of these decrypted versions are English words either. Let's continue trying different shifts. 

Shift 6:
sulfhv -> wrqlnz

Shift 7:
sulfhv -> xsrmoa

Shift 8:
sulfhv -> ytsnpb

Shift 9:
sulfhv -> zutoqc

None of these attempts have resulted in an English word. Let's try a few more shifts.

Shift 10:
sulfhv -> avuprd

Shift 11:
sulfhv -> bwvqse

Shift 12:
sulfhv -> cxwrtf

Shift 13:
sulfhv -> dyxsg

Shift 14:
sulfhv -> ezyth

None of these attempts have yielded an English word as well. It seems likely that the ciphertext either does not decrypt into a single English word using a Caesar cipher, or it may be a different type of cipher altogether.",1,2.0
jvswxw,frosts,6,4,"After attempting various combinations, it seems like the ciphertext ""jvswxw"" cannot be unscrambled into a single English word. Therefore, I will proceed by assuming it's a Caesar cipher and try decrypting it using different shifts.

1. Shift 1: iurvwv
2. Shift 2: htquvu
3. Shift 3: gsptut
4. Shift 4: frosts
5. Shift 5: eqntrs

Based on the decrypted results, ""frost"" from shift 4 seems to be a plausible English word. Therefore, the decrypted message using a Caesar cipher with a shift of 4 is ""frost"".",1,0,"After attempting various combinations, it seems li",0,2.0
jvswxw,frosts,6,4,"After attempting various combinations, it seems like the ciphertext ""jvswxw"" cannot be unscrambled into a single English word. Therefore, I will proceed by assuming it's a Caesar cipher and try decrypting it using different shifts.

1. Shift 1: iurvwv
2. Shift 2: htquvu
3. Shift 3: gsptut
4. Shift 4: frosts
5. Shift 5: eqntrs

Based on the decrypted results, ""frost"" from shift 4 seems to be a plausible English word. Therefore, the decrypted message using a Caesar cipher with a shift of 4 is ""frost"".",1,1,"After attempting various combinations, it seems like the ciphertext ""jvswxw"" cannot be unscrambled i",0,2.0
jvswxw,frosts,6,4,"After attempting various combinations, it seems like the ciphertext ""jvswxw"" cannot be unscrambled into a single English word. Therefore, I will proceed by assuming it's a Caesar cipher and try decrypting it using different shifts.

1. Shift 1: iurvwv
2. Shift 2: htquvu
3. Shift 3: gsptut
4. Shift 4: frosts
5. Shift 5: eqntrs

Based on the decrypted results, ""frost"" from shift 4 seems to be a plausible English word. Therefore, the decrypted message using a Caesar cipher with a shift of 4 is ""frost"".",1,2,"After attempting various combinations, it seems like the ciphertext ""jvswxw"" cannot be unscrambled into a single English word. Therefore, I will proce",1,2.0
jvswxw,frosts,6,4,"After attempting various combinations, it seems like the ciphertext ""jvswxw"" cannot be unscrambled into a single English word. Therefore, I will proceed by assuming it's a Caesar cipher and try decrypting it using different shifts.

1. Shift 1: iurvwv
2. Shift 2: htquvu
3. Shift 3: gsptut
4. Shift 4: frosts
5. Shift 5: eqntrs

Based on the decrypted results, ""frost"" from shift 4 seems to be a plausible English word. Therefore, the decrypted message using a Caesar cipher with a shift of 4 is ""frost"".",1,3,"After attempting various combinations, it seems like the ciphertext ""jvswxw"" cannot be unscrambled into a single English word. Therefore, I will proceed by assuming it's a Caesar cipher and try decryp",1,2.0
jvswxw,frosts,6,4,"After attempting various combinations, it seems like the ciphertext ""jvswxw"" cannot be unscrambled into a single English word. Therefore, I will proceed by assuming it's a Caesar cipher and try decrypting it using different shifts.

1. Shift 1: iurvwv
2. Shift 2: htquvu
3. Shift 3: gsptut
4. Shift 4: frosts
5. Shift 5: eqntrs

Based on the decrypted results, ""frost"" from shift 4 seems to be a plausible English word. Therefore, the decrypted message using a Caesar cipher with a shift of 4 is ""frost"".",1,4,"After attempting various combinations, it seems like the ciphertext ""jvswxw"" cannot be unscrambled into a single English word. Therefore, I will proceed by assuming it's a Caesar cipher and try decrypting it using different shifts.

1. Shift 1: iurvw",1,2.0
jvswxw,frosts,6,4,"After attempting various combinations, it seems like the ciphertext ""jvswxw"" cannot be unscrambled into a single English word. Therefore, I will proceed by assuming it's a Caesar cipher and try decrypting it using different shifts.

1. Shift 1: iurvwv
2. Shift 2: htquvu
3. Shift 3: gsptut
4. Shift 4: frosts
5. Shift 5: eqntrs

Based on the decrypted results, ""frost"" from shift 4 seems to be a plausible English word. Therefore, the decrypted message using a Caesar cipher with a shift of 4 is ""frost"".",1,5,"After attempting various combinations, it seems like the ciphertext ""jvswxw"" cannot be unscrambled into a single English word. Therefore, I will proceed by assuming it's a Caesar cipher and try decrypting it using different shifts.

1. Shift 1: iurvwv
2. Shift 2: htquvu
3. Shift 3: gsptut
4. Shift 4",1,2.0
jvswxw,frosts,6,4,"After attempting various combinations, it seems like the ciphertext ""jvswxw"" cannot be unscrambled into a single English word. Therefore, I will proceed by assuming it's a Caesar cipher and try decrypting it using different shifts.

1. Shift 1: iurvwv
2. Shift 2: htquvu
3. Shift 3: gsptut
4. Shift 4: frosts
5. Shift 5: eqntrs

Based on the decrypted results, ""frost"" from shift 4 seems to be a plausible English word. Therefore, the decrypted message using a Caesar cipher with a shift of 4 is ""frost"".",1,6,"After attempting various combinations, it seems like the ciphertext ""jvswxw"" cannot be unscrambled into a single English word. Therefore, I will proceed by assuming it's a Caesar cipher and try decrypting it using different shifts.

1. Shift 1: iurvwv
2. Shift 2: htquvu
3. Shift 3: gsptut
4. Shift 4: frosts
5. Shift 5: eqntrs

Based on the decrypte",1,2.0
jvswxw,frosts,6,4,"After attempting various combinations, it seems like the ciphertext ""jvswxw"" cannot be unscrambled into a single English word. Therefore, I will proceed by assuming it's a Caesar cipher and try decrypting it using different shifts.

1. Shift 1: iurvwv
2. Shift 2: htquvu
3. Shift 3: gsptut
4. Shift 4: frosts
5. Shift 5: eqntrs

Based on the decrypted results, ""frost"" from shift 4 seems to be a plausible English word. Therefore, the decrypted message using a Caesar cipher with a shift of 4 is ""frost"".",1,7,"After attempting various combinations, it seems like the ciphertext ""jvswxw"" cannot be unscrambled into a single English word. Therefore, I will proceed by assuming it's a Caesar cipher and try decrypting it using different shifts.

1. Shift 1: iurvwv
2. Shift 2: htquvu
3. Shift 3: gsptut
4. Shift 4: frosts
5. Shift 5: eqntrs

Based on the decrypted results, ""frost"" from shift 4 seems to be a plau",1,2.0
jvswxw,frosts,6,4,"After attempting various combinations, it seems like the ciphertext ""jvswxw"" cannot be unscrambled into a single English word. Therefore, I will proceed by assuming it's a Caesar cipher and try decrypting it using different shifts.

1. Shift 1: iurvwv
2. Shift 2: htquvu
3. Shift 3: gsptut
4. Shift 4: frosts
5. Shift 5: eqntrs

Based on the decrypted results, ""frost"" from shift 4 seems to be a plausible English word. Therefore, the decrypted message using a Caesar cipher with a shift of 4 is ""frost"".",1,8,"After attempting various combinations, it seems like the ciphertext ""jvswxw"" cannot be unscrambled into a single English word. Therefore, I will proceed by assuming it's a Caesar cipher and try decrypting it using different shifts.

1. Shift 1: iurvwv
2. Shift 2: htquvu
3. Shift 3: gsptut
4. Shift 4: frosts
5. Shift 5: eqntrs

Based on the decrypted results, ""frost"" from shift 4 seems to be a plausible English word. Therefore, the decrypted messa",1,2.0
jvswxw,frosts,6,4,"After attempting various combinations, it seems like the ciphertext ""jvswxw"" cannot be unscrambled into a single English word. Therefore, I will proceed by assuming it's a Caesar cipher and try decrypting it using different shifts.

1. Shift 1: iurvwv
2. Shift 2: htquvu
3. Shift 3: gsptut
4. Shift 4: frosts
5. Shift 5: eqntrs

Based on the decrypted results, ""frost"" from shift 4 seems to be a plausible English word. Therefore, the decrypted message using a Caesar cipher with a shift of 4 is ""frost"".",1,9,"After attempting various combinations, it seems like the ciphertext ""jvswxw"" cannot be unscrambled into a single English word. Therefore, I will proceed by assuming it's a Caesar cipher and try decrypting it using different shifts.

1. Shift 1: iurvwv
2. Shift 2: htquvu
3. Shift 3: gsptut
4. Shift 4: frosts
5. Shift 5: eqntrs

Based on the decrypted results, ""frost"" from shift 4 seems to be a plausible English word. Therefore, the decrypted message using a Caesar cipher with a shift of 4 is ""fro",1,2.0
jvswxw,frosts,6,4,"After attempting various combinations, it seems like the ciphertext ""jvswxw"" cannot be unscrambled into a single English word. Therefore, I will proceed by assuming it's a Caesar cipher and try decrypting it using different shifts.

1. Shift 1: iurvwv
2. Shift 2: htquvu
3. Shift 3: gsptut
4. Shift 4: frosts
5. Shift 5: eqntrs

Based on the decrypted results, ""frost"" from shift 4 seems to be a plausible English word. Therefore, the decrypted message using a Caesar cipher with a shift of 4 is ""frost"".",1,10,"After attempting various combinations, it seems like the ciphertext ""jvswxw"" cannot be unscrambled into a single English word. Therefore, I will proceed by assuming it's a Caesar cipher and try decrypting it using different shifts.

1. Shift 1: iurvwv
2. Shift 2: htquvu
3. Shift 3: gsptut
4. Shift 4: frosts
5. Shift 5: eqntrs

Based on the decrypted results, ""frost"" from shift 4 seems to be a plausible English word. Therefore, the decrypted message using a Caesar cipher with a shift of 4 is ""frost"".",1,2.0
wamvpw,swirls,6,4,"After attempting to unscramble the ciphertext ""wamvpw"" as an anagram, I was not able to form any meaningful English word. Therefore, I will now try decrypting it using a Caesar cipher.

Shift 1:
wamvpw -> vzlouv

Shift 2:
wamvpw -> uyknut

Shift 3:
wamvpw -> txjmts

Shift 4:
wamvpw -> swilsr

Shift 5:
wamvpw -> rvhkqq

None of the attempts at decrypting the ciphertext using different Caesar shifts resulted in a meaningful English word. This suggests that the original word was likely not encrypted using a Caesar cipher.",0,0,"After attempting to unscramble the ciphertext ""wam",0,2.0
wamvpw,swirls,6,4,"After attempting to unscramble the ciphertext ""wamvpw"" as an anagram, I was not able to form any meaningful English word. Therefore, I will now try decrypting it using a Caesar cipher.

Shift 1:
wamvpw -> vzlouv

Shift 2:
wamvpw -> uyknut

Shift 3:
wamvpw -> txjmts

Shift 4:
wamvpw -> swilsr

Shift 5:
wamvpw -> rvhkqq

None of the attempts at decrypting the ciphertext using different Caesar shifts resulted in a meaningful English word. This suggests that the original word was likely not encrypted using a Caesar cipher.",0,1,"After attempting to unscramble the ciphertext ""wamvpw"" as an anagram, I was not able to form any mea",0,2.0
wamvpw,swirls,6,4,"After attempting to unscramble the ciphertext ""wamvpw"" as an anagram, I was not able to form any meaningful English word. Therefore, I will now try decrypting it using a Caesar cipher.

Shift 1:
wamvpw -> vzlouv

Shift 2:
wamvpw -> uyknut

Shift 3:
wamvpw -> txjmts

Shift 4:
wamvpw -> swilsr

Shift 5:
wamvpw -> rvhkqq

None of the attempts at decrypting the ciphertext using different Caesar shifts resulted in a meaningful English word. This suggests that the original word was likely not encrypted using a Caesar cipher.",0,2,"After attempting to unscramble the ciphertext ""wamvpw"" as an anagram, I was not able to form any meaningful English word. Therefore, I will now try de",1,2.0
wamvpw,swirls,6,4,"After attempting to unscramble the ciphertext ""wamvpw"" as an anagram, I was not able to form any meaningful English word. Therefore, I will now try decrypting it using a Caesar cipher.

Shift 1:
wamvpw -> vzlouv

Shift 2:
wamvpw -> uyknut

Shift 3:
wamvpw -> txjmts

Shift 4:
wamvpw -> swilsr

Shift 5:
wamvpw -> rvhkqq

None of the attempts at decrypting the ciphertext using different Caesar shifts resulted in a meaningful English word. This suggests that the original word was likely not encrypted using a Caesar cipher.",0,3,"After attempting to unscramble the ciphertext ""wamvpw"" as an anagram, I was not able to form any meaningful English word. Therefore, I will now try decrypting it using a Caesar cipher.

Shift 1:
wamvp",1,2.0
wamvpw,swirls,6,4,"After attempting to unscramble the ciphertext ""wamvpw"" as an anagram, I was not able to form any meaningful English word. Therefore, I will now try decrypting it using a Caesar cipher.

Shift 1:
wamvpw -> vzlouv

Shift 2:
wamvpw -> uyknut

Shift 3:
wamvpw -> txjmts

Shift 4:
wamvpw -> swilsr

Shift 5:
wamvpw -> rvhkqq

None of the attempts at decrypting the ciphertext using different Caesar shifts resulted in a meaningful English word. This suggests that the original word was likely not encrypted using a Caesar cipher.",0,4,"After attempting to unscramble the ciphertext ""wamvpw"" as an anagram, I was not able to form any meaningful English word. Therefore, I will now try decrypting it using a Caesar cipher.

Shift 1:
wamvpw -> vzlouv

Shift 2:
wamvpw -> uyknut

Shift 3:
w",1,2.0
wamvpw,swirls,6,4,"After attempting to unscramble the ciphertext ""wamvpw"" as an anagram, I was not able to form any meaningful English word. Therefore, I will now try decrypting it using a Caesar cipher.

Shift 1:
wamvpw -> vzlouv

Shift 2:
wamvpw -> uyknut

Shift 3:
wamvpw -> txjmts

Shift 4:
wamvpw -> swilsr

Shift 5:
wamvpw -> rvhkqq

None of the attempts at decrypting the ciphertext using different Caesar shifts resulted in a meaningful English word. This suggests that the original word was likely not encrypted using a Caesar cipher.",0,5,"After attempting to unscramble the ciphertext ""wamvpw"" as an anagram, I was not able to form any meaningful English word. Therefore, I will now try decrypting it using a Caesar cipher.

Shift 1:
wamvpw -> vzlouv

Shift 2:
wamvpw -> uyknut

Shift 3:
wamvpw -> txjmts

Shift 4:
wamvpw -> swilsr

Shift ",1,2.0
wamvpw,swirls,6,4,"After attempting to unscramble the ciphertext ""wamvpw"" as an anagram, I was not able to form any meaningful English word. Therefore, I will now try decrypting it using a Caesar cipher.

Shift 1:
wamvpw -> vzlouv

Shift 2:
wamvpw -> uyknut

Shift 3:
wamvpw -> txjmts

Shift 4:
wamvpw -> swilsr

Shift 5:
wamvpw -> rvhkqq

None of the attempts at decrypting the ciphertext using different Caesar shifts resulted in a meaningful English word. This suggests that the original word was likely not encrypted using a Caesar cipher.",0,6,"After attempting to unscramble the ciphertext ""wamvpw"" as an anagram, I was not able to form any meaningful English word. Therefore, I will now try decrypting it using a Caesar cipher.

Shift 1:
wamvpw -> vzlouv

Shift 2:
wamvpw -> uyknut

Shift 3:
wamvpw -> txjmts

Shift 4:
wamvpw -> swilsr

Shift 5:
wamvpw -> rvhkqq

None of the attempts at decry",1,2.0
wamvpw,swirls,6,4,"After attempting to unscramble the ciphertext ""wamvpw"" as an anagram, I was not able to form any meaningful English word. Therefore, I will now try decrypting it using a Caesar cipher.

Shift 1:
wamvpw -> vzlouv

Shift 2:
wamvpw -> uyknut

Shift 3:
wamvpw -> txjmts

Shift 4:
wamvpw -> swilsr

Shift 5:
wamvpw -> rvhkqq

None of the attempts at decrypting the ciphertext using different Caesar shifts resulted in a meaningful English word. This suggests that the original word was likely not encrypted using a Caesar cipher.",0,7,"After attempting to unscramble the ciphertext ""wamvpw"" as an anagram, I was not able to form any meaningful English word. Therefore, I will now try decrypting it using a Caesar cipher.

Shift 1:
wamvpw -> vzlouv

Shift 2:
wamvpw -> uyknut

Shift 3:
wamvpw -> txjmts

Shift 4:
wamvpw -> swilsr

Shift 5:
wamvpw -> rvhkqq

None of the attempts at decrypting the ciphertext using different Caesar shifts",1,2.0
wamvpw,swirls,6,4,"After attempting to unscramble the ciphertext ""wamvpw"" as an anagram, I was not able to form any meaningful English word. Therefore, I will now try decrypting it using a Caesar cipher.

Shift 1:
wamvpw -> vzlouv

Shift 2:
wamvpw -> uyknut

Shift 3:
wamvpw -> txjmts

Shift 4:
wamvpw -> swilsr

Shift 5:
wamvpw -> rvhkqq

None of the attempts at decrypting the ciphertext using different Caesar shifts resulted in a meaningful English word. This suggests that the original word was likely not encrypted using a Caesar cipher.",0,8,"After attempting to unscramble the ciphertext ""wamvpw"" as an anagram, I was not able to form any meaningful English word. Therefore, I will now try decrypting it using a Caesar cipher.

Shift 1:
wamvpw -> vzlouv

Shift 2:
wamvpw -> uyknut

Shift 3:
wamvpw -> txjmts

Shift 4:
wamvpw -> swilsr

Shift 5:
wamvpw -> rvhkqq

None of the attempts at decrypting the ciphertext using different Caesar shifts resulted in a meaningful English word. This sugge",1,2.0
wamvpw,swirls,6,4,"After attempting to unscramble the ciphertext ""wamvpw"" as an anagram, I was not able to form any meaningful English word. Therefore, I will now try decrypting it using a Caesar cipher.

Shift 1:
wamvpw -> vzlouv

Shift 2:
wamvpw -> uyknut

Shift 3:
wamvpw -> txjmts

Shift 4:
wamvpw -> swilsr

Shift 5:
wamvpw -> rvhkqq

None of the attempts at decrypting the ciphertext using different Caesar shifts resulted in a meaningful English word. This suggests that the original word was likely not encrypted using a Caesar cipher.",0,9,"After attempting to unscramble the ciphertext ""wamvpw"" as an anagram, I was not able to form any meaningful English word. Therefore, I will now try decrypting it using a Caesar cipher.

Shift 1:
wamvpw -> vzlouv

Shift 2:
wamvpw -> uyknut

Shift 3:
wamvpw -> txjmts

Shift 4:
wamvpw -> swilsr

Shift 5:
wamvpw -> rvhkqq

None of the attempts at decrypting the ciphertext using different Caesar shifts resulted in a meaningful English word. This suggests that the original word was likely not encrypte",1,2.0
wamvpw,swirls,6,4,"After attempting to unscramble the ciphertext ""wamvpw"" as an anagram, I was not able to form any meaningful English word. Therefore, I will now try decrypting it using a Caesar cipher.

Shift 1:
wamvpw -> vzlouv

Shift 2:
wamvpw -> uyknut

Shift 3:
wamvpw -> txjmts

Shift 4:
wamvpw -> swilsr

Shift 5:
wamvpw -> rvhkqq

None of the attempts at decrypting the ciphertext using different Caesar shifts resulted in a meaningful English word. This suggests that the original word was likely not encrypted using a Caesar cipher.",0,10,"After attempting to unscramble the ciphertext ""wamvpw"" as an anagram, I was not able to form any meaningful English word. Therefore, I will now try decrypting it using a Caesar cipher.

Shift 1:
wamvpw -> vzlouv

Shift 2:
wamvpw -> uyknut

Shift 3:
wamvpw -> txjmts

Shift 4:
wamvpw -> swilsr

Shift 5:
wamvpw -> rvhkqq

None of the attempts at decrypting the ciphertext using different Caesar shifts resulted in a meaningful English word. This suggests that the original word was likely not encrypted using a Caesar cipher.",1,2.0
gefpiw,cables,6,4,"After trying multiple combinations, I was unable to unscramble the ciphertext ""gefpiw"" into a valid English word. Next, I will try to decrypt it using a Caesar cipher with different shift values.

Shift 1:
gefpiw -> fdgohv

Shift 2:
gefpiw -> ecfngu

Shift 3:
gefpiw -> dbemft

Shift 4:
gefpiw -> cadles

Shift 5:
gefpiw -> bzcldr

None of the decrypted texts seem to make sense for shift values 1-5. Let's try a few more shifts to see if we can decrypt the original word.",0,0,"After trying multiple combinations, I was unable t",0,2.0
gefpiw,cables,6,4,"After trying multiple combinations, I was unable to unscramble the ciphertext ""gefpiw"" into a valid English word. Next, I will try to decrypt it using a Caesar cipher with different shift values.

Shift 1:
gefpiw -> fdgohv

Shift 2:
gefpiw -> ecfngu

Shift 3:
gefpiw -> dbemft

Shift 4:
gefpiw -> cadles

Shift 5:
gefpiw -> bzcldr

None of the decrypted texts seem to make sense for shift values 1-5. Let's try a few more shifts to see if we can decrypt the original word.",0,1,"After trying multiple combinations, I was unable to unscramble the ciphertext ""gefpiw"" into a valid ",0,2.0
gefpiw,cables,6,4,"After trying multiple combinations, I was unable to unscramble the ciphertext ""gefpiw"" into a valid English word. Next, I will try to decrypt it using a Caesar cipher with different shift values.

Shift 1:
gefpiw -> fdgohv

Shift 2:
gefpiw -> ecfngu

Shift 3:
gefpiw -> dbemft

Shift 4:
gefpiw -> cadles

Shift 5:
gefpiw -> bzcldr

None of the decrypted texts seem to make sense for shift values 1-5. Let's try a few more shifts to see if we can decrypt the original word.",0,2,"After trying multiple combinations, I was unable to unscramble the ciphertext ""gefpiw"" into a valid English word. Next, I will try to decrypt it using",1,2.0
gefpiw,cables,6,4,"After trying multiple combinations, I was unable to unscramble the ciphertext ""gefpiw"" into a valid English word. Next, I will try to decrypt it using a Caesar cipher with different shift values.

Shift 1:
gefpiw -> fdgohv

Shift 2:
gefpiw -> ecfngu

Shift 3:
gefpiw -> dbemft

Shift 4:
gefpiw -> cadles

Shift 5:
gefpiw -> bzcldr

None of the decrypted texts seem to make sense for shift values 1-5. Let's try a few more shifts to see if we can decrypt the original word.",0,3,"After trying multiple combinations, I was unable to unscramble the ciphertext ""gefpiw"" into a valid English word. Next, I will try to decrypt it using a Caesar cipher with different shift values.

Shi",1,2.0
gefpiw,cables,6,4,"After trying multiple combinations, I was unable to unscramble the ciphertext ""gefpiw"" into a valid English word. Next, I will try to decrypt it using a Caesar cipher with different shift values.

Shift 1:
gefpiw -> fdgohv

Shift 2:
gefpiw -> ecfngu

Shift 3:
gefpiw -> dbemft

Shift 4:
gefpiw -> cadles

Shift 5:
gefpiw -> bzcldr

None of the decrypted texts seem to make sense for shift values 1-5. Let's try a few more shifts to see if we can decrypt the original word.",0,4,"After trying multiple combinations, I was unable to unscramble the ciphertext ""gefpiw"" into a valid English word. Next, I will try to decrypt it using a Caesar cipher with different shift values.

Shift 1:
gefpiw -> fdgohv

Shift 2:
gefpiw -> ecfngu
",1,2.0
gefpiw,cables,6,4,"After trying multiple combinations, I was unable to unscramble the ciphertext ""gefpiw"" into a valid English word. Next, I will try to decrypt it using a Caesar cipher with different shift values.

Shift 1:
gefpiw -> fdgohv

Shift 2:
gefpiw -> ecfngu

Shift 3:
gefpiw -> dbemft

Shift 4:
gefpiw -> cadles

Shift 5:
gefpiw -> bzcldr

None of the decrypted texts seem to make sense for shift values 1-5. Let's try a few more shifts to see if we can decrypt the original word.",0,5,"After trying multiple combinations, I was unable to unscramble the ciphertext ""gefpiw"" into a valid English word. Next, I will try to decrypt it using a Caesar cipher with different shift values.

Shift 1:
gefpiw -> fdgohv

Shift 2:
gefpiw -> ecfngu

Shift 3:
gefpiw -> dbemft

Shift 4:
gefpiw -> cad",1,2.0
gefpiw,cables,6,4,"After trying multiple combinations, I was unable to unscramble the ciphertext ""gefpiw"" into a valid English word. Next, I will try to decrypt it using a Caesar cipher with different shift values.

Shift 1:
gefpiw -> fdgohv

Shift 2:
gefpiw -> ecfngu

Shift 3:
gefpiw -> dbemft

Shift 4:
gefpiw -> cadles

Shift 5:
gefpiw -> bzcldr

None of the decrypted texts seem to make sense for shift values 1-5. Let's try a few more shifts to see if we can decrypt the original word.",0,6,"After trying multiple combinations, I was unable to unscramble the ciphertext ""gefpiw"" into a valid English word. Next, I will try to decrypt it using a Caesar cipher with different shift values.

Shift 1:
gefpiw -> fdgohv

Shift 2:
gefpiw -> ecfngu

Shift 3:
gefpiw -> dbemft

Shift 4:
gefpiw -> cadles

Shift 5:
gefpiw -> bzcldr

None of the decryp",1,2.0
gefpiw,cables,6,4,"After trying multiple combinations, I was unable to unscramble the ciphertext ""gefpiw"" into a valid English word. Next, I will try to decrypt it using a Caesar cipher with different shift values.

Shift 1:
gefpiw -> fdgohv

Shift 2:
gefpiw -> ecfngu

Shift 3:
gefpiw -> dbemft

Shift 4:
gefpiw -> cadles

Shift 5:
gefpiw -> bzcldr

None of the decrypted texts seem to make sense for shift values 1-5. Let's try a few more shifts to see if we can decrypt the original word.",0,7,"After trying multiple combinations, I was unable to unscramble the ciphertext ""gefpiw"" into a valid English word. Next, I will try to decrypt it using a Caesar cipher with different shift values.

Shift 1:
gefpiw -> fdgohv

Shift 2:
gefpiw -> ecfngu

Shift 3:
gefpiw -> dbemft

Shift 4:
gefpiw -> cadles

Shift 5:
gefpiw -> bzcldr

None of the decrypted texts seem to make sense for shift values 1-5.",1,2.0
gefpiw,cables,6,4,"After trying multiple combinations, I was unable to unscramble the ciphertext ""gefpiw"" into a valid English word. Next, I will try to decrypt it using a Caesar cipher with different shift values.

Shift 1:
gefpiw -> fdgohv

Shift 2:
gefpiw -> ecfngu

Shift 3:
gefpiw -> dbemft

Shift 4:
gefpiw -> cadles

Shift 5:
gefpiw -> bzcldr

None of the decrypted texts seem to make sense for shift values 1-5. Let's try a few more shifts to see if we can decrypt the original word.",0,8,"After trying multiple combinations, I was unable to unscramble the ciphertext ""gefpiw"" into a valid English word. Next, I will try to decrypt it using a Caesar cipher with different shift values.

Shift 1:
gefpiw -> fdgohv

Shift 2:
gefpiw -> ecfngu

Shift 3:
gefpiw -> dbemft

Shift 4:
gefpiw -> cadles

Shift 5:
gefpiw -> bzcldr

None of the decrypted texts seem to make sense for shift values 1-5. Let's try a few more shifts to see if we can decr",1,2.0
gefpiw,cables,6,4,"After trying multiple combinations, I was unable to unscramble the ciphertext ""gefpiw"" into a valid English word. Next, I will try to decrypt it using a Caesar cipher with different shift values.

Shift 1:
gefpiw -> fdgohv

Shift 2:
gefpiw -> ecfngu

Shift 3:
gefpiw -> dbemft

Shift 4:
gefpiw -> cadles

Shift 5:
gefpiw -> bzcldr

None of the decrypted texts seem to make sense for shift values 1-5. Let's try a few more shifts to see if we can decrypt the original word.",0,9,"After trying multiple combinations, I was unable to unscramble the ciphertext ""gefpiw"" into a valid English word. Next, I will try to decrypt it using a Caesar cipher with different shift values.

Shift 1:
gefpiw -> fdgohv

Shift 2:
gefpiw -> ecfngu

Shift 3:
gefpiw -> dbemft

Shift 4:
gefpiw -> cadles

Shift 5:
gefpiw -> bzcldr

None of the decrypted texts seem to make sense for shift values 1-5. Let's try a few more shifts to see if we can decrypt the original word.",1,2.0
rfyyjw,matter,6,5,"After trying to unscramble the letters, I couldn't find any meaningful English word. So, let's try decrypting the ciphertext using a Caesar cipher with different shifts.

Shift 1:
rfyyjw -> seqzkx

Shift 2:
rfyyjw -> rdxyjv

Shift 3:
rfyyjw -> qcwxiu

Shift 4:
rfyyjw -> pbvwht

Shift 5:
rfyyjw -> oauvgs

None of the decrypted versions of the ciphertext using Caesar cipher with different shifts revealed any English word. ",0,0,"After trying to unscramble the letters, I couldn't",1,0.0
rfyyjw,matter,6,5,"After trying to unscramble the letters, I couldn't find any meaningful English word. So, let's try decrypting the ciphertext using a Caesar cipher with different shifts.

Shift 1:
rfyyjw -> seqzkx

Shift 2:
rfyyjw -> rdxyjv

Shift 3:
rfyyjw -> qcwxiu

Shift 4:
rfyyjw -> pbvwht

Shift 5:
rfyyjw -> oauvgs

None of the decrypted versions of the ciphertext using Caesar cipher with different shifts revealed any English word. ",0,1,"After trying to unscramble the letters, I couldn't find any meaningful English word. So, let's try d",1,0.0
rfyyjw,matter,6,5,"After trying to unscramble the letters, I couldn't find any meaningful English word. So, let's try decrypting the ciphertext using a Caesar cipher with different shifts.

Shift 1:
rfyyjw -> seqzkx

Shift 2:
rfyyjw -> rdxyjv

Shift 3:
rfyyjw -> qcwxiu

Shift 4:
rfyyjw -> pbvwht

Shift 5:
rfyyjw -> oauvgs

None of the decrypted versions of the ciphertext using Caesar cipher with different shifts revealed any English word. ",0,2,"After trying to unscramble the letters, I couldn't find any meaningful English word. So, let's try decrypting the ciphertext using a Caesar cipher wit",1,0.0
rfyyjw,matter,6,5,"After trying to unscramble the letters, I couldn't find any meaningful English word. So, let's try decrypting the ciphertext using a Caesar cipher with different shifts.

Shift 1:
rfyyjw -> seqzkx

Shift 2:
rfyyjw -> rdxyjv

Shift 3:
rfyyjw -> qcwxiu

Shift 4:
rfyyjw -> pbvwht

Shift 5:
rfyyjw -> oauvgs

None of the decrypted versions of the ciphertext using Caesar cipher with different shifts revealed any English word. ",0,3,"After trying to unscramble the letters, I couldn't find any meaningful English word. So, let's try decrypting the ciphertext using a Caesar cipher with different shifts.

Shift 1:
rfyyjw -> seqzkx

Sh",1,0.0
rfyyjw,matter,6,5,"After trying to unscramble the letters, I couldn't find any meaningful English word. So, let's try decrypting the ciphertext using a Caesar cipher with different shifts.

Shift 1:
rfyyjw -> seqzkx

Shift 2:
rfyyjw -> rdxyjv

Shift 3:
rfyyjw -> qcwxiu

Shift 4:
rfyyjw -> pbvwht

Shift 5:
rfyyjw -> oauvgs

None of the decrypted versions of the ciphertext using Caesar cipher with different shifts revealed any English word. ",0,4,"After trying to unscramble the letters, I couldn't find any meaningful English word. So, let's try decrypting the ciphertext using a Caesar cipher with different shifts.

Shift 1:
rfyyjw -> seqzkx

Shift 2:
rfyyjw -> rdxyjv

Shift 3:
rfyyjw -> qcwxiu",1,0.0
rfyyjw,matter,6,5,"After trying to unscramble the letters, I couldn't find any meaningful English word. So, let's try decrypting the ciphertext using a Caesar cipher with different shifts.

Shift 1:
rfyyjw -> seqzkx

Shift 2:
rfyyjw -> rdxyjv

Shift 3:
rfyyjw -> qcwxiu

Shift 4:
rfyyjw -> pbvwht

Shift 5:
rfyyjw -> oauvgs

None of the decrypted versions of the ciphertext using Caesar cipher with different shifts revealed any English word. ",0,5,"After trying to unscramble the letters, I couldn't find any meaningful English word. So, let's try decrypting the ciphertext using a Caesar cipher with different shifts.

Shift 1:
rfyyjw -> seqzkx

Shift 2:
rfyyjw -> rdxyjv

Shift 3:
rfyyjw -> qcwxiu

Shift 4:
rfyyjw -> pbvwht

Shift 5:
rfyyjw -> oa",1,0.0
rfyyjw,matter,6,5,"After trying to unscramble the letters, I couldn't find any meaningful English word. So, let's try decrypting the ciphertext using a Caesar cipher with different shifts.

Shift 1:
rfyyjw -> seqzkx

Shift 2:
rfyyjw -> rdxyjv

Shift 3:
rfyyjw -> qcwxiu

Shift 4:
rfyyjw -> pbvwht

Shift 5:
rfyyjw -> oauvgs

None of the decrypted versions of the ciphertext using Caesar cipher with different shifts revealed any English word. ",0,6,"After trying to unscramble the letters, I couldn't find any meaningful English word. So, let's try decrypting the ciphertext using a Caesar cipher with different shifts.

Shift 1:
rfyyjw -> seqzkx

Shift 2:
rfyyjw -> rdxyjv

Shift 3:
rfyyjw -> qcwxiu

Shift 4:
rfyyjw -> pbvwht

Shift 5:
rfyyjw -> oauvgs

None of the decrypted versions of the cipher",1,0.0
rfyyjw,matter,6,5,"After trying to unscramble the letters, I couldn't find any meaningful English word. So, let's try decrypting the ciphertext using a Caesar cipher with different shifts.

Shift 1:
rfyyjw -> seqzkx

Shift 2:
rfyyjw -> rdxyjv

Shift 3:
rfyyjw -> qcwxiu

Shift 4:
rfyyjw -> pbvwht

Shift 5:
rfyyjw -> oauvgs

None of the decrypted versions of the ciphertext using Caesar cipher with different shifts revealed any English word. ",0,7,"After trying to unscramble the letters, I couldn't find any meaningful English word. So, let's try decrypting the ciphertext using a Caesar cipher with different shifts.

Shift 1:
rfyyjw -> seqzkx

Shift 2:
rfyyjw -> rdxyjv

Shift 3:
rfyyjw -> qcwxiu

Shift 4:
rfyyjw -> pbvwht

Shift 5:
rfyyjw -> oauvgs

None of the decrypted versions of the ciphertext using Caesar cipher with different shifts rev",1,0.0
rfyyjw,matter,6,5,"After trying to unscramble the letters, I couldn't find any meaningful English word. So, let's try decrypting the ciphertext using a Caesar cipher with different shifts.

Shift 1:
rfyyjw -> seqzkx

Shift 2:
rfyyjw -> rdxyjv

Shift 3:
rfyyjw -> qcwxiu

Shift 4:
rfyyjw -> pbvwht

Shift 5:
rfyyjw -> oauvgs

None of the decrypted versions of the ciphertext using Caesar cipher with different shifts revealed any English word. ",0,8,"After trying to unscramble the letters, I couldn't find any meaningful English word. So, let's try decrypting the ciphertext using a Caesar cipher with different shifts.

Shift 1:
rfyyjw -> seqzkx

Shift 2:
rfyyjw -> rdxyjv

Shift 3:
rfyyjw -> qcwxiu

Shift 4:
rfyyjw -> pbvwht

Shift 5:
rfyyjw -> oauvgs

None of the decrypted versions of the ciphertext using Caesar cipher with different shifts revealed any English word. ",1,0.0
mnlmjw,higher,6,5,"After trying various combinations, I couldn't find an English word that can be formed from ""mnlmjw"". Let me try decrypting it using a Caesar cipher with different shift values.

1. Shift 1:
m -> l
n -> m
l -> k
j -> i
w -> v
Decrypted word: lmkiv

2. Shift 2:
m -> k
n -> l
l -> j
j -> h
w -> u
Decrypted word: kljuu

3. Shift 3:
m -> j
n -> k
l -> i
j -> g
w -> t
Decrypted word: jkigt

4. Shift 4:
m -> i
n -> j
l -> h
j -> f
w -> s
Decrypted word: ijifs

5. Shift 5:
m -> h
n -> i
l -> g
j -> e
w -> r
Decrypted word: higer

None of the decrypted words make sense, so let's try to decrypt using a different method.",0,0,"After trying various combinations, I couldn't find",0,2.0
mnlmjw,higher,6,5,"After trying various combinations, I couldn't find an English word that can be formed from ""mnlmjw"". Let me try decrypting it using a Caesar cipher with different shift values.

1. Shift 1:
m -> l
n -> m
l -> k
j -> i
w -> v
Decrypted word: lmkiv

2. Shift 2:
m -> k
n -> l
l -> j
j -> h
w -> u
Decrypted word: kljuu

3. Shift 3:
m -> j
n -> k
l -> i
j -> g
w -> t
Decrypted word: jkigt

4. Shift 4:
m -> i
n -> j
l -> h
j -> f
w -> s
Decrypted word: ijifs

5. Shift 5:
m -> h
n -> i
l -> g
j -> e
w -> r
Decrypted word: higer

None of the decrypted words make sense, so let's try to decrypt using a different method.",0,1,"After trying various combinations, I couldn't find an English word that can be formed from ""mnlmjw"".",0,2.0
mnlmjw,higher,6,5,"After trying various combinations, I couldn't find an English word that can be formed from ""mnlmjw"". Let me try decrypting it using a Caesar cipher with different shift values.

1. Shift 1:
m -> l
n -> m
l -> k
j -> i
w -> v
Decrypted word: lmkiv

2. Shift 2:
m -> k
n -> l
l -> j
j -> h
w -> u
Decrypted word: kljuu

3. Shift 3:
m -> j
n -> k
l -> i
j -> g
w -> t
Decrypted word: jkigt

4. Shift 4:
m -> i
n -> j
l -> h
j -> f
w -> s
Decrypted word: ijifs

5. Shift 5:
m -> h
n -> i
l -> g
j -> e
w -> r
Decrypted word: higer

None of the decrypted words make sense, so let's try to decrypt using a different method.",0,2,"After trying various combinations, I couldn't find an English word that can be formed from ""mnlmjw"". Let me try decrypting it using a Caesar cipher wi",1,2.0
mnlmjw,higher,6,5,"After trying various combinations, I couldn't find an English word that can be formed from ""mnlmjw"". Let me try decrypting it using a Caesar cipher with different shift values.

1. Shift 1:
m -> l
n -> m
l -> k
j -> i
w -> v
Decrypted word: lmkiv

2. Shift 2:
m -> k
n -> l
l -> j
j -> h
w -> u
Decrypted word: kljuu

3. Shift 3:
m -> j
n -> k
l -> i
j -> g
w -> t
Decrypted word: jkigt

4. Shift 4:
m -> i
n -> j
l -> h
j -> f
w -> s
Decrypted word: ijifs

5. Shift 5:
m -> h
n -> i
l -> g
j -> e
w -> r
Decrypted word: higer

None of the decrypted words make sense, so let's try to decrypt using a different method.",0,3,"After trying various combinations, I couldn't find an English word that can be formed from ""mnlmjw"". Let me try decrypting it using a Caesar cipher with different shift values.

1. Shift 1:
m -> l
n -",1,2.0
mnlmjw,higher,6,5,"After trying various combinations, I couldn't find an English word that can be formed from ""mnlmjw"". Let me try decrypting it using a Caesar cipher with different shift values.

1. Shift 1:
m -> l
n -> m
l -> k
j -> i
w -> v
Decrypted word: lmkiv

2. Shift 2:
m -> k
n -> l
l -> j
j -> h
w -> u
Decrypted word: kljuu

3. Shift 3:
m -> j
n -> k
l -> i
j -> g
w -> t
Decrypted word: jkigt

4. Shift 4:
m -> i
n -> j
l -> h
j -> f
w -> s
Decrypted word: ijifs

5. Shift 5:
m -> h
n -> i
l -> g
j -> e
w -> r
Decrypted word: higer

None of the decrypted words make sense, so let's try to decrypt using a different method.",0,4,"After trying various combinations, I couldn't find an English word that can be formed from ""mnlmjw"". Let me try decrypting it using a Caesar cipher with different shift values.

1. Shift 1:
m -> l
n -> m
l -> k
j -> i
w -> v
Decrypted word: lmkiv

2.",1,2.0
mnlmjw,higher,6,5,"After trying various combinations, I couldn't find an English word that can be formed from ""mnlmjw"". Let me try decrypting it using a Caesar cipher with different shift values.

1. Shift 1:
m -> l
n -> m
l -> k
j -> i
w -> v
Decrypted word: lmkiv

2. Shift 2:
m -> k
n -> l
l -> j
j -> h
w -> u
Decrypted word: kljuu

3. Shift 3:
m -> j
n -> k
l -> i
j -> g
w -> t
Decrypted word: jkigt

4. Shift 4:
m -> i
n -> j
l -> h
j -> f
w -> s
Decrypted word: ijifs

5. Shift 5:
m -> h
n -> i
l -> g
j -> e
w -> r
Decrypted word: higer

None of the decrypted words make sense, so let's try to decrypt using a different method.",0,5,"After trying various combinations, I couldn't find an English word that can be formed from ""mnlmjw"". Let me try decrypting it using a Caesar cipher with different shift values.

1. Shift 1:
m -> l
n -> m
l -> k
j -> i
w -> v
Decrypted word: lmkiv

2. Shift 2:
m -> k
n -> l
l -> j
j -> h
w -> u
Decry",1,2.0
mnlmjw,higher,6,5,"After trying various combinations, I couldn't find an English word that can be formed from ""mnlmjw"". Let me try decrypting it using a Caesar cipher with different shift values.

1. Shift 1:
m -> l
n -> m
l -> k
j -> i
w -> v
Decrypted word: lmkiv

2. Shift 2:
m -> k
n -> l
l -> j
j -> h
w -> u
Decrypted word: kljuu

3. Shift 3:
m -> j
n -> k
l -> i
j -> g
w -> t
Decrypted word: jkigt

4. Shift 4:
m -> i
n -> j
l -> h
j -> f
w -> s
Decrypted word: ijifs

5. Shift 5:
m -> h
n -> i
l -> g
j -> e
w -> r
Decrypted word: higer

None of the decrypted words make sense, so let's try to decrypt using a different method.",0,6,"After trying various combinations, I couldn't find an English word that can be formed from ""mnlmjw"". Let me try decrypting it using a Caesar cipher with different shift values.

1. Shift 1:
m -> l
n -> m
l -> k
j -> i
w -> v
Decrypted word: lmkiv

2. Shift 2:
m -> k
n -> l
l -> j
j -> h
w -> u
Decrypted word: kljuu

3. Shift 3:
m -> j
n -> k
l -> i",1,2.0
mnlmjw,higher,6,5,"After trying various combinations, I couldn't find an English word that can be formed from ""mnlmjw"". Let me try decrypting it using a Caesar cipher with different shift values.

1. Shift 1:
m -> l
n -> m
l -> k
j -> i
w -> v
Decrypted word: lmkiv

2. Shift 2:
m -> k
n -> l
l -> j
j -> h
w -> u
Decrypted word: kljuu

3. Shift 3:
m -> j
n -> k
l -> i
j -> g
w -> t
Decrypted word: jkigt

4. Shift 4:
m -> i
n -> j
l -> h
j -> f
w -> s
Decrypted word: ijifs

5. Shift 5:
m -> h
n -> i
l -> g
j -> e
w -> r
Decrypted word: higer

None of the decrypted words make sense, so let's try to decrypt using a different method.",0,7,"After trying various combinations, I couldn't find an English word that can be formed from ""mnlmjw"". Let me try decrypting it using a Caesar cipher with different shift values.

1. Shift 1:
m -> l
n -> m
l -> k
j -> i
w -> v
Decrypted word: lmkiv

2. Shift 2:
m -> k
n -> l
l -> j
j -> h
w -> u
Decrypted word: kljuu

3. Shift 3:
m -> j
n -> k
l -> i
j -> g
w -> t
Decrypted word: jkigt

4. Shift 4:
",1,2.0
mnlmjw,higher,6,5,"After trying various combinations, I couldn't find an English word that can be formed from ""mnlmjw"". Let me try decrypting it using a Caesar cipher with different shift values.

1. Shift 1:
m -> l
n -> m
l -> k
j -> i
w -> v
Decrypted word: lmkiv

2. Shift 2:
m -> k
n -> l
l -> j
j -> h
w -> u
Decrypted word: kljuu

3. Shift 3:
m -> j
n -> k
l -> i
j -> g
w -> t
Decrypted word: jkigt

4. Shift 4:
m -> i
n -> j
l -> h
j -> f
w -> s
Decrypted word: ijifs

5. Shift 5:
m -> h
n -> i
l -> g
j -> e
w -> r
Decrypted word: higer

None of the decrypted words make sense, so let's try to decrypt using a different method.",0,8,"After trying various combinations, I couldn't find an English word that can be formed from ""mnlmjw"". Let me try decrypting it using a Caesar cipher with different shift values.

1. Shift 1:
m -> l
n -> m
l -> k
j -> i
w -> v
Decrypted word: lmkiv

2. Shift 2:
m -> k
n -> l
l -> j
j -> h
w -> u
Decrypted word: kljuu

3. Shift 3:
m -> j
n -> k
l -> i
j -> g
w -> t
Decrypted word: jkigt

4. Shift 4:
m -> i
n -> j
l -> h
j -> f
w -> s
Decrypted word:",1,2.0
mnlmjw,higher,6,5,"After trying various combinations, I couldn't find an English word that can be formed from ""mnlmjw"". Let me try decrypting it using a Caesar cipher with different shift values.

1. Shift 1:
m -> l
n -> m
l -> k
j -> i
w -> v
Decrypted word: lmkiv

2. Shift 2:
m -> k
n -> l
l -> j
j -> h
w -> u
Decrypted word: kljuu

3. Shift 3:
m -> j
n -> k
l -> i
j -> g
w -> t
Decrypted word: jkigt

4. Shift 4:
m -> i
n -> j
l -> h
j -> f
w -> s
Decrypted word: ijifs

5. Shift 5:
m -> h
n -> i
l -> g
j -> e
w -> r
Decrypted word: higer

None of the decrypted words make sense, so let's try to decrypt using a different method.",0,9,"After trying various combinations, I couldn't find an English word that can be formed from ""mnlmjw"". Let me try decrypting it using a Caesar cipher with different shift values.

1. Shift 1:
m -> l
n -> m
l -> k
j -> i
w -> v
Decrypted word: lmkiv

2. Shift 2:
m -> k
n -> l
l -> j
j -> h
w -> u
Decrypted word: kljuu

3. Shift 3:
m -> j
n -> k
l -> i
j -> g
w -> t
Decrypted word: jkigt

4. Shift 4:
m -> i
n -> j
l -> h
j -> f
w -> s
Decrypted word: ijifs

5. Shift 5:
m -> h
n -> i
l -> g
j -> e
w ",1,2.0
mnlmjw,higher,6,5,"After trying various combinations, I couldn't find an English word that can be formed from ""mnlmjw"". Let me try decrypting it using a Caesar cipher with different shift values.

1. Shift 1:
m -> l
n -> m
l -> k
j -> i
w -> v
Decrypted word: lmkiv

2. Shift 2:
m -> k
n -> l
l -> j
j -> h
w -> u
Decrypted word: kljuu

3. Shift 3:
m -> j
n -> k
l -> i
j -> g
w -> t
Decrypted word: jkigt

4. Shift 4:
m -> i
n -> j
l -> h
j -> f
w -> s
Decrypted word: ijifs

5. Shift 5:
m -> h
n -> i
l -> g
j -> e
w -> r
Decrypted word: higer

None of the decrypted words make sense, so let's try to decrypt using a different method.",0,10,"After trying various combinations, I couldn't find an English word that can be formed from ""mnlmjw"". Let me try decrypting it using a Caesar cipher with different shift values.

1. Shift 1:
m -> l
n -> m
l -> k
j -> i
w -> v
Decrypted word: lmkiv

2. Shift 2:
m -> k
n -> l
l -> j
j -> h
w -> u
Decrypted word: kljuu

3. Shift 3:
m -> j
n -> k
l -> i
j -> g
w -> t
Decrypted word: jkigt

4. Shift 4:
m -> i
n -> j
l -> h
j -> f
w -> s
Decrypted word: ijifs

5. Shift 5:
m -> h
n -> i
l -> g
j -> e
w -> r
Decrypted word: higer

None of the decrypted ",1,2.0
mnlmjw,higher,6,5,"After trying various combinations, I couldn't find an English word that can be formed from ""mnlmjw"". Let me try decrypting it using a Caesar cipher with different shift values.

1. Shift 1:
m -> l
n -> m
l -> k
j -> i
w -> v
Decrypted word: lmkiv

2. Shift 2:
m -> k
n -> l
l -> j
j -> h
w -> u
Decrypted word: kljuu

3. Shift 3:
m -> j
n -> k
l -> i
j -> g
w -> t
Decrypted word: jkigt

4. Shift 4:
m -> i
n -> j
l -> h
j -> f
w -> s
Decrypted word: ijifs

5. Shift 5:
m -> h
n -> i
l -> g
j -> e
w -> r
Decrypted word: higer

None of the decrypted words make sense, so let's try to decrypt using a different method.",0,11,"After trying various combinations, I couldn't find an English word that can be formed from ""mnlmjw"". Let me try decrypting it using a Caesar cipher with different shift values.

1. Shift 1:
m -> l
n -> m
l -> k
j -> i
w -> v
Decrypted word: lmkiv

2. Shift 2:
m -> k
n -> l
l -> j
j -> h
w -> u
Decrypted word: kljuu

3. Shift 3:
m -> j
n -> k
l -> i
j -> g
w -> t
Decrypted word: jkigt

4. Shift 4:
m -> i
n -> j
l -> h
j -> f
w -> s
Decrypted word: ijifs

5. Shift 5:
m -> h
n -> i
l -> g
j -> e
w -> r
Decrypted word: higer

None of the decrypted words make sense, so let's try to decrypt using a ",1,2.0
mnlmjw,higher,6,5,"After trying various combinations, I couldn't find an English word that can be formed from ""mnlmjw"". Let me try decrypting it using a Caesar cipher with different shift values.

1. Shift 1:
m -> l
n -> m
l -> k
j -> i
w -> v
Decrypted word: lmkiv

2. Shift 2:
m -> k
n -> l
l -> j
j -> h
w -> u
Decrypted word: kljuu

3. Shift 3:
m -> j
n -> k
l -> i
j -> g
w -> t
Decrypted word: jkigt

4. Shift 4:
m -> i
n -> j
l -> h
j -> f
w -> s
Decrypted word: ijifs

5. Shift 5:
m -> h
n -> i
l -> g
j -> e
w -> r
Decrypted word: higer

None of the decrypted words make sense, so let's try to decrypt using a different method.",0,12,"After trying various combinations, I couldn't find an English word that can be formed from ""mnlmjw"". Let me try decrypting it using a Caesar cipher with different shift values.

1. Shift 1:
m -> l
n -> m
l -> k
j -> i
w -> v
Decrypted word: lmkiv

2. Shift 2:
m -> k
n -> l
l -> j
j -> h
w -> u
Decrypted word: kljuu

3. Shift 3:
m -> j
n -> k
l -> i
j -> g
w -> t
Decrypted word: jkigt

4. Shift 4:
m -> i
n -> j
l -> h
j -> f
w -> s
Decrypted word: ijifs

5. Shift 5:
m -> h
n -> i
l -> g
j -> e
w -> r
Decrypted word: higer

None of the decrypted words make sense, so let's try to decrypt using a different method.",1,2.0
jstzlm,enough,6,5,"After trying different combinations, I wasn't able to unscramble the word. Now, I'll try decrypting it using a Caesar cipher with different shifts.

Shift 1: irstmn
Shift 2: hqrstl
Shift 3: gpqrst
Shift 4: fopqrs
Shift 5: enopqr

None of the Caesar cipher decryptions yielded a single English word. It's possible that the original word is not a simple Caesar cipher of a single word. Let me know if you want me to try a different approach.",0,0,"After trying different combinations, I wasn't able",0,1.0
jstzlm,enough,6,5,"After trying different combinations, I wasn't able to unscramble the word. Now, I'll try decrypting it using a Caesar cipher with different shifts.

Shift 1: irstmn
Shift 2: hqrstl
Shift 3: gpqrst
Shift 4: fopqrs
Shift 5: enopqr

None of the Caesar cipher decryptions yielded a single English word. It's possible that the original word is not a simple Caesar cipher of a single word. Let me know if you want me to try a different approach.",0,1,"After trying different combinations, I wasn't able to unscramble the word. Now, I'll try decrypting ",1,1.0
jstzlm,enough,6,5,"After trying different combinations, I wasn't able to unscramble the word. Now, I'll try decrypting it using a Caesar cipher with different shifts.

Shift 1: irstmn
Shift 2: hqrstl
Shift 3: gpqrst
Shift 4: fopqrs
Shift 5: enopqr

None of the Caesar cipher decryptions yielded a single English word. It's possible that the original word is not a simple Caesar cipher of a single word. Let me know if you want me to try a different approach.",0,2,"After trying different combinations, I wasn't able to unscramble the word. Now, I'll try decrypting it using a Caesar cipher with different shifts.

S",1,1.0
jstzlm,enough,6,5,"After trying different combinations, I wasn't able to unscramble the word. Now, I'll try decrypting it using a Caesar cipher with different shifts.

Shift 1: irstmn
Shift 2: hqrstl
Shift 3: gpqrst
Shift 4: fopqrs
Shift 5: enopqr

None of the Caesar cipher decryptions yielded a single English word. It's possible that the original word is not a simple Caesar cipher of a single word. Let me know if you want me to try a different approach.",0,3,"After trying different combinations, I wasn't able to unscramble the word. Now, I'll try decrypting it using a Caesar cipher with different shifts.

Shift 1: irstmn
Shift 2: hqrstl
Shift 3: gpqrst
Shi",1,1.0
jstzlm,enough,6,5,"After trying different combinations, I wasn't able to unscramble the word. Now, I'll try decrypting it using a Caesar cipher with different shifts.

Shift 1: irstmn
Shift 2: hqrstl
Shift 3: gpqrst
Shift 4: fopqrs
Shift 5: enopqr

None of the Caesar cipher decryptions yielded a single English word. It's possible that the original word is not a simple Caesar cipher of a single word. Let me know if you want me to try a different approach.",0,4,"After trying different combinations, I wasn't able to unscramble the word. Now, I'll try decrypting it using a Caesar cipher with different shifts.

Shift 1: irstmn
Shift 2: hqrstl
Shift 3: gpqrst
Shift 4: fopqrs
Shift 5: enopqr

None of the Caesar c",1,1.0
jstzlm,enough,6,5,"After trying different combinations, I wasn't able to unscramble the word. Now, I'll try decrypting it using a Caesar cipher with different shifts.

Shift 1: irstmn
Shift 2: hqrstl
Shift 3: gpqrst
Shift 4: fopqrs
Shift 5: enopqr

None of the Caesar cipher decryptions yielded a single English word. It's possible that the original word is not a simple Caesar cipher of a single word. Let me know if you want me to try a different approach.",0,5,"After trying different combinations, I wasn't able to unscramble the word. Now, I'll try decrypting it using a Caesar cipher with different shifts.

Shift 1: irstmn
Shift 2: hqrstl
Shift 3: gpqrst
Shift 4: fopqrs
Shift 5: enopqr

None of the Caesar cipher decryptions yielded a single English word. I",1,1.0
jstzlm,enough,6,5,"After trying different combinations, I wasn't able to unscramble the word. Now, I'll try decrypting it using a Caesar cipher with different shifts.

Shift 1: irstmn
Shift 2: hqrstl
Shift 3: gpqrst
Shift 4: fopqrs
Shift 5: enopqr

None of the Caesar cipher decryptions yielded a single English word. It's possible that the original word is not a simple Caesar cipher of a single word. Let me know if you want me to try a different approach.",0,6,"After trying different combinations, I wasn't able to unscramble the word. Now, I'll try decrypting it using a Caesar cipher with different shifts.

Shift 1: irstmn
Shift 2: hqrstl
Shift 3: gpqrst
Shift 4: fopqrs
Shift 5: enopqr

None of the Caesar cipher decryptions yielded a single English word. It's possible that the original word is not a simpl",1,1.0
jstzlm,enough,6,5,"After trying different combinations, I wasn't able to unscramble the word. Now, I'll try decrypting it using a Caesar cipher with different shifts.

Shift 1: irstmn
Shift 2: hqrstl
Shift 3: gpqrst
Shift 4: fopqrs
Shift 5: enopqr

None of the Caesar cipher decryptions yielded a single English word. It's possible that the original word is not a simple Caesar cipher of a single word. Let me know if you want me to try a different approach.",0,7,"After trying different combinations, I wasn't able to unscramble the word. Now, I'll try decrypting it using a Caesar cipher with different shifts.

Shift 1: irstmn
Shift 2: hqrstl
Shift 3: gpqrst
Shift 4: fopqrs
Shift 5: enopqr

None of the Caesar cipher decryptions yielded a single English word. It's possible that the original word is not a simple Caesar cipher of a single word. Let me know if y",1,1.0
jstzlm,enough,6,5,"After trying different combinations, I wasn't able to unscramble the word. Now, I'll try decrypting it using a Caesar cipher with different shifts.

Shift 1: irstmn
Shift 2: hqrstl
Shift 3: gpqrst
Shift 4: fopqrs
Shift 5: enopqr

None of the Caesar cipher decryptions yielded a single English word. It's possible that the original word is not a simple Caesar cipher of a single word. Let me know if you want me to try a different approach.",0,8,"After trying different combinations, I wasn't able to unscramble the word. Now, I'll try decrypting it using a Caesar cipher with different shifts.

Shift 1: irstmn
Shift 2: hqrstl
Shift 3: gpqrst
Shift 4: fopqrs
Shift 5: enopqr

None of the Caesar cipher decryptions yielded a single English word. It's possible that the original word is not a simple Caesar cipher of a single word. Let me know if you want me to try a different approach.",1,1.0
