problem,original,word_length,shift,context,correct,index,prefix,switch,switch_index
uif,the,3,1,"After trying to unscramble ""uif"" with no success, I will now try to decrypt it using a Caesar cipher with different shifts.

Shift 1:
uif -> the

Shift 2:
uif -> sgd

Shift 3:
uif -> rfc

Shift 4:
uif -> qeb

Shift 5:
uif -> pda

Based on the results of the Caesar cipher decryption with shifts of 1 to 5, it seems that the shift of 1 leads to a meaningful output, where ""uif"" decrypts to ""the"". Therefore, the ciphertext was encrypted using a Caesar cipher with a shift of 1.",1,0,"After trying to unscramble ""uif"" with no success, ",0,1
uif,the,3,1,"After trying to unscramble ""uif"" with no success, I will now try to decrypt it using a Caesar cipher with different shifts.

Shift 1:
uif -> the

Shift 2:
uif -> sgd

Shift 3:
uif -> rfc

Shift 4:
uif -> qeb

Shift 5:
uif -> pda

Based on the results of the Caesar cipher decryption with shifts of 1 to 5, it seems that the shift of 1 leads to a meaningful output, where ""uif"" decrypts to ""the"". Therefore, the ciphertext was encrypted using a Caesar cipher with a shift of 1.",1,1,"After trying to unscramble ""uif"" with no success, I will now try to decrypt it using a Caesar cipher",1,1
uif,the,3,1,"After trying to unscramble ""uif"" with no success, I will now try to decrypt it using a Caesar cipher with different shifts.

Shift 1:
uif -> the

Shift 2:
uif -> sgd

Shift 3:
uif -> rfc

Shift 4:
uif -> qeb

Shift 5:
uif -> pda

Based on the results of the Caesar cipher decryption with shifts of 1 to 5, it seems that the shift of 1 leads to a meaningful output, where ""uif"" decrypts to ""the"". Therefore, the ciphertext was encrypted using a Caesar cipher with a shift of 1.",1,2,"After trying to unscramble ""uif"" with no success, I will now try to decrypt it using a Caesar cipher with different shifts.

Shift 1:
uif -> the

Shif",1,1
uif,the,3,1,"After trying to unscramble ""uif"" with no success, I will now try to decrypt it using a Caesar cipher with different shifts.

Shift 1:
uif -> the

Shift 2:
uif -> sgd

Shift 3:
uif -> rfc

Shift 4:
uif -> qeb

Shift 5:
uif -> pda

Based on the results of the Caesar cipher decryption with shifts of 1 to 5, it seems that the shift of 1 leads to a meaningful output, where ""uif"" decrypts to ""the"". Therefore, the ciphertext was encrypted using a Caesar cipher with a shift of 1.",1,3,"After trying to unscramble ""uif"" with no success, I will now try to decrypt it using a Caesar cipher with different shifts.

Shift 1:
uif -> the

Shift 2:
uif -> sgd

Shift 3:
uif -> rfc

Shift 4:
uif",1,1
uif,the,3,1,"After trying to unscramble ""uif"" with no success, I will now try to decrypt it using a Caesar cipher with different shifts.

Shift 1:
uif -> the

Shift 2:
uif -> sgd

Shift 3:
uif -> rfc

Shift 4:
uif -> qeb

Shift 5:
uif -> pda

Based on the results of the Caesar cipher decryption with shifts of 1 to 5, it seems that the shift of 1 leads to a meaningful output, where ""uif"" decrypts to ""the"". Therefore, the ciphertext was encrypted using a Caesar cipher with a shift of 1.",1,4,"After trying to unscramble ""uif"" with no success, I will now try to decrypt it using a Caesar cipher with different shifts.

Shift 1:
uif -> the

Shift 2:
uif -> sgd

Shift 3:
uif -> rfc

Shift 4:
uif -> qeb

Shift 5:
uif -> pda

Based on the results",1,1
uif,the,3,1,"After trying to unscramble ""uif"" with no success, I will now try to decrypt it using a Caesar cipher with different shifts.

Shift 1:
uif -> the

Shift 2:
uif -> sgd

Shift 3:
uif -> rfc

Shift 4:
uif -> qeb

Shift 5:
uif -> pda

Based on the results of the Caesar cipher decryption with shifts of 1 to 5, it seems that the shift of 1 leads to a meaningful output, where ""uif"" decrypts to ""the"". Therefore, the ciphertext was encrypted using a Caesar cipher with a shift of 1.",1,5,"After trying to unscramble ""uif"" with no success, I will now try to decrypt it using a Caesar cipher with different shifts.

Shift 1:
uif -> the

Shift 2:
uif -> sgd

Shift 3:
uif -> rfc

Shift 4:
uif -> qeb

Shift 5:
uif -> pda

Based on the results of the Caesar cipher decryption with shifts of 1 ",1,1
uif,the,3,1,"After trying to unscramble ""uif"" with no success, I will now try to decrypt it using a Caesar cipher with different shifts.

Shift 1:
uif -> the

Shift 2:
uif -> sgd

Shift 3:
uif -> rfc

Shift 4:
uif -> qeb

Shift 5:
uif -> pda

Based on the results of the Caesar cipher decryption with shifts of 1 to 5, it seems that the shift of 1 leads to a meaningful output, where ""uif"" decrypts to ""the"". Therefore, the ciphertext was encrypted using a Caesar cipher with a shift of 1.",1,6,"After trying to unscramble ""uif"" with no success, I will now try to decrypt it using a Caesar cipher with different shifts.

Shift 1:
uif -> the

Shift 2:
uif -> sgd

Shift 3:
uif -> rfc

Shift 4:
uif -> qeb

Shift 5:
uif -> pda

Based on the results of the Caesar cipher decryption with shifts of 1 to 5, it seems that the shift of 1 leads to a mean",1,1
uif,the,3,1,"After trying to unscramble ""uif"" with no success, I will now try to decrypt it using a Caesar cipher with different shifts.

Shift 1:
uif -> the

Shift 2:
uif -> sgd

Shift 3:
uif -> rfc

Shift 4:
uif -> qeb

Shift 5:
uif -> pda

Based on the results of the Caesar cipher decryption with shifts of 1 to 5, it seems that the shift of 1 leads to a meaningful output, where ""uif"" decrypts to ""the"". Therefore, the ciphertext was encrypted using a Caesar cipher with a shift of 1.",1,7,"After trying to unscramble ""uif"" with no success, I will now try to decrypt it using a Caesar cipher with different shifts.

Shift 1:
uif -> the

Shift 2:
uif -> sgd

Shift 3:
uif -> rfc

Shift 4:
uif -> qeb

Shift 5:
uif -> pda

Based on the results of the Caesar cipher decryption with shifts of 1 to 5, it seems that the shift of 1 leads to a meaningful output, where ""uif"" decrypts to ""the"". Ther",1,1
uif,the,3,1,"After trying to unscramble ""uif"" with no success, I will now try to decrypt it using a Caesar cipher with different shifts.

Shift 1:
uif -> the

Shift 2:
uif -> sgd

Shift 3:
uif -> rfc

Shift 4:
uif -> qeb

Shift 5:
uif -> pda

Based on the results of the Caesar cipher decryption with shifts of 1 to 5, it seems that the shift of 1 leads to a meaningful output, where ""uif"" decrypts to ""the"". Therefore, the ciphertext was encrypted using a Caesar cipher with a shift of 1.",1,8,"After trying to unscramble ""uif"" with no success, I will now try to decrypt it using a Caesar cipher with different shifts.

Shift 1:
uif -> the

Shift 2:
uif -> sgd

Shift 3:
uif -> rfc

Shift 4:
uif -> qeb

Shift 5:
uif -> pda

Based on the results of the Caesar cipher decryption with shifts of 1 to 5, it seems that the shift of 1 leads to a meaningful output, where ""uif"" decrypts to ""the"". Therefore, the ciphertext was encrypted using a Caesar",1,1
uif,the,3,1,"After trying to unscramble ""uif"" with no success, I will now try to decrypt it using a Caesar cipher with different shifts.

Shift 1:
uif -> the

Shift 2:
uif -> sgd

Shift 3:
uif -> rfc

Shift 4:
uif -> qeb

Shift 5:
uif -> pda

Based on the results of the Caesar cipher decryption with shifts of 1 to 5, it seems that the shift of 1 leads to a meaningful output, where ""uif"" decrypts to ""the"". Therefore, the ciphertext was encrypted using a Caesar cipher with a shift of 1.",1,9,"After trying to unscramble ""uif"" with no success, I will now try to decrypt it using a Caesar cipher with different shifts.

Shift 1:
uif -> the

Shift 2:
uif -> sgd

Shift 3:
uif -> rfc

Shift 4:
uif -> qeb

Shift 5:
uif -> pda

Based on the results of the Caesar cipher decryption with shifts of 1 to 5, it seems that the shift of 1 leads to a meaningful output, where ""uif"" decrypts to ""the"". Therefore, the ciphertext was encrypted using a Caesar cipher with a shift of 1.",1,1
pvu,out,3,1,"After trying to unscramble ""pvu"" into a meaningful word, I was unsuccessful. Now I will try decrypting the ciphertext using a Caesar cipher with different key shifts.

Shift 1:
pvu -> ovt

Shift 2:
pvu -> nus

Shift 3:
pvu -> mtr

Shift 4:
pvu -> lqs

Shift 5:
pvu -> kpr

None of these attempts reveal a meaningful message. Let me try shifting the keys a few more times.",0,0,"After trying to unscramble ""pvu"" into a meaningful",0,1
pvu,out,3,1,"After trying to unscramble ""pvu"" into a meaningful word, I was unsuccessful. Now I will try decrypting the ciphertext using a Caesar cipher with different key shifts.

Shift 1:
pvu -> ovt

Shift 2:
pvu -> nus

Shift 3:
pvu -> mtr

Shift 4:
pvu -> lqs

Shift 5:
pvu -> kpr

None of these attempts reveal a meaningful message. Let me try shifting the keys a few more times.",0,1,"After trying to unscramble ""pvu"" into a meaningful word, I was unsuccessful. Now I will try decrypti",1,1
pvu,out,3,1,"After trying to unscramble ""pvu"" into a meaningful word, I was unsuccessful. Now I will try decrypting the ciphertext using a Caesar cipher with different key shifts.

Shift 1:
pvu -> ovt

Shift 2:
pvu -> nus

Shift 3:
pvu -> mtr

Shift 4:
pvu -> lqs

Shift 5:
pvu -> kpr

None of these attempts reveal a meaningful message. Let me try shifting the keys a few more times.",0,2,"After trying to unscramble ""pvu"" into a meaningful word, I was unsuccessful. Now I will try decrypting the ciphertext using a Caesar cipher with diffe",1,1
pvu,out,3,1,"After trying to unscramble ""pvu"" into a meaningful word, I was unsuccessful. Now I will try decrypting the ciphertext using a Caesar cipher with different key shifts.

Shift 1:
pvu -> ovt

Shift 2:
pvu -> nus

Shift 3:
pvu -> mtr

Shift 4:
pvu -> lqs

Shift 5:
pvu -> kpr

None of these attempts reveal a meaningful message. Let me try shifting the keys a few more times.",0,3,"After trying to unscramble ""pvu"" into a meaningful word, I was unsuccessful. Now I will try decrypting the ciphertext using a Caesar cipher with different key shifts.

Shift 1:
pvu -> ovt

Shift 2:
pv",1,1
pvu,out,3,1,"After trying to unscramble ""pvu"" into a meaningful word, I was unsuccessful. Now I will try decrypting the ciphertext using a Caesar cipher with different key shifts.

Shift 1:
pvu -> ovt

Shift 2:
pvu -> nus

Shift 3:
pvu -> mtr

Shift 4:
pvu -> lqs

Shift 5:
pvu -> kpr

None of these attempts reveal a meaningful message. Let me try shifting the keys a few more times.",0,4,"After trying to unscramble ""pvu"" into a meaningful word, I was unsuccessful. Now I will try decrypting the ciphertext using a Caesar cipher with different key shifts.

Shift 1:
pvu -> ovt

Shift 2:
pvu -> nus

Shift 3:
pvu -> mtr

Shift 4:
pvu -> lqs",1,1
pvu,out,3,1,"After trying to unscramble ""pvu"" into a meaningful word, I was unsuccessful. Now I will try decrypting the ciphertext using a Caesar cipher with different key shifts.

Shift 1:
pvu -> ovt

Shift 2:
pvu -> nus

Shift 3:
pvu -> mtr

Shift 4:
pvu -> lqs

Shift 5:
pvu -> kpr

None of these attempts reveal a meaningful message. Let me try shifting the keys a few more times.",0,5,"After trying to unscramble ""pvu"" into a meaningful word, I was unsuccessful. Now I will try decrypting the ciphertext using a Caesar cipher with different key shifts.

Shift 1:
pvu -> ovt

Shift 2:
pvu -> nus

Shift 3:
pvu -> mtr

Shift 4:
pvu -> lqs

Shift 5:
pvu -> kpr

None of these attempts reve",1,1
pvu,out,3,1,"After trying to unscramble ""pvu"" into a meaningful word, I was unsuccessful. Now I will try decrypting the ciphertext using a Caesar cipher with different key shifts.

Shift 1:
pvu -> ovt

Shift 2:
pvu -> nus

Shift 3:
pvu -> mtr

Shift 4:
pvu -> lqs

Shift 5:
pvu -> kpr

None of these attempts reveal a meaningful message. Let me try shifting the keys a few more times.",0,6,"After trying to unscramble ""pvu"" into a meaningful word, I was unsuccessful. Now I will try decrypting the ciphertext using a Caesar cipher with different key shifts.

Shift 1:
pvu -> ovt

Shift 2:
pvu -> nus

Shift 3:
pvu -> mtr

Shift 4:
pvu -> lqs

Shift 5:
pvu -> kpr

None of these attempts reveal a meaningful message. Let me try shifting the k",1,1
pvu,out,3,1,"After trying to unscramble ""pvu"" into a meaningful word, I was unsuccessful. Now I will try decrypting the ciphertext using a Caesar cipher with different key shifts.

Shift 1:
pvu -> ovt

Shift 2:
pvu -> nus

Shift 3:
pvu -> mtr

Shift 4:
pvu -> lqs

Shift 5:
pvu -> kpr

None of these attempts reveal a meaningful message. Let me try shifting the keys a few more times.",0,7,"After trying to unscramble ""pvu"" into a meaningful word, I was unsuccessful. Now I will try decrypting the ciphertext using a Caesar cipher with different key shifts.

Shift 1:
pvu -> ovt

Shift 2:
pvu -> nus

Shift 3:
pvu -> mtr

Shift 4:
pvu -> lqs

Shift 5:
pvu -> kpr

None of these attempts reveal a meaningful message. Let me try shifting the keys a few more times.",1,1
hqt,for,3,2,"After attempting to unscramble the ciphertext ""hqt,"" I did not find any meaningful word. So, let's try decrypting it using a Caesar cipher with different shifts:

Shift 1: ""hqt"" -> ""ips""
Shift 2: ""hqt"" -> ""jqu""
Shift 3: ""hqt"" -> ""krv""
Shift 4: ""hqt"" -> ""lsw""
Shift 5: ""hqt"" -> ""mtx""

None of these attempts reveal a meaningful message. Let's try shifting it back in the other direction:

Shift -1: ""hqt"" -> ""gps""
Shift -2: ""hqt"" -> ""for""
Shift -3: ""hqt"" -> ""enq""
Shift -4: ""hqt"" -> ""dmp""
Shift -5: ""hqt"" -> ""clo""

Still no meaningful message. Since we haven't found a solution assuming it's a Caesar cipher, perhaps it's not a simple shift cipher. Let's go back to treating it as an anagram again and try unscrambling it.",1,0,"After attempting to unscramble the ciphertext ""hqt",0,1
hqt,for,3,2,"After attempting to unscramble the ciphertext ""hqt,"" I did not find any meaningful word. So, let's try decrypting it using a Caesar cipher with different shifts:

Shift 1: ""hqt"" -> ""ips""
Shift 2: ""hqt"" -> ""jqu""
Shift 3: ""hqt"" -> ""krv""
Shift 4: ""hqt"" -> ""lsw""
Shift 5: ""hqt"" -> ""mtx""

None of these attempts reveal a meaningful message. Let's try shifting it back in the other direction:

Shift -1: ""hqt"" -> ""gps""
Shift -2: ""hqt"" -> ""for""
Shift -3: ""hqt"" -> ""enq""
Shift -4: ""hqt"" -> ""dmp""
Shift -5: ""hqt"" -> ""clo""

Still no meaningful message. Since we haven't found a solution assuming it's a Caesar cipher, perhaps it's not a simple shift cipher. Let's go back to treating it as an anagram again and try unscrambling it.",1,1,"After attempting to unscramble the ciphertext ""hqt,"" I did not find any meaningful word. So, let's t",1,1
hqt,for,3,2,"After attempting to unscramble the ciphertext ""hqt,"" I did not find any meaningful word. So, let's try decrypting it using a Caesar cipher with different shifts:

Shift 1: ""hqt"" -> ""ips""
Shift 2: ""hqt"" -> ""jqu""
Shift 3: ""hqt"" -> ""krv""
Shift 4: ""hqt"" -> ""lsw""
Shift 5: ""hqt"" -> ""mtx""

None of these attempts reveal a meaningful message. Let's try shifting it back in the other direction:

Shift -1: ""hqt"" -> ""gps""
Shift -2: ""hqt"" -> ""for""
Shift -3: ""hqt"" -> ""enq""
Shift -4: ""hqt"" -> ""dmp""
Shift -5: ""hqt"" -> ""clo""

Still no meaningful message. Since we haven't found a solution assuming it's a Caesar cipher, perhaps it's not a simple shift cipher. Let's go back to treating it as an anagram again and try unscrambling it.",1,2,"After attempting to unscramble the ciphertext ""hqt,"" I did not find any meaningful word. So, let's try decrypting it using a Caesar cipher with differ",1,1
hqt,for,3,2,"After attempting to unscramble the ciphertext ""hqt,"" I did not find any meaningful word. So, let's try decrypting it using a Caesar cipher with different shifts:

Shift 1: ""hqt"" -> ""ips""
Shift 2: ""hqt"" -> ""jqu""
Shift 3: ""hqt"" -> ""krv""
Shift 4: ""hqt"" -> ""lsw""
Shift 5: ""hqt"" -> ""mtx""

None of these attempts reveal a meaningful message. Let's try shifting it back in the other direction:

Shift -1: ""hqt"" -> ""gps""
Shift -2: ""hqt"" -> ""for""
Shift -3: ""hqt"" -> ""enq""
Shift -4: ""hqt"" -> ""dmp""
Shift -5: ""hqt"" -> ""clo""

Still no meaningful message. Since we haven't found a solution assuming it's a Caesar cipher, perhaps it's not a simple shift cipher. Let's go back to treating it as an anagram again and try unscrambling it.",1,3,"After attempting to unscramble the ciphertext ""hqt,"" I did not find any meaningful word. So, let's try decrypting it using a Caesar cipher with different shifts:

Shift 1: ""hqt"" -> ""ips""
Shift 2: ""hqt",1,1
hqt,for,3,2,"After attempting to unscramble the ciphertext ""hqt,"" I did not find any meaningful word. So, let's try decrypting it using a Caesar cipher with different shifts:

Shift 1: ""hqt"" -> ""ips""
Shift 2: ""hqt"" -> ""jqu""
Shift 3: ""hqt"" -> ""krv""
Shift 4: ""hqt"" -> ""lsw""
Shift 5: ""hqt"" -> ""mtx""

None of these attempts reveal a meaningful message. Let's try shifting it back in the other direction:

Shift -1: ""hqt"" -> ""gps""
Shift -2: ""hqt"" -> ""for""
Shift -3: ""hqt"" -> ""enq""
Shift -4: ""hqt"" -> ""dmp""
Shift -5: ""hqt"" -> ""clo""

Still no meaningful message. Since we haven't found a solution assuming it's a Caesar cipher, perhaps it's not a simple shift cipher. Let's go back to treating it as an anagram again and try unscrambling it.",1,4,"After attempting to unscramble the ciphertext ""hqt,"" I did not find any meaningful word. So, let's try decrypting it using a Caesar cipher with different shifts:

Shift 1: ""hqt"" -> ""ips""
Shift 2: ""hqt"" -> ""jqu""
Shift 3: ""hqt"" -> ""krv""
Shift 4: ""hqt"" ",1,1
hqt,for,3,2,"After attempting to unscramble the ciphertext ""hqt,"" I did not find any meaningful word. So, let's try decrypting it using a Caesar cipher with different shifts:

Shift 1: ""hqt"" -> ""ips""
Shift 2: ""hqt"" -> ""jqu""
Shift 3: ""hqt"" -> ""krv""
Shift 4: ""hqt"" -> ""lsw""
Shift 5: ""hqt"" -> ""mtx""

None of these attempts reveal a meaningful message. Let's try shifting it back in the other direction:

Shift -1: ""hqt"" -> ""gps""
Shift -2: ""hqt"" -> ""for""
Shift -3: ""hqt"" -> ""enq""
Shift -4: ""hqt"" -> ""dmp""
Shift -5: ""hqt"" -> ""clo""

Still no meaningful message. Since we haven't found a solution assuming it's a Caesar cipher, perhaps it's not a simple shift cipher. Let's go back to treating it as an anagram again and try unscrambling it.",1,5,"After attempting to unscramble the ciphertext ""hqt,"" I did not find any meaningful word. So, let's try decrypting it using a Caesar cipher with different shifts:

Shift 1: ""hqt"" -> ""ips""
Shift 2: ""hqt"" -> ""jqu""
Shift 3: ""hqt"" -> ""krv""
Shift 4: ""hqt"" -> ""lsw""
Shift 5: ""hqt"" -> ""mtx""

None of these at",1,1
hqt,for,3,2,"After attempting to unscramble the ciphertext ""hqt,"" I did not find any meaningful word. So, let's try decrypting it using a Caesar cipher with different shifts:

Shift 1: ""hqt"" -> ""ips""
Shift 2: ""hqt"" -> ""jqu""
Shift 3: ""hqt"" -> ""krv""
Shift 4: ""hqt"" -> ""lsw""
Shift 5: ""hqt"" -> ""mtx""

None of these attempts reveal a meaningful message. Let's try shifting it back in the other direction:

Shift -1: ""hqt"" -> ""gps""
Shift -2: ""hqt"" -> ""for""
Shift -3: ""hqt"" -> ""enq""
Shift -4: ""hqt"" -> ""dmp""
Shift -5: ""hqt"" -> ""clo""

Still no meaningful message. Since we haven't found a solution assuming it's a Caesar cipher, perhaps it's not a simple shift cipher. Let's go back to treating it as an anagram again and try unscrambling it.",1,6,"After attempting to unscramble the ciphertext ""hqt,"" I did not find any meaningful word. So, let's try decrypting it using a Caesar cipher with different shifts:

Shift 1: ""hqt"" -> ""ips""
Shift 2: ""hqt"" -> ""jqu""
Shift 3: ""hqt"" -> ""krv""
Shift 4: ""hqt"" -> ""lsw""
Shift 5: ""hqt"" -> ""mtx""

None of these attempts reveal a meaningful message. Let's try shif",1,1
hqt,for,3,2,"After attempting to unscramble the ciphertext ""hqt,"" I did not find any meaningful word. So, let's try decrypting it using a Caesar cipher with different shifts:

Shift 1: ""hqt"" -> ""ips""
Shift 2: ""hqt"" -> ""jqu""
Shift 3: ""hqt"" -> ""krv""
Shift 4: ""hqt"" -> ""lsw""
Shift 5: ""hqt"" -> ""mtx""

None of these attempts reveal a meaningful message. Let's try shifting it back in the other direction:

Shift -1: ""hqt"" -> ""gps""
Shift -2: ""hqt"" -> ""for""
Shift -3: ""hqt"" -> ""enq""
Shift -4: ""hqt"" -> ""dmp""
Shift -5: ""hqt"" -> ""clo""

Still no meaningful message. Since we haven't found a solution assuming it's a Caesar cipher, perhaps it's not a simple shift cipher. Let's go back to treating it as an anagram again and try unscrambling it.",1,7,"After attempting to unscramble the ciphertext ""hqt,"" I did not find any meaningful word. So, let's try decrypting it using a Caesar cipher with different shifts:

Shift 1: ""hqt"" -> ""ips""
Shift 2: ""hqt"" -> ""jqu""
Shift 3: ""hqt"" -> ""krv""
Shift 4: ""hqt"" -> ""lsw""
Shift 5: ""hqt"" -> ""mtx""

None of these attempts reveal a meaningful message. Let's try shifting it back in the other direction:

Shift -1: ""h",1,1
hqt,for,3,2,"After attempting to unscramble the ciphertext ""hqt,"" I did not find any meaningful word. So, let's try decrypting it using a Caesar cipher with different shifts:

Shift 1: ""hqt"" -> ""ips""
Shift 2: ""hqt"" -> ""jqu""
Shift 3: ""hqt"" -> ""krv""
Shift 4: ""hqt"" -> ""lsw""
Shift 5: ""hqt"" -> ""mtx""

None of these attempts reveal a meaningful message. Let's try shifting it back in the other direction:

Shift -1: ""hqt"" -> ""gps""
Shift -2: ""hqt"" -> ""for""
Shift -3: ""hqt"" -> ""enq""
Shift -4: ""hqt"" -> ""dmp""
Shift -5: ""hqt"" -> ""clo""

Still no meaningful message. Since we haven't found a solution assuming it's a Caesar cipher, perhaps it's not a simple shift cipher. Let's go back to treating it as an anagram again and try unscrambling it.",1,8,"After attempting to unscramble the ciphertext ""hqt,"" I did not find any meaningful word. So, let's try decrypting it using a Caesar cipher with different shifts:

Shift 1: ""hqt"" -> ""ips""
Shift 2: ""hqt"" -> ""jqu""
Shift 3: ""hqt"" -> ""krv""
Shift 4: ""hqt"" -> ""lsw""
Shift 5: ""hqt"" -> ""mtx""

None of these attempts reveal a meaningful message. Let's try shifting it back in the other direction:

Shift -1: ""hqt"" -> ""gps""
Shift -2: ""hqt"" -> ""for""
Shift -3: ""h",1,1
hqt,for,3,2,"After attempting to unscramble the ciphertext ""hqt,"" I did not find any meaningful word. So, let's try decrypting it using a Caesar cipher with different shifts:

Shift 1: ""hqt"" -> ""ips""
Shift 2: ""hqt"" -> ""jqu""
Shift 3: ""hqt"" -> ""krv""
Shift 4: ""hqt"" -> ""lsw""
Shift 5: ""hqt"" -> ""mtx""

None of these attempts reveal a meaningful message. Let's try shifting it back in the other direction:

Shift -1: ""hqt"" -> ""gps""
Shift -2: ""hqt"" -> ""for""
Shift -3: ""hqt"" -> ""enq""
Shift -4: ""hqt"" -> ""dmp""
Shift -5: ""hqt"" -> ""clo""

Still no meaningful message. Since we haven't found a solution assuming it's a Caesar cipher, perhaps it's not a simple shift cipher. Let's go back to treating it as an anagram again and try unscrambling it.",1,9,"After attempting to unscramble the ciphertext ""hqt,"" I did not find any meaningful word. So, let's try decrypting it using a Caesar cipher with different shifts:

Shift 1: ""hqt"" -> ""ips""
Shift 2: ""hqt"" -> ""jqu""
Shift 3: ""hqt"" -> ""krv""
Shift 4: ""hqt"" -> ""lsw""
Shift 5: ""hqt"" -> ""mtx""

None of these attempts reveal a meaningful message. Let's try shifting it back in the other direction:

Shift -1: ""hqt"" -> ""gps""
Shift -2: ""hqt"" -> ""for""
Shift -3: ""hqt"" -> ""enq""
Shift -4: ""hqt"" -> ""dmp""
Shift -5: ""h",1,1
hqt,for,3,2,"After attempting to unscramble the ciphertext ""hqt,"" I did not find any meaningful word. So, let's try decrypting it using a Caesar cipher with different shifts:

Shift 1: ""hqt"" -> ""ips""
Shift 2: ""hqt"" -> ""jqu""
Shift 3: ""hqt"" -> ""krv""
Shift 4: ""hqt"" -> ""lsw""
Shift 5: ""hqt"" -> ""mtx""

None of these attempts reveal a meaningful message. Let's try shifting it back in the other direction:

Shift -1: ""hqt"" -> ""gps""
Shift -2: ""hqt"" -> ""for""
Shift -3: ""hqt"" -> ""enq""
Shift -4: ""hqt"" -> ""dmp""
Shift -5: ""hqt"" -> ""clo""

Still no meaningful message. Since we haven't found a solution assuming it's a Caesar cipher, perhaps it's not a simple shift cipher. Let's go back to treating it as an anagram again and try unscrambling it.",1,10,"After attempting to unscramble the ciphertext ""hqt,"" I did not find any meaningful word. So, let's try decrypting it using a Caesar cipher with different shifts:

Shift 1: ""hqt"" -> ""ips""
Shift 2: ""hqt"" -> ""jqu""
Shift 3: ""hqt"" -> ""krv""
Shift 4: ""hqt"" -> ""lsw""
Shift 5: ""hqt"" -> ""mtx""

None of these attempts reveal a meaningful message. Let's try shifting it back in the other direction:

Shift -1: ""hqt"" -> ""gps""
Shift -2: ""hqt"" -> ""for""
Shift -3: ""hqt"" -> ""enq""
Shift -4: ""hqt"" -> ""dmp""
Shift -5: ""hqt"" -> ""clo""

Still no meaningful message. Since w",1,1
hqt,for,3,2,"After attempting to unscramble the ciphertext ""hqt,"" I did not find any meaningful word. So, let's try decrypting it using a Caesar cipher with different shifts:

Shift 1: ""hqt"" -> ""ips""
Shift 2: ""hqt"" -> ""jqu""
Shift 3: ""hqt"" -> ""krv""
Shift 4: ""hqt"" -> ""lsw""
Shift 5: ""hqt"" -> ""mtx""

None of these attempts reveal a meaningful message. Let's try shifting it back in the other direction:

Shift -1: ""hqt"" -> ""gps""
Shift -2: ""hqt"" -> ""for""
Shift -3: ""hqt"" -> ""enq""
Shift -4: ""hqt"" -> ""dmp""
Shift -5: ""hqt"" -> ""clo""

Still no meaningful message. Since we haven't found a solution assuming it's a Caesar cipher, perhaps it's not a simple shift cipher. Let's go back to treating it as an anagram again and try unscrambling it.",1,11,"After attempting to unscramble the ciphertext ""hqt,"" I did not find any meaningful word. So, let's try decrypting it using a Caesar cipher with different shifts:

Shift 1: ""hqt"" -> ""ips""
Shift 2: ""hqt"" -> ""jqu""
Shift 3: ""hqt"" -> ""krv""
Shift 4: ""hqt"" -> ""lsw""
Shift 5: ""hqt"" -> ""mtx""

None of these attempts reveal a meaningful message. Let's try shifting it back in the other direction:

Shift -1: ""hqt"" -> ""gps""
Shift -2: ""hqt"" -> ""for""
Shift -3: ""hqt"" -> ""enq""
Shift -4: ""hqt"" -> ""dmp""
Shift -5: ""hqt"" -> ""clo""

Still no meaningful message. Since we haven't found a solution assuming it's a Caesar ",1,1
hqt,for,3,2,"After attempting to unscramble the ciphertext ""hqt,"" I did not find any meaningful word. So, let's try decrypting it using a Caesar cipher with different shifts:

Shift 1: ""hqt"" -> ""ips""
Shift 2: ""hqt"" -> ""jqu""
Shift 3: ""hqt"" -> ""krv""
Shift 4: ""hqt"" -> ""lsw""
Shift 5: ""hqt"" -> ""mtx""

None of these attempts reveal a meaningful message. Let's try shifting it back in the other direction:

Shift -1: ""hqt"" -> ""gps""
Shift -2: ""hqt"" -> ""for""
Shift -3: ""hqt"" -> ""enq""
Shift -4: ""hqt"" -> ""dmp""
Shift -5: ""hqt"" -> ""clo""

Still no meaningful message. Since we haven't found a solution assuming it's a Caesar cipher, perhaps it's not a simple shift cipher. Let's go back to treating it as an anagram again and try unscrambling it.",1,12,"After attempting to unscramble the ciphertext ""hqt,"" I did not find any meaningful word. So, let's try decrypting it using a Caesar cipher with different shifts:

Shift 1: ""hqt"" -> ""ips""
Shift 2: ""hqt"" -> ""jqu""
Shift 3: ""hqt"" -> ""krv""
Shift 4: ""hqt"" -> ""lsw""
Shift 5: ""hqt"" -> ""mtx""

None of these attempts reveal a meaningful message. Let's try shifting it back in the other direction:

Shift -1: ""hqt"" -> ""gps""
Shift -2: ""hqt"" -> ""for""
Shift -3: ""hqt"" -> ""enq""
Shift -4: ""hqt"" -> ""dmp""
Shift -5: ""hqt"" -> ""clo""

Still no meaningful message. Since we haven't found a solution assuming it's a Caesar cipher, perhaps it's not a simple shift cipher. Le",1,1
hqt,for,3,2,"After attempting to unscramble the ciphertext ""hqt,"" I did not find any meaningful word. So, let's try decrypting it using a Caesar cipher with different shifts:

Shift 1: ""hqt"" -> ""ips""
Shift 2: ""hqt"" -> ""jqu""
Shift 3: ""hqt"" -> ""krv""
Shift 4: ""hqt"" -> ""lsw""
Shift 5: ""hqt"" -> ""mtx""

None of these attempts reveal a meaningful message. Let's try shifting it back in the other direction:

Shift -1: ""hqt"" -> ""gps""
Shift -2: ""hqt"" -> ""for""
Shift -3: ""hqt"" -> ""enq""
Shift -4: ""hqt"" -> ""dmp""
Shift -5: ""hqt"" -> ""clo""

Still no meaningful message. Since we haven't found a solution assuming it's a Caesar cipher, perhaps it's not a simple shift cipher. Let's go back to treating it as an anagram again and try unscrambling it.",1,13,"After attempting to unscramble the ciphertext ""hqt,"" I did not find any meaningful word. So, let's try decrypting it using a Caesar cipher with different shifts:

Shift 1: ""hqt"" -> ""ips""
Shift 2: ""hqt"" -> ""jqu""
Shift 3: ""hqt"" -> ""krv""
Shift 4: ""hqt"" -> ""lsw""
Shift 5: ""hqt"" -> ""mtx""

None of these attempts reveal a meaningful message. Let's try shifting it back in the other direction:

Shift -1: ""hqt"" -> ""gps""
Shift -2: ""hqt"" -> ""for""
Shift -3: ""hqt"" -> ""enq""
Shift -4: ""hqt"" -> ""dmp""
Shift -5: ""hqt"" -> ""clo""

Still no meaningful message. Since we haven't found a solution assuming it's a Caesar cipher, perhaps it's not a simple shift cipher. Let's go back to treating it as an anagram again and",1,1
hqt,for,3,2,"After attempting to unscramble the ciphertext ""hqt,"" I did not find any meaningful word. So, let's try decrypting it using a Caesar cipher with different shifts:

Shift 1: ""hqt"" -> ""ips""
Shift 2: ""hqt"" -> ""jqu""
Shift 3: ""hqt"" -> ""krv""
Shift 4: ""hqt"" -> ""lsw""
Shift 5: ""hqt"" -> ""mtx""

None of these attempts reveal a meaningful message. Let's try shifting it back in the other direction:

Shift -1: ""hqt"" -> ""gps""
Shift -2: ""hqt"" -> ""for""
Shift -3: ""hqt"" -> ""enq""
Shift -4: ""hqt"" -> ""dmp""
Shift -5: ""hqt"" -> ""clo""

Still no meaningful message. Since we haven't found a solution assuming it's a Caesar cipher, perhaps it's not a simple shift cipher. Let's go back to treating it as an anagram again and try unscrambling it.",1,14,"After attempting to unscramble the ciphertext ""hqt,"" I did not find any meaningful word. So, let's try decrypting it using a Caesar cipher with different shifts:

Shift 1: ""hqt"" -> ""ips""
Shift 2: ""hqt"" -> ""jqu""
Shift 3: ""hqt"" -> ""krv""
Shift 4: ""hqt"" -> ""lsw""
Shift 5: ""hqt"" -> ""mtx""

None of these attempts reveal a meaningful message. Let's try shifting it back in the other direction:

Shift -1: ""hqt"" -> ""gps""
Shift -2: ""hqt"" -> ""for""
Shift -3: ""hqt"" -> ""enq""
Shift -4: ""hqt"" -> ""dmp""
Shift -5: ""hqt"" -> ""clo""

Still no meaningful message. Since we haven't found a solution assuming it's a Caesar cipher, perhaps it's not a simple shift cipher. Let's go back to treating it as an anagram again and try unscrambling it.",1,1
vjg,the,3,2,"After trying different combinations, I was unable to unscramble the ciphertext ""vjg"" as an anagram. Now, I will try to decrypt it using a Caesar cipher with different shifts.

Shift 1:
vjg -> uif

Shift 2:
vjg -> tie

Shift 3:
vjg -> shd

Shift 4:
vjg -> rgc

Shift 5:
vjg -> qfb

None of these shifts produced a recognizable word. Let me try shift 6 next.",1,0,"After trying different combinations, I was unable ",0,2
vjg,the,3,2,"After trying different combinations, I was unable to unscramble the ciphertext ""vjg"" as an anagram. Now, I will try to decrypt it using a Caesar cipher with different shifts.

Shift 1:
vjg -> uif

Shift 2:
vjg -> tie

Shift 3:
vjg -> shd

Shift 4:
vjg -> rgc

Shift 5:
vjg -> qfb

None of these shifts produced a recognizable word. Let me try shift 6 next.",1,1,"After trying different combinations, I was unable to unscramble the ciphertext ""vjg"" as an anagram. ",0,2
vjg,the,3,2,"After trying different combinations, I was unable to unscramble the ciphertext ""vjg"" as an anagram. Now, I will try to decrypt it using a Caesar cipher with different shifts.

Shift 1:
vjg -> uif

Shift 2:
vjg -> tie

Shift 3:
vjg -> shd

Shift 4:
vjg -> rgc

Shift 5:
vjg -> qfb

None of these shifts produced a recognizable word. Let me try shift 6 next.",1,2,"After trying different combinations, I was unable to unscramble the ciphertext ""vjg"" as an anagram. Now, I will try to decrypt it using a Caesar ciphe",1,2
vjg,the,3,2,"After trying different combinations, I was unable to unscramble the ciphertext ""vjg"" as an anagram. Now, I will try to decrypt it using a Caesar cipher with different shifts.

Shift 1:
vjg -> uif

Shift 2:
vjg -> tie

Shift 3:
vjg -> shd

Shift 4:
vjg -> rgc

Shift 5:
vjg -> qfb

None of these shifts produced a recognizable word. Let me try shift 6 next.",1,3,"After trying different combinations, I was unable to unscramble the ciphertext ""vjg"" as an anagram. Now, I will try to decrypt it using a Caesar cipher with different shifts.

Shift 1:
vjg -> uif

Shi",1,2
vjg,the,3,2,"After trying different combinations, I was unable to unscramble the ciphertext ""vjg"" as an anagram. Now, I will try to decrypt it using a Caesar cipher with different shifts.

Shift 1:
vjg -> uif

Shift 2:
vjg -> tie

Shift 3:
vjg -> shd

Shift 4:
vjg -> rgc

Shift 5:
vjg -> qfb

None of these shifts produced a recognizable word. Let me try shift 6 next.",1,4,"After trying different combinations, I was unable to unscramble the ciphertext ""vjg"" as an anagram. Now, I will try to decrypt it using a Caesar cipher with different shifts.

Shift 1:
vjg -> uif

Shift 2:
vjg -> tie

Shift 3:
vjg -> shd

Shift 4:
vj",1,2
vjg,the,3,2,"After trying different combinations, I was unable to unscramble the ciphertext ""vjg"" as an anagram. Now, I will try to decrypt it using a Caesar cipher with different shifts.

Shift 1:
vjg -> uif

Shift 2:
vjg -> tie

Shift 3:
vjg -> shd

Shift 4:
vjg -> rgc

Shift 5:
vjg -> qfb

None of these shifts produced a recognizable word. Let me try shift 6 next.",1,5,"After trying different combinations, I was unable to unscramble the ciphertext ""vjg"" as an anagram. Now, I will try to decrypt it using a Caesar cipher with different shifts.

Shift 1:
vjg -> uif

Shift 2:
vjg -> tie

Shift 3:
vjg -> shd

Shift 4:
vjg -> rgc

Shift 5:
vjg -> qfb

None of these shift",1,2
vjg,the,3,2,"After trying different combinations, I was unable to unscramble the ciphertext ""vjg"" as an anagram. Now, I will try to decrypt it using a Caesar cipher with different shifts.

Shift 1:
vjg -> uif

Shift 2:
vjg -> tie

Shift 3:
vjg -> shd

Shift 4:
vjg -> rgc

Shift 5:
vjg -> qfb

None of these shifts produced a recognizable word. Let me try shift 6 next.",1,6,"After trying different combinations, I was unable to unscramble the ciphertext ""vjg"" as an anagram. Now, I will try to decrypt it using a Caesar cipher with different shifts.

Shift 1:
vjg -> uif

Shift 2:
vjg -> tie

Shift 3:
vjg -> shd

Shift 4:
vjg -> rgc

Shift 5:
vjg -> qfb

None of these shifts produced a recognizable word. Let me try shift 6",1,2
vjg,the,3,2,"After trying different combinations, I was unable to unscramble the ciphertext ""vjg"" as an anagram. Now, I will try to decrypt it using a Caesar cipher with different shifts.

Shift 1:
vjg -> uif

Shift 2:
vjg -> tie

Shift 3:
vjg -> shd

Shift 4:
vjg -> rgc

Shift 5:
vjg -> qfb

None of these shifts produced a recognizable word. Let me try shift 6 next.",1,7,"After trying different combinations, I was unable to unscramble the ciphertext ""vjg"" as an anagram. Now, I will try to decrypt it using a Caesar cipher with different shifts.

Shift 1:
vjg -> uif

Shift 2:
vjg -> tie

Shift 3:
vjg -> shd

Shift 4:
vjg -> rgc

Shift 5:
vjg -> qfb

None of these shifts produced a recognizable word. Let me try shift 6 next.",1,2
iru,for,3,3,"After attempting various combinations, I couldn't find a meaningful word from the anagram. Next, I will try decrypting the ciphertext using a Caesar cipher with different shifts.

Shift 1: his
Shift 2: ghr
Shift 3: fgq
Shift 4: efp
Shift 5: deo

Out of the five shifts attempted, ""his"" stands out as a possible decryption for the ciphertext ""iru"" using a Caesar cipher.",1,0,"After attempting various combinations, I couldn't ",0,1
iru,for,3,3,"After attempting various combinations, I couldn't find a meaningful word from the anagram. Next, I will try decrypting the ciphertext using a Caesar cipher with different shifts.

Shift 1: his
Shift 2: ghr
Shift 3: fgq
Shift 4: efp
Shift 5: deo

Out of the five shifts attempted, ""his"" stands out as a possible decryption for the ciphertext ""iru"" using a Caesar cipher.",1,1,"After attempting various combinations, I couldn't find a meaningful word from the anagram. Next, I w",1,1
iru,for,3,3,"After attempting various combinations, I couldn't find a meaningful word from the anagram. Next, I will try decrypting the ciphertext using a Caesar cipher with different shifts.

Shift 1: his
Shift 2: ghr
Shift 3: fgq
Shift 4: efp
Shift 5: deo

Out of the five shifts attempted, ""his"" stands out as a possible decryption for the ciphertext ""iru"" using a Caesar cipher.",1,2,"After attempting various combinations, I couldn't find a meaningful word from the anagram. Next, I will try decrypting the ciphertext using a Caesar c",1,1
iru,for,3,3,"After attempting various combinations, I couldn't find a meaningful word from the anagram. Next, I will try decrypting the ciphertext using a Caesar cipher with different shifts.

Shift 1: his
Shift 2: ghr
Shift 3: fgq
Shift 4: efp
Shift 5: deo

Out of the five shifts attempted, ""his"" stands out as a possible decryption for the ciphertext ""iru"" using a Caesar cipher.",1,3,"After attempting various combinations, I couldn't find a meaningful word from the anagram. Next, I will try decrypting the ciphertext using a Caesar cipher with different shifts.

Shift 1: his
Shift 2",1,1
iru,for,3,3,"After attempting various combinations, I couldn't find a meaningful word from the anagram. Next, I will try decrypting the ciphertext using a Caesar cipher with different shifts.

Shift 1: his
Shift 2: ghr
Shift 3: fgq
Shift 4: efp
Shift 5: deo

Out of the five shifts attempted, ""his"" stands out as a possible decryption for the ciphertext ""iru"" using a Caesar cipher.",1,4,"After attempting various combinations, I couldn't find a meaningful word from the anagram. Next, I will try decrypting the ciphertext using a Caesar cipher with different shifts.

Shift 1: his
Shift 2: ghr
Shift 3: fgq
Shift 4: efp
Shift 5: deo

Out ",1,1
iru,for,3,3,"After attempting various combinations, I couldn't find a meaningful word from the anagram. Next, I will try decrypting the ciphertext using a Caesar cipher with different shifts.

Shift 1: his
Shift 2: ghr
Shift 3: fgq
Shift 4: efp
Shift 5: deo

Out of the five shifts attempted, ""his"" stands out as a possible decryption for the ciphertext ""iru"" using a Caesar cipher.",1,5,"After attempting various combinations, I couldn't find a meaningful word from the anagram. Next, I will try decrypting the ciphertext using a Caesar cipher with different shifts.

Shift 1: his
Shift 2: ghr
Shift 3: fgq
Shift 4: efp
Shift 5: deo

Out of the five shifts attempted, ""his"" stands out as ",1,1
iru,for,3,3,"After attempting various combinations, I couldn't find a meaningful word from the anagram. Next, I will try decrypting the ciphertext using a Caesar cipher with different shifts.

Shift 1: his
Shift 2: ghr
Shift 3: fgq
Shift 4: efp
Shift 5: deo

Out of the five shifts attempted, ""his"" stands out as a possible decryption for the ciphertext ""iru"" using a Caesar cipher.",1,6,"After attempting various combinations, I couldn't find a meaningful word from the anagram. Next, I will try decrypting the ciphertext using a Caesar cipher with different shifts.

Shift 1: his
Shift 2: ghr
Shift 3: fgq
Shift 4: efp
Shift 5: deo

Out of the five shifts attempted, ""his"" stands out as a possible decryption for the ciphertext ""iru"" usi",1,1
iru,for,3,3,"After attempting various combinations, I couldn't find a meaningful word from the anagram. Next, I will try decrypting the ciphertext using a Caesar cipher with different shifts.

Shift 1: his
Shift 2: ghr
Shift 3: fgq
Shift 4: efp
Shift 5: deo

Out of the five shifts attempted, ""his"" stands out as a possible decryption for the ciphertext ""iru"" using a Caesar cipher.",1,7,"After attempting various combinations, I couldn't find a meaningful word from the anagram. Next, I will try decrypting the ciphertext using a Caesar cipher with different shifts.

Shift 1: his
Shift 2: ghr
Shift 3: fgq
Shift 4: efp
Shift 5: deo

Out of the five shifts attempted, ""his"" stands out as a possible decryption for the ciphertext ""iru"" using a Caesar cipher.",1,1
ggg,000,3,3,"After attempting to unscramble the ciphertext ""ggg,"" it does not appear to form a meaningful word. Therefore, I will proceed by assuming it's a Caesar cipher and try decrypting it with different shifts.

Shift 1:
ggg -> fff

Shift 2:
ggg -> eee

Shift 3:
ggg -> ddd

Shift 4:
ggg -> ccc

Shift 5:
ggg -> bbb

None of the shifts using a Caesar cipher have produced a meaningful decryption for the ciphertext ""ggg."" This may indicate that the original message was not encrypted using a Caesar cipher.",0,0,"After attempting to unscramble the ciphertext ""ggg",0,2
ggg,000,3,3,"After attempting to unscramble the ciphertext ""ggg,"" it does not appear to form a meaningful word. Therefore, I will proceed by assuming it's a Caesar cipher and try decrypting it with different shifts.

Shift 1:
ggg -> fff

Shift 2:
ggg -> eee

Shift 3:
ggg -> ddd

Shift 4:
ggg -> ccc

Shift 5:
ggg -> bbb

None of the shifts using a Caesar cipher have produced a meaningful decryption for the ciphertext ""ggg."" This may indicate that the original message was not encrypted using a Caesar cipher.",0,1,"After attempting to unscramble the ciphertext ""ggg,"" it does not appear to form a meaningful word. T",0,2
ggg,000,3,3,"After attempting to unscramble the ciphertext ""ggg,"" it does not appear to form a meaningful word. Therefore, I will proceed by assuming it's a Caesar cipher and try decrypting it with different shifts.

Shift 1:
ggg -> fff

Shift 2:
ggg -> eee

Shift 3:
ggg -> ddd

Shift 4:
ggg -> ccc

Shift 5:
ggg -> bbb

None of the shifts using a Caesar cipher have produced a meaningful decryption for the ciphertext ""ggg."" This may indicate that the original message was not encrypted using a Caesar cipher.",0,2,"After attempting to unscramble the ciphertext ""ggg,"" it does not appear to form a meaningful word. Therefore, I will proceed by assuming it's a Caesar",1,2
ggg,000,3,3,"After attempting to unscramble the ciphertext ""ggg,"" it does not appear to form a meaningful word. Therefore, I will proceed by assuming it's a Caesar cipher and try decrypting it with different shifts.

Shift 1:
ggg -> fff

Shift 2:
ggg -> eee

Shift 3:
ggg -> ddd

Shift 4:
ggg -> ccc

Shift 5:
ggg -> bbb

None of the shifts using a Caesar cipher have produced a meaningful decryption for the ciphertext ""ggg."" This may indicate that the original message was not encrypted using a Caesar cipher.",0,3,"After attempting to unscramble the ciphertext ""ggg,"" it does not appear to form a meaningful word. Therefore, I will proceed by assuming it's a Caesar cipher and try decrypting it with different shift",1,2
ggg,000,3,3,"After attempting to unscramble the ciphertext ""ggg,"" it does not appear to form a meaningful word. Therefore, I will proceed by assuming it's a Caesar cipher and try decrypting it with different shifts.

Shift 1:
ggg -> fff

Shift 2:
ggg -> eee

Shift 3:
ggg -> ddd

Shift 4:
ggg -> ccc

Shift 5:
ggg -> bbb

None of the shifts using a Caesar cipher have produced a meaningful decryption for the ciphertext ""ggg."" This may indicate that the original message was not encrypted using a Caesar cipher.",0,4,"After attempting to unscramble the ciphertext ""ggg,"" it does not appear to form a meaningful word. Therefore, I will proceed by assuming it's a Caesar cipher and try decrypting it with different shifts.

Shift 1:
ggg -> fff

Shift 2:
ggg -> eee

Shif",1,2
ggg,000,3,3,"After attempting to unscramble the ciphertext ""ggg,"" it does not appear to form a meaningful word. Therefore, I will proceed by assuming it's a Caesar cipher and try decrypting it with different shifts.

Shift 1:
ggg -> fff

Shift 2:
ggg -> eee

Shift 3:
ggg -> ddd

Shift 4:
ggg -> ccc

Shift 5:
ggg -> bbb

None of the shifts using a Caesar cipher have produced a meaningful decryption for the ciphertext ""ggg."" This may indicate that the original message was not encrypted using a Caesar cipher.",0,5,"After attempting to unscramble the ciphertext ""ggg,"" it does not appear to form a meaningful word. Therefore, I will proceed by assuming it's a Caesar cipher and try decrypting it with different shifts.

Shift 1:
ggg -> fff

Shift 2:
ggg -> eee

Shift 3:
ggg -> ddd

Shift 4:
ggg -> ccc

Shift 5:
ggg",1,2
ggg,000,3,3,"After attempting to unscramble the ciphertext ""ggg,"" it does not appear to form a meaningful word. Therefore, I will proceed by assuming it's a Caesar cipher and try decrypting it with different shifts.

Shift 1:
ggg -> fff

Shift 2:
ggg -> eee

Shift 3:
ggg -> ddd

Shift 4:
ggg -> ccc

Shift 5:
ggg -> bbb

None of the shifts using a Caesar cipher have produced a meaningful decryption for the ciphertext ""ggg."" This may indicate that the original message was not encrypted using a Caesar cipher.",0,6,"After attempting to unscramble the ciphertext ""ggg,"" it does not appear to form a meaningful word. Therefore, I will proceed by assuming it's a Caesar cipher and try decrypting it with different shifts.

Shift 1:
ggg -> fff

Shift 2:
ggg -> eee

Shift 3:
ggg -> ddd

Shift 4:
ggg -> ccc

Shift 5:
ggg -> bbb

None of the shifts using a Caesar cipher ",1,2
ggg,000,3,3,"After attempting to unscramble the ciphertext ""ggg,"" it does not appear to form a meaningful word. Therefore, I will proceed by assuming it's a Caesar cipher and try decrypting it with different shifts.

Shift 1:
ggg -> fff

Shift 2:
ggg -> eee

Shift 3:
ggg -> ddd

Shift 4:
ggg -> ccc

Shift 5:
ggg -> bbb

None of the shifts using a Caesar cipher have produced a meaningful decryption for the ciphertext ""ggg."" This may indicate that the original message was not encrypted using a Caesar cipher.",0,7,"After attempting to unscramble the ciphertext ""ggg,"" it does not appear to form a meaningful word. Therefore, I will proceed by assuming it's a Caesar cipher and try decrypting it with different shifts.

Shift 1:
ggg -> fff

Shift 2:
ggg -> eee

Shift 3:
ggg -> ddd

Shift 4:
ggg -> ccc

Shift 5:
ggg -> bbb

None of the shifts using a Caesar cipher have produced a meaningful decryption for the ciph",1,2
ggg,000,3,3,"After attempting to unscramble the ciphertext ""ggg,"" it does not appear to form a meaningful word. Therefore, I will proceed by assuming it's a Caesar cipher and try decrypting it with different shifts.

Shift 1:
ggg -> fff

Shift 2:
ggg -> eee

Shift 3:
ggg -> ddd

Shift 4:
ggg -> ccc

Shift 5:
ggg -> bbb

None of the shifts using a Caesar cipher have produced a meaningful decryption for the ciphertext ""ggg."" This may indicate that the original message was not encrypted using a Caesar cipher.",0,8,"After attempting to unscramble the ciphertext ""ggg,"" it does not appear to form a meaningful word. Therefore, I will proceed by assuming it's a Caesar cipher and try decrypting it with different shifts.

Shift 1:
ggg -> fff

Shift 2:
ggg -> eee

Shift 3:
ggg -> ddd

Shift 4:
ggg -> ccc

Shift 5:
ggg -> bbb

None of the shifts using a Caesar cipher have produced a meaningful decryption for the ciphertext ""ggg."" This may indicate that the original ",1,2
ggg,000,3,3,"After attempting to unscramble the ciphertext ""ggg,"" it does not appear to form a meaningful word. Therefore, I will proceed by assuming it's a Caesar cipher and try decrypting it with different shifts.

Shift 1:
ggg -> fff

Shift 2:
ggg -> eee

Shift 3:
ggg -> ddd

Shift 4:
ggg -> ccc

Shift 5:
ggg -> bbb

None of the shifts using a Caesar cipher have produced a meaningful decryption for the ciphertext ""ggg."" This may indicate that the original message was not encrypted using a Caesar cipher.",0,9,"After attempting to unscramble the ciphertext ""ggg,"" it does not appear to form a meaningful word. Therefore, I will proceed by assuming it's a Caesar cipher and try decrypting it with different shifts.

Shift 1:
ggg -> fff

Shift 2:
ggg -> eee

Shift 3:
ggg -> ddd

Shift 4:
ggg -> ccc

Shift 5:
ggg -> bbb

None of the shifts using a Caesar cipher have produced a meaningful decryption for the ciphertext ""ggg."" This may indicate that the original message was not encrypted using a Caesar cipher.",1,2
xli,the,3,4,"After trying different combinations, I wasn't able to unscramble the ciphertext ""xli"" into a meaningful word. Now, I will try decrypting it using a Caesar cipher with different shifts.

Shift 1:
""XLI"" decrypted with a shift of 1 is ""WKH""

Shift 2:
""XLI"" decrypted with a shift of 2 is ""VJG""

Shift 3:
""XLI"" decrypted with a shift of 3 is ""UIF""

Shift 4:
""XLI"" decrypted with a shift of 4 is ""THE""

Shift 5:
""XLI"" decrypted with a shift of 5 is ""SGD""

Based on the results of the Caesar cipher decryption attempts, the most meaningful decryption was achieved with a shift of 4, which produced the word ""THE"". Thus, it seems the ciphertext ""xli"" was encrypted with a Caesar cipher using a shift of 4.",1,0,"After trying different combinations, I wasn't able",0,2
xli,the,3,4,"After trying different combinations, I wasn't able to unscramble the ciphertext ""xli"" into a meaningful word. Now, I will try decrypting it using a Caesar cipher with different shifts.

Shift 1:
""XLI"" decrypted with a shift of 1 is ""WKH""

Shift 2:
""XLI"" decrypted with a shift of 2 is ""VJG""

Shift 3:
""XLI"" decrypted with a shift of 3 is ""UIF""

Shift 4:
""XLI"" decrypted with a shift of 4 is ""THE""

Shift 5:
""XLI"" decrypted with a shift of 5 is ""SGD""

Based on the results of the Caesar cipher decryption attempts, the most meaningful decryption was achieved with a shift of 4, which produced the word ""THE"". Thus, it seems the ciphertext ""xli"" was encrypted with a Caesar cipher using a shift of 4.",1,1,"After trying different combinations, I wasn't able to unscramble the ciphertext ""xli"" into a meaning",0,2
xli,the,3,4,"After trying different combinations, I wasn't able to unscramble the ciphertext ""xli"" into a meaningful word. Now, I will try decrypting it using a Caesar cipher with different shifts.

Shift 1:
""XLI"" decrypted with a shift of 1 is ""WKH""

Shift 2:
""XLI"" decrypted with a shift of 2 is ""VJG""

Shift 3:
""XLI"" decrypted with a shift of 3 is ""UIF""

Shift 4:
""XLI"" decrypted with a shift of 4 is ""THE""

Shift 5:
""XLI"" decrypted with a shift of 5 is ""SGD""

Based on the results of the Caesar cipher decryption attempts, the most meaningful decryption was achieved with a shift of 4, which produced the word ""THE"". Thus, it seems the ciphertext ""xli"" was encrypted with a Caesar cipher using a shift of 4.",1,2,"After trying different combinations, I wasn't able to unscramble the ciphertext ""xli"" into a meaningful word. Now, I will try decrypting it using a Ca",1,2
xli,the,3,4,"After trying different combinations, I wasn't able to unscramble the ciphertext ""xli"" into a meaningful word. Now, I will try decrypting it using a Caesar cipher with different shifts.

Shift 1:
""XLI"" decrypted with a shift of 1 is ""WKH""

Shift 2:
""XLI"" decrypted with a shift of 2 is ""VJG""

Shift 3:
""XLI"" decrypted with a shift of 3 is ""UIF""

Shift 4:
""XLI"" decrypted with a shift of 4 is ""THE""

Shift 5:
""XLI"" decrypted with a shift of 5 is ""SGD""

Based on the results of the Caesar cipher decryption attempts, the most meaningful decryption was achieved with a shift of 4, which produced the word ""THE"". Thus, it seems the ciphertext ""xli"" was encrypted with a Caesar cipher using a shift of 4.",1,3,"After trying different combinations, I wasn't able to unscramble the ciphertext ""xli"" into a meaningful word. Now, I will try decrypting it using a Caesar cipher with different shifts.

Shift 1:
""XLI""",1,2
xli,the,3,4,"After trying different combinations, I wasn't able to unscramble the ciphertext ""xli"" into a meaningful word. Now, I will try decrypting it using a Caesar cipher with different shifts.

Shift 1:
""XLI"" decrypted with a shift of 1 is ""WKH""

Shift 2:
""XLI"" decrypted with a shift of 2 is ""VJG""

Shift 3:
""XLI"" decrypted with a shift of 3 is ""UIF""

Shift 4:
""XLI"" decrypted with a shift of 4 is ""THE""

Shift 5:
""XLI"" decrypted with a shift of 5 is ""SGD""

Based on the results of the Caesar cipher decryption attempts, the most meaningful decryption was achieved with a shift of 4, which produced the word ""THE"". Thus, it seems the ciphertext ""xli"" was encrypted with a Caesar cipher using a shift of 4.",1,4,"After trying different combinations, I wasn't able to unscramble the ciphertext ""xli"" into a meaningful word. Now, I will try decrypting it using a Caesar cipher with different shifts.

Shift 1:
""XLI"" decrypted with a shift of 1 is ""WKH""

Shift 2:
""X",1,2
xli,the,3,4,"After trying different combinations, I wasn't able to unscramble the ciphertext ""xli"" into a meaningful word. Now, I will try decrypting it using a Caesar cipher with different shifts.

Shift 1:
""XLI"" decrypted with a shift of 1 is ""WKH""

Shift 2:
""XLI"" decrypted with a shift of 2 is ""VJG""

Shift 3:
""XLI"" decrypted with a shift of 3 is ""UIF""

Shift 4:
""XLI"" decrypted with a shift of 4 is ""THE""

Shift 5:
""XLI"" decrypted with a shift of 5 is ""SGD""

Based on the results of the Caesar cipher decryption attempts, the most meaningful decryption was achieved with a shift of 4, which produced the word ""THE"". Thus, it seems the ciphertext ""xli"" was encrypted with a Caesar cipher using a shift of 4.",1,5,"After trying different combinations, I wasn't able to unscramble the ciphertext ""xli"" into a meaningful word. Now, I will try decrypting it using a Caesar cipher with different shifts.

Shift 1:
""XLI"" decrypted with a shift of 1 is ""WKH""

Shift 2:
""XLI"" decrypted with a shift of 2 is ""VJG""

Shift 3:",1,2
xli,the,3,4,"After trying different combinations, I wasn't able to unscramble the ciphertext ""xli"" into a meaningful word. Now, I will try decrypting it using a Caesar cipher with different shifts.

Shift 1:
""XLI"" decrypted with a shift of 1 is ""WKH""

Shift 2:
""XLI"" decrypted with a shift of 2 is ""VJG""

Shift 3:
""XLI"" decrypted with a shift of 3 is ""UIF""

Shift 4:
""XLI"" decrypted with a shift of 4 is ""THE""

Shift 5:
""XLI"" decrypted with a shift of 5 is ""SGD""

Based on the results of the Caesar cipher decryption attempts, the most meaningful decryption was achieved with a shift of 4, which produced the word ""THE"". Thus, it seems the ciphertext ""xli"" was encrypted with a Caesar cipher using a shift of 4.",1,6,"After trying different combinations, I wasn't able to unscramble the ciphertext ""xli"" into a meaningful word. Now, I will try decrypting it using a Caesar cipher with different shifts.

Shift 1:
""XLI"" decrypted with a shift of 1 is ""WKH""

Shift 2:
""XLI"" decrypted with a shift of 2 is ""VJG""

Shift 3:
""XLI"" decrypted with a shift of 3 is ""UIF""

Shift",1,2
xli,the,3,4,"After trying different combinations, I wasn't able to unscramble the ciphertext ""xli"" into a meaningful word. Now, I will try decrypting it using a Caesar cipher with different shifts.

Shift 1:
""XLI"" decrypted with a shift of 1 is ""WKH""

Shift 2:
""XLI"" decrypted with a shift of 2 is ""VJG""

Shift 3:
""XLI"" decrypted with a shift of 3 is ""UIF""

Shift 4:
""XLI"" decrypted with a shift of 4 is ""THE""

Shift 5:
""XLI"" decrypted with a shift of 5 is ""SGD""

Based on the results of the Caesar cipher decryption attempts, the most meaningful decryption was achieved with a shift of 4, which produced the word ""THE"". Thus, it seems the ciphertext ""xli"" was encrypted with a Caesar cipher using a shift of 4.",1,7,"After trying different combinations, I wasn't able to unscramble the ciphertext ""xli"" into a meaningful word. Now, I will try decrypting it using a Caesar cipher with different shifts.

Shift 1:
""XLI"" decrypted with a shift of 1 is ""WKH""

Shift 2:
""XLI"" decrypted with a shift of 2 is ""VJG""

Shift 3:
""XLI"" decrypted with a shift of 3 is ""UIF""

Shift 4:
""XLI"" decrypted with a shift of 4 is ""THE""

Sh",1,2
xli,the,3,4,"After trying different combinations, I wasn't able to unscramble the ciphertext ""xli"" into a meaningful word. Now, I will try decrypting it using a Caesar cipher with different shifts.

Shift 1:
""XLI"" decrypted with a shift of 1 is ""WKH""

Shift 2:
""XLI"" decrypted with a shift of 2 is ""VJG""

Shift 3:
""XLI"" decrypted with a shift of 3 is ""UIF""

Shift 4:
""XLI"" decrypted with a shift of 4 is ""THE""

Shift 5:
""XLI"" decrypted with a shift of 5 is ""SGD""

Based on the results of the Caesar cipher decryption attempts, the most meaningful decryption was achieved with a shift of 4, which produced the word ""THE"". Thus, it seems the ciphertext ""xli"" was encrypted with a Caesar cipher using a shift of 4.",1,8,"After trying different combinations, I wasn't able to unscramble the ciphertext ""xli"" into a meaningful word. Now, I will try decrypting it using a Caesar cipher with different shifts.

Shift 1:
""XLI"" decrypted with a shift of 1 is ""WKH""

Shift 2:
""XLI"" decrypted with a shift of 2 is ""VJG""

Shift 3:
""XLI"" decrypted with a shift of 3 is ""UIF""

Shift 4:
""XLI"" decrypted with a shift of 4 is ""THE""

Shift 5:
""XLI"" decrypted with a shift of 5 is ""SGD""
",1,2
xli,the,3,4,"After trying different combinations, I wasn't able to unscramble the ciphertext ""xli"" into a meaningful word. Now, I will try decrypting it using a Caesar cipher with different shifts.

Shift 1:
""XLI"" decrypted with a shift of 1 is ""WKH""

Shift 2:
""XLI"" decrypted with a shift of 2 is ""VJG""

Shift 3:
""XLI"" decrypted with a shift of 3 is ""UIF""

Shift 4:
""XLI"" decrypted with a shift of 4 is ""THE""

Shift 5:
""XLI"" decrypted with a shift of 5 is ""SGD""

Based on the results of the Caesar cipher decryption attempts, the most meaningful decryption was achieved with a shift of 4, which produced the word ""THE"". Thus, it seems the ciphertext ""xli"" was encrypted with a Caesar cipher using a shift of 4.",1,9,"After trying different combinations, I wasn't able to unscramble the ciphertext ""xli"" into a meaningful word. Now, I will try decrypting it using a Caesar cipher with different shifts.

Shift 1:
""XLI"" decrypted with a shift of 1 is ""WKH""

Shift 2:
""XLI"" decrypted with a shift of 2 is ""VJG""

Shift 3:
""XLI"" decrypted with a shift of 3 is ""UIF""

Shift 4:
""XLI"" decrypted with a shift of 4 is ""THE""

Shift 5:
""XLI"" decrypted with a shift of 5 is ""SGD""

Based on the results of the Caesar cipher decrypt",1,2
xli,the,3,4,"After trying different combinations, I wasn't able to unscramble the ciphertext ""xli"" into a meaningful word. Now, I will try decrypting it using a Caesar cipher with different shifts.

Shift 1:
""XLI"" decrypted with a shift of 1 is ""WKH""

Shift 2:
""XLI"" decrypted with a shift of 2 is ""VJG""

Shift 3:
""XLI"" decrypted with a shift of 3 is ""UIF""

Shift 4:
""XLI"" decrypted with a shift of 4 is ""THE""

Shift 5:
""XLI"" decrypted with a shift of 5 is ""SGD""

Based on the results of the Caesar cipher decryption attempts, the most meaningful decryption was achieved with a shift of 4, which produced the word ""THE"". Thus, it seems the ciphertext ""xli"" was encrypted with a Caesar cipher using a shift of 4.",1,10,"After trying different combinations, I wasn't able to unscramble the ciphertext ""xli"" into a meaningful word. Now, I will try decrypting it using a Caesar cipher with different shifts.

Shift 1:
""XLI"" decrypted with a shift of 1 is ""WKH""

Shift 2:
""XLI"" decrypted with a shift of 2 is ""VJG""

Shift 3:
""XLI"" decrypted with a shift of 3 is ""UIF""

Shift 4:
""XLI"" decrypted with a shift of 4 is ""THE""

Shift 5:
""XLI"" decrypted with a shift of 5 is ""SGD""

Based on the results of the Caesar cipher decryption attempts, the most meaningful decryption was a",1,2
xli,the,3,4,"After trying different combinations, I wasn't able to unscramble the ciphertext ""xli"" into a meaningful word. Now, I will try decrypting it using a Caesar cipher with different shifts.

Shift 1:
""XLI"" decrypted with a shift of 1 is ""WKH""

Shift 2:
""XLI"" decrypted with a shift of 2 is ""VJG""

Shift 3:
""XLI"" decrypted with a shift of 3 is ""UIF""

Shift 4:
""XLI"" decrypted with a shift of 4 is ""THE""

Shift 5:
""XLI"" decrypted with a shift of 5 is ""SGD""

Based on the results of the Caesar cipher decryption attempts, the most meaningful decryption was achieved with a shift of 4, which produced the word ""THE"". Thus, it seems the ciphertext ""xli"" was encrypted with a Caesar cipher using a shift of 4.",1,11,"After trying different combinations, I wasn't able to unscramble the ciphertext ""xli"" into a meaningful word. Now, I will try decrypting it using a Caesar cipher with different shifts.

Shift 1:
""XLI"" decrypted with a shift of 1 is ""WKH""

Shift 2:
""XLI"" decrypted with a shift of 2 is ""VJG""

Shift 3:
""XLI"" decrypted with a shift of 3 is ""UIF""

Shift 4:
""XLI"" decrypted with a shift of 4 is ""THE""

Shift 5:
""XLI"" decrypted with a shift of 5 is ""SGD""

Based on the results of the Caesar cipher decryption attempts, the most meaningful decryption was achieved with a shift of 4, which produced the word",1,2
xli,the,3,4,"After trying different combinations, I wasn't able to unscramble the ciphertext ""xli"" into a meaningful word. Now, I will try decrypting it using a Caesar cipher with different shifts.

Shift 1:
""XLI"" decrypted with a shift of 1 is ""WKH""

Shift 2:
""XLI"" decrypted with a shift of 2 is ""VJG""

Shift 3:
""XLI"" decrypted with a shift of 3 is ""UIF""

Shift 4:
""XLI"" decrypted with a shift of 4 is ""THE""

Shift 5:
""XLI"" decrypted with a shift of 5 is ""SGD""

Based on the results of the Caesar cipher decryption attempts, the most meaningful decryption was achieved with a shift of 4, which produced the word ""THE"". Thus, it seems the ciphertext ""xli"" was encrypted with a Caesar cipher using a shift of 4.",1,12,"After trying different combinations, I wasn't able to unscramble the ciphertext ""xli"" into a meaningful word. Now, I will try decrypting it using a Caesar cipher with different shifts.

Shift 1:
""XLI"" decrypted with a shift of 1 is ""WKH""

Shift 2:
""XLI"" decrypted with a shift of 2 is ""VJG""

Shift 3:
""XLI"" decrypted with a shift of 3 is ""UIF""

Shift 4:
""XLI"" decrypted with a shift of 4 is ""THE""

Shift 5:
""XLI"" decrypted with a shift of 5 is ""SGD""

Based on the results of the Caesar cipher decryption attempts, the most meaningful decryption was achieved with a shift of 4, which produced the word ""THE"". Thus, it seems the ciphertext ""xli"" was en",1,2
xli,the,3,4,"After trying different combinations, I wasn't able to unscramble the ciphertext ""xli"" into a meaningful word. Now, I will try decrypting it using a Caesar cipher with different shifts.

Shift 1:
""XLI"" decrypted with a shift of 1 is ""WKH""

Shift 2:
""XLI"" decrypted with a shift of 2 is ""VJG""

Shift 3:
""XLI"" decrypted with a shift of 3 is ""UIF""

Shift 4:
""XLI"" decrypted with a shift of 4 is ""THE""

Shift 5:
""XLI"" decrypted with a shift of 5 is ""SGD""

Based on the results of the Caesar cipher decryption attempts, the most meaningful decryption was achieved with a shift of 4, which produced the word ""THE"". Thus, it seems the ciphertext ""xli"" was encrypted with a Caesar cipher using a shift of 4.",1,13,"After trying different combinations, I wasn't able to unscramble the ciphertext ""xli"" into a meaningful word. Now, I will try decrypting it using a Caesar cipher with different shifts.

Shift 1:
""XLI"" decrypted with a shift of 1 is ""WKH""

Shift 2:
""XLI"" decrypted with a shift of 2 is ""VJG""

Shift 3:
""XLI"" decrypted with a shift of 3 is ""UIF""

Shift 4:
""XLI"" decrypted with a shift of 4 is ""THE""

Shift 5:
""XLI"" decrypted with a shift of 5 is ""SGD""

Based on the results of the Caesar cipher decryption attempts, the most meaningful decryption was achieved with a shift of 4, which produced the word ""THE"". Thus, it seems the ciphertext ""xli"" was encrypted with a Caesar cipher using a shift of 4.",1,2
xli,the,3,4,"For the anagram ""xli"", there are only 6 possible combinations to try:

1. xil
2. xli
3. ilx
4. ilx
5. lxi
6. lix

None of these combinations seem to make sense. Let's try treating it as a Caesar cipher and try decrypting it with different shifts.

Shift 1:
- x -> w
- l -> k
- i -> h

Decrypted text: wkh

Shift 2:
- x -> v
- l -> j
- i -> g

Decrypted text: vjg

Shift 3:
- x -> u
- l -> i
- i -> f

Decrypted text: uif

Shift 4:
- x -> t
- l -> h
- i -> e

Decrypted text: the

Shift 5:
- x -> s
- l -> g
- i -> d

Decrypted text: sgd

It seems that by using a Caesar shift of 4, we were able to decrypt the message to ""the"". So, the original message is likely ""the"" with a Caesar shift of 4.",1,0,"For the anagram ""xli"", there are only 6 possible c",0,3
xli,the,3,4,"For the anagram ""xli"", there are only 6 possible combinations to try:

1. xil
2. xli
3. ilx
4. ilx
5. lxi
6. lix

None of these combinations seem to make sense. Let's try treating it as a Caesar cipher and try decrypting it with different shifts.

Shift 1:
- x -> w
- l -> k
- i -> h

Decrypted text: wkh

Shift 2:
- x -> v
- l -> j
- i -> g

Decrypted text: vjg

Shift 3:
- x -> u
- l -> i
- i -> f

Decrypted text: uif

Shift 4:
- x -> t
- l -> h
- i -> e

Decrypted text: the

Shift 5:
- x -> s
- l -> g
- i -> d

Decrypted text: sgd

It seems that by using a Caesar shift of 4, we were able to decrypt the message to ""the"". So, the original message is likely ""the"" with a Caesar shift of 4.",1,1,"For the anagram ""xli"", there are only 6 possible combinations to try:

1. xil
2. xli
3. ilx
4. ilx
5",0,3
xli,the,3,4,"For the anagram ""xli"", there are only 6 possible combinations to try:

1. xil
2. xli
3. ilx
4. ilx
5. lxi
6. lix

None of these combinations seem to make sense. Let's try treating it as a Caesar cipher and try decrypting it with different shifts.

Shift 1:
- x -> w
- l -> k
- i -> h

Decrypted text: wkh

Shift 2:
- x -> v
- l -> j
- i -> g

Decrypted text: vjg

Shift 3:
- x -> u
- l -> i
- i -> f

Decrypted text: uif

Shift 4:
- x -> t
- l -> h
- i -> e

Decrypted text: the

Shift 5:
- x -> s
- l -> g
- i -> d

Decrypted text: sgd

It seems that by using a Caesar shift of 4, we were able to decrypt the message to ""the"". So, the original message is likely ""the"" with a Caesar shift of 4.",1,2,"For the anagram ""xli"", there are only 6 possible combinations to try:

1. xil
2. xli
3. ilx
4. ilx
5. lxi
6. lix

None of these combinations seem to m",0,3
xli,the,3,4,"For the anagram ""xli"", there are only 6 possible combinations to try:

1. xil
2. xli
3. ilx
4. ilx
5. lxi
6. lix

None of these combinations seem to make sense. Let's try treating it as a Caesar cipher and try decrypting it with different shifts.

Shift 1:
- x -> w
- l -> k
- i -> h

Decrypted text: wkh

Shift 2:
- x -> v
- l -> j
- i -> g

Decrypted text: vjg

Shift 3:
- x -> u
- l -> i
- i -> f

Decrypted text: uif

Shift 4:
- x -> t
- l -> h
- i -> e

Decrypted text: the

Shift 5:
- x -> s
- l -> g
- i -> d

Decrypted text: sgd

It seems that by using a Caesar shift of 4, we were able to decrypt the message to ""the"". So, the original message is likely ""the"" with a Caesar shift of 4.",1,3,"For the anagram ""xli"", there are only 6 possible combinations to try:

1. xil
2. xli
3. ilx
4. ilx
5. lxi
6. lix

None of these combinations seem to make sense. Let's try treating it as a Caesar ciphe",1,3
xli,the,3,4,"For the anagram ""xli"", there are only 6 possible combinations to try:

1. xil
2. xli
3. ilx
4. ilx
5. lxi
6. lix

None of these combinations seem to make sense. Let's try treating it as a Caesar cipher and try decrypting it with different shifts.

Shift 1:
- x -> w
- l -> k
- i -> h

Decrypted text: wkh

Shift 2:
- x -> v
- l -> j
- i -> g

Decrypted text: vjg

Shift 3:
- x -> u
- l -> i
- i -> f

Decrypted text: uif

Shift 4:
- x -> t
- l -> h
- i -> e

Decrypted text: the

Shift 5:
- x -> s
- l -> g
- i -> d

Decrypted text: sgd

It seems that by using a Caesar shift of 4, we were able to decrypt the message to ""the"". So, the original message is likely ""the"" with a Caesar shift of 4.",1,4,"For the anagram ""xli"", there are only 6 possible combinations to try:

1. xil
2. xli
3. ilx
4. ilx
5. lxi
6. lix

None of these combinations seem to make sense. Let's try treating it as a Caesar cipher and try decrypting it with different shifts.

Sh",1,3
xli,the,3,4,"For the anagram ""xli"", there are only 6 possible combinations to try:

1. xil
2. xli
3. ilx
4. ilx
5. lxi
6. lix

None of these combinations seem to make sense. Let's try treating it as a Caesar cipher and try decrypting it with different shifts.

Shift 1:
- x -> w
- l -> k
- i -> h

Decrypted text: wkh

Shift 2:
- x -> v
- l -> j
- i -> g

Decrypted text: vjg

Shift 3:
- x -> u
- l -> i
- i -> f

Decrypted text: uif

Shift 4:
- x -> t
- l -> h
- i -> e

Decrypted text: the

Shift 5:
- x -> s
- l -> g
- i -> d

Decrypted text: sgd

It seems that by using a Caesar shift of 4, we were able to decrypt the message to ""the"". So, the original message is likely ""the"" with a Caesar shift of 4.",1,5,"For the anagram ""xli"", there are only 6 possible combinations to try:

1. xil
2. xli
3. ilx
4. ilx
5. lxi
6. lix

None of these combinations seem to make sense. Let's try treating it as a Caesar cipher and try decrypting it with different shifts.

Shift 1:
- x -> w
- l -> k
- i -> h

Decrypted text:",1,3
xli,the,3,4,"For the anagram ""xli"", there are only 6 possible combinations to try:

1. xil
2. xli
3. ilx
4. ilx
5. lxi
6. lix

None of these combinations seem to make sense. Let's try treating it as a Caesar cipher and try decrypting it with different shifts.

Shift 1:
- x -> w
- l -> k
- i -> h

Decrypted text: wkh

Shift 2:
- x -> v
- l -> j
- i -> g

Decrypted text: vjg

Shift 3:
- x -> u
- l -> i
- i -> f

Decrypted text: uif

Shift 4:
- x -> t
- l -> h
- i -> e

Decrypted text: the

Shift 5:
- x -> s
- l -> g
- i -> d

Decrypted text: sgd

It seems that by using a Caesar shift of 4, we were able to decrypt the message to ""the"". So, the original message is likely ""the"" with a Caesar shift of 4.",1,6,"For the anagram ""xli"", there are only 6 possible combinations to try:

1. xil
2. xli
3. ilx
4. ilx
5. lxi
6. lix

None of these combinations seem to make sense. Let's try treating it as a Caesar cipher and try decrypting it with different shifts.

Shift 1:
- x -> w
- l -> k
- i -> h

Decrypted text: wkh

Shift 2:
- x -> v
- l -> j
- i -> g

Decrypt",1,3
xli,the,3,4,"For the anagram ""xli"", there are only 6 possible combinations to try:

1. xil
2. xli
3. ilx
4. ilx
5. lxi
6. lix

None of these combinations seem to make sense. Let's try treating it as a Caesar cipher and try decrypting it with different shifts.

Shift 1:
- x -> w
- l -> k
- i -> h

Decrypted text: wkh

Shift 2:
- x -> v
- l -> j
- i -> g

Decrypted text: vjg

Shift 3:
- x -> u
- l -> i
- i -> f

Decrypted text: uif

Shift 4:
- x -> t
- l -> h
- i -> e

Decrypted text: the

Shift 5:
- x -> s
- l -> g
- i -> d

Decrypted text: sgd

It seems that by using a Caesar shift of 4, we were able to decrypt the message to ""the"". So, the original message is likely ""the"" with a Caesar shift of 4.",1,7,"For the anagram ""xli"", there are only 6 possible combinations to try:

1. xil
2. xli
3. ilx
4. ilx
5. lxi
6. lix

None of these combinations seem to make sense. Let's try treating it as a Caesar cipher and try decrypting it with different shifts.

Shift 1:
- x -> w
- l -> k
- i -> h

Decrypted text: wkh

Shift 2:
- x -> v
- l -> j
- i -> g

Decrypted text: vjg

Shift 3:
- x -> u
- l -> i
- i -> f
",1,3
xli,the,3,4,"For the anagram ""xli"", there are only 6 possible combinations to try:

1. xil
2. xli
3. ilx
4. ilx
5. lxi
6. lix

None of these combinations seem to make sense. Let's try treating it as a Caesar cipher and try decrypting it with different shifts.

Shift 1:
- x -> w
- l -> k
- i -> h

Decrypted text: wkh

Shift 2:
- x -> v
- l -> j
- i -> g

Decrypted text: vjg

Shift 3:
- x -> u
- l -> i
- i -> f

Decrypted text: uif

Shift 4:
- x -> t
- l -> h
- i -> e

Decrypted text: the

Shift 5:
- x -> s
- l -> g
- i -> d

Decrypted text: sgd

It seems that by using a Caesar shift of 4, we were able to decrypt the message to ""the"". So, the original message is likely ""the"" with a Caesar shift of 4.",1,8,"For the anagram ""xli"", there are only 6 possible combinations to try:

1. xil
2. xli
3. ilx
4. ilx
5. lxi
6. lix

None of these combinations seem to make sense. Let's try treating it as a Caesar cipher and try decrypting it with different shifts.

Shift 1:
- x -> w
- l -> k
- i -> h

Decrypted text: wkh

Shift 2:
- x -> v
- l -> j
- i -> g

Decrypted text: vjg

Shift 3:
- x -> u
- l -> i
- i -> f

Decrypted text: uif

Shift 4:
- x -> t
- l -> h
-",1,3
xli,the,3,4,"For the anagram ""xli"", there are only 6 possible combinations to try:

1. xil
2. xli
3. ilx
4. ilx
5. lxi
6. lix

None of these combinations seem to make sense. Let's try treating it as a Caesar cipher and try decrypting it with different shifts.

Shift 1:
- x -> w
- l -> k
- i -> h

Decrypted text: wkh

Shift 2:
- x -> v
- l -> j
- i -> g

Decrypted text: vjg

Shift 3:
- x -> u
- l -> i
- i -> f

Decrypted text: uif

Shift 4:
- x -> t
- l -> h
- i -> e

Decrypted text: the

Shift 5:
- x -> s
- l -> g
- i -> d

Decrypted text: sgd

It seems that by using a Caesar shift of 4, we were able to decrypt the message to ""the"". So, the original message is likely ""the"" with a Caesar shift of 4.",1,9,"For the anagram ""xli"", there are only 6 possible combinations to try:

1. xil
2. xli
3. ilx
4. ilx
5. lxi
6. lix

None of these combinations seem to make sense. Let's try treating it as a Caesar cipher and try decrypting it with different shifts.

Shift 1:
- x -> w
- l -> k
- i -> h

Decrypted text: wkh

Shift 2:
- x -> v
- l -> j
- i -> g

Decrypted text: vjg

Shift 3:
- x -> u
- l -> i
- i -> f

Decrypted text: uif

Shift 4:
- x -> t
- l -> h
- i -> e

Decrypted text: the

Shift 5:
- x -> s
- ",1,3
xli,the,3,4,"For the anagram ""xli"", there are only 6 possible combinations to try:

1. xil
2. xli
3. ilx
4. ilx
5. lxi
6. lix

None of these combinations seem to make sense. Let's try treating it as a Caesar cipher and try decrypting it with different shifts.

Shift 1:
- x -> w
- l -> k
- i -> h

Decrypted text: wkh

Shift 2:
- x -> v
- l -> j
- i -> g

Decrypted text: vjg

Shift 3:
- x -> u
- l -> i
- i -> f

Decrypted text: uif

Shift 4:
- x -> t
- l -> h
- i -> e

Decrypted text: the

Shift 5:
- x -> s
- l -> g
- i -> d

Decrypted text: sgd

It seems that by using a Caesar shift of 4, we were able to decrypt the message to ""the"". So, the original message is likely ""the"" with a Caesar shift of 4.",1,10,"For the anagram ""xli"", there are only 6 possible combinations to try:

1. xil
2. xli
3. ilx
4. ilx
5. lxi
6. lix

None of these combinations seem to make sense. Let's try treating it as a Caesar cipher and try decrypting it with different shifts.

Shift 1:
- x -> w
- l -> k
- i -> h

Decrypted text: wkh

Shift 2:
- x -> v
- l -> j
- i -> g

Decrypted text: vjg

Shift 3:
- x -> u
- l -> i
- i -> f

Decrypted text: uif

Shift 4:
- x -> t
- l -> h
- i -> e

Decrypted text: the

Shift 5:
- x -> s
- l -> g
- i -> d

Decrypted text: sgd

It seems tha",1,3
xli,the,3,4,"For the anagram ""xli"", there are only 6 possible combinations to try:

1. xil
2. xli
3. ilx
4. ilx
5. lxi
6. lix

None of these combinations seem to make sense. Let's try treating it as a Caesar cipher and try decrypting it with different shifts.

Shift 1:
- x -> w
- l -> k
- i -> h

Decrypted text: wkh

Shift 2:
- x -> v
- l -> j
- i -> g

Decrypted text: vjg

Shift 3:
- x -> u
- l -> i
- i -> f

Decrypted text: uif

Shift 4:
- x -> t
- l -> h
- i -> e

Decrypted text: the

Shift 5:
- x -> s
- l -> g
- i -> d

Decrypted text: sgd

It seems that by using a Caesar shift of 4, we were able to decrypt the message to ""the"". So, the original message is likely ""the"" with a Caesar shift of 4.",1,11,"For the anagram ""xli"", there are only 6 possible combinations to try:

1. xil
2. xli
3. ilx
4. ilx
5. lxi
6. lix

None of these combinations seem to make sense. Let's try treating it as a Caesar cipher and try decrypting it with different shifts.

Shift 1:
- x -> w
- l -> k
- i -> h

Decrypted text: wkh

Shift 2:
- x -> v
- l -> j
- i -> g

Decrypted text: vjg

Shift 3:
- x -> u
- l -> i
- i -> f

Decrypted text: uif

Shift 4:
- x -> t
- l -> h
- i -> e

Decrypted text: the

Shift 5:
- x -> s
- l -> g
- i -> d

Decrypted text: sgd

It seems that by using a Caesar shift of 4, we were able to de",1,3
xli,the,3,4,"For the anagram ""xli"", there are only 6 possible combinations to try:

1. xil
2. xli
3. ilx
4. ilx
5. lxi
6. lix

None of these combinations seem to make sense. Let's try treating it as a Caesar cipher and try decrypting it with different shifts.

Shift 1:
- x -> w
- l -> k
- i -> h

Decrypted text: wkh

Shift 2:
- x -> v
- l -> j
- i -> g

Decrypted text: vjg

Shift 3:
- x -> u
- l -> i
- i -> f

Decrypted text: uif

Shift 4:
- x -> t
- l -> h
- i -> e

Decrypted text: the

Shift 5:
- x -> s
- l -> g
- i -> d

Decrypted text: sgd

It seems that by using a Caesar shift of 4, we were able to decrypt the message to ""the"". So, the original message is likely ""the"" with a Caesar shift of 4.",1,12,"For the anagram ""xli"", there are only 6 possible combinations to try:

1. xil
2. xli
3. ilx
4. ilx
5. lxi
6. lix

None of these combinations seem to make sense. Let's try treating it as a Caesar cipher and try decrypting it with different shifts.

Shift 1:
- x -> w
- l -> k
- i -> h

Decrypted text: wkh

Shift 2:
- x -> v
- l -> j
- i -> g

Decrypted text: vjg

Shift 3:
- x -> u
- l -> i
- i -> f

Decrypted text: uif

Shift 4:
- x -> t
- l -> h
- i -> e

Decrypted text: the

Shift 5:
- x -> s
- l -> g
- i -> d

Decrypted text: sgd

It seems that by using a Caesar shift of 4, we were able to decrypt the message to ""the"". So, the original messa",1,3
xli,the,3,4,"For the anagram ""xli"", there are only 6 possible combinations to try:

1. xil
2. xli
3. ilx
4. ilx
5. lxi
6. lix

None of these combinations seem to make sense. Let's try treating it as a Caesar cipher and try decrypting it with different shifts.

Shift 1:
- x -> w
- l -> k
- i -> h

Decrypted text: wkh

Shift 2:
- x -> v
- l -> j
- i -> g

Decrypted text: vjg

Shift 3:
- x -> u
- l -> i
- i -> f

Decrypted text: uif

Shift 4:
- x -> t
- l -> h
- i -> e

Decrypted text: the

Shift 5:
- x -> s
- l -> g
- i -> d

Decrypted text: sgd

It seems that by using a Caesar shift of 4, we were able to decrypt the message to ""the"". So, the original message is likely ""the"" with a Caesar shift of 4.",1,13,"For the anagram ""xli"", there are only 6 possible combinations to try:

1. xil
2. xli
3. ilx
4. ilx
5. lxi
6. lix

None of these combinations seem to make sense. Let's try treating it as a Caesar cipher and try decrypting it with different shifts.

Shift 1:
- x -> w
- l -> k
- i -> h

Decrypted text: wkh

Shift 2:
- x -> v
- l -> j
- i -> g

Decrypted text: vjg

Shift 3:
- x -> u
- l -> i
- i -> f

Decrypted text: uif

Shift 4:
- x -> t
- l -> h
- i -> e

Decrypted text: the

Shift 5:
- x -> s
- l -> g
- i -> d

Decrypted text: sgd

It seems that by using a Caesar shift of 4, we were able to decrypt the message to ""the"". So, the original message is likely ""the"" with a Caesar shift of 4.",1,3
flt,ago,3,5,"As an anagram: 
1. flt --> lft
2. flt --> tlf
3. flt --> ltf

Since unscrambling the ciphertext as an anagram did not reveal any meaningful word, I will proceed by assuming it's a Caesar cipher and try decrypting it with at least 5 different shifts.

Caesar cipher decrypt attempts:
1. Shift 1: flt --> eks
2. Shift 2: flt --> djr
3. Shift 3: flt --> ciq
4. Shift 4: flt --> bhp
5. Shift 5: flt --> ago

Based on these attempts, it appears that the decrypted text is not meaningful with any Caesar shift. This may suggest that the original ciphertext was not encrypted using a Caesar cipher.",1,0,"As an anagram: 
1. flt --> lft
2. flt --> tlf
3. f",0,3
flt,ago,3,5,"As an anagram: 
1. flt --> lft
2. flt --> tlf
3. flt --> ltf

Since unscrambling the ciphertext as an anagram did not reveal any meaningful word, I will proceed by assuming it's a Caesar cipher and try decrypting it with at least 5 different shifts.

Caesar cipher decrypt attempts:
1. Shift 1: flt --> eks
2. Shift 2: flt --> djr
3. Shift 3: flt --> ciq
4. Shift 4: flt --> bhp
5. Shift 5: flt --> ago

Based on these attempts, it appears that the decrypted text is not meaningful with any Caesar shift. This may suggest that the original ciphertext was not encrypted using a Caesar cipher.",1,1,"As an anagram: 
1. flt --> lft
2. flt --> tlf
3. flt --> ltf

Since unscrambling the ciphertext as a",0,3
flt,ago,3,5,"As an anagram: 
1. flt --> lft
2. flt --> tlf
3. flt --> ltf

Since unscrambling the ciphertext as an anagram did not reveal any meaningful word, I will proceed by assuming it's a Caesar cipher and try decrypting it with at least 5 different shifts.

Caesar cipher decrypt attempts:
1. Shift 1: flt --> eks
2. Shift 2: flt --> djr
3. Shift 3: flt --> ciq
4. Shift 4: flt --> bhp
5. Shift 5: flt --> ago

Based on these attempts, it appears that the decrypted text is not meaningful with any Caesar shift. This may suggest that the original ciphertext was not encrypted using a Caesar cipher.",1,2,"As an anagram: 
1. flt --> lft
2. flt --> tlf
3. flt --> ltf

Since unscrambling the ciphertext as an anagram did not reveal any meaningful word, I wi",0,3
flt,ago,3,5,"As an anagram: 
1. flt --> lft
2. flt --> tlf
3. flt --> ltf

Since unscrambling the ciphertext as an anagram did not reveal any meaningful word, I will proceed by assuming it's a Caesar cipher and try decrypting it with at least 5 different shifts.

Caesar cipher decrypt attempts:
1. Shift 1: flt --> eks
2. Shift 2: flt --> djr
3. Shift 3: flt --> ciq
4. Shift 4: flt --> bhp
5. Shift 5: flt --> ago

Based on these attempts, it appears that the decrypted text is not meaningful with any Caesar shift. This may suggest that the original ciphertext was not encrypted using a Caesar cipher.",1,3,"As an anagram: 
1. flt --> lft
2. flt --> tlf
3. flt --> ltf

Since unscrambling the ciphertext as an anagram did not reveal any meaningful word, I will proceed by assuming it's a Caesar cipher and tr",1,3
flt,ago,3,5,"As an anagram: 
1. flt --> lft
2. flt --> tlf
3. flt --> ltf

Since unscrambling the ciphertext as an anagram did not reveal any meaningful word, I will proceed by assuming it's a Caesar cipher and try decrypting it with at least 5 different shifts.

Caesar cipher decrypt attempts:
1. Shift 1: flt --> eks
2. Shift 2: flt --> djr
3. Shift 3: flt --> ciq
4. Shift 4: flt --> bhp
5. Shift 5: flt --> ago

Based on these attempts, it appears that the decrypted text is not meaningful with any Caesar shift. This may suggest that the original ciphertext was not encrypted using a Caesar cipher.",1,4,"As an anagram: 
1. flt --> lft
2. flt --> tlf
3. flt --> ltf

Since unscrambling the ciphertext as an anagram did not reveal any meaningful word, I will proceed by assuming it's a Caesar cipher and try decrypting it with at least 5 different shifts.
",1,3
flt,ago,3,5,"As an anagram: 
1. flt --> lft
2. flt --> tlf
3. flt --> ltf

Since unscrambling the ciphertext as an anagram did not reveal any meaningful word, I will proceed by assuming it's a Caesar cipher and try decrypting it with at least 5 different shifts.

Caesar cipher decrypt attempts:
1. Shift 1: flt --> eks
2. Shift 2: flt --> djr
3. Shift 3: flt --> ciq
4. Shift 4: flt --> bhp
5. Shift 5: flt --> ago

Based on these attempts, it appears that the decrypted text is not meaningful with any Caesar shift. This may suggest that the original ciphertext was not encrypted using a Caesar cipher.",1,5,"As an anagram: 
1. flt --> lft
2. flt --> tlf
3. flt --> ltf

Since unscrambling the ciphertext as an anagram did not reveal any meaningful word, I will proceed by assuming it's a Caesar cipher and try decrypting it with at least 5 different shifts.

Caesar cipher decrypt attempts:
1. Shift 1: flt -",1,3
flt,ago,3,5,"As an anagram: 
1. flt --> lft
2. flt --> tlf
3. flt --> ltf

Since unscrambling the ciphertext as an anagram did not reveal any meaningful word, I will proceed by assuming it's a Caesar cipher and try decrypting it with at least 5 different shifts.

Caesar cipher decrypt attempts:
1. Shift 1: flt --> eks
2. Shift 2: flt --> djr
3. Shift 3: flt --> ciq
4. Shift 4: flt --> bhp
5. Shift 5: flt --> ago

Based on these attempts, it appears that the decrypted text is not meaningful with any Caesar shift. This may suggest that the original ciphertext was not encrypted using a Caesar cipher.",1,6,"As an anagram: 
1. flt --> lft
2. flt --> tlf
3. flt --> ltf

Since unscrambling the ciphertext as an anagram did not reveal any meaningful word, I will proceed by assuming it's a Caesar cipher and try decrypting it with at least 5 different shifts.

Caesar cipher decrypt attempts:
1. Shift 1: flt --> eks
2. Shift 2: flt --> djr
3. Shift 3: flt -->",1,3
flt,ago,3,5,"As an anagram: 
1. flt --> lft
2. flt --> tlf
3. flt --> ltf

Since unscrambling the ciphertext as an anagram did not reveal any meaningful word, I will proceed by assuming it's a Caesar cipher and try decrypting it with at least 5 different shifts.

Caesar cipher decrypt attempts:
1. Shift 1: flt --> eks
2. Shift 2: flt --> djr
3. Shift 3: flt --> ciq
4. Shift 4: flt --> bhp
5. Shift 5: flt --> ago

Based on these attempts, it appears that the decrypted text is not meaningful with any Caesar shift. This may suggest that the original ciphertext was not encrypted using a Caesar cipher.",1,7,"As an anagram: 
1. flt --> lft
2. flt --> tlf
3. flt --> ltf

Since unscrambling the ciphertext as an anagram did not reveal any meaningful word, I will proceed by assuming it's a Caesar cipher and try decrypting it with at least 5 different shifts.

Caesar cipher decrypt attempts:
1. Shift 1: flt --> eks
2. Shift 2: flt --> djr
3. Shift 3: flt --> ciq
4. Shift 4: flt --> bhp
5. Shift 5: flt --> a",1,3
flt,ago,3,5,"As an anagram: 
1. flt --> lft
2. flt --> tlf
3. flt --> ltf

Since unscrambling the ciphertext as an anagram did not reveal any meaningful word, I will proceed by assuming it's a Caesar cipher and try decrypting it with at least 5 different shifts.

Caesar cipher decrypt attempts:
1. Shift 1: flt --> eks
2. Shift 2: flt --> djr
3. Shift 3: flt --> ciq
4. Shift 4: flt --> bhp
5. Shift 5: flt --> ago

Based on these attempts, it appears that the decrypted text is not meaningful with any Caesar shift. This may suggest that the original ciphertext was not encrypted using a Caesar cipher.",1,8,"As an anagram: 
1. flt --> lft
2. flt --> tlf
3. flt --> ltf

Since unscrambling the ciphertext as an anagram did not reveal any meaningful word, I will proceed by assuming it's a Caesar cipher and try decrypting it with at least 5 different shifts.

Caesar cipher decrypt attempts:
1. Shift 1: flt --> eks
2. Shift 2: flt --> djr
3. Shift 3: flt --> ciq
4. Shift 4: flt --> bhp
5. Shift 5: flt --> ago

Based on these attempts, it appears that the d",1,3
flt,ago,3,5,"As an anagram: 
1. flt --> lft
2. flt --> tlf
3. flt --> ltf

Since unscrambling the ciphertext as an anagram did not reveal any meaningful word, I will proceed by assuming it's a Caesar cipher and try decrypting it with at least 5 different shifts.

Caesar cipher decrypt attempts:
1. Shift 1: flt --> eks
2. Shift 2: flt --> djr
3. Shift 3: flt --> ciq
4. Shift 4: flt --> bhp
5. Shift 5: flt --> ago

Based on these attempts, it appears that the decrypted text is not meaningful with any Caesar shift. This may suggest that the original ciphertext was not encrypted using a Caesar cipher.",1,9,"As an anagram: 
1. flt --> lft
2. flt --> tlf
3. flt --> ltf

Since unscrambling the ciphertext as an anagram did not reveal any meaningful word, I will proceed by assuming it's a Caesar cipher and try decrypting it with at least 5 different shifts.

Caesar cipher decrypt attempts:
1. Shift 1: flt --> eks
2. Shift 2: flt --> djr
3. Shift 3: flt --> ciq
4. Shift 4: flt --> bhp
5. Shift 5: flt --> ago

Based on these attempts, it appears that the decrypted text is not meaningful with any Caesar sh",1,3
flt,ago,3,5,"As an anagram: 
1. flt --> lft
2. flt --> tlf
3. flt --> ltf

Since unscrambling the ciphertext as an anagram did not reveal any meaningful word, I will proceed by assuming it's a Caesar cipher and try decrypting it with at least 5 different shifts.

Caesar cipher decrypt attempts:
1. Shift 1: flt --> eks
2. Shift 2: flt --> djr
3. Shift 3: flt --> ciq
4. Shift 4: flt --> bhp
5. Shift 5: flt --> ago

Based on these attempts, it appears that the decrypted text is not meaningful with any Caesar shift. This may suggest that the original ciphertext was not encrypted using a Caesar cipher.",1,10,"As an anagram: 
1. flt --> lft
2. flt --> tlf
3. flt --> ltf

Since unscrambling the ciphertext as an anagram did not reveal any meaningful word, I will proceed by assuming it's a Caesar cipher and try decrypting it with at least 5 different shifts.

Caesar cipher decrypt attempts:
1. Shift 1: flt --> eks
2. Shift 2: flt --> djr
3. Shift 3: flt --> ciq
4. Shift 4: flt --> bhp
5. Shift 5: flt --> ago

Based on these attempts, it appears that the decrypted text is not meaningful with any Caesar shift. This may suggest that the original ciphertext",1,3
flt,ago,3,5,"As an anagram: 
1. flt --> lft
2. flt --> tlf
3. flt --> ltf

Since unscrambling the ciphertext as an anagram did not reveal any meaningful word, I will proceed by assuming it's a Caesar cipher and try decrypting it with at least 5 different shifts.

Caesar cipher decrypt attempts:
1. Shift 1: flt --> eks
2. Shift 2: flt --> djr
3. Shift 3: flt --> ciq
4. Shift 4: flt --> bhp
5. Shift 5: flt --> ago

Based on these attempts, it appears that the decrypted text is not meaningful with any Caesar shift. This may suggest that the original ciphertext was not encrypted using a Caesar cipher.",1,11,"As an anagram: 
1. flt --> lft
2. flt --> tlf
3. flt --> ltf

Since unscrambling the ciphertext as an anagram did not reveal any meaningful word, I will proceed by assuming it's a Caesar cipher and try decrypting it with at least 5 different shifts.

Caesar cipher decrypt attempts:
1. Shift 1: flt --> eks
2. Shift 2: flt --> djr
3. Shift 3: flt --> ciq
4. Shift 4: flt --> bhp
5. Shift 5: flt --> ago

Based on these attempts, it appears that the decrypted text is not meaningful with any Caesar shift. This may suggest that the original ciphertext was not encrypted using a Caesar cipher.",1,3
ymj,the,3,5,"After trying various combinations, I couldn't unscramble the ciphertext. Let me try decrypting it using a Caesar cipher with different shifts:

Shift 1: xlh
Shift 2: wkg
Shift 3: vjf
Shift 4: uie
Shift 5: thd

None of these attempts resulted in a meaningful message. Let me try a few more shifts.

Shift 6: sgc
Shift 7: rfb
Shift 8: qea
Shift 9: pdz
Shift 10: ocy

None of these attempts resulted in a meaningful message either. Let me try a few more shifts.

Shift 11: nbx
Shift 12: maw
Shift 13: lzv
Shift 14: kyu
Shift 15: jxt

None of these attempts resulted in a meaningful message. Let me try a few more shifts.

Shift 16: iws
Shift 17: hvr
Shift 18: guq
Shift 19: ftp
Shift 20: eso

None of these attempts resulted in a meaningful message. Let me try a few more shifts.

Shift 21: drn
Shift 22: cqm
Shift 23: bpl
Shift 24: aok

None of these attempts resulted in a meaningful message either. It seems that the ciphertext may not be a Caesar cipher. Let me try some additional techniques to decrypt it.",1,0,"After trying various combinations, I couldn't unsc",0,1
ymj,the,3,5,"After trying various combinations, I couldn't unscramble the ciphertext. Let me try decrypting it using a Caesar cipher with different shifts:

Shift 1: xlh
Shift 2: wkg
Shift 3: vjf
Shift 4: uie
Shift 5: thd

None of these attempts resulted in a meaningful message. Let me try a few more shifts.

Shift 6: sgc
Shift 7: rfb
Shift 8: qea
Shift 9: pdz
Shift 10: ocy

None of these attempts resulted in a meaningful message either. Let me try a few more shifts.

Shift 11: nbx
Shift 12: maw
Shift 13: lzv
Shift 14: kyu
Shift 15: jxt

None of these attempts resulted in a meaningful message. Let me try a few more shifts.

Shift 16: iws
Shift 17: hvr
Shift 18: guq
Shift 19: ftp
Shift 20: eso

None of these attempts resulted in a meaningful message. Let me try a few more shifts.

Shift 21: drn
Shift 22: cqm
Shift 23: bpl
Shift 24: aok

None of these attempts resulted in a meaningful message either. It seems that the ciphertext may not be a Caesar cipher. Let me try some additional techniques to decrypt it.",1,1,"After trying various combinations, I couldn't unscramble the ciphertext. Let me try decrypting it us",1,1
ymj,the,3,5,"After trying various combinations, I couldn't unscramble the ciphertext. Let me try decrypting it using a Caesar cipher with different shifts:

Shift 1: xlh
Shift 2: wkg
Shift 3: vjf
Shift 4: uie
Shift 5: thd

None of these attempts resulted in a meaningful message. Let me try a few more shifts.

Shift 6: sgc
Shift 7: rfb
Shift 8: qea
Shift 9: pdz
Shift 10: ocy

None of these attempts resulted in a meaningful message either. Let me try a few more shifts.

Shift 11: nbx
Shift 12: maw
Shift 13: lzv
Shift 14: kyu
Shift 15: jxt

None of these attempts resulted in a meaningful message. Let me try a few more shifts.

Shift 16: iws
Shift 17: hvr
Shift 18: guq
Shift 19: ftp
Shift 20: eso

None of these attempts resulted in a meaningful message. Let me try a few more shifts.

Shift 21: drn
Shift 22: cqm
Shift 23: bpl
Shift 24: aok

None of these attempts resulted in a meaningful message either. It seems that the ciphertext may not be a Caesar cipher. Let me try some additional techniques to decrypt it.",1,2,"After trying various combinations, I couldn't unscramble the ciphertext. Let me try decrypting it using a Caesar cipher with different shifts:

Shift ",1,1
ymj,the,3,5,"After trying various combinations, I couldn't unscramble the ciphertext. Let me try decrypting it using a Caesar cipher with different shifts:

Shift 1: xlh
Shift 2: wkg
Shift 3: vjf
Shift 4: uie
Shift 5: thd

None of these attempts resulted in a meaningful message. Let me try a few more shifts.

Shift 6: sgc
Shift 7: rfb
Shift 8: qea
Shift 9: pdz
Shift 10: ocy

None of these attempts resulted in a meaningful message either. Let me try a few more shifts.

Shift 11: nbx
Shift 12: maw
Shift 13: lzv
Shift 14: kyu
Shift 15: jxt

None of these attempts resulted in a meaningful message. Let me try a few more shifts.

Shift 16: iws
Shift 17: hvr
Shift 18: guq
Shift 19: ftp
Shift 20: eso

None of these attempts resulted in a meaningful message. Let me try a few more shifts.

Shift 21: drn
Shift 22: cqm
Shift 23: bpl
Shift 24: aok

None of these attempts resulted in a meaningful message either. It seems that the ciphertext may not be a Caesar cipher. Let me try some additional techniques to decrypt it.",1,3,"After trying various combinations, I couldn't unscramble the ciphertext. Let me try decrypting it using a Caesar cipher with different shifts:

Shift 1: xlh
Shift 2: wkg
Shift 3: vjf
Shift 4: uie
Shif",1,1
ymj,the,3,5,"After trying various combinations, I couldn't unscramble the ciphertext. Let me try decrypting it using a Caesar cipher with different shifts:

Shift 1: xlh
Shift 2: wkg
Shift 3: vjf
Shift 4: uie
Shift 5: thd

None of these attempts resulted in a meaningful message. Let me try a few more shifts.

Shift 6: sgc
Shift 7: rfb
Shift 8: qea
Shift 9: pdz
Shift 10: ocy

None of these attempts resulted in a meaningful message either. Let me try a few more shifts.

Shift 11: nbx
Shift 12: maw
Shift 13: lzv
Shift 14: kyu
Shift 15: jxt

None of these attempts resulted in a meaningful message. Let me try a few more shifts.

Shift 16: iws
Shift 17: hvr
Shift 18: guq
Shift 19: ftp
Shift 20: eso

None of these attempts resulted in a meaningful message. Let me try a few more shifts.

Shift 21: drn
Shift 22: cqm
Shift 23: bpl
Shift 24: aok

None of these attempts resulted in a meaningful message either. It seems that the ciphertext may not be a Caesar cipher. Let me try some additional techniques to decrypt it.",1,4,"After trying various combinations, I couldn't unscramble the ciphertext. Let me try decrypting it using a Caesar cipher with different shifts:

Shift 1: xlh
Shift 2: wkg
Shift 3: vjf
Shift 4: uie
Shift 5: thd

None of these attempts resulted in a mea",1,1
ymj,the,3,5,"After trying various combinations, I couldn't unscramble the ciphertext. Let me try decrypting it using a Caesar cipher with different shifts:

Shift 1: xlh
Shift 2: wkg
Shift 3: vjf
Shift 4: uie
Shift 5: thd

None of these attempts resulted in a meaningful message. Let me try a few more shifts.

Shift 6: sgc
Shift 7: rfb
Shift 8: qea
Shift 9: pdz
Shift 10: ocy

None of these attempts resulted in a meaningful message either. Let me try a few more shifts.

Shift 11: nbx
Shift 12: maw
Shift 13: lzv
Shift 14: kyu
Shift 15: jxt

None of these attempts resulted in a meaningful message. Let me try a few more shifts.

Shift 16: iws
Shift 17: hvr
Shift 18: guq
Shift 19: ftp
Shift 20: eso

None of these attempts resulted in a meaningful message. Let me try a few more shifts.

Shift 21: drn
Shift 22: cqm
Shift 23: bpl
Shift 24: aok

None of these attempts resulted in a meaningful message either. It seems that the ciphertext may not be a Caesar cipher. Let me try some additional techniques to decrypt it.",1,5,"After trying various combinations, I couldn't unscramble the ciphertext. Let me try decrypting it using a Caesar cipher with different shifts:

Shift 1: xlh
Shift 2: wkg
Shift 3: vjf
Shift 4: uie
Shift 5: thd

None of these attempts resulted in a meaningful message. Let me try a few more shifts.

Sh",1,1
ymj,the,3,5,"After trying various combinations, I couldn't unscramble the ciphertext. Let me try decrypting it using a Caesar cipher with different shifts:

Shift 1: xlh
Shift 2: wkg
Shift 3: vjf
Shift 4: uie
Shift 5: thd

None of these attempts resulted in a meaningful message. Let me try a few more shifts.

Shift 6: sgc
Shift 7: rfb
Shift 8: qea
Shift 9: pdz
Shift 10: ocy

None of these attempts resulted in a meaningful message either. Let me try a few more shifts.

Shift 11: nbx
Shift 12: maw
Shift 13: lzv
Shift 14: kyu
Shift 15: jxt

None of these attempts resulted in a meaningful message. Let me try a few more shifts.

Shift 16: iws
Shift 17: hvr
Shift 18: guq
Shift 19: ftp
Shift 20: eso

None of these attempts resulted in a meaningful message. Let me try a few more shifts.

Shift 21: drn
Shift 22: cqm
Shift 23: bpl
Shift 24: aok

None of these attempts resulted in a meaningful message either. It seems that the ciphertext may not be a Caesar cipher. Let me try some additional techniques to decrypt it.",1,6,"After trying various combinations, I couldn't unscramble the ciphertext. Let me try decrypting it using a Caesar cipher with different shifts:

Shift 1: xlh
Shift 2: wkg
Shift 3: vjf
Shift 4: uie
Shift 5: thd

None of these attempts resulted in a meaningful message. Let me try a few more shifts.

Shift 6: sgc
Shift 7: rfb
Shift 8: qea
Shift 9: pdz
",1,1
ymj,the,3,5,"After trying various combinations, I couldn't unscramble the ciphertext. Let me try decrypting it using a Caesar cipher with different shifts:

Shift 1: xlh
Shift 2: wkg
Shift 3: vjf
Shift 4: uie
Shift 5: thd

None of these attempts resulted in a meaningful message. Let me try a few more shifts.

Shift 6: sgc
Shift 7: rfb
Shift 8: qea
Shift 9: pdz
Shift 10: ocy

None of these attempts resulted in a meaningful message either. Let me try a few more shifts.

Shift 11: nbx
Shift 12: maw
Shift 13: lzv
Shift 14: kyu
Shift 15: jxt

None of these attempts resulted in a meaningful message. Let me try a few more shifts.

Shift 16: iws
Shift 17: hvr
Shift 18: guq
Shift 19: ftp
Shift 20: eso

None of these attempts resulted in a meaningful message. Let me try a few more shifts.

Shift 21: drn
Shift 22: cqm
Shift 23: bpl
Shift 24: aok

None of these attempts resulted in a meaningful message either. It seems that the ciphertext may not be a Caesar cipher. Let me try some additional techniques to decrypt it.",1,7,"After trying various combinations, I couldn't unscramble the ciphertext. Let me try decrypting it using a Caesar cipher with different shifts:

Shift 1: xlh
Shift 2: wkg
Shift 3: vjf
Shift 4: uie
Shift 5: thd

None of these attempts resulted in a meaningful message. Let me try a few more shifts.

Shift 6: sgc
Shift 7: rfb
Shift 8: qea
Shift 9: pdz
Shift 10: ocy

None of these attempts resulted in ",1,1
ymj,the,3,5,"After trying various combinations, I couldn't unscramble the ciphertext. Let me try decrypting it using a Caesar cipher with different shifts:

Shift 1: xlh
Shift 2: wkg
Shift 3: vjf
Shift 4: uie
Shift 5: thd

None of these attempts resulted in a meaningful message. Let me try a few more shifts.

Shift 6: sgc
Shift 7: rfb
Shift 8: qea
Shift 9: pdz
Shift 10: ocy

None of these attempts resulted in a meaningful message either. Let me try a few more shifts.

Shift 11: nbx
Shift 12: maw
Shift 13: lzv
Shift 14: kyu
Shift 15: jxt

None of these attempts resulted in a meaningful message. Let me try a few more shifts.

Shift 16: iws
Shift 17: hvr
Shift 18: guq
Shift 19: ftp
Shift 20: eso

None of these attempts resulted in a meaningful message. Let me try a few more shifts.

Shift 21: drn
Shift 22: cqm
Shift 23: bpl
Shift 24: aok

None of these attempts resulted in a meaningful message either. It seems that the ciphertext may not be a Caesar cipher. Let me try some additional techniques to decrypt it.",1,8,"After trying various combinations, I couldn't unscramble the ciphertext. Let me try decrypting it using a Caesar cipher with different shifts:

Shift 1: xlh
Shift 2: wkg
Shift 3: vjf
Shift 4: uie
Shift 5: thd

None of these attempts resulted in a meaningful message. Let me try a few more shifts.

Shift 6: sgc
Shift 7: rfb
Shift 8: qea
Shift 9: pdz
Shift 10: ocy

None of these attempts resulted in a meaningful message either. Let me try a few more",1,1
ymj,the,3,5,"After trying various combinations, I couldn't unscramble the ciphertext. Let me try decrypting it using a Caesar cipher with different shifts:

Shift 1: xlh
Shift 2: wkg
Shift 3: vjf
Shift 4: uie
Shift 5: thd

None of these attempts resulted in a meaningful message. Let me try a few more shifts.

Shift 6: sgc
Shift 7: rfb
Shift 8: qea
Shift 9: pdz
Shift 10: ocy

None of these attempts resulted in a meaningful message either. Let me try a few more shifts.

Shift 11: nbx
Shift 12: maw
Shift 13: lzv
Shift 14: kyu
Shift 15: jxt

None of these attempts resulted in a meaningful message. Let me try a few more shifts.

Shift 16: iws
Shift 17: hvr
Shift 18: guq
Shift 19: ftp
Shift 20: eso

None of these attempts resulted in a meaningful message. Let me try a few more shifts.

Shift 21: drn
Shift 22: cqm
Shift 23: bpl
Shift 24: aok

None of these attempts resulted in a meaningful message either. It seems that the ciphertext may not be a Caesar cipher. Let me try some additional techniques to decrypt it.",1,9,"After trying various combinations, I couldn't unscramble the ciphertext. Let me try decrypting it using a Caesar cipher with different shifts:

Shift 1: xlh
Shift 2: wkg
Shift 3: vjf
Shift 4: uie
Shift 5: thd

None of these attempts resulted in a meaningful message. Let me try a few more shifts.

Shift 6: sgc
Shift 7: rfb
Shift 8: qea
Shift 9: pdz
Shift 10: ocy

None of these attempts resulted in a meaningful message either. Let me try a few more shifts.

Shift 11: nbx
Shift 12: maw
Shift 13: lz",1,1
ymj,the,3,5,"After trying various combinations, I couldn't unscramble the ciphertext. Let me try decrypting it using a Caesar cipher with different shifts:

Shift 1: xlh
Shift 2: wkg
Shift 3: vjf
Shift 4: uie
Shift 5: thd

None of these attempts resulted in a meaningful message. Let me try a few more shifts.

Shift 6: sgc
Shift 7: rfb
Shift 8: qea
Shift 9: pdz
Shift 10: ocy

None of these attempts resulted in a meaningful message either. Let me try a few more shifts.

Shift 11: nbx
Shift 12: maw
Shift 13: lzv
Shift 14: kyu
Shift 15: jxt

None of these attempts resulted in a meaningful message. Let me try a few more shifts.

Shift 16: iws
Shift 17: hvr
Shift 18: guq
Shift 19: ftp
Shift 20: eso

None of these attempts resulted in a meaningful message. Let me try a few more shifts.

Shift 21: drn
Shift 22: cqm
Shift 23: bpl
Shift 24: aok

None of these attempts resulted in a meaningful message either. It seems that the ciphertext may not be a Caesar cipher. Let me try some additional techniques to decrypt it.",1,10,"After trying various combinations, I couldn't unscramble the ciphertext. Let me try decrypting it using a Caesar cipher with different shifts:

Shift 1: xlh
Shift 2: wkg
Shift 3: vjf
Shift 4: uie
Shift 5: thd

None of these attempts resulted in a meaningful message. Let me try a few more shifts.

Shift 6: sgc
Shift 7: rfb
Shift 8: qea
Shift 9: pdz
Shift 10: ocy

None of these attempts resulted in a meaningful message either. Let me try a few more shifts.

Shift 11: nbx
Shift 12: maw
Shift 13: lzv
Shift 14: kyu
Shift 15: jxt

None of these attem",1,1
ymj,the,3,5,"After trying various combinations, I couldn't unscramble the ciphertext. Let me try decrypting it using a Caesar cipher with different shifts:

Shift 1: xlh
Shift 2: wkg
Shift 3: vjf
Shift 4: uie
Shift 5: thd

None of these attempts resulted in a meaningful message. Let me try a few more shifts.

Shift 6: sgc
Shift 7: rfb
Shift 8: qea
Shift 9: pdz
Shift 10: ocy

None of these attempts resulted in a meaningful message either. Let me try a few more shifts.

Shift 11: nbx
Shift 12: maw
Shift 13: lzv
Shift 14: kyu
Shift 15: jxt

None of these attempts resulted in a meaningful message. Let me try a few more shifts.

Shift 16: iws
Shift 17: hvr
Shift 18: guq
Shift 19: ftp
Shift 20: eso

None of these attempts resulted in a meaningful message. Let me try a few more shifts.

Shift 21: drn
Shift 22: cqm
Shift 23: bpl
Shift 24: aok

None of these attempts resulted in a meaningful message either. It seems that the ciphertext may not be a Caesar cipher. Let me try some additional techniques to decrypt it.",1,11,"After trying various combinations, I couldn't unscramble the ciphertext. Let me try decrypting it using a Caesar cipher with different shifts:

Shift 1: xlh
Shift 2: wkg
Shift 3: vjf
Shift 4: uie
Shift 5: thd

None of these attempts resulted in a meaningful message. Let me try a few more shifts.

Shift 6: sgc
Shift 7: rfb
Shift 8: qea
Shift 9: pdz
Shift 10: ocy

None of these attempts resulted in a meaningful message either. Let me try a few more shifts.

Shift 11: nbx
Shift 12: maw
Shift 13: lzv
Shift 14: kyu
Shift 15: jxt

None of these attempts resulted in a meaningful message. Let me try a",1,1
ymj,the,3,5,"After trying various combinations, I couldn't unscramble the ciphertext. Let me try decrypting it using a Caesar cipher with different shifts:

Shift 1: xlh
Shift 2: wkg
Shift 3: vjf
Shift 4: uie
Shift 5: thd

None of these attempts resulted in a meaningful message. Let me try a few more shifts.

Shift 6: sgc
Shift 7: rfb
Shift 8: qea
Shift 9: pdz
Shift 10: ocy

None of these attempts resulted in a meaningful message either. Let me try a few more shifts.

Shift 11: nbx
Shift 12: maw
Shift 13: lzv
Shift 14: kyu
Shift 15: jxt

None of these attempts resulted in a meaningful message. Let me try a few more shifts.

Shift 16: iws
Shift 17: hvr
Shift 18: guq
Shift 19: ftp
Shift 20: eso

None of these attempts resulted in a meaningful message. Let me try a few more shifts.

Shift 21: drn
Shift 22: cqm
Shift 23: bpl
Shift 24: aok

None of these attempts resulted in a meaningful message either. It seems that the ciphertext may not be a Caesar cipher. Let me try some additional techniques to decrypt it.",1,12,"After trying various combinations, I couldn't unscramble the ciphertext. Let me try decrypting it using a Caesar cipher with different shifts:

Shift 1: xlh
Shift 2: wkg
Shift 3: vjf
Shift 4: uie
Shift 5: thd

None of these attempts resulted in a meaningful message. Let me try a few more shifts.

Shift 6: sgc
Shift 7: rfb
Shift 8: qea
Shift 9: pdz
Shift 10: ocy

None of these attempts resulted in a meaningful message either. Let me try a few more shifts.

Shift 11: nbx
Shift 12: maw
Shift 13: lzv
Shift 14: kyu
Shift 15: jxt

None of these attempts resulted in a meaningful message. Let me try a few more shifts.

Shift 16: iws
Shift 17: hvr
Shi",1,1
ymj,the,3,5,"After trying various combinations, I couldn't unscramble the ciphertext. Let me try decrypting it using a Caesar cipher with different shifts:

Shift 1: xlh
Shift 2: wkg
Shift 3: vjf
Shift 4: uie
Shift 5: thd

None of these attempts resulted in a meaningful message. Let me try a few more shifts.

Shift 6: sgc
Shift 7: rfb
Shift 8: qea
Shift 9: pdz
Shift 10: ocy

None of these attempts resulted in a meaningful message either. Let me try a few more shifts.

Shift 11: nbx
Shift 12: maw
Shift 13: lzv
Shift 14: kyu
Shift 15: jxt

None of these attempts resulted in a meaningful message. Let me try a few more shifts.

Shift 16: iws
Shift 17: hvr
Shift 18: guq
Shift 19: ftp
Shift 20: eso

None of these attempts resulted in a meaningful message. Let me try a few more shifts.

Shift 21: drn
Shift 22: cqm
Shift 23: bpl
Shift 24: aok

None of these attempts resulted in a meaningful message either. It seems that the ciphertext may not be a Caesar cipher. Let me try some additional techniques to decrypt it.",1,13,"After trying various combinations, I couldn't unscramble the ciphertext. Let me try decrypting it using a Caesar cipher with different shifts:

Shift 1: xlh
Shift 2: wkg
Shift 3: vjf
Shift 4: uie
Shift 5: thd

None of these attempts resulted in a meaningful message. Let me try a few more shifts.

Shift 6: sgc
Shift 7: rfb
Shift 8: qea
Shift 9: pdz
Shift 10: ocy

None of these attempts resulted in a meaningful message either. Let me try a few more shifts.

Shift 11: nbx
Shift 12: maw
Shift 13: lzv
Shift 14: kyu
Shift 15: jxt

None of these attempts resulted in a meaningful message. Let me try a few more shifts.

Shift 16: iws
Shift 17: hvr
Shift 18: guq
Shift 19: ftp
Shift 20: eso

None of th",1,1
ymj,the,3,5,"After trying various combinations, I couldn't unscramble the ciphertext. Let me try decrypting it using a Caesar cipher with different shifts:

Shift 1: xlh
Shift 2: wkg
Shift 3: vjf
Shift 4: uie
Shift 5: thd

None of these attempts resulted in a meaningful message. Let me try a few more shifts.

Shift 6: sgc
Shift 7: rfb
Shift 8: qea
Shift 9: pdz
Shift 10: ocy

None of these attempts resulted in a meaningful message either. Let me try a few more shifts.

Shift 11: nbx
Shift 12: maw
Shift 13: lzv
Shift 14: kyu
Shift 15: jxt

None of these attempts resulted in a meaningful message. Let me try a few more shifts.

Shift 16: iws
Shift 17: hvr
Shift 18: guq
Shift 19: ftp
Shift 20: eso

None of these attempts resulted in a meaningful message. Let me try a few more shifts.

Shift 21: drn
Shift 22: cqm
Shift 23: bpl
Shift 24: aok

None of these attempts resulted in a meaningful message either. It seems that the ciphertext may not be a Caesar cipher. Let me try some additional techniques to decrypt it.",1,14,"After trying various combinations, I couldn't unscramble the ciphertext. Let me try decrypting it using a Caesar cipher with different shifts:

Shift 1: xlh
Shift 2: wkg
Shift 3: vjf
Shift 4: uie
Shift 5: thd

None of these attempts resulted in a meaningful message. Let me try a few more shifts.

Shift 6: sgc
Shift 7: rfb
Shift 8: qea
Shift 9: pdz
Shift 10: ocy

None of these attempts resulted in a meaningful message either. Let me try a few more shifts.

Shift 11: nbx
Shift 12: maw
Shift 13: lzv
Shift 14: kyu
Shift 15: jxt

None of these attempts resulted in a meaningful message. Let me try a few more shifts.

Shift 16: iws
Shift 17: hvr
Shift 18: guq
Shift 19: ftp
Shift 20: eso

None of these attempts resulted in a meaningful message. Let",1,1
ymj,the,3,5,"After trying various combinations, I couldn't unscramble the ciphertext. Let me try decrypting it using a Caesar cipher with different shifts:

Shift 1: xlh
Shift 2: wkg
Shift 3: vjf
Shift 4: uie
Shift 5: thd

None of these attempts resulted in a meaningful message. Let me try a few more shifts.

Shift 6: sgc
Shift 7: rfb
Shift 8: qea
Shift 9: pdz
Shift 10: ocy

None of these attempts resulted in a meaningful message either. Let me try a few more shifts.

Shift 11: nbx
Shift 12: maw
Shift 13: lzv
Shift 14: kyu
Shift 15: jxt

None of these attempts resulted in a meaningful message. Let me try a few more shifts.

Shift 16: iws
Shift 17: hvr
Shift 18: guq
Shift 19: ftp
Shift 20: eso

None of these attempts resulted in a meaningful message. Let me try a few more shifts.

Shift 21: drn
Shift 22: cqm
Shift 23: bpl
Shift 24: aok

None of these attempts resulted in a meaningful message either. It seems that the ciphertext may not be a Caesar cipher. Let me try some additional techniques to decrypt it.",1,15,"After trying various combinations, I couldn't unscramble the ciphertext. Let me try decrypting it using a Caesar cipher with different shifts:

Shift 1: xlh
Shift 2: wkg
Shift 3: vjf
Shift 4: uie
Shift 5: thd

None of these attempts resulted in a meaningful message. Let me try a few more shifts.

Shift 6: sgc
Shift 7: rfb
Shift 8: qea
Shift 9: pdz
Shift 10: ocy

None of these attempts resulted in a meaningful message either. Let me try a few more shifts.

Shift 11: nbx
Shift 12: maw
Shift 13: lzv
Shift 14: kyu
Shift 15: jxt

None of these attempts resulted in a meaningful message. Let me try a few more shifts.

Shift 16: iws
Shift 17: hvr
Shift 18: guq
Shift 19: ftp
Shift 20: eso

None of these attempts resulted in a meaningful message. Let me try a few more shifts.

Shift 21: drn
Shift 22",1,1
ymj,the,3,5,"After trying various combinations, I couldn't unscramble the ciphertext. Let me try decrypting it using a Caesar cipher with different shifts:

Shift 1: xlh
Shift 2: wkg
Shift 3: vjf
Shift 4: uie
Shift 5: thd

None of these attempts resulted in a meaningful message. Let me try a few more shifts.

Shift 6: sgc
Shift 7: rfb
Shift 8: qea
Shift 9: pdz
Shift 10: ocy

None of these attempts resulted in a meaningful message either. Let me try a few more shifts.

Shift 11: nbx
Shift 12: maw
Shift 13: lzv
Shift 14: kyu
Shift 15: jxt

None of these attempts resulted in a meaningful message. Let me try a few more shifts.

Shift 16: iws
Shift 17: hvr
Shift 18: guq
Shift 19: ftp
Shift 20: eso

None of these attempts resulted in a meaningful message. Let me try a few more shifts.

Shift 21: drn
Shift 22: cqm
Shift 23: bpl
Shift 24: aok

None of these attempts resulted in a meaningful message either. It seems that the ciphertext may not be a Caesar cipher. Let me try some additional techniques to decrypt it.",1,16,"After trying various combinations, I couldn't unscramble the ciphertext. Let me try decrypting it using a Caesar cipher with different shifts:

Shift 1: xlh
Shift 2: wkg
Shift 3: vjf
Shift 4: uie
Shift 5: thd

None of these attempts resulted in a meaningful message. Let me try a few more shifts.

Shift 6: sgc
Shift 7: rfb
Shift 8: qea
Shift 9: pdz
Shift 10: ocy

None of these attempts resulted in a meaningful message either. Let me try a few more shifts.

Shift 11: nbx
Shift 12: maw
Shift 13: lzv
Shift 14: kyu
Shift 15: jxt

None of these attempts resulted in a meaningful message. Let me try a few more shifts.

Shift 16: iws
Shift 17: hvr
Shift 18: guq
Shift 19: ftp
Shift 20: eso

None of these attempts resulted in a meaningful message. Let me try a few more shifts.

Shift 21: drn
Shift 22: cqm
Shift 23: bpl
Shift 24: aok

None of these a",1,1
ymj,the,3,5,"After trying various combinations, I couldn't unscramble the ciphertext. Let me try decrypting it using a Caesar cipher with different shifts:

Shift 1: xlh
Shift 2: wkg
Shift 3: vjf
Shift 4: uie
Shift 5: thd

None of these attempts resulted in a meaningful message. Let me try a few more shifts.

Shift 6: sgc
Shift 7: rfb
Shift 8: qea
Shift 9: pdz
Shift 10: ocy

None of these attempts resulted in a meaningful message either. Let me try a few more shifts.

Shift 11: nbx
Shift 12: maw
Shift 13: lzv
Shift 14: kyu
Shift 15: jxt

None of these attempts resulted in a meaningful message. Let me try a few more shifts.

Shift 16: iws
Shift 17: hvr
Shift 18: guq
Shift 19: ftp
Shift 20: eso

None of these attempts resulted in a meaningful message. Let me try a few more shifts.

Shift 21: drn
Shift 22: cqm
Shift 23: bpl
Shift 24: aok

None of these attempts resulted in a meaningful message either. It seems that the ciphertext may not be a Caesar cipher. Let me try some additional techniques to decrypt it.",1,17,"After trying various combinations, I couldn't unscramble the ciphertext. Let me try decrypting it using a Caesar cipher with different shifts:

Shift 1: xlh
Shift 2: wkg
Shift 3: vjf
Shift 4: uie
Shift 5: thd

None of these attempts resulted in a meaningful message. Let me try a few more shifts.

Shift 6: sgc
Shift 7: rfb
Shift 8: qea
Shift 9: pdz
Shift 10: ocy

None of these attempts resulted in a meaningful message either. Let me try a few more shifts.

Shift 11: nbx
Shift 12: maw
Shift 13: lzv
Shift 14: kyu
Shift 15: jxt

None of these attempts resulted in a meaningful message. Let me try a few more shifts.

Shift 16: iws
Shift 17: hvr
Shift 18: guq
Shift 19: ftp
Shift 20: eso

None of these attempts resulted in a meaningful message. Let me try a few more shifts.

Shift 21: drn
Shift 22: cqm
Shift 23: bpl
Shift 24: aok

None of these attempts resulted in a meaningful message either. I",1,1
ymj,the,3,5,"After trying various combinations, I couldn't unscramble the ciphertext. Let me try decrypting it using a Caesar cipher with different shifts:

Shift 1: xlh
Shift 2: wkg
Shift 3: vjf
Shift 4: uie
Shift 5: thd

None of these attempts resulted in a meaningful message. Let me try a few more shifts.

Shift 6: sgc
Shift 7: rfb
Shift 8: qea
Shift 9: pdz
Shift 10: ocy

None of these attempts resulted in a meaningful message either. Let me try a few more shifts.

Shift 11: nbx
Shift 12: maw
Shift 13: lzv
Shift 14: kyu
Shift 15: jxt

None of these attempts resulted in a meaningful message. Let me try a few more shifts.

Shift 16: iws
Shift 17: hvr
Shift 18: guq
Shift 19: ftp
Shift 20: eso

None of these attempts resulted in a meaningful message. Let me try a few more shifts.

Shift 21: drn
Shift 22: cqm
Shift 23: bpl
Shift 24: aok

None of these attempts resulted in a meaningful message either. It seems that the ciphertext may not be a Caesar cipher. Let me try some additional techniques to decrypt it.",1,18,"After trying various combinations, I couldn't unscramble the ciphertext. Let me try decrypting it using a Caesar cipher with different shifts:

Shift 1: xlh
Shift 2: wkg
Shift 3: vjf
Shift 4: uie
Shift 5: thd

None of these attempts resulted in a meaningful message. Let me try a few more shifts.

Shift 6: sgc
Shift 7: rfb
Shift 8: qea
Shift 9: pdz
Shift 10: ocy

None of these attempts resulted in a meaningful message either. Let me try a few more shifts.

Shift 11: nbx
Shift 12: maw
Shift 13: lzv
Shift 14: kyu
Shift 15: jxt

None of these attempts resulted in a meaningful message. Let me try a few more shifts.

Shift 16: iws
Shift 17: hvr
Shift 18: guq
Shift 19: ftp
Shift 20: eso

None of these attempts resulted in a meaningful message. Let me try a few more shifts.

Shift 21: drn
Shift 22: cqm
Shift 23: bpl
Shift 24: aok

None of these attempts resulted in a meaningful message either. It seems that the ciphertext may not be a Caesar ci",1,1
ymj,the,3,5,"After trying various combinations, I couldn't unscramble the ciphertext. Let me try decrypting it using a Caesar cipher with different shifts:

Shift 1: xlh
Shift 2: wkg
Shift 3: vjf
Shift 4: uie
Shift 5: thd

None of these attempts resulted in a meaningful message. Let me try a few more shifts.

Shift 6: sgc
Shift 7: rfb
Shift 8: qea
Shift 9: pdz
Shift 10: ocy

None of these attempts resulted in a meaningful message either. Let me try a few more shifts.

Shift 11: nbx
Shift 12: maw
Shift 13: lzv
Shift 14: kyu
Shift 15: jxt

None of these attempts resulted in a meaningful message. Let me try a few more shifts.

Shift 16: iws
Shift 17: hvr
Shift 18: guq
Shift 19: ftp
Shift 20: eso

None of these attempts resulted in a meaningful message. Let me try a few more shifts.

Shift 21: drn
Shift 22: cqm
Shift 23: bpl
Shift 24: aok

None of these attempts resulted in a meaningful message either. It seems that the ciphertext may not be a Caesar cipher. Let me try some additional techniques to decrypt it.",1,19,"After trying various combinations, I couldn't unscramble the ciphertext. Let me try decrypting it using a Caesar cipher with different shifts:

Shift 1: xlh
Shift 2: wkg
Shift 3: vjf
Shift 4: uie
Shift 5: thd

None of these attempts resulted in a meaningful message. Let me try a few more shifts.

Shift 6: sgc
Shift 7: rfb
Shift 8: qea
Shift 9: pdz
Shift 10: ocy

None of these attempts resulted in a meaningful message either. Let me try a few more shifts.

Shift 11: nbx
Shift 12: maw
Shift 13: lzv
Shift 14: kyu
Shift 15: jxt

None of these attempts resulted in a meaningful message. Let me try a few more shifts.

Shift 16: iws
Shift 17: hvr
Shift 18: guq
Shift 19: ftp
Shift 20: eso

None of these attempts resulted in a meaningful message. Let me try a few more shifts.

Shift 21: drn
Shift 22: cqm
Shift 23: bpl
Shift 24: aok

None of these attempts resulted in a meaningful message either. It seems that the ciphertext may not be a Caesar cipher. Let me try some additional techniques to dec",1,1
ymj,the,3,5,"After trying various combinations, I couldn't unscramble the ciphertext. Let me try decrypting it using a Caesar cipher with different shifts:

Shift 1: xlh
Shift 2: wkg
Shift 3: vjf
Shift 4: uie
Shift 5: thd

None of these attempts resulted in a meaningful message. Let me try a few more shifts.

Shift 6: sgc
Shift 7: rfb
Shift 8: qea
Shift 9: pdz
Shift 10: ocy

None of these attempts resulted in a meaningful message either. Let me try a few more shifts.

Shift 11: nbx
Shift 12: maw
Shift 13: lzv
Shift 14: kyu
Shift 15: jxt

None of these attempts resulted in a meaningful message. Let me try a few more shifts.

Shift 16: iws
Shift 17: hvr
Shift 18: guq
Shift 19: ftp
Shift 20: eso

None of these attempts resulted in a meaningful message. Let me try a few more shifts.

Shift 21: drn
Shift 22: cqm
Shift 23: bpl
Shift 24: aok

None of these attempts resulted in a meaningful message either. It seems that the ciphertext may not be a Caesar cipher. Let me try some additional techniques to decrypt it.",1,20,"After trying various combinations, I couldn't unscramble the ciphertext. Let me try decrypting it using a Caesar cipher with different shifts:

Shift 1: xlh
Shift 2: wkg
Shift 3: vjf
Shift 4: uie
Shift 5: thd

None of these attempts resulted in a meaningful message. Let me try a few more shifts.

Shift 6: sgc
Shift 7: rfb
Shift 8: qea
Shift 9: pdz
Shift 10: ocy

None of these attempts resulted in a meaningful message either. Let me try a few more shifts.

Shift 11: nbx
Shift 12: maw
Shift 13: lzv
Shift 14: kyu
Shift 15: jxt

None of these attempts resulted in a meaningful message. Let me try a few more shifts.

Shift 16: iws
Shift 17: hvr
Shift 18: guq
Shift 19: ftp
Shift 20: eso

None of these attempts resulted in a meaningful message. Let me try a few more shifts.

Shift 21: drn
Shift 22: cqm
Shift 23: bpl
Shift 24: aok

None of these attempts resulted in a meaningful message either. It seems that the ciphertext may not be a Caesar cipher. Let me try some additional techniques to decrypt it.",1,1
mbtu,last,4,1,"After attempting various combinations, it seems like unscrambling it doesn't provide any meaningful result. Let's try to decrypt the ciphertext using a Caesar cipher with different shifts:

Shift 1: lats
Shift 2: kzsr
Shift 3: jyqr
Shift 4: ixpq
Shift 5: howp

None of the attempts at decrypting the ciphertext using different Caesar cipher shifts produce a meaningful result. Let's keep trying with a few more shifts to see if we can decrypt the message.",0,0,"After attempting various combinations, it seems li",0,1
mbtu,last,4,1,"After attempting various combinations, it seems like unscrambling it doesn't provide any meaningful result. Let's try to decrypt the ciphertext using a Caesar cipher with different shifts:

Shift 1: lats
Shift 2: kzsr
Shift 3: jyqr
Shift 4: ixpq
Shift 5: howp

None of the attempts at decrypting the ciphertext using different Caesar cipher shifts produce a meaningful result. Let's keep trying with a few more shifts to see if we can decrypt the message.",0,1,"After attempting various combinations, it seems like unscrambling it doesn't provide any meaningful ",1,1
mbtu,last,4,1,"After attempting various combinations, it seems like unscrambling it doesn't provide any meaningful result. Let's try to decrypt the ciphertext using a Caesar cipher with different shifts:

Shift 1: lats
Shift 2: kzsr
Shift 3: jyqr
Shift 4: ixpq
Shift 5: howp

None of the attempts at decrypting the ciphertext using different Caesar cipher shifts produce a meaningful result. Let's keep trying with a few more shifts to see if we can decrypt the message.",0,2,"After attempting various combinations, it seems like unscrambling it doesn't provide any meaningful result. Let's try to decrypt the ciphertext using ",1,1
mbtu,last,4,1,"After attempting various combinations, it seems like unscrambling it doesn't provide any meaningful result. Let's try to decrypt the ciphertext using a Caesar cipher with different shifts:

Shift 1: lats
Shift 2: kzsr
Shift 3: jyqr
Shift 4: ixpq
Shift 5: howp

None of the attempts at decrypting the ciphertext using different Caesar cipher shifts produce a meaningful result. Let's keep trying with a few more shifts to see if we can decrypt the message.",0,3,"After attempting various combinations, it seems like unscrambling it doesn't provide any meaningful result. Let's try to decrypt the ciphertext using a Caesar cipher with different shifts:

Shift 1: l",1,1
mbtu,last,4,1,"After attempting various combinations, it seems like unscrambling it doesn't provide any meaningful result. Let's try to decrypt the ciphertext using a Caesar cipher with different shifts:

Shift 1: lats
Shift 2: kzsr
Shift 3: jyqr
Shift 4: ixpq
Shift 5: howp

None of the attempts at decrypting the ciphertext using different Caesar cipher shifts produce a meaningful result. Let's keep trying with a few more shifts to see if we can decrypt the message.",0,4,"After attempting various combinations, it seems like unscrambling it doesn't provide any meaningful result. Let's try to decrypt the ciphertext using a Caesar cipher with different shifts:

Shift 1: lats
Shift 2: kzsr
Shift 3: jyqr
Shift 4: ixpq
Shif",1,1
mbtu,last,4,1,"After attempting various combinations, it seems like unscrambling it doesn't provide any meaningful result. Let's try to decrypt the ciphertext using a Caesar cipher with different shifts:

Shift 1: lats
Shift 2: kzsr
Shift 3: jyqr
Shift 4: ixpq
Shift 5: howp

None of the attempts at decrypting the ciphertext using different Caesar cipher shifts produce a meaningful result. Let's keep trying with a few more shifts to see if we can decrypt the message.",0,5,"After attempting various combinations, it seems like unscrambling it doesn't provide any meaningful result. Let's try to decrypt the ciphertext using a Caesar cipher with different shifts:

Shift 1: lats
Shift 2: kzsr
Shift 3: jyqr
Shift 4: ixpq
Shift 5: howp

None of the attempts at decrypting the ",1,1
mbtu,last,4,1,"After attempting various combinations, it seems like unscrambling it doesn't provide any meaningful result. Let's try to decrypt the ciphertext using a Caesar cipher with different shifts:

Shift 1: lats
Shift 2: kzsr
Shift 3: jyqr
Shift 4: ixpq
Shift 5: howp

None of the attempts at decrypting the ciphertext using different Caesar cipher shifts produce a meaningful result. Let's keep trying with a few more shifts to see if we can decrypt the message.",0,6,"After attempting various combinations, it seems like unscrambling it doesn't provide any meaningful result. Let's try to decrypt the ciphertext using a Caesar cipher with different shifts:

Shift 1: lats
Shift 2: kzsr
Shift 3: jyqr
Shift 4: ixpq
Shift 5: howp

None of the attempts at decrypting the ciphertext using different Caesar cipher shifts pr",1,1
mbtu,last,4,1,"After attempting various combinations, it seems like unscrambling it doesn't provide any meaningful result. Let's try to decrypt the ciphertext using a Caesar cipher with different shifts:

Shift 1: lats
Shift 2: kzsr
Shift 3: jyqr
Shift 4: ixpq
Shift 5: howp

None of the attempts at decrypting the ciphertext using different Caesar cipher shifts produce a meaningful result. Let's keep trying with a few more shifts to see if we can decrypt the message.",0,7,"After attempting various combinations, it seems like unscrambling it doesn't provide any meaningful result. Let's try to decrypt the ciphertext using a Caesar cipher with different shifts:

Shift 1: lats
Shift 2: kzsr
Shift 3: jyqr
Shift 4: ixpq
Shift 5: howp

None of the attempts at decrypting the ciphertext using different Caesar cipher shifts produce a meaningful result. Let's keep trying with ",1,1
mbtu,last,4,1,"After attempting various combinations, it seems like unscrambling it doesn't provide any meaningful result. Let's try to decrypt the ciphertext using a Caesar cipher with different shifts:

Shift 1: lats
Shift 2: kzsr
Shift 3: jyqr
Shift 4: ixpq
Shift 5: howp

None of the attempts at decrypting the ciphertext using different Caesar cipher shifts produce a meaningful result. Let's keep trying with a few more shifts to see if we can decrypt the message.",0,8,"After attempting various combinations, it seems like unscrambling it doesn't provide any meaningful result. Let's try to decrypt the ciphertext using a Caesar cipher with different shifts:

Shift 1: lats
Shift 2: kzsr
Shift 3: jyqr
Shift 4: ixpq
Shift 5: howp

None of the attempts at decrypting the ciphertext using different Caesar cipher shifts produce a meaningful result. Let's keep trying with a few more shifts to see if we can decrypt the mes",1,1
mbtu,last,4,1,"After attempting various combinations, it seems like unscrambling it doesn't provide any meaningful result. Let's try to decrypt the ciphertext using a Caesar cipher with different shifts:

Shift 1: lats
Shift 2: kzsr
Shift 3: jyqr
Shift 4: ixpq
Shift 5: howp

None of the attempts at decrypting the ciphertext using different Caesar cipher shifts produce a meaningful result. Let's keep trying with a few more shifts to see if we can decrypt the message.",0,9,"After attempting various combinations, it seems like unscrambling it doesn't provide any meaningful result. Let's try to decrypt the ciphertext using a Caesar cipher with different shifts:

Shift 1: lats
Shift 2: kzsr
Shift 3: jyqr
Shift 4: ixpq
Shift 5: howp

None of the attempts at decrypting the ciphertext using different Caesar cipher shifts produce a meaningful result. Let's keep trying with a few more shifts to see if we can decrypt the message.",1,1
xjui,with,4,1,"After trying different permutations of the letters, it does not seem to form any meaningful word. Let's try decrypting it using a Caesar cipher with different shifts:

1. Shift 1: with a shift of 1, the ciphertext ""xjui"" decrypts to ""with"".
2. Shift 2: with a shift of 2, the ciphertext ""xjui"" decrypts to ""this"".
3. Shift 3: with a shift of 3, the ciphertext ""xjui"" decrypts to ""that"".
4. Shift 4: with a shift of 4, the ciphertext ""xjui"" decrypts to ""sgsf"".
5. Shift 5: with a shift of 5, the ciphertext ""xjui"" decrypts to ""refr"".

Based on the fourth and fifth attempts, shifts of 4 and 5 do not seem to produce meaningful words. The most likely decryption is ""this"" with a shift of 2.",1,0,After trying different permutations of the letters,0,2
xjui,with,4,1,"After trying different permutations of the letters, it does not seem to form any meaningful word. Let's try decrypting it using a Caesar cipher with different shifts:

1. Shift 1: with a shift of 1, the ciphertext ""xjui"" decrypts to ""with"".
2. Shift 2: with a shift of 2, the ciphertext ""xjui"" decrypts to ""this"".
3. Shift 3: with a shift of 3, the ciphertext ""xjui"" decrypts to ""that"".
4. Shift 4: with a shift of 4, the ciphertext ""xjui"" decrypts to ""sgsf"".
5. Shift 5: with a shift of 5, the ciphertext ""xjui"" decrypts to ""refr"".

Based on the fourth and fifth attempts, shifts of 4 and 5 do not seem to produce meaningful words. The most likely decryption is ""this"" with a shift of 2.",1,1,"After trying different permutations of the letters, it does not seem to form any meaningful word. Le",0,2
xjui,with,4,1,"After trying different permutations of the letters, it does not seem to form any meaningful word. Let's try decrypting it using a Caesar cipher with different shifts:

1. Shift 1: with a shift of 1, the ciphertext ""xjui"" decrypts to ""with"".
2. Shift 2: with a shift of 2, the ciphertext ""xjui"" decrypts to ""this"".
3. Shift 3: with a shift of 3, the ciphertext ""xjui"" decrypts to ""that"".
4. Shift 4: with a shift of 4, the ciphertext ""xjui"" decrypts to ""sgsf"".
5. Shift 5: with a shift of 5, the ciphertext ""xjui"" decrypts to ""refr"".

Based on the fourth and fifth attempts, shifts of 4 and 5 do not seem to produce meaningful words. The most likely decryption is ""this"" with a shift of 2.",1,2,"After trying different permutations of the letters, it does not seem to form any meaningful word. Let's try decrypting it using a Caesar cipher with d",1,2
xjui,with,4,1,"After trying different permutations of the letters, it does not seem to form any meaningful word. Let's try decrypting it using a Caesar cipher with different shifts:

1. Shift 1: with a shift of 1, the ciphertext ""xjui"" decrypts to ""with"".
2. Shift 2: with a shift of 2, the ciphertext ""xjui"" decrypts to ""this"".
3. Shift 3: with a shift of 3, the ciphertext ""xjui"" decrypts to ""that"".
4. Shift 4: with a shift of 4, the ciphertext ""xjui"" decrypts to ""sgsf"".
5. Shift 5: with a shift of 5, the ciphertext ""xjui"" decrypts to ""refr"".

Based on the fourth and fifth attempts, shifts of 4 and 5 do not seem to produce meaningful words. The most likely decryption is ""this"" with a shift of 2.",1,3,"After trying different permutations of the letters, it does not seem to form any meaningful word. Let's try decrypting it using a Caesar cipher with different shifts:

1. Shift 1: with a shift of 1, t",1,2
xjui,with,4,1,"After trying different permutations of the letters, it does not seem to form any meaningful word. Let's try decrypting it using a Caesar cipher with different shifts:

1. Shift 1: with a shift of 1, the ciphertext ""xjui"" decrypts to ""with"".
2. Shift 2: with a shift of 2, the ciphertext ""xjui"" decrypts to ""this"".
3. Shift 3: with a shift of 3, the ciphertext ""xjui"" decrypts to ""that"".
4. Shift 4: with a shift of 4, the ciphertext ""xjui"" decrypts to ""sgsf"".
5. Shift 5: with a shift of 5, the ciphertext ""xjui"" decrypts to ""refr"".

Based on the fourth and fifth attempts, shifts of 4 and 5 do not seem to produce meaningful words. The most likely decryption is ""this"" with a shift of 2.",1,4,"After trying different permutations of the letters, it does not seem to form any meaningful word. Let's try decrypting it using a Caesar cipher with different shifts:

1. Shift 1: with a shift of 1, the ciphertext ""xjui"" decrypts to ""with"".
2. Shift ",1,2
xjui,with,4,1,"After trying different permutations of the letters, it does not seem to form any meaningful word. Let's try decrypting it using a Caesar cipher with different shifts:

1. Shift 1: with a shift of 1, the ciphertext ""xjui"" decrypts to ""with"".
2. Shift 2: with a shift of 2, the ciphertext ""xjui"" decrypts to ""this"".
3. Shift 3: with a shift of 3, the ciphertext ""xjui"" decrypts to ""that"".
4. Shift 4: with a shift of 4, the ciphertext ""xjui"" decrypts to ""sgsf"".
5. Shift 5: with a shift of 5, the ciphertext ""xjui"" decrypts to ""refr"".

Based on the fourth and fifth attempts, shifts of 4 and 5 do not seem to produce meaningful words. The most likely decryption is ""this"" with a shift of 2.",1,5,"After trying different permutations of the letters, it does not seem to form any meaningful word. Let's try decrypting it using a Caesar cipher with different shifts:

1. Shift 1: with a shift of 1, the ciphertext ""xjui"" decrypts to ""with"".
2. Shift 2: with a shift of 2, the ciphertext ""xjui"" decryp",1,2
xjui,with,4,1,"After trying different permutations of the letters, it does not seem to form any meaningful word. Let's try decrypting it using a Caesar cipher with different shifts:

1. Shift 1: with a shift of 1, the ciphertext ""xjui"" decrypts to ""with"".
2. Shift 2: with a shift of 2, the ciphertext ""xjui"" decrypts to ""this"".
3. Shift 3: with a shift of 3, the ciphertext ""xjui"" decrypts to ""that"".
4. Shift 4: with a shift of 4, the ciphertext ""xjui"" decrypts to ""sgsf"".
5. Shift 5: with a shift of 5, the ciphertext ""xjui"" decrypts to ""refr"".

Based on the fourth and fifth attempts, shifts of 4 and 5 do not seem to produce meaningful words. The most likely decryption is ""this"" with a shift of 2.",1,6,"After trying different permutations of the letters, it does not seem to form any meaningful word. Let's try decrypting it using a Caesar cipher with different shifts:

1. Shift 1: with a shift of 1, the ciphertext ""xjui"" decrypts to ""with"".
2. Shift 2: with a shift of 2, the ciphertext ""xjui"" decrypts to ""this"".
3. Shift 3: with a shift of 3, the c",1,2
xjui,with,4,1,"After trying different permutations of the letters, it does not seem to form any meaningful word. Let's try decrypting it using a Caesar cipher with different shifts:

1. Shift 1: with a shift of 1, the ciphertext ""xjui"" decrypts to ""with"".
2. Shift 2: with a shift of 2, the ciphertext ""xjui"" decrypts to ""this"".
3. Shift 3: with a shift of 3, the ciphertext ""xjui"" decrypts to ""that"".
4. Shift 4: with a shift of 4, the ciphertext ""xjui"" decrypts to ""sgsf"".
5. Shift 5: with a shift of 5, the ciphertext ""xjui"" decrypts to ""refr"".

Based on the fourth and fifth attempts, shifts of 4 and 5 do not seem to produce meaningful words. The most likely decryption is ""this"" with a shift of 2.",1,7,"After trying different permutations of the letters, it does not seem to form any meaningful word. Let's try decrypting it using a Caesar cipher with different shifts:

1. Shift 1: with a shift of 1, the ciphertext ""xjui"" decrypts to ""with"".
2. Shift 2: with a shift of 2, the ciphertext ""xjui"" decrypts to ""this"".
3. Shift 3: with a shift of 3, the ciphertext ""xjui"" decrypts to ""that"".
4. Shift 4: w",1,2
xjui,with,4,1,"After trying different permutations of the letters, it does not seem to form any meaningful word. Let's try decrypting it using a Caesar cipher with different shifts:

1. Shift 1: with a shift of 1, the ciphertext ""xjui"" decrypts to ""with"".
2. Shift 2: with a shift of 2, the ciphertext ""xjui"" decrypts to ""this"".
3. Shift 3: with a shift of 3, the ciphertext ""xjui"" decrypts to ""that"".
4. Shift 4: with a shift of 4, the ciphertext ""xjui"" decrypts to ""sgsf"".
5. Shift 5: with a shift of 5, the ciphertext ""xjui"" decrypts to ""refr"".

Based on the fourth and fifth attempts, shifts of 4 and 5 do not seem to produce meaningful words. The most likely decryption is ""this"" with a shift of 2.",1,8,"After trying different permutations of the letters, it does not seem to form any meaningful word. Let's try decrypting it using a Caesar cipher with different shifts:

1. Shift 1: with a shift of 1, the ciphertext ""xjui"" decrypts to ""with"".
2. Shift 2: with a shift of 2, the ciphertext ""xjui"" decrypts to ""this"".
3. Shift 3: with a shift of 3, the ciphertext ""xjui"" decrypts to ""that"".
4. Shift 4: with a shift of 4, the ciphertext ""xjui"" decrypts t",1,2
xjui,with,4,1,"After trying different permutations of the letters, it does not seem to form any meaningful word. Let's try decrypting it using a Caesar cipher with different shifts:

1. Shift 1: with a shift of 1, the ciphertext ""xjui"" decrypts to ""with"".
2. Shift 2: with a shift of 2, the ciphertext ""xjui"" decrypts to ""this"".
3. Shift 3: with a shift of 3, the ciphertext ""xjui"" decrypts to ""that"".
4. Shift 4: with a shift of 4, the ciphertext ""xjui"" decrypts to ""sgsf"".
5. Shift 5: with a shift of 5, the ciphertext ""xjui"" decrypts to ""refr"".

Based on the fourth and fifth attempts, shifts of 4 and 5 do not seem to produce meaningful words. The most likely decryption is ""this"" with a shift of 2.",1,9,"After trying different permutations of the letters, it does not seem to form any meaningful word. Let's try decrypting it using a Caesar cipher with different shifts:

1. Shift 1: with a shift of 1, the ciphertext ""xjui"" decrypts to ""with"".
2. Shift 2: with a shift of 2, the ciphertext ""xjui"" decrypts to ""this"".
3. Shift 3: with a shift of 3, the ciphertext ""xjui"" decrypts to ""that"".
4. Shift 4: with a shift of 4, the ciphertext ""xjui"" decrypts to ""sgsf"".
5. Shift 5: with a shift of 5, the ciphe",1,2
xjui,with,4,1,"After trying different permutations of the letters, it does not seem to form any meaningful word. Let's try decrypting it using a Caesar cipher with different shifts:

1. Shift 1: with a shift of 1, the ciphertext ""xjui"" decrypts to ""with"".
2. Shift 2: with a shift of 2, the ciphertext ""xjui"" decrypts to ""this"".
3. Shift 3: with a shift of 3, the ciphertext ""xjui"" decrypts to ""that"".
4. Shift 4: with a shift of 4, the ciphertext ""xjui"" decrypts to ""sgsf"".
5. Shift 5: with a shift of 5, the ciphertext ""xjui"" decrypts to ""refr"".

Based on the fourth and fifth attempts, shifts of 4 and 5 do not seem to produce meaningful words. The most likely decryption is ""this"" with a shift of 2.",1,10,"After trying different permutations of the letters, it does not seem to form any meaningful word. Let's try decrypting it using a Caesar cipher with different shifts:

1. Shift 1: with a shift of 1, the ciphertext ""xjui"" decrypts to ""with"".
2. Shift 2: with a shift of 2, the ciphertext ""xjui"" decrypts to ""this"".
3. Shift 3: with a shift of 3, the ciphertext ""xjui"" decrypts to ""that"".
4. Shift 4: with a shift of 4, the ciphertext ""xjui"" decrypts to ""sgsf"".
5. Shift 5: with a shift of 5, the ciphertext ""xjui"" decrypts to ""refr"".

Based on the fou",1,2
xjui,with,4,1,"After trying different permutations of the letters, it does not seem to form any meaningful word. Let's try decrypting it using a Caesar cipher with different shifts:

1. Shift 1: with a shift of 1, the ciphertext ""xjui"" decrypts to ""with"".
2. Shift 2: with a shift of 2, the ciphertext ""xjui"" decrypts to ""this"".
3. Shift 3: with a shift of 3, the ciphertext ""xjui"" decrypts to ""that"".
4. Shift 4: with a shift of 4, the ciphertext ""xjui"" decrypts to ""sgsf"".
5. Shift 5: with a shift of 5, the ciphertext ""xjui"" decrypts to ""refr"".

Based on the fourth and fifth attempts, shifts of 4 and 5 do not seem to produce meaningful words. The most likely decryption is ""this"" with a shift of 2.",1,11,"After trying different permutations of the letters, it does not seem to form any meaningful word. Let's try decrypting it using a Caesar cipher with different shifts:

1. Shift 1: with a shift of 1, the ciphertext ""xjui"" decrypts to ""with"".
2. Shift 2: with a shift of 2, the ciphertext ""xjui"" decrypts to ""this"".
3. Shift 3: with a shift of 3, the ciphertext ""xjui"" decrypts to ""that"".
4. Shift 4: with a shift of 4, the ciphertext ""xjui"" decrypts to ""sgsf"".
5. Shift 5: with a shift of 5, the ciphertext ""xjui"" decrypts to ""refr"".

Based on the fourth and fifth attempts, shifts of 4 and 5 do not s",1,2
xjui,with,4,1,"After trying different permutations of the letters, it does not seem to form any meaningful word. Let's try decrypting it using a Caesar cipher with different shifts:

1. Shift 1: with a shift of 1, the ciphertext ""xjui"" decrypts to ""with"".
2. Shift 2: with a shift of 2, the ciphertext ""xjui"" decrypts to ""this"".
3. Shift 3: with a shift of 3, the ciphertext ""xjui"" decrypts to ""that"".
4. Shift 4: with a shift of 4, the ciphertext ""xjui"" decrypts to ""sgsf"".
5. Shift 5: with a shift of 5, the ciphertext ""xjui"" decrypts to ""refr"".

Based on the fourth and fifth attempts, shifts of 4 and 5 do not seem to produce meaningful words. The most likely decryption is ""this"" with a shift of 2.",1,12,"After trying different permutations of the letters, it does not seem to form any meaningful word. Let's try decrypting it using a Caesar cipher with different shifts:

1. Shift 1: with a shift of 1, the ciphertext ""xjui"" decrypts to ""with"".
2. Shift 2: with a shift of 2, the ciphertext ""xjui"" decrypts to ""this"".
3. Shift 3: with a shift of 3, the ciphertext ""xjui"" decrypts to ""that"".
4. Shift 4: with a shift of 4, the ciphertext ""xjui"" decrypts to ""sgsf"".
5. Shift 5: with a shift of 5, the ciphertext ""xjui"" decrypts to ""refr"".

Based on the fourth and fifth attempts, shifts of 4 and 5 do not seem to produce meaningful words. The most likely d",1,2
xjui,with,4,1,"After trying different permutations of the letters, it does not seem to form any meaningful word. Let's try decrypting it using a Caesar cipher with different shifts:

1. Shift 1: with a shift of 1, the ciphertext ""xjui"" decrypts to ""with"".
2. Shift 2: with a shift of 2, the ciphertext ""xjui"" decrypts to ""this"".
3. Shift 3: with a shift of 3, the ciphertext ""xjui"" decrypts to ""that"".
4. Shift 4: with a shift of 4, the ciphertext ""xjui"" decrypts to ""sgsf"".
5. Shift 5: with a shift of 5, the ciphertext ""xjui"" decrypts to ""refr"".

Based on the fourth and fifth attempts, shifts of 4 and 5 do not seem to produce meaningful words. The most likely decryption is ""this"" with a shift of 2.",1,13,"After trying different permutations of the letters, it does not seem to form any meaningful word. Let's try decrypting it using a Caesar cipher with different shifts:

1. Shift 1: with a shift of 1, the ciphertext ""xjui"" decrypts to ""with"".
2. Shift 2: with a shift of 2, the ciphertext ""xjui"" decrypts to ""this"".
3. Shift 3: with a shift of 3, the ciphertext ""xjui"" decrypts to ""that"".
4. Shift 4: with a shift of 4, the ciphertext ""xjui"" decrypts to ""sgsf"".
5. Shift 5: with a shift of 5, the ciphertext ""xjui"" decrypts to ""refr"".

Based on the fourth and fifth attempts, shifts of 4 and 5 do not seem to produce meaningful words. The most likely decryption is ""this"" with a shift of 2.",1,2
nghv,left,4,2,"After trying different combinations, I couldn't unscramble the ciphertext. I will now try decrypting it using a Caesar cipher with different shifts.

Shift 1: mgfu
Shift 2: lfet
Shift 3: keds
Shift 4: jdcr
Shift 5: icbq

After trying different Caesar cipher shifts, the decrypted message with a shift of 5 is ""icbq"". This does not appear to be a meaningful word, so let's try shift 6.

Shift 6: hcap

The decrypted message with a Caesar cipher shift of 6 is ""hcap"". This also does not appear to be a meaningful word, so let's try shift 7.

Shift 7: gboz

The decrypted message with a Caesar cipher shift of 7 is ""gboz"". This does not appear to be a meaningful word, so let's try shift 8.

Shift 8: fany

The decrypted message with a Caesar cipher shift of 8 is ""fany"". This does not appear to be a meaningful word either, so let's try shift 9.

Shift 9: ezmx

The decrypted message with a Caesar cipher shift of 9 is ""ezmx"". This also does not appear to be a meaningful word. Let's try one more shift.

Shift 10: dylw

The decrypted message with a Caesar cipher shift of 10 is ""dylw"". This does not seem to be a meaningful word either. I will now try shift 11. 

Shift 11: cxkv

The decrypted message with a Caesar cipher shift of 11 is ""cxkv"". This also does not appear to be a meaningful word. 

It seems that none of the possible shifts with the Caesar cipher are producing a meaningful word. Therefore, the ciphertext ""nghv"" remains puzzling.",0,0,"After trying different combinations, I couldn't un",0,1
nghv,left,4,2,"After trying different combinations, I couldn't unscramble the ciphertext. I will now try decrypting it using a Caesar cipher with different shifts.

Shift 1: mgfu
Shift 2: lfet
Shift 3: keds
Shift 4: jdcr
Shift 5: icbq

After trying different Caesar cipher shifts, the decrypted message with a shift of 5 is ""icbq"". This does not appear to be a meaningful word, so let's try shift 6.

Shift 6: hcap

The decrypted message with a Caesar cipher shift of 6 is ""hcap"". This also does not appear to be a meaningful word, so let's try shift 7.

Shift 7: gboz

The decrypted message with a Caesar cipher shift of 7 is ""gboz"". This does not appear to be a meaningful word, so let's try shift 8.

Shift 8: fany

The decrypted message with a Caesar cipher shift of 8 is ""fany"". This does not appear to be a meaningful word either, so let's try shift 9.

Shift 9: ezmx

The decrypted message with a Caesar cipher shift of 9 is ""ezmx"". This also does not appear to be a meaningful word. Let's try one more shift.

Shift 10: dylw

The decrypted message with a Caesar cipher shift of 10 is ""dylw"". This does not seem to be a meaningful word either. I will now try shift 11. 

Shift 11: cxkv

The decrypted message with a Caesar cipher shift of 11 is ""cxkv"". This also does not appear to be a meaningful word. 

It seems that none of the possible shifts with the Caesar cipher are producing a meaningful word. Therefore, the ciphertext ""nghv"" remains puzzling.",0,1,"After trying different combinations, I couldn't unscramble the ciphertext. I will now try decrypting",1,1
nghv,left,4,2,"After trying different combinations, I couldn't unscramble the ciphertext. I will now try decrypting it using a Caesar cipher with different shifts.

Shift 1: mgfu
Shift 2: lfet
Shift 3: keds
Shift 4: jdcr
Shift 5: icbq

After trying different Caesar cipher shifts, the decrypted message with a shift of 5 is ""icbq"". This does not appear to be a meaningful word, so let's try shift 6.

Shift 6: hcap

The decrypted message with a Caesar cipher shift of 6 is ""hcap"". This also does not appear to be a meaningful word, so let's try shift 7.

Shift 7: gboz

The decrypted message with a Caesar cipher shift of 7 is ""gboz"". This does not appear to be a meaningful word, so let's try shift 8.

Shift 8: fany

The decrypted message with a Caesar cipher shift of 8 is ""fany"". This does not appear to be a meaningful word either, so let's try shift 9.

Shift 9: ezmx

The decrypted message with a Caesar cipher shift of 9 is ""ezmx"". This also does not appear to be a meaningful word. Let's try one more shift.

Shift 10: dylw

The decrypted message with a Caesar cipher shift of 10 is ""dylw"". This does not seem to be a meaningful word either. I will now try shift 11. 

Shift 11: cxkv

The decrypted message with a Caesar cipher shift of 11 is ""cxkv"". This also does not appear to be a meaningful word. 

It seems that none of the possible shifts with the Caesar cipher are producing a meaningful word. Therefore, the ciphertext ""nghv"" remains puzzling.",0,2,"After trying different combinations, I couldn't unscramble the ciphertext. I will now try decrypting it using a Caesar cipher with different shifts.

",1,1
nghv,left,4,2,"After trying different combinations, I couldn't unscramble the ciphertext. I will now try decrypting it using a Caesar cipher with different shifts.

Shift 1: mgfu
Shift 2: lfet
Shift 3: keds
Shift 4: jdcr
Shift 5: icbq

After trying different Caesar cipher shifts, the decrypted message with a shift of 5 is ""icbq"". This does not appear to be a meaningful word, so let's try shift 6.

Shift 6: hcap

The decrypted message with a Caesar cipher shift of 6 is ""hcap"". This also does not appear to be a meaningful word, so let's try shift 7.

Shift 7: gboz

The decrypted message with a Caesar cipher shift of 7 is ""gboz"". This does not appear to be a meaningful word, so let's try shift 8.

Shift 8: fany

The decrypted message with a Caesar cipher shift of 8 is ""fany"". This does not appear to be a meaningful word either, so let's try shift 9.

Shift 9: ezmx

The decrypted message with a Caesar cipher shift of 9 is ""ezmx"". This also does not appear to be a meaningful word. Let's try one more shift.

Shift 10: dylw

The decrypted message with a Caesar cipher shift of 10 is ""dylw"". This does not seem to be a meaningful word either. I will now try shift 11. 

Shift 11: cxkv

The decrypted message with a Caesar cipher shift of 11 is ""cxkv"". This also does not appear to be a meaningful word. 

It seems that none of the possible shifts with the Caesar cipher are producing a meaningful word. Therefore, the ciphertext ""nghv"" remains puzzling.",0,3,"After trying different combinations, I couldn't unscramble the ciphertext. I will now try decrypting it using a Caesar cipher with different shifts.

Shift 1: mgfu
Shift 2: lfet
Shift 3: keds
Shift 4:",1,1
nghv,left,4,2,"After trying different combinations, I couldn't unscramble the ciphertext. I will now try decrypting it using a Caesar cipher with different shifts.

Shift 1: mgfu
Shift 2: lfet
Shift 3: keds
Shift 4: jdcr
Shift 5: icbq

After trying different Caesar cipher shifts, the decrypted message with a shift of 5 is ""icbq"". This does not appear to be a meaningful word, so let's try shift 6.

Shift 6: hcap

The decrypted message with a Caesar cipher shift of 6 is ""hcap"". This also does not appear to be a meaningful word, so let's try shift 7.

Shift 7: gboz

The decrypted message with a Caesar cipher shift of 7 is ""gboz"". This does not appear to be a meaningful word, so let's try shift 8.

Shift 8: fany

The decrypted message with a Caesar cipher shift of 8 is ""fany"". This does not appear to be a meaningful word either, so let's try shift 9.

Shift 9: ezmx

The decrypted message with a Caesar cipher shift of 9 is ""ezmx"". This also does not appear to be a meaningful word. Let's try one more shift.

Shift 10: dylw

The decrypted message with a Caesar cipher shift of 10 is ""dylw"". This does not seem to be a meaningful word either. I will now try shift 11. 

Shift 11: cxkv

The decrypted message with a Caesar cipher shift of 11 is ""cxkv"". This also does not appear to be a meaningful word. 

It seems that none of the possible shifts with the Caesar cipher are producing a meaningful word. Therefore, the ciphertext ""nghv"" remains puzzling.",0,4,"After trying different combinations, I couldn't unscramble the ciphertext. I will now try decrypting it using a Caesar cipher with different shifts.

Shift 1: mgfu
Shift 2: lfet
Shift 3: keds
Shift 4: jdcr
Shift 5: icbq

After trying different Caesar",1,1
nghv,left,4,2,"After trying different combinations, I couldn't unscramble the ciphertext. I will now try decrypting it using a Caesar cipher with different shifts.

Shift 1: mgfu
Shift 2: lfet
Shift 3: keds
Shift 4: jdcr
Shift 5: icbq

After trying different Caesar cipher shifts, the decrypted message with a shift of 5 is ""icbq"". This does not appear to be a meaningful word, so let's try shift 6.

Shift 6: hcap

The decrypted message with a Caesar cipher shift of 6 is ""hcap"". This also does not appear to be a meaningful word, so let's try shift 7.

Shift 7: gboz

The decrypted message with a Caesar cipher shift of 7 is ""gboz"". This does not appear to be a meaningful word, so let's try shift 8.

Shift 8: fany

The decrypted message with a Caesar cipher shift of 8 is ""fany"". This does not appear to be a meaningful word either, so let's try shift 9.

Shift 9: ezmx

The decrypted message with a Caesar cipher shift of 9 is ""ezmx"". This also does not appear to be a meaningful word. Let's try one more shift.

Shift 10: dylw

The decrypted message with a Caesar cipher shift of 10 is ""dylw"". This does not seem to be a meaningful word either. I will now try shift 11. 

Shift 11: cxkv

The decrypted message with a Caesar cipher shift of 11 is ""cxkv"". This also does not appear to be a meaningful word. 

It seems that none of the possible shifts with the Caesar cipher are producing a meaningful word. Therefore, the ciphertext ""nghv"" remains puzzling.",0,5,"After trying different combinations, I couldn't unscramble the ciphertext. I will now try decrypting it using a Caesar cipher with different shifts.

Shift 1: mgfu
Shift 2: lfet
Shift 3: keds
Shift 4: jdcr
Shift 5: icbq

After trying different Caesar cipher shifts, the decrypted message with a shift",1,1
nghv,left,4,2,"After trying different combinations, I couldn't unscramble the ciphertext. I will now try decrypting it using a Caesar cipher with different shifts.

Shift 1: mgfu
Shift 2: lfet
Shift 3: keds
Shift 4: jdcr
Shift 5: icbq

After trying different Caesar cipher shifts, the decrypted message with a shift of 5 is ""icbq"". This does not appear to be a meaningful word, so let's try shift 6.

Shift 6: hcap

The decrypted message with a Caesar cipher shift of 6 is ""hcap"". This also does not appear to be a meaningful word, so let's try shift 7.

Shift 7: gboz

The decrypted message with a Caesar cipher shift of 7 is ""gboz"". This does not appear to be a meaningful word, so let's try shift 8.

Shift 8: fany

The decrypted message with a Caesar cipher shift of 8 is ""fany"". This does not appear to be a meaningful word either, so let's try shift 9.

Shift 9: ezmx

The decrypted message with a Caesar cipher shift of 9 is ""ezmx"". This also does not appear to be a meaningful word. Let's try one more shift.

Shift 10: dylw

The decrypted message with a Caesar cipher shift of 10 is ""dylw"". This does not seem to be a meaningful word either. I will now try shift 11. 

Shift 11: cxkv

The decrypted message with a Caesar cipher shift of 11 is ""cxkv"". This also does not appear to be a meaningful word. 

It seems that none of the possible shifts with the Caesar cipher are producing a meaningful word. Therefore, the ciphertext ""nghv"" remains puzzling.",0,6,"After trying different combinations, I couldn't unscramble the ciphertext. I will now try decrypting it using a Caesar cipher with different shifts.

Shift 1: mgfu
Shift 2: lfet
Shift 3: keds
Shift 4: jdcr
Shift 5: icbq

After trying different Caesar cipher shifts, the decrypted message with a shift of 5 is ""icbq"". This does not appear to be a mean",1,1
nghv,left,4,2,"After trying different combinations, I couldn't unscramble the ciphertext. I will now try decrypting it using a Caesar cipher with different shifts.

Shift 1: mgfu
Shift 2: lfet
Shift 3: keds
Shift 4: jdcr
Shift 5: icbq

After trying different Caesar cipher shifts, the decrypted message with a shift of 5 is ""icbq"". This does not appear to be a meaningful word, so let's try shift 6.

Shift 6: hcap

The decrypted message with a Caesar cipher shift of 6 is ""hcap"". This also does not appear to be a meaningful word, so let's try shift 7.

Shift 7: gboz

The decrypted message with a Caesar cipher shift of 7 is ""gboz"". This does not appear to be a meaningful word, so let's try shift 8.

Shift 8: fany

The decrypted message with a Caesar cipher shift of 8 is ""fany"". This does not appear to be a meaningful word either, so let's try shift 9.

Shift 9: ezmx

The decrypted message with a Caesar cipher shift of 9 is ""ezmx"". This also does not appear to be a meaningful word. Let's try one more shift.

Shift 10: dylw

The decrypted message with a Caesar cipher shift of 10 is ""dylw"". This does not seem to be a meaningful word either. I will now try shift 11. 

Shift 11: cxkv

The decrypted message with a Caesar cipher shift of 11 is ""cxkv"". This also does not appear to be a meaningful word. 

It seems that none of the possible shifts with the Caesar cipher are producing a meaningful word. Therefore, the ciphertext ""nghv"" remains puzzling.",0,7,"After trying different combinations, I couldn't unscramble the ciphertext. I will now try decrypting it using a Caesar cipher with different shifts.

Shift 1: mgfu
Shift 2: lfet
Shift 3: keds
Shift 4: jdcr
Shift 5: icbq

After trying different Caesar cipher shifts, the decrypted message with a shift of 5 is ""icbq"". This does not appear to be a meaningful word, so let's try shift 6.

Shift 6: hcap
",1,1
nghv,left,4,2,"After trying different combinations, I couldn't unscramble the ciphertext. I will now try decrypting it using a Caesar cipher with different shifts.

Shift 1: mgfu
Shift 2: lfet
Shift 3: keds
Shift 4: jdcr
Shift 5: icbq

After trying different Caesar cipher shifts, the decrypted message with a shift of 5 is ""icbq"". This does not appear to be a meaningful word, so let's try shift 6.

Shift 6: hcap

The decrypted message with a Caesar cipher shift of 6 is ""hcap"". This also does not appear to be a meaningful word, so let's try shift 7.

Shift 7: gboz

The decrypted message with a Caesar cipher shift of 7 is ""gboz"". This does not appear to be a meaningful word, so let's try shift 8.

Shift 8: fany

The decrypted message with a Caesar cipher shift of 8 is ""fany"". This does not appear to be a meaningful word either, so let's try shift 9.

Shift 9: ezmx

The decrypted message with a Caesar cipher shift of 9 is ""ezmx"". This also does not appear to be a meaningful word. Let's try one more shift.

Shift 10: dylw

The decrypted message with a Caesar cipher shift of 10 is ""dylw"". This does not seem to be a meaningful word either. I will now try shift 11. 

Shift 11: cxkv

The decrypted message with a Caesar cipher shift of 11 is ""cxkv"". This also does not appear to be a meaningful word. 

It seems that none of the possible shifts with the Caesar cipher are producing a meaningful word. Therefore, the ciphertext ""nghv"" remains puzzling.",0,8,"After trying different combinations, I couldn't unscramble the ciphertext. I will now try decrypting it using a Caesar cipher with different shifts.

Shift 1: mgfu
Shift 2: lfet
Shift 3: keds
Shift 4: jdcr
Shift 5: icbq

After trying different Caesar cipher shifts, the decrypted message with a shift of 5 is ""icbq"". This does not appear to be a meaningful word, so let's try shift 6.

Shift 6: hcap

The decrypted message with a Caesar cipher shift ",1,1
nghv,left,4,2,"After trying different combinations, I couldn't unscramble the ciphertext. I will now try decrypting it using a Caesar cipher with different shifts.

Shift 1: mgfu
Shift 2: lfet
Shift 3: keds
Shift 4: jdcr
Shift 5: icbq

After trying different Caesar cipher shifts, the decrypted message with a shift of 5 is ""icbq"". This does not appear to be a meaningful word, so let's try shift 6.

Shift 6: hcap

The decrypted message with a Caesar cipher shift of 6 is ""hcap"". This also does not appear to be a meaningful word, so let's try shift 7.

Shift 7: gboz

The decrypted message with a Caesar cipher shift of 7 is ""gboz"". This does not appear to be a meaningful word, so let's try shift 8.

Shift 8: fany

The decrypted message with a Caesar cipher shift of 8 is ""fany"". This does not appear to be a meaningful word either, so let's try shift 9.

Shift 9: ezmx

The decrypted message with a Caesar cipher shift of 9 is ""ezmx"". This also does not appear to be a meaningful word. Let's try one more shift.

Shift 10: dylw

The decrypted message with a Caesar cipher shift of 10 is ""dylw"". This does not seem to be a meaningful word either. I will now try shift 11. 

Shift 11: cxkv

The decrypted message with a Caesar cipher shift of 11 is ""cxkv"". This also does not appear to be a meaningful word. 

It seems that none of the possible shifts with the Caesar cipher are producing a meaningful word. Therefore, the ciphertext ""nghv"" remains puzzling.",0,9,"After trying different combinations, I couldn't unscramble the ciphertext. I will now try decrypting it using a Caesar cipher with different shifts.

Shift 1: mgfu
Shift 2: lfet
Shift 3: keds
Shift 4: jdcr
Shift 5: icbq

After trying different Caesar cipher shifts, the decrypted message with a shift of 5 is ""icbq"". This does not appear to be a meaningful word, so let's try shift 6.

Shift 6: hcap

The decrypted message with a Caesar cipher shift of 6 is ""hcap"". This also does not appear to be a ",1,1
nghv,left,4,2,"After trying different combinations, I couldn't unscramble the ciphertext. I will now try decrypting it using a Caesar cipher with different shifts.

Shift 1: mgfu
Shift 2: lfet
Shift 3: keds
Shift 4: jdcr
Shift 5: icbq

After trying different Caesar cipher shifts, the decrypted message with a shift of 5 is ""icbq"". This does not appear to be a meaningful word, so let's try shift 6.

Shift 6: hcap

The decrypted message with a Caesar cipher shift of 6 is ""hcap"". This also does not appear to be a meaningful word, so let's try shift 7.

Shift 7: gboz

The decrypted message with a Caesar cipher shift of 7 is ""gboz"". This does not appear to be a meaningful word, so let's try shift 8.

Shift 8: fany

The decrypted message with a Caesar cipher shift of 8 is ""fany"". This does not appear to be a meaningful word either, so let's try shift 9.

Shift 9: ezmx

The decrypted message with a Caesar cipher shift of 9 is ""ezmx"". This also does not appear to be a meaningful word. Let's try one more shift.

Shift 10: dylw

The decrypted message with a Caesar cipher shift of 10 is ""dylw"". This does not seem to be a meaningful word either. I will now try shift 11. 

Shift 11: cxkv

The decrypted message with a Caesar cipher shift of 11 is ""cxkv"". This also does not appear to be a meaningful word. 

It seems that none of the possible shifts with the Caesar cipher are producing a meaningful word. Therefore, the ciphertext ""nghv"" remains puzzling.",0,10,"After trying different combinations, I couldn't unscramble the ciphertext. I will now try decrypting it using a Caesar cipher with different shifts.

Shift 1: mgfu
Shift 2: lfet
Shift 3: keds
Shift 4: jdcr
Shift 5: icbq

After trying different Caesar cipher shifts, the decrypted message with a shift of 5 is ""icbq"". This does not appear to be a meaningful word, so let's try shift 6.

Shift 6: hcap

The decrypted message with a Caesar cipher shift of 6 is ""hcap"". This also does not appear to be a meaningful word, so let's try shift 7.

Shift 7: g",1,1
nghv,left,4,2,"After trying different combinations, I couldn't unscramble the ciphertext. I will now try decrypting it using a Caesar cipher with different shifts.

Shift 1: mgfu
Shift 2: lfet
Shift 3: keds
Shift 4: jdcr
Shift 5: icbq

After trying different Caesar cipher shifts, the decrypted message with a shift of 5 is ""icbq"". This does not appear to be a meaningful word, so let's try shift 6.

Shift 6: hcap

The decrypted message with a Caesar cipher shift of 6 is ""hcap"". This also does not appear to be a meaningful word, so let's try shift 7.

Shift 7: gboz

The decrypted message with a Caesar cipher shift of 7 is ""gboz"". This does not appear to be a meaningful word, so let's try shift 8.

Shift 8: fany

The decrypted message with a Caesar cipher shift of 8 is ""fany"". This does not appear to be a meaningful word either, so let's try shift 9.

Shift 9: ezmx

The decrypted message with a Caesar cipher shift of 9 is ""ezmx"". This also does not appear to be a meaningful word. Let's try one more shift.

Shift 10: dylw

The decrypted message with a Caesar cipher shift of 10 is ""dylw"". This does not seem to be a meaningful word either. I will now try shift 11. 

Shift 11: cxkv

The decrypted message with a Caesar cipher shift of 11 is ""cxkv"". This also does not appear to be a meaningful word. 

It seems that none of the possible shifts with the Caesar cipher are producing a meaningful word. Therefore, the ciphertext ""nghv"" remains puzzling.",0,11,"After trying different combinations, I couldn't unscramble the ciphertext. I will now try decrypting it using a Caesar cipher with different shifts.

Shift 1: mgfu
Shift 2: lfet
Shift 3: keds
Shift 4: jdcr
Shift 5: icbq

After trying different Caesar cipher shifts, the decrypted message with a shift of 5 is ""icbq"". This does not appear to be a meaningful word, so let's try shift 6.

Shift 6: hcap

The decrypted message with a Caesar cipher shift of 6 is ""hcap"". This also does not appear to be a meaningful word, so let's try shift 7.

Shift 7: gboz

The decrypted message with a Caesar cipher sh",1,1
nghv,left,4,2,"After trying different combinations, I couldn't unscramble the ciphertext. I will now try decrypting it using a Caesar cipher with different shifts.

Shift 1: mgfu
Shift 2: lfet
Shift 3: keds
Shift 4: jdcr
Shift 5: icbq

After trying different Caesar cipher shifts, the decrypted message with a shift of 5 is ""icbq"". This does not appear to be a meaningful word, so let's try shift 6.

Shift 6: hcap

The decrypted message with a Caesar cipher shift of 6 is ""hcap"". This also does not appear to be a meaningful word, so let's try shift 7.

Shift 7: gboz

The decrypted message with a Caesar cipher shift of 7 is ""gboz"". This does not appear to be a meaningful word, so let's try shift 8.

Shift 8: fany

The decrypted message with a Caesar cipher shift of 8 is ""fany"". This does not appear to be a meaningful word either, so let's try shift 9.

Shift 9: ezmx

The decrypted message with a Caesar cipher shift of 9 is ""ezmx"". This also does not appear to be a meaningful word. Let's try one more shift.

Shift 10: dylw

The decrypted message with a Caesar cipher shift of 10 is ""dylw"". This does not seem to be a meaningful word either. I will now try shift 11. 

Shift 11: cxkv

The decrypted message with a Caesar cipher shift of 11 is ""cxkv"". This also does not appear to be a meaningful word. 

It seems that none of the possible shifts with the Caesar cipher are producing a meaningful word. Therefore, the ciphertext ""nghv"" remains puzzling.",0,12,"After trying different combinations, I couldn't unscramble the ciphertext. I will now try decrypting it using a Caesar cipher with different shifts.

Shift 1: mgfu
Shift 2: lfet
Shift 3: keds
Shift 4: jdcr
Shift 5: icbq

After trying different Caesar cipher shifts, the decrypted message with a shift of 5 is ""icbq"". This does not appear to be a meaningful word, so let's try shift 6.

Shift 6: hcap

The decrypted message with a Caesar cipher shift of 6 is ""hcap"". This also does not appear to be a meaningful word, so let's try shift 7.

Shift 7: gboz

The decrypted message with a Caesar cipher shift of 7 is ""gboz"". This does not appear to be a m",1,1
nghv,left,4,2,"After trying different combinations, I couldn't unscramble the ciphertext. I will now try decrypting it using a Caesar cipher with different shifts.

Shift 1: mgfu
Shift 2: lfet
Shift 3: keds
Shift 4: jdcr
Shift 5: icbq

After trying different Caesar cipher shifts, the decrypted message with a shift of 5 is ""icbq"". This does not appear to be a meaningful word, so let's try shift 6.

Shift 6: hcap

The decrypted message with a Caesar cipher shift of 6 is ""hcap"". This also does not appear to be a meaningful word, so let's try shift 7.

Shift 7: gboz

The decrypted message with a Caesar cipher shift of 7 is ""gboz"". This does not appear to be a meaningful word, so let's try shift 8.

Shift 8: fany

The decrypted message with a Caesar cipher shift of 8 is ""fany"". This does not appear to be a meaningful word either, so let's try shift 9.

Shift 9: ezmx

The decrypted message with a Caesar cipher shift of 9 is ""ezmx"". This also does not appear to be a meaningful word. Let's try one more shift.

Shift 10: dylw

The decrypted message with a Caesar cipher shift of 10 is ""dylw"". This does not seem to be a meaningful word either. I will now try shift 11. 

Shift 11: cxkv

The decrypted message with a Caesar cipher shift of 11 is ""cxkv"". This also does not appear to be a meaningful word. 

It seems that none of the possible shifts with the Caesar cipher are producing a meaningful word. Therefore, the ciphertext ""nghv"" remains puzzling.",0,13,"After trying different combinations, I couldn't unscramble the ciphertext. I will now try decrypting it using a Caesar cipher with different shifts.

Shift 1: mgfu
Shift 2: lfet
Shift 3: keds
Shift 4: jdcr
Shift 5: icbq

After trying different Caesar cipher shifts, the decrypted message with a shift of 5 is ""icbq"". This does not appear to be a meaningful word, so let's try shift 6.

Shift 6: hcap

The decrypted message with a Caesar cipher shift of 6 is ""hcap"". This also does not appear to be a meaningful word, so let's try shift 7.

Shift 7: gboz

The decrypted message with a Caesar cipher shift of 7 is ""gboz"". This does not appear to be a meaningful word, so let's try shift 8.

Shift 8: fa",1,1
nghv,left,4,2,"After trying different combinations, I couldn't unscramble the ciphertext. I will now try decrypting it using a Caesar cipher with different shifts.

Shift 1: mgfu
Shift 2: lfet
Shift 3: keds
Shift 4: jdcr
Shift 5: icbq

After trying different Caesar cipher shifts, the decrypted message with a shift of 5 is ""icbq"". This does not appear to be a meaningful word, so let's try shift 6.

Shift 6: hcap

The decrypted message with a Caesar cipher shift of 6 is ""hcap"". This also does not appear to be a meaningful word, so let's try shift 7.

Shift 7: gboz

The decrypted message with a Caesar cipher shift of 7 is ""gboz"". This does not appear to be a meaningful word, so let's try shift 8.

Shift 8: fany

The decrypted message with a Caesar cipher shift of 8 is ""fany"". This does not appear to be a meaningful word either, so let's try shift 9.

Shift 9: ezmx

The decrypted message with a Caesar cipher shift of 9 is ""ezmx"". This also does not appear to be a meaningful word. Let's try one more shift.

Shift 10: dylw

The decrypted message with a Caesar cipher shift of 10 is ""dylw"". This does not seem to be a meaningful word either. I will now try shift 11. 

Shift 11: cxkv

The decrypted message with a Caesar cipher shift of 11 is ""cxkv"". This also does not appear to be a meaningful word. 

It seems that none of the possible shifts with the Caesar cipher are producing a meaningful word. Therefore, the ciphertext ""nghv"" remains puzzling.",0,14,"After trying different combinations, I couldn't unscramble the ciphertext. I will now try decrypting it using a Caesar cipher with different shifts.

Shift 1: mgfu
Shift 2: lfet
Shift 3: keds
Shift 4: jdcr
Shift 5: icbq

After trying different Caesar cipher shifts, the decrypted message with a shift of 5 is ""icbq"". This does not appear to be a meaningful word, so let's try shift 6.

Shift 6: hcap

The decrypted message with a Caesar cipher shift of 6 is ""hcap"". This also does not appear to be a meaningful word, so let's try shift 7.

Shift 7: gboz

The decrypted message with a Caesar cipher shift of 7 is ""gboz"". This does not appear to be a meaningful word, so let's try shift 8.

Shift 8: fany

The decrypted message with a Caesar cipher shi",1,1
nghv,left,4,2,"After trying different combinations, I couldn't unscramble the ciphertext. I will now try decrypting it using a Caesar cipher with different shifts.

Shift 1: mgfu
Shift 2: lfet
Shift 3: keds
Shift 4: jdcr
Shift 5: icbq

After trying different Caesar cipher shifts, the decrypted message with a shift of 5 is ""icbq"". This does not appear to be a meaningful word, so let's try shift 6.

Shift 6: hcap

The decrypted message with a Caesar cipher shift of 6 is ""hcap"". This also does not appear to be a meaningful word, so let's try shift 7.

Shift 7: gboz

The decrypted message with a Caesar cipher shift of 7 is ""gboz"". This does not appear to be a meaningful word, so let's try shift 8.

Shift 8: fany

The decrypted message with a Caesar cipher shift of 8 is ""fany"". This does not appear to be a meaningful word either, so let's try shift 9.

Shift 9: ezmx

The decrypted message with a Caesar cipher shift of 9 is ""ezmx"". This also does not appear to be a meaningful word. Let's try one more shift.

Shift 10: dylw

The decrypted message with a Caesar cipher shift of 10 is ""dylw"". This does not seem to be a meaningful word either. I will now try shift 11. 

Shift 11: cxkv

The decrypted message with a Caesar cipher shift of 11 is ""cxkv"". This also does not appear to be a meaningful word. 

It seems that none of the possible shifts with the Caesar cipher are producing a meaningful word. Therefore, the ciphertext ""nghv"" remains puzzling.",0,15,"After trying different combinations, I couldn't unscramble the ciphertext. I will now try decrypting it using a Caesar cipher with different shifts.

Shift 1: mgfu
Shift 2: lfet
Shift 3: keds
Shift 4: jdcr
Shift 5: icbq

After trying different Caesar cipher shifts, the decrypted message with a shift of 5 is ""icbq"". This does not appear to be a meaningful word, so let's try shift 6.

Shift 6: hcap

The decrypted message with a Caesar cipher shift of 6 is ""hcap"". This also does not appear to be a meaningful word, so let's try shift 7.

Shift 7: gboz

The decrypted message with a Caesar cipher shift of 7 is ""gboz"". This does not appear to be a meaningful word, so let's try shift 8.

Shift 8: fany

The decrypted message with a Caesar cipher shift of 8 is ""fany"". This does not appear to be a me",1,1
nghv,left,4,2,"After trying different combinations, I couldn't unscramble the ciphertext. I will now try decrypting it using a Caesar cipher with different shifts.

Shift 1: mgfu
Shift 2: lfet
Shift 3: keds
Shift 4: jdcr
Shift 5: icbq

After trying different Caesar cipher shifts, the decrypted message with a shift of 5 is ""icbq"". This does not appear to be a meaningful word, so let's try shift 6.

Shift 6: hcap

The decrypted message with a Caesar cipher shift of 6 is ""hcap"". This also does not appear to be a meaningful word, so let's try shift 7.

Shift 7: gboz

The decrypted message with a Caesar cipher shift of 7 is ""gboz"". This does not appear to be a meaningful word, so let's try shift 8.

Shift 8: fany

The decrypted message with a Caesar cipher shift of 8 is ""fany"". This does not appear to be a meaningful word either, so let's try shift 9.

Shift 9: ezmx

The decrypted message with a Caesar cipher shift of 9 is ""ezmx"". This also does not appear to be a meaningful word. Let's try one more shift.

Shift 10: dylw

The decrypted message with a Caesar cipher shift of 10 is ""dylw"". This does not seem to be a meaningful word either. I will now try shift 11. 

Shift 11: cxkv

The decrypted message with a Caesar cipher shift of 11 is ""cxkv"". This also does not appear to be a meaningful word. 

It seems that none of the possible shifts with the Caesar cipher are producing a meaningful word. Therefore, the ciphertext ""nghv"" remains puzzling.",0,16,"After trying different combinations, I couldn't unscramble the ciphertext. I will now try decrypting it using a Caesar cipher with different shifts.

Shift 1: mgfu
Shift 2: lfet
Shift 3: keds
Shift 4: jdcr
Shift 5: icbq

After trying different Caesar cipher shifts, the decrypted message with a shift of 5 is ""icbq"". This does not appear to be a meaningful word, so let's try shift 6.

Shift 6: hcap

The decrypted message with a Caesar cipher shift of 6 is ""hcap"". This also does not appear to be a meaningful word, so let's try shift 7.

Shift 7: gboz

The decrypted message with a Caesar cipher shift of 7 is ""gboz"". This does not appear to be a meaningful word, so let's try shift 8.

Shift 8: fany

The decrypted message with a Caesar cipher shift of 8 is ""fany"". This does not appear to be a meaningful word either, so let's try shift 9.

Shift",1,1
nghv,left,4,2,"After trying different combinations, I couldn't unscramble the ciphertext. I will now try decrypting it using a Caesar cipher with different shifts.

Shift 1: mgfu
Shift 2: lfet
Shift 3: keds
Shift 4: jdcr
Shift 5: icbq

After trying different Caesar cipher shifts, the decrypted message with a shift of 5 is ""icbq"". This does not appear to be a meaningful word, so let's try shift 6.

Shift 6: hcap

The decrypted message with a Caesar cipher shift of 6 is ""hcap"". This also does not appear to be a meaningful word, so let's try shift 7.

Shift 7: gboz

The decrypted message with a Caesar cipher shift of 7 is ""gboz"". This does not appear to be a meaningful word, so let's try shift 8.

Shift 8: fany

The decrypted message with a Caesar cipher shift of 8 is ""fany"". This does not appear to be a meaningful word either, so let's try shift 9.

Shift 9: ezmx

The decrypted message with a Caesar cipher shift of 9 is ""ezmx"". This also does not appear to be a meaningful word. Let's try one more shift.

Shift 10: dylw

The decrypted message with a Caesar cipher shift of 10 is ""dylw"". This does not seem to be a meaningful word either. I will now try shift 11. 

Shift 11: cxkv

The decrypted message with a Caesar cipher shift of 11 is ""cxkv"". This also does not appear to be a meaningful word. 

It seems that none of the possible shifts with the Caesar cipher are producing a meaningful word. Therefore, the ciphertext ""nghv"" remains puzzling.",0,17,"After trying different combinations, I couldn't unscramble the ciphertext. I will now try decrypting it using a Caesar cipher with different shifts.

Shift 1: mgfu
Shift 2: lfet
Shift 3: keds
Shift 4: jdcr
Shift 5: icbq

After trying different Caesar cipher shifts, the decrypted message with a shift of 5 is ""icbq"". This does not appear to be a meaningful word, so let's try shift 6.

Shift 6: hcap

The decrypted message with a Caesar cipher shift of 6 is ""hcap"". This also does not appear to be a meaningful word, so let's try shift 7.

Shift 7: gboz

The decrypted message with a Caesar cipher shift of 7 is ""gboz"". This does not appear to be a meaningful word, so let's try shift 8.

Shift 8: fany

The decrypted message with a Caesar cipher shift of 8 is ""fany"". This does not appear to be a meaningful word either, so let's try shift 9.

Shift 9: ezmx

The decrypted message with a Caesar ciph",1,1
nghv,left,4,2,"After trying different combinations, I couldn't unscramble the ciphertext. I will now try decrypting it using a Caesar cipher with different shifts.

Shift 1: mgfu
Shift 2: lfet
Shift 3: keds
Shift 4: jdcr
Shift 5: icbq

After trying different Caesar cipher shifts, the decrypted message with a shift of 5 is ""icbq"". This does not appear to be a meaningful word, so let's try shift 6.

Shift 6: hcap

The decrypted message with a Caesar cipher shift of 6 is ""hcap"". This also does not appear to be a meaningful word, so let's try shift 7.

Shift 7: gboz

The decrypted message with a Caesar cipher shift of 7 is ""gboz"". This does not appear to be a meaningful word, so let's try shift 8.

Shift 8: fany

The decrypted message with a Caesar cipher shift of 8 is ""fany"". This does not appear to be a meaningful word either, so let's try shift 9.

Shift 9: ezmx

The decrypted message with a Caesar cipher shift of 9 is ""ezmx"". This also does not appear to be a meaningful word. Let's try one more shift.

Shift 10: dylw

The decrypted message with a Caesar cipher shift of 10 is ""dylw"". This does not seem to be a meaningful word either. I will now try shift 11. 

Shift 11: cxkv

The decrypted message with a Caesar cipher shift of 11 is ""cxkv"". This also does not appear to be a meaningful word. 

It seems that none of the possible shifts with the Caesar cipher are producing a meaningful word. Therefore, the ciphertext ""nghv"" remains puzzling.",0,18,"After trying different combinations, I couldn't unscramble the ciphertext. I will now try decrypting it using a Caesar cipher with different shifts.

Shift 1: mgfu
Shift 2: lfet
Shift 3: keds
Shift 4: jdcr
Shift 5: icbq

After trying different Caesar cipher shifts, the decrypted message with a shift of 5 is ""icbq"". This does not appear to be a meaningful word, so let's try shift 6.

Shift 6: hcap

The decrypted message with a Caesar cipher shift of 6 is ""hcap"". This also does not appear to be a meaningful word, so let's try shift 7.

Shift 7: gboz

The decrypted message with a Caesar cipher shift of 7 is ""gboz"". This does not appear to be a meaningful word, so let's try shift 8.

Shift 8: fany

The decrypted message with a Caesar cipher shift of 8 is ""fany"". This does not appear to be a meaningful word either, so let's try shift 9.

Shift 9: ezmx

The decrypted message with a Caesar cipher shift of 9 is ""ezmx"". This also does not appear",1,1
nghv,left,4,2,"After trying different combinations, I couldn't unscramble the ciphertext. I will now try decrypting it using a Caesar cipher with different shifts.

Shift 1: mgfu
Shift 2: lfet
Shift 3: keds
Shift 4: jdcr
Shift 5: icbq

After trying different Caesar cipher shifts, the decrypted message with a shift of 5 is ""icbq"". This does not appear to be a meaningful word, so let's try shift 6.

Shift 6: hcap

The decrypted message with a Caesar cipher shift of 6 is ""hcap"". This also does not appear to be a meaningful word, so let's try shift 7.

Shift 7: gboz

The decrypted message with a Caesar cipher shift of 7 is ""gboz"". This does not appear to be a meaningful word, so let's try shift 8.

Shift 8: fany

The decrypted message with a Caesar cipher shift of 8 is ""fany"". This does not appear to be a meaningful word either, so let's try shift 9.

Shift 9: ezmx

The decrypted message with a Caesar cipher shift of 9 is ""ezmx"". This also does not appear to be a meaningful word. Let's try one more shift.

Shift 10: dylw

The decrypted message with a Caesar cipher shift of 10 is ""dylw"". This does not seem to be a meaningful word either. I will now try shift 11. 

Shift 11: cxkv

The decrypted message with a Caesar cipher shift of 11 is ""cxkv"". This also does not appear to be a meaningful word. 

It seems that none of the possible shifts with the Caesar cipher are producing a meaningful word. Therefore, the ciphertext ""nghv"" remains puzzling.",0,19,"After trying different combinations, I couldn't unscramble the ciphertext. I will now try decrypting it using a Caesar cipher with different shifts.

Shift 1: mgfu
Shift 2: lfet
Shift 3: keds
Shift 4: jdcr
Shift 5: icbq

After trying different Caesar cipher shifts, the decrypted message with a shift of 5 is ""icbq"". This does not appear to be a meaningful word, so let's try shift 6.

Shift 6: hcap

The decrypted message with a Caesar cipher shift of 6 is ""hcap"". This also does not appear to be a meaningful word, so let's try shift 7.

Shift 7: gboz

The decrypted message with a Caesar cipher shift of 7 is ""gboz"". This does not appear to be a meaningful word, so let's try shift 8.

Shift 8: fany

The decrypted message with a Caesar cipher shift of 8 is ""fany"". This does not appear to be a meaningful word either, so let's try shift 9.

Shift 9: ezmx

The decrypted message with a Caesar cipher shift of 9 is ""ezmx"". This also does not appear to be a meaningful word. Let's try one more shift",1,1
nghv,left,4,2,"After trying different combinations, I couldn't unscramble the ciphertext. I will now try decrypting it using a Caesar cipher with different shifts.

Shift 1: mgfu
Shift 2: lfet
Shift 3: keds
Shift 4: jdcr
Shift 5: icbq

After trying different Caesar cipher shifts, the decrypted message with a shift of 5 is ""icbq"". This does not appear to be a meaningful word, so let's try shift 6.

Shift 6: hcap

The decrypted message with a Caesar cipher shift of 6 is ""hcap"". This also does not appear to be a meaningful word, so let's try shift 7.

Shift 7: gboz

The decrypted message with a Caesar cipher shift of 7 is ""gboz"". This does not appear to be a meaningful word, so let's try shift 8.

Shift 8: fany

The decrypted message with a Caesar cipher shift of 8 is ""fany"". This does not appear to be a meaningful word either, so let's try shift 9.

Shift 9: ezmx

The decrypted message with a Caesar cipher shift of 9 is ""ezmx"". This also does not appear to be a meaningful word. Let's try one more shift.

Shift 10: dylw

The decrypted message with a Caesar cipher shift of 10 is ""dylw"". This does not seem to be a meaningful word either. I will now try shift 11. 

Shift 11: cxkv

The decrypted message with a Caesar cipher shift of 11 is ""cxkv"". This also does not appear to be a meaningful word. 

It seems that none of the possible shifts with the Caesar cipher are producing a meaningful word. Therefore, the ciphertext ""nghv"" remains puzzling.",0,20,"After trying different combinations, I couldn't unscramble the ciphertext. I will now try decrypting it using a Caesar cipher with different shifts.

Shift 1: mgfu
Shift 2: lfet
Shift 3: keds
Shift 4: jdcr
Shift 5: icbq

After trying different Caesar cipher shifts, the decrypted message with a shift of 5 is ""icbq"". This does not appear to be a meaningful word, so let's try shift 6.

Shift 6: hcap

The decrypted message with a Caesar cipher shift of 6 is ""hcap"". This also does not appear to be a meaningful word, so let's try shift 7.

Shift 7: gboz

The decrypted message with a Caesar cipher shift of 7 is ""gboz"". This does not appear to be a meaningful word, so let's try shift 8.

Shift 8: fany

The decrypted message with a Caesar cipher shift of 8 is ""fany"". This does not appear to be a meaningful word either, so let's try shift 9.

Shift 9: ezmx

The decrypted message with a Caesar cipher shift of 9 is ""ezmx"". This also does not appear to be a meaningful word. Let's try one more shift.

Shift 10: dylw

The decrypted message with a Ca",1,1
nghv,left,4,2,"After trying different combinations, I couldn't unscramble the ciphertext. I will now try decrypting it using a Caesar cipher with different shifts.

Shift 1: mgfu
Shift 2: lfet
Shift 3: keds
Shift 4: jdcr
Shift 5: icbq

After trying different Caesar cipher shifts, the decrypted message with a shift of 5 is ""icbq"". This does not appear to be a meaningful word, so let's try shift 6.

Shift 6: hcap

The decrypted message with a Caesar cipher shift of 6 is ""hcap"". This also does not appear to be a meaningful word, so let's try shift 7.

Shift 7: gboz

The decrypted message with a Caesar cipher shift of 7 is ""gboz"". This does not appear to be a meaningful word, so let's try shift 8.

Shift 8: fany

The decrypted message with a Caesar cipher shift of 8 is ""fany"". This does not appear to be a meaningful word either, so let's try shift 9.

Shift 9: ezmx

The decrypted message with a Caesar cipher shift of 9 is ""ezmx"". This also does not appear to be a meaningful word. Let's try one more shift.

Shift 10: dylw

The decrypted message with a Caesar cipher shift of 10 is ""dylw"". This does not seem to be a meaningful word either. I will now try shift 11. 

Shift 11: cxkv

The decrypted message with a Caesar cipher shift of 11 is ""cxkv"". This also does not appear to be a meaningful word. 

It seems that none of the possible shifts with the Caesar cipher are producing a meaningful word. Therefore, the ciphertext ""nghv"" remains puzzling.",0,21,"After trying different combinations, I couldn't unscramble the ciphertext. I will now try decrypting it using a Caesar cipher with different shifts.

Shift 1: mgfu
Shift 2: lfet
Shift 3: keds
Shift 4: jdcr
Shift 5: icbq

After trying different Caesar cipher shifts, the decrypted message with a shift of 5 is ""icbq"". This does not appear to be a meaningful word, so let's try shift 6.

Shift 6: hcap

The decrypted message with a Caesar cipher shift of 6 is ""hcap"". This also does not appear to be a meaningful word, so let's try shift 7.

Shift 7: gboz

The decrypted message with a Caesar cipher shift of 7 is ""gboz"". This does not appear to be a meaningful word, so let's try shift 8.

Shift 8: fany

The decrypted message with a Caesar cipher shift of 8 is ""fany"". This does not appear to be a meaningful word either, so let's try shift 9.

Shift 9: ezmx

The decrypted message with a Caesar cipher shift of 9 is ""ezmx"". This also does not appear to be a meaningful word. Let's try one more shift.

Shift 10: dylw

The decrypted message with a Caesar cipher shift of 10 is ""dylw"". This does not s",1,1
nghv,left,4,2,"After trying different combinations, I couldn't unscramble the ciphertext. I will now try decrypting it using a Caesar cipher with different shifts.

Shift 1: mgfu
Shift 2: lfet
Shift 3: keds
Shift 4: jdcr
Shift 5: icbq

After trying different Caesar cipher shifts, the decrypted message with a shift of 5 is ""icbq"". This does not appear to be a meaningful word, so let's try shift 6.

Shift 6: hcap

The decrypted message with a Caesar cipher shift of 6 is ""hcap"". This also does not appear to be a meaningful word, so let's try shift 7.

Shift 7: gboz

The decrypted message with a Caesar cipher shift of 7 is ""gboz"". This does not appear to be a meaningful word, so let's try shift 8.

Shift 8: fany

The decrypted message with a Caesar cipher shift of 8 is ""fany"". This does not appear to be a meaningful word either, so let's try shift 9.

Shift 9: ezmx

The decrypted message with a Caesar cipher shift of 9 is ""ezmx"". This also does not appear to be a meaningful word. Let's try one more shift.

Shift 10: dylw

The decrypted message with a Caesar cipher shift of 10 is ""dylw"". This does not seem to be a meaningful word either. I will now try shift 11. 

Shift 11: cxkv

The decrypted message with a Caesar cipher shift of 11 is ""cxkv"". This also does not appear to be a meaningful word. 

It seems that none of the possible shifts with the Caesar cipher are producing a meaningful word. Therefore, the ciphertext ""nghv"" remains puzzling.",0,22,"After trying different combinations, I couldn't unscramble the ciphertext. I will now try decrypting it using a Caesar cipher with different shifts.

Shift 1: mgfu
Shift 2: lfet
Shift 3: keds
Shift 4: jdcr
Shift 5: icbq

After trying different Caesar cipher shifts, the decrypted message with a shift of 5 is ""icbq"". This does not appear to be a meaningful word, so let's try shift 6.

Shift 6: hcap

The decrypted message with a Caesar cipher shift of 6 is ""hcap"". This also does not appear to be a meaningful word, so let's try shift 7.

Shift 7: gboz

The decrypted message with a Caesar cipher shift of 7 is ""gboz"". This does not appear to be a meaningful word, so let's try shift 8.

Shift 8: fany

The decrypted message with a Caesar cipher shift of 8 is ""fany"". This does not appear to be a meaningful word either, so let's try shift 9.

Shift 9: ezmx

The decrypted message with a Caesar cipher shift of 9 is ""ezmx"". This also does not appear to be a meaningful word. Let's try one more shift.

Shift 10: dylw

The decrypted message with a Caesar cipher shift of 10 is ""dylw"". This does not seem to be a meaningful word either. I will now try",1,1
nghv,left,4,2,"After trying different combinations, I couldn't unscramble the ciphertext. I will now try decrypting it using a Caesar cipher with different shifts.

Shift 1: mgfu
Shift 2: lfet
Shift 3: keds
Shift 4: jdcr
Shift 5: icbq

After trying different Caesar cipher shifts, the decrypted message with a shift of 5 is ""icbq"". This does not appear to be a meaningful word, so let's try shift 6.

Shift 6: hcap

The decrypted message with a Caesar cipher shift of 6 is ""hcap"". This also does not appear to be a meaningful word, so let's try shift 7.

Shift 7: gboz

The decrypted message with a Caesar cipher shift of 7 is ""gboz"". This does not appear to be a meaningful word, so let's try shift 8.

Shift 8: fany

The decrypted message with a Caesar cipher shift of 8 is ""fany"". This does not appear to be a meaningful word either, so let's try shift 9.

Shift 9: ezmx

The decrypted message with a Caesar cipher shift of 9 is ""ezmx"". This also does not appear to be a meaningful word. Let's try one more shift.

Shift 10: dylw

The decrypted message with a Caesar cipher shift of 10 is ""dylw"". This does not seem to be a meaningful word either. I will now try shift 11. 

Shift 11: cxkv

The decrypted message with a Caesar cipher shift of 11 is ""cxkv"". This also does not appear to be a meaningful word. 

It seems that none of the possible shifts with the Caesar cipher are producing a meaningful word. Therefore, the ciphertext ""nghv"" remains puzzling.",0,23,"After trying different combinations, I couldn't unscramble the ciphertext. I will now try decrypting it using a Caesar cipher with different shifts.

Shift 1: mgfu
Shift 2: lfet
Shift 3: keds
Shift 4: jdcr
Shift 5: icbq

After trying different Caesar cipher shifts, the decrypted message with a shift of 5 is ""icbq"". This does not appear to be a meaningful word, so let's try shift 6.

Shift 6: hcap

The decrypted message with a Caesar cipher shift of 6 is ""hcap"". This also does not appear to be a meaningful word, so let's try shift 7.

Shift 7: gboz

The decrypted message with a Caesar cipher shift of 7 is ""gboz"". This does not appear to be a meaningful word, so let's try shift 8.

Shift 8: fany

The decrypted message with a Caesar cipher shift of 8 is ""fany"". This does not appear to be a meaningful word either, so let's try shift 9.

Shift 9: ezmx

The decrypted message with a Caesar cipher shift of 9 is ""ezmx"". This also does not appear to be a meaningful word. Let's try one more shift.

Shift 10: dylw

The decrypted message with a Caesar cipher shift of 10 is ""dylw"". This does not seem to be a meaningful word either. I will now try shift 11. 

Shift 11: cxkv

The decrypted message",1,1
nghv,left,4,2,"After trying different combinations, I couldn't unscramble the ciphertext. I will now try decrypting it using a Caesar cipher with different shifts.

Shift 1: mgfu
Shift 2: lfet
Shift 3: keds
Shift 4: jdcr
Shift 5: icbq

After trying different Caesar cipher shifts, the decrypted message with a shift of 5 is ""icbq"". This does not appear to be a meaningful word, so let's try shift 6.

Shift 6: hcap

The decrypted message with a Caesar cipher shift of 6 is ""hcap"". This also does not appear to be a meaningful word, so let's try shift 7.

Shift 7: gboz

The decrypted message with a Caesar cipher shift of 7 is ""gboz"". This does not appear to be a meaningful word, so let's try shift 8.

Shift 8: fany

The decrypted message with a Caesar cipher shift of 8 is ""fany"". This does not appear to be a meaningful word either, so let's try shift 9.

Shift 9: ezmx

The decrypted message with a Caesar cipher shift of 9 is ""ezmx"". This also does not appear to be a meaningful word. Let's try one more shift.

Shift 10: dylw

The decrypted message with a Caesar cipher shift of 10 is ""dylw"". This does not seem to be a meaningful word either. I will now try shift 11. 

Shift 11: cxkv

The decrypted message with a Caesar cipher shift of 11 is ""cxkv"". This also does not appear to be a meaningful word. 

It seems that none of the possible shifts with the Caesar cipher are producing a meaningful word. Therefore, the ciphertext ""nghv"" remains puzzling.",0,24,"After trying different combinations, I couldn't unscramble the ciphertext. I will now try decrypting it using a Caesar cipher with different shifts.

Shift 1: mgfu
Shift 2: lfet
Shift 3: keds
Shift 4: jdcr
Shift 5: icbq

After trying different Caesar cipher shifts, the decrypted message with a shift of 5 is ""icbq"". This does not appear to be a meaningful word, so let's try shift 6.

Shift 6: hcap

The decrypted message with a Caesar cipher shift of 6 is ""hcap"". This also does not appear to be a meaningful word, so let's try shift 7.

Shift 7: gboz

The decrypted message with a Caesar cipher shift of 7 is ""gboz"". This does not appear to be a meaningful word, so let's try shift 8.

Shift 8: fany

The decrypted message with a Caesar cipher shift of 8 is ""fany"". This does not appear to be a meaningful word either, so let's try shift 9.

Shift 9: ezmx

The decrypted message with a Caesar cipher shift of 9 is ""ezmx"". This also does not appear to be a meaningful word. Let's try one more shift.

Shift 10: dylw

The decrypted message with a Caesar cipher shift of 10 is ""dylw"". This does not seem to be a meaningful word either. I will now try shift 11. 

Shift 11: cxkv

The decrypted message with a Caesar cipher shift of 11 is ""cxkv"". This ",1,1
nghv,left,4,2,"After trying different combinations, I couldn't unscramble the ciphertext. I will now try decrypting it using a Caesar cipher with different shifts.

Shift 1: mgfu
Shift 2: lfet
Shift 3: keds
Shift 4: jdcr
Shift 5: icbq

After trying different Caesar cipher shifts, the decrypted message with a shift of 5 is ""icbq"". This does not appear to be a meaningful word, so let's try shift 6.

Shift 6: hcap

The decrypted message with a Caesar cipher shift of 6 is ""hcap"". This also does not appear to be a meaningful word, so let's try shift 7.

Shift 7: gboz

The decrypted message with a Caesar cipher shift of 7 is ""gboz"". This does not appear to be a meaningful word, so let's try shift 8.

Shift 8: fany

The decrypted message with a Caesar cipher shift of 8 is ""fany"". This does not appear to be a meaningful word either, so let's try shift 9.

Shift 9: ezmx

The decrypted message with a Caesar cipher shift of 9 is ""ezmx"". This also does not appear to be a meaningful word. Let's try one more shift.

Shift 10: dylw

The decrypted message with a Caesar cipher shift of 10 is ""dylw"". This does not seem to be a meaningful word either. I will now try shift 11. 

Shift 11: cxkv

The decrypted message with a Caesar cipher shift of 11 is ""cxkv"". This also does not appear to be a meaningful word. 

It seems that none of the possible shifts with the Caesar cipher are producing a meaningful word. Therefore, the ciphertext ""nghv"" remains puzzling.",0,25,"After trying different combinations, I couldn't unscramble the ciphertext. I will now try decrypting it using a Caesar cipher with different shifts.

Shift 1: mgfu
Shift 2: lfet
Shift 3: keds
Shift 4: jdcr
Shift 5: icbq

After trying different Caesar cipher shifts, the decrypted message with a shift of 5 is ""icbq"". This does not appear to be a meaningful word, so let's try shift 6.

Shift 6: hcap

The decrypted message with a Caesar cipher shift of 6 is ""hcap"". This also does not appear to be a meaningful word, so let's try shift 7.

Shift 7: gboz

The decrypted message with a Caesar cipher shift of 7 is ""gboz"". This does not appear to be a meaningful word, so let's try shift 8.

Shift 8: fany

The decrypted message with a Caesar cipher shift of 8 is ""fany"". This does not appear to be a meaningful word either, so let's try shift 9.

Shift 9: ezmx

The decrypted message with a Caesar cipher shift of 9 is ""ezmx"". This also does not appear to be a meaningful word. Let's try one more shift.

Shift 10: dylw

The decrypted message with a Caesar cipher shift of 10 is ""dylw"". This does not seem to be a meaningful word either. I will now try shift 11. 

Shift 11: cxkv

The decrypted message with a Caesar cipher shift of 11 is ""cxkv"". This also does not appear to be a meaningful word. 

It",1,1
nghv,left,4,2,"After trying different combinations, I couldn't unscramble the ciphertext. I will now try decrypting it using a Caesar cipher with different shifts.

Shift 1: mgfu
Shift 2: lfet
Shift 3: keds
Shift 4: jdcr
Shift 5: icbq

After trying different Caesar cipher shifts, the decrypted message with a shift of 5 is ""icbq"". This does not appear to be a meaningful word, so let's try shift 6.

Shift 6: hcap

The decrypted message with a Caesar cipher shift of 6 is ""hcap"". This also does not appear to be a meaningful word, so let's try shift 7.

Shift 7: gboz

The decrypted message with a Caesar cipher shift of 7 is ""gboz"". This does not appear to be a meaningful word, so let's try shift 8.

Shift 8: fany

The decrypted message with a Caesar cipher shift of 8 is ""fany"". This does not appear to be a meaningful word either, so let's try shift 9.

Shift 9: ezmx

The decrypted message with a Caesar cipher shift of 9 is ""ezmx"". This also does not appear to be a meaningful word. Let's try one more shift.

Shift 10: dylw

The decrypted message with a Caesar cipher shift of 10 is ""dylw"". This does not seem to be a meaningful word either. I will now try shift 11. 

Shift 11: cxkv

The decrypted message with a Caesar cipher shift of 11 is ""cxkv"". This also does not appear to be a meaningful word. 

It seems that none of the possible shifts with the Caesar cipher are producing a meaningful word. Therefore, the ciphertext ""nghv"" remains puzzling.",0,26,"After trying different combinations, I couldn't unscramble the ciphertext. I will now try decrypting it using a Caesar cipher with different shifts.

Shift 1: mgfu
Shift 2: lfet
Shift 3: keds
Shift 4: jdcr
Shift 5: icbq

After trying different Caesar cipher shifts, the decrypted message with a shift of 5 is ""icbq"". This does not appear to be a meaningful word, so let's try shift 6.

Shift 6: hcap

The decrypted message with a Caesar cipher shift of 6 is ""hcap"". This also does not appear to be a meaningful word, so let's try shift 7.

Shift 7: gboz

The decrypted message with a Caesar cipher shift of 7 is ""gboz"". This does not appear to be a meaningful word, so let's try shift 8.

Shift 8: fany

The decrypted message with a Caesar cipher shift of 8 is ""fany"". This does not appear to be a meaningful word either, so let's try shift 9.

Shift 9: ezmx

The decrypted message with a Caesar cipher shift of 9 is ""ezmx"". This also does not appear to be a meaningful word. Let's try one more shift.

Shift 10: dylw

The decrypted message with a Caesar cipher shift of 10 is ""dylw"". This does not seem to be a meaningful word either. I will now try shift 11. 

Shift 11: cxkv

The decrypted message with a Caesar cipher shift of 11 is ""cxkv"". This also does not appear to be a meaningful word. 

It seems that none of the possible shifts with the C",1,1
nghv,left,4,2,"After trying different combinations, I couldn't unscramble the ciphertext. I will now try decrypting it using a Caesar cipher with different shifts.

Shift 1: mgfu
Shift 2: lfet
Shift 3: keds
Shift 4: jdcr
Shift 5: icbq

After trying different Caesar cipher shifts, the decrypted message with a shift of 5 is ""icbq"". This does not appear to be a meaningful word, so let's try shift 6.

Shift 6: hcap

The decrypted message with a Caesar cipher shift of 6 is ""hcap"". This also does not appear to be a meaningful word, so let's try shift 7.

Shift 7: gboz

The decrypted message with a Caesar cipher shift of 7 is ""gboz"". This does not appear to be a meaningful word, so let's try shift 8.

Shift 8: fany

The decrypted message with a Caesar cipher shift of 8 is ""fany"". This does not appear to be a meaningful word either, so let's try shift 9.

Shift 9: ezmx

The decrypted message with a Caesar cipher shift of 9 is ""ezmx"". This also does not appear to be a meaningful word. Let's try one more shift.

Shift 10: dylw

The decrypted message with a Caesar cipher shift of 10 is ""dylw"". This does not seem to be a meaningful word either. I will now try shift 11. 

Shift 11: cxkv

The decrypted message with a Caesar cipher shift of 11 is ""cxkv"". This also does not appear to be a meaningful word. 

It seems that none of the possible shifts with the Caesar cipher are producing a meaningful word. Therefore, the ciphertext ""nghv"" remains puzzling.",0,27,"After trying different combinations, I couldn't unscramble the ciphertext. I will now try decrypting it using a Caesar cipher with different shifts.

Shift 1: mgfu
Shift 2: lfet
Shift 3: keds
Shift 4: jdcr
Shift 5: icbq

After trying different Caesar cipher shifts, the decrypted message with a shift of 5 is ""icbq"". This does not appear to be a meaningful word, so let's try shift 6.

Shift 6: hcap

The decrypted message with a Caesar cipher shift of 6 is ""hcap"". This also does not appear to be a meaningful word, so let's try shift 7.

Shift 7: gboz

The decrypted message with a Caesar cipher shift of 7 is ""gboz"". This does not appear to be a meaningful word, so let's try shift 8.

Shift 8: fany

The decrypted message with a Caesar cipher shift of 8 is ""fany"". This does not appear to be a meaningful word either, so let's try shift 9.

Shift 9: ezmx

The decrypted message with a Caesar cipher shift of 9 is ""ezmx"". This also does not appear to be a meaningful word. Let's try one more shift.

Shift 10: dylw

The decrypted message with a Caesar cipher shift of 10 is ""dylw"". This does not seem to be a meaningful word either. I will now try shift 11. 

Shift 11: cxkv

The decrypted message with a Caesar cipher shift of 11 is ""cxkv"". This also does not appear to be a meaningful word. 

It seems that none of the possible shifts with the Caesar cipher are producing a meaningful word. Ther",1,1
nghv,left,4,2,"After trying different combinations, I couldn't unscramble the ciphertext. I will now try decrypting it using a Caesar cipher with different shifts.

Shift 1: mgfu
Shift 2: lfet
Shift 3: keds
Shift 4: jdcr
Shift 5: icbq

After trying different Caesar cipher shifts, the decrypted message with a shift of 5 is ""icbq"". This does not appear to be a meaningful word, so let's try shift 6.

Shift 6: hcap

The decrypted message with a Caesar cipher shift of 6 is ""hcap"". This also does not appear to be a meaningful word, so let's try shift 7.

Shift 7: gboz

The decrypted message with a Caesar cipher shift of 7 is ""gboz"". This does not appear to be a meaningful word, so let's try shift 8.

Shift 8: fany

The decrypted message with a Caesar cipher shift of 8 is ""fany"". This does not appear to be a meaningful word either, so let's try shift 9.

Shift 9: ezmx

The decrypted message with a Caesar cipher shift of 9 is ""ezmx"". This also does not appear to be a meaningful word. Let's try one more shift.

Shift 10: dylw

The decrypted message with a Caesar cipher shift of 10 is ""dylw"". This does not seem to be a meaningful word either. I will now try shift 11. 

Shift 11: cxkv

The decrypted message with a Caesar cipher shift of 11 is ""cxkv"". This also does not appear to be a meaningful word. 

It seems that none of the possible shifts with the Caesar cipher are producing a meaningful word. Therefore, the ciphertext ""nghv"" remains puzzling.",0,28,"After trying different combinations, I couldn't unscramble the ciphertext. I will now try decrypting it using a Caesar cipher with different shifts.

Shift 1: mgfu
Shift 2: lfet
Shift 3: keds
Shift 4: jdcr
Shift 5: icbq

After trying different Caesar cipher shifts, the decrypted message with a shift of 5 is ""icbq"". This does not appear to be a meaningful word, so let's try shift 6.

Shift 6: hcap

The decrypted message with a Caesar cipher shift of 6 is ""hcap"". This also does not appear to be a meaningful word, so let's try shift 7.

Shift 7: gboz

The decrypted message with a Caesar cipher shift of 7 is ""gboz"". This does not appear to be a meaningful word, so let's try shift 8.

Shift 8: fany

The decrypted message with a Caesar cipher shift of 8 is ""fany"". This does not appear to be a meaningful word either, so let's try shift 9.

Shift 9: ezmx

The decrypted message with a Caesar cipher shift of 9 is ""ezmx"". This also does not appear to be a meaningful word. Let's try one more shift.

Shift 10: dylw

The decrypted message with a Caesar cipher shift of 10 is ""dylw"". This does not seem to be a meaningful word either. I will now try shift 11. 

Shift 11: cxkv

The decrypted message with a Caesar cipher shift of 11 is ""cxkv"". This also does not appear to be a meaningful word. 

It seems that none of the possible shifts with the Caesar cipher are producing a meaningful word. Therefore, the ciphertext ""nghv"" remains puzzling.",1,1
ykvj,with,4,2,"After trying multiple combinations, I couldn't unscramble the ciphertext. So, let me now try to decrypt it using a Caesar cipher with different shifts.

Shift 1: xjui
Shift 2: with
Shift 3: vsgs
Shift 4: urfr
Shift 5: tqeq

None of the shifts provided a meaningful word. Let me try a few more.

Shift 6: spdp
Shift 7: roco
Shift 8: qnbn
Shift 9: pmaa
Shift 10: olzz

Unfortunately, none of the shifts resulted in a recognizable word. This ciphertext might not be a Caesar cipher. It could be a different type of substitution cipher or encoding method.",1,0,"After trying multiple combinations, I couldn't uns",0,1
ykvj,with,4,2,"After trying multiple combinations, I couldn't unscramble the ciphertext. So, let me now try to decrypt it using a Caesar cipher with different shifts.

Shift 1: xjui
Shift 2: with
Shift 3: vsgs
Shift 4: urfr
Shift 5: tqeq

None of the shifts provided a meaningful word. Let me try a few more.

Shift 6: spdp
Shift 7: roco
Shift 8: qnbn
Shift 9: pmaa
Shift 10: olzz

Unfortunately, none of the shifts resulted in a recognizable word. This ciphertext might not be a Caesar cipher. It could be a different type of substitution cipher or encoding method.",1,1,"After trying multiple combinations, I couldn't unscramble the ciphertext. So, let me now try to decr",1,1
ykvj,with,4,2,"After trying multiple combinations, I couldn't unscramble the ciphertext. So, let me now try to decrypt it using a Caesar cipher with different shifts.

Shift 1: xjui
Shift 2: with
Shift 3: vsgs
Shift 4: urfr
Shift 5: tqeq

None of the shifts provided a meaningful word. Let me try a few more.

Shift 6: spdp
Shift 7: roco
Shift 8: qnbn
Shift 9: pmaa
Shift 10: olzz

Unfortunately, none of the shifts resulted in a recognizable word. This ciphertext might not be a Caesar cipher. It could be a different type of substitution cipher or encoding method.",1,2,"After trying multiple combinations, I couldn't unscramble the ciphertext. So, let me now try to decrypt it using a Caesar cipher with different shifts",1,1
ykvj,with,4,2,"After trying multiple combinations, I couldn't unscramble the ciphertext. So, let me now try to decrypt it using a Caesar cipher with different shifts.

Shift 1: xjui
Shift 2: with
Shift 3: vsgs
Shift 4: urfr
Shift 5: tqeq

None of the shifts provided a meaningful word. Let me try a few more.

Shift 6: spdp
Shift 7: roco
Shift 8: qnbn
Shift 9: pmaa
Shift 10: olzz

Unfortunately, none of the shifts resulted in a recognizable word. This ciphertext might not be a Caesar cipher. It could be a different type of substitution cipher or encoding method.",1,3,"After trying multiple combinations, I couldn't unscramble the ciphertext. So, let me now try to decrypt it using a Caesar cipher with different shifts.

Shift 1: xjui
Shift 2: with
Shift 3: vsgs
Shift",1,1
ykvj,with,4,2,"After trying multiple combinations, I couldn't unscramble the ciphertext. So, let me now try to decrypt it using a Caesar cipher with different shifts.

Shift 1: xjui
Shift 2: with
Shift 3: vsgs
Shift 4: urfr
Shift 5: tqeq

None of the shifts provided a meaningful word. Let me try a few more.

Shift 6: spdp
Shift 7: roco
Shift 8: qnbn
Shift 9: pmaa
Shift 10: olzz

Unfortunately, none of the shifts resulted in a recognizable word. This ciphertext might not be a Caesar cipher. It could be a different type of substitution cipher or encoding method.",1,4,"After trying multiple combinations, I couldn't unscramble the ciphertext. So, let me now try to decrypt it using a Caesar cipher with different shifts.

Shift 1: xjui
Shift 2: with
Shift 3: vsgs
Shift 4: urfr
Shift 5: tqeq

None of the shifts provide",1,1
ykvj,with,4,2,"After trying multiple combinations, I couldn't unscramble the ciphertext. So, let me now try to decrypt it using a Caesar cipher with different shifts.

Shift 1: xjui
Shift 2: with
Shift 3: vsgs
Shift 4: urfr
Shift 5: tqeq

None of the shifts provided a meaningful word. Let me try a few more.

Shift 6: spdp
Shift 7: roco
Shift 8: qnbn
Shift 9: pmaa
Shift 10: olzz

Unfortunately, none of the shifts resulted in a recognizable word. This ciphertext might not be a Caesar cipher. It could be a different type of substitution cipher or encoding method.",1,5,"After trying multiple combinations, I couldn't unscramble the ciphertext. So, let me now try to decrypt it using a Caesar cipher with different shifts.

Shift 1: xjui
Shift 2: with
Shift 3: vsgs
Shift 4: urfr
Shift 5: tqeq

None of the shifts provided a meaningful word. Let me try a few more.

Shift",1,1
ykvj,with,4,2,"After trying multiple combinations, I couldn't unscramble the ciphertext. So, let me now try to decrypt it using a Caesar cipher with different shifts.

Shift 1: xjui
Shift 2: with
Shift 3: vsgs
Shift 4: urfr
Shift 5: tqeq

None of the shifts provided a meaningful word. Let me try a few more.

Shift 6: spdp
Shift 7: roco
Shift 8: qnbn
Shift 9: pmaa
Shift 10: olzz

Unfortunately, none of the shifts resulted in a recognizable word. This ciphertext might not be a Caesar cipher. It could be a different type of substitution cipher or encoding method.",1,6,"After trying multiple combinations, I couldn't unscramble the ciphertext. So, let me now try to decrypt it using a Caesar cipher with different shifts.

Shift 1: xjui
Shift 2: with
Shift 3: vsgs
Shift 4: urfr
Shift 5: tqeq

None of the shifts provided a meaningful word. Let me try a few more.

Shift 6: spdp
Shift 7: roco
Shift 8: qnbn
Shift 9: pmaa",1,1
ykvj,with,4,2,"After trying multiple combinations, I couldn't unscramble the ciphertext. So, let me now try to decrypt it using a Caesar cipher with different shifts.

Shift 1: xjui
Shift 2: with
Shift 3: vsgs
Shift 4: urfr
Shift 5: tqeq

None of the shifts provided a meaningful word. Let me try a few more.

Shift 6: spdp
Shift 7: roco
Shift 8: qnbn
Shift 9: pmaa
Shift 10: olzz

Unfortunately, none of the shifts resulted in a recognizable word. This ciphertext might not be a Caesar cipher. It could be a different type of substitution cipher or encoding method.",1,7,"After trying multiple combinations, I couldn't unscramble the ciphertext. So, let me now try to decrypt it using a Caesar cipher with different shifts.

Shift 1: xjui
Shift 2: with
Shift 3: vsgs
Shift 4: urfr
Shift 5: tqeq

None of the shifts provided a meaningful word. Let me try a few more.

Shift 6: spdp
Shift 7: roco
Shift 8: qnbn
Shift 9: pmaa
Shift 10: olzz

Unfortunately, none of the shifts",1,1
ykvj,with,4,2,"After trying multiple combinations, I couldn't unscramble the ciphertext. So, let me now try to decrypt it using a Caesar cipher with different shifts.

Shift 1: xjui
Shift 2: with
Shift 3: vsgs
Shift 4: urfr
Shift 5: tqeq

None of the shifts provided a meaningful word. Let me try a few more.

Shift 6: spdp
Shift 7: roco
Shift 8: qnbn
Shift 9: pmaa
Shift 10: olzz

Unfortunately, none of the shifts resulted in a recognizable word. This ciphertext might not be a Caesar cipher. It could be a different type of substitution cipher or encoding method.",1,8,"After trying multiple combinations, I couldn't unscramble the ciphertext. So, let me now try to decrypt it using a Caesar cipher with different shifts.

Shift 1: xjui
Shift 2: with
Shift 3: vsgs
Shift 4: urfr
Shift 5: tqeq

None of the shifts provided a meaningful word. Let me try a few more.

Shift 6: spdp
Shift 7: roco
Shift 8: qnbn
Shift 9: pmaa
Shift 10: olzz

Unfortunately, none of the shifts resulted in a recognizable word. This ciphertext ",1,1
ykvj,with,4,2,"After trying multiple combinations, I couldn't unscramble the ciphertext. So, let me now try to decrypt it using a Caesar cipher with different shifts.

Shift 1: xjui
Shift 2: with
Shift 3: vsgs
Shift 4: urfr
Shift 5: tqeq

None of the shifts provided a meaningful word. Let me try a few more.

Shift 6: spdp
Shift 7: roco
Shift 8: qnbn
Shift 9: pmaa
Shift 10: olzz

Unfortunately, none of the shifts resulted in a recognizable word. This ciphertext might not be a Caesar cipher. It could be a different type of substitution cipher or encoding method.",1,9,"After trying multiple combinations, I couldn't unscramble the ciphertext. So, let me now try to decrypt it using a Caesar cipher with different shifts.

Shift 1: xjui
Shift 2: with
Shift 3: vsgs
Shift 4: urfr
Shift 5: tqeq

None of the shifts provided a meaningful word. Let me try a few more.

Shift 6: spdp
Shift 7: roco
Shift 8: qnbn
Shift 9: pmaa
Shift 10: olzz

Unfortunately, none of the shifts resulted in a recognizable word. This ciphertext might not be a Caesar cipher. It could be a differ",1,1
ykvj,with,4,2,"After trying multiple combinations, I couldn't unscramble the ciphertext. So, let me now try to decrypt it using a Caesar cipher with different shifts.

Shift 1: xjui
Shift 2: with
Shift 3: vsgs
Shift 4: urfr
Shift 5: tqeq

None of the shifts provided a meaningful word. Let me try a few more.

Shift 6: spdp
Shift 7: roco
Shift 8: qnbn
Shift 9: pmaa
Shift 10: olzz

Unfortunately, none of the shifts resulted in a recognizable word. This ciphertext might not be a Caesar cipher. It could be a different type of substitution cipher or encoding method.",1,10,"After trying multiple combinations, I couldn't unscramble the ciphertext. So, let me now try to decrypt it using a Caesar cipher with different shifts.

Shift 1: xjui
Shift 2: with
Shift 3: vsgs
Shift 4: urfr
Shift 5: tqeq

None of the shifts provided a meaningful word. Let me try a few more.

Shift 6: spdp
Shift 7: roco
Shift 8: qnbn
Shift 9: pmaa
Shift 10: olzz

Unfortunately, none of the shifts resulted in a recognizable word. This ciphertext might not be a Caesar cipher. It could be a different type of substitution cipher or encoding method",1,1
ykvj,with,4,2,"After trying multiple combinations, I couldn't unscramble the ciphertext. So, let me now try to decrypt it using a Caesar cipher with different shifts.

Shift 1: xjui
Shift 2: with
Shift 3: vsgs
Shift 4: urfr
Shift 5: tqeq

None of the shifts provided a meaningful word. Let me try a few more.

Shift 6: spdp
Shift 7: roco
Shift 8: qnbn
Shift 9: pmaa
Shift 10: olzz

Unfortunately, none of the shifts resulted in a recognizable word. This ciphertext might not be a Caesar cipher. It could be a different type of substitution cipher or encoding method.",1,11,"After trying multiple combinations, I couldn't unscramble the ciphertext. So, let me now try to decrypt it using a Caesar cipher with different shifts.

Shift 1: xjui
Shift 2: with
Shift 3: vsgs
Shift 4: urfr
Shift 5: tqeq

None of the shifts provided a meaningful word. Let me try a few more.

Shift 6: spdp
Shift 7: roco
Shift 8: qnbn
Shift 9: pmaa
Shift 10: olzz

Unfortunately, none of the shifts resulted in a recognizable word. This ciphertext might not be a Caesar cipher. It could be a different type of substitution cipher or encoding method.",1,1
zhvw,west,4,3,"After attempting different combinations, it doesn't seem to form any meaningful word. Let's try decrypting it using a Caesar cipher with different shifts:

Shift 1:
zhvw -> yguv

Shift 2:
zhvw -> xf",0,0,"After attempting different combinations, it doesn'",0,1
zhvw,west,4,3,"After attempting different combinations, it doesn't seem to form any meaningful word. Let's try decrypting it using a Caesar cipher with different shifts:

Shift 1:
zhvw -> yguv

Shift 2:
zhvw -> xf",0,1,"After attempting different combinations, it doesn't seem to form any meaningful word. Let's try decr",1,1
zhvw,west,4,3,"After attempting different combinations, it doesn't seem to form any meaningful word. Let's try decrypting it using a Caesar cipher with different shifts:

Shift 1:
zhvw -> yguv

Shift 2:
zhvw -> xf",0,2,"After attempting different combinations, it doesn't seem to form any meaningful word. Let's try decrypting it using a Caesar cipher with different shi",1,1
zhvw,west,4,3,"After attempting different combinations, it doesn't seem to form any meaningful word. Let's try decrypting it using a Caesar cipher with different shifts:

Shift 1:
zhvw -> yguv

Shift 2:
zhvw -> xf",0,3,"After attempting different combinations, it doesn't seem to form any meaningful word. Let's try decrypting it using a Caesar cipher with different shifts:

Shift 1:
zhvw -> yguv

Shift 2:
zhvw -> xf",1,1
phdq,mean,4,3,"The anagram of ""phdq"" could be ""qphd"". 

Next, I'll try to decrypt the ciphertext assuming it's a Caesar cipher with different shifts.

1. Shift 1: ogcp
2. Shift 2: nfbq
3. Shift 3: meap
4. Shift 4: ldzo
5. Shift 5: kcy.n

None of these attempts seem to reveal a meaningful message. Let me try shifting in the other direction.

1. Shift -1: ogcp
2. Shift -2: nfbo
3. Shift -3: meas
4. Shift -4: ldzr
5. Shift -5: kcyq

After trying both positive and negative shifts, it seems that the ciphertext ""phdq"" does not decrypt to a meaningful message using a Caesar cipher.",1,0,"The anagram of ""phdq"" could be ""qphd"". 

Next, I'l",1,0
phdq,mean,4,3,"The anagram of ""phdq"" could be ""qphd"". 

Next, I'll try to decrypt the ciphertext assuming it's a Caesar cipher with different shifts.

1. Shift 1: ogcp
2. Shift 2: nfbq
3. Shift 3: meap
4. Shift 4: ldzo
5. Shift 5: kcy.n

None of these attempts seem to reveal a meaningful message. Let me try shifting in the other direction.

1. Shift -1: ogcp
2. Shift -2: nfbo
3. Shift -3: meas
4. Shift -4: ldzr
5. Shift -5: kcyq

After trying both positive and negative shifts, it seems that the ciphertext ""phdq"" does not decrypt to a meaningful message using a Caesar cipher.",1,1,"The anagram of ""phdq"" could be ""qphd"". 

Next, I'll try to decrypt the ciphertext assuming it's a Ca",1,0
phdq,mean,4,3,"The anagram of ""phdq"" could be ""qphd"". 

Next, I'll try to decrypt the ciphertext assuming it's a Caesar cipher with different shifts.

1. Shift 1: ogcp
2. Shift 2: nfbq
3. Shift 3: meap
4. Shift 4: ldzo
5. Shift 5: kcy.n

None of these attempts seem to reveal a meaningful message. Let me try shifting in the other direction.

1. Shift -1: ogcp
2. Shift -2: nfbo
3. Shift -3: meas
4. Shift -4: ldzr
5. Shift -5: kcyq

After trying both positive and negative shifts, it seems that the ciphertext ""phdq"" does not decrypt to a meaningful message using a Caesar cipher.",1,2,"The anagram of ""phdq"" could be ""qphd"". 

Next, I'll try to decrypt the ciphertext assuming it's a Caesar cipher with different shifts.

1. Shift 1: og",1,0
phdq,mean,4,3,"The anagram of ""phdq"" could be ""qphd"". 

Next, I'll try to decrypt the ciphertext assuming it's a Caesar cipher with different shifts.

1. Shift 1: ogcp
2. Shift 2: nfbq
3. Shift 3: meap
4. Shift 4: ldzo
5. Shift 5: kcy.n

None of these attempts seem to reveal a meaningful message. Let me try shifting in the other direction.

1. Shift -1: ogcp
2. Shift -2: nfbo
3. Shift -3: meas
4. Shift -4: ldzr
5. Shift -5: kcyq

After trying both positive and negative shifts, it seems that the ciphertext ""phdq"" does not decrypt to a meaningful message using a Caesar cipher.",1,3,"The anagram of ""phdq"" could be ""qphd"". 

Next, I'll try to decrypt the ciphertext assuming it's a Caesar cipher with different shifts.

1. Shift 1: ogcp
2. Shift 2: nfbq
3. Shift 3: meap
4. Shift 4: l",1,0
phdq,mean,4,3,"The anagram of ""phdq"" could be ""qphd"". 

Next, I'll try to decrypt the ciphertext assuming it's a Caesar cipher with different shifts.

1. Shift 1: ogcp
2. Shift 2: nfbq
3. Shift 3: meap
4. Shift 4: ldzo
5. Shift 5: kcy.n

None of these attempts seem to reveal a meaningful message. Let me try shifting in the other direction.

1. Shift -1: ogcp
2. Shift -2: nfbo
3. Shift -3: meas
4. Shift -4: ldzr
5. Shift -5: kcyq

After trying both positive and negative shifts, it seems that the ciphertext ""phdq"" does not decrypt to a meaningful message using a Caesar cipher.",1,4,"The anagram of ""phdq"" could be ""qphd"". 

Next, I'll try to decrypt the ciphertext assuming it's a Caesar cipher with different shifts.

1. Shift 1: ogcp
2. Shift 2: nfbq
3. Shift 3: meap
4. Shift 4: ldzo
5. Shift 5: kcy.n

None of these attempts seem",1,0
phdq,mean,4,3,"The anagram of ""phdq"" could be ""qphd"". 

Next, I'll try to decrypt the ciphertext assuming it's a Caesar cipher with different shifts.

1. Shift 1: ogcp
2. Shift 2: nfbq
3. Shift 3: meap
4. Shift 4: ldzo
5. Shift 5: kcy.n

None of these attempts seem to reveal a meaningful message. Let me try shifting in the other direction.

1. Shift -1: ogcp
2. Shift -2: nfbo
3. Shift -3: meas
4. Shift -4: ldzr
5. Shift -5: kcyq

After trying both positive and negative shifts, it seems that the ciphertext ""phdq"" does not decrypt to a meaningful message using a Caesar cipher.",1,5,"The anagram of ""phdq"" could be ""qphd"". 

Next, I'll try to decrypt the ciphertext assuming it's a Caesar cipher with different shifts.

1. Shift 1: ogcp
2. Shift 2: nfbq
3. Shift 3: meap
4. Shift 4: ldzo
5. Shift 5: kcy.n

None of these attempts seem to reveal a meaningful message. Let me try shifti",1,0
phdq,mean,4,3,"The anagram of ""phdq"" could be ""qphd"". 

Next, I'll try to decrypt the ciphertext assuming it's a Caesar cipher with different shifts.

1. Shift 1: ogcp
2. Shift 2: nfbq
3. Shift 3: meap
4. Shift 4: ldzo
5. Shift 5: kcy.n

None of these attempts seem to reveal a meaningful message. Let me try shifting in the other direction.

1. Shift -1: ogcp
2. Shift -2: nfbo
3. Shift -3: meas
4. Shift -4: ldzr
5. Shift -5: kcyq

After trying both positive and negative shifts, it seems that the ciphertext ""phdq"" does not decrypt to a meaningful message using a Caesar cipher.",1,6,"The anagram of ""phdq"" could be ""qphd"". 

Next, I'll try to decrypt the ciphertext assuming it's a Caesar cipher with different shifts.

1. Shift 1: ogcp
2. Shift 2: nfbq
3. Shift 3: meap
4. Shift 4: ldzo
5. Shift 5: kcy.n

None of these attempts seem to reveal a meaningful message. Let me try shifting in the other direction.

1. Shift -1: ogcp
2. S",1,0
phdq,mean,4,3,"The anagram of ""phdq"" could be ""qphd"". 

Next, I'll try to decrypt the ciphertext assuming it's a Caesar cipher with different shifts.

1. Shift 1: ogcp
2. Shift 2: nfbq
3. Shift 3: meap
4. Shift 4: ldzo
5. Shift 5: kcy.n

None of these attempts seem to reveal a meaningful message. Let me try shifting in the other direction.

1. Shift -1: ogcp
2. Shift -2: nfbo
3. Shift -3: meas
4. Shift -4: ldzr
5. Shift -5: kcyq

After trying both positive and negative shifts, it seems that the ciphertext ""phdq"" does not decrypt to a meaningful message using a Caesar cipher.",1,7,"The anagram of ""phdq"" could be ""qphd"". 

Next, I'll try to decrypt the ciphertext assuming it's a Caesar cipher with different shifts.

1. Shift 1: ogcp
2. Shift 2: nfbq
3. Shift 3: meap
4. Shift 4: ldzo
5. Shift 5: kcy.n

None of these attempts seem to reveal a meaningful message. Let me try shifting in the other direction.

1. Shift -1: ogcp
2. Shift -2: nfbo
3. Shift -3: meas
4. Shift -4: ldzr
",1,0
phdq,mean,4,3,"The anagram of ""phdq"" could be ""qphd"". 

Next, I'll try to decrypt the ciphertext assuming it's a Caesar cipher with different shifts.

1. Shift 1: ogcp
2. Shift 2: nfbq
3. Shift 3: meap
4. Shift 4: ldzo
5. Shift 5: kcy.n

None of these attempts seem to reveal a meaningful message. Let me try shifting in the other direction.

1. Shift -1: ogcp
2. Shift -2: nfbo
3. Shift -3: meas
4. Shift -4: ldzr
5. Shift -5: kcyq

After trying both positive and negative shifts, it seems that the ciphertext ""phdq"" does not decrypt to a meaningful message using a Caesar cipher.",1,8,"The anagram of ""phdq"" could be ""qphd"". 

Next, I'll try to decrypt the ciphertext assuming it's a Caesar cipher with different shifts.

1. Shift 1: ogcp
2. Shift 2: nfbq
3. Shift 3: meap
4. Shift 4: ldzo
5. Shift 5: kcy.n

None of these attempts seem to reveal a meaningful message. Let me try shifting in the other direction.

1. Shift -1: ogcp
2. Shift -2: nfbo
3. Shift -3: meas
4. Shift -4: ldzr
5. Shift -5: kcyq

After trying both positive and ",1,0
phdq,mean,4,3,"The anagram of ""phdq"" could be ""qphd"". 

Next, I'll try to decrypt the ciphertext assuming it's a Caesar cipher with different shifts.

1. Shift 1: ogcp
2. Shift 2: nfbq
3. Shift 3: meap
4. Shift 4: ldzo
5. Shift 5: kcy.n

None of these attempts seem to reveal a meaningful message. Let me try shifting in the other direction.

1. Shift -1: ogcp
2. Shift -2: nfbo
3. Shift -3: meas
4. Shift -4: ldzr
5. Shift -5: kcyq

After trying both positive and negative shifts, it seems that the ciphertext ""phdq"" does not decrypt to a meaningful message using a Caesar cipher.",1,9,"The anagram of ""phdq"" could be ""qphd"". 

Next, I'll try to decrypt the ciphertext assuming it's a Caesar cipher with different shifts.

1. Shift 1: ogcp
2. Shift 2: nfbq
3. Shift 3: meap
4. Shift 4: ldzo
5. Shift 5: kcy.n

None of these attempts seem to reveal a meaningful message. Let me try shifting in the other direction.

1. Shift -1: ogcp
2. Shift -2: nfbo
3. Shift -3: meas
4. Shift -4: ldzr
5. Shift -5: kcyq

After trying both positive and negative shifts, it seems that the ciphertext ""phd",1,0
phdq,mean,4,3,"The anagram of ""phdq"" could be ""qphd"". 

Next, I'll try to decrypt the ciphertext assuming it's a Caesar cipher with different shifts.

1. Shift 1: ogcp
2. Shift 2: nfbq
3. Shift 3: meap
4. Shift 4: ldzo
5. Shift 5: kcy.n

None of these attempts seem to reveal a meaningful message. Let me try shifting in the other direction.

1. Shift -1: ogcp
2. Shift -2: nfbo
3. Shift -3: meas
4. Shift -4: ldzr
5. Shift -5: kcyq

After trying both positive and negative shifts, it seems that the ciphertext ""phdq"" does not decrypt to a meaningful message using a Caesar cipher.",1,10,"The anagram of ""phdq"" could be ""qphd"". 

Next, I'll try to decrypt the ciphertext assuming it's a Caesar cipher with different shifts.

1. Shift 1: ogcp
2. Shift 2: nfbq
3. Shift 3: meap
4. Shift 4: ldzo
5. Shift 5: kcy.n

None of these attempts seem to reveal a meaningful message. Let me try shifting in the other direction.

1. Shift -1: ogcp
2. Shift -2: nfbo
3. Shift -3: meas
4. Shift -4: ldzr
5. Shift -5: kcyq

After trying both positive and negative shifts, it seems that the ciphertext ""phdq"" does not decrypt to a meaningful message using ",1,0
phdq,mean,4,3,"The anagram of ""phdq"" could be ""qphd"". 

Next, I'll try to decrypt the ciphertext assuming it's a Caesar cipher with different shifts.

1. Shift 1: ogcp
2. Shift 2: nfbq
3. Shift 3: meap
4. Shift 4: ldzo
5. Shift 5: kcy.n

None of these attempts seem to reveal a meaningful message. Let me try shifting in the other direction.

1. Shift -1: ogcp
2. Shift -2: nfbo
3. Shift -3: meas
4. Shift -4: ldzr
5. Shift -5: kcyq

After trying both positive and negative shifts, it seems that the ciphertext ""phdq"" does not decrypt to a meaningful message using a Caesar cipher.",1,11,"The anagram of ""phdq"" could be ""qphd"". 

Next, I'll try to decrypt the ciphertext assuming it's a Caesar cipher with different shifts.

1. Shift 1: ogcp
2. Shift 2: nfbq
3. Shift 3: meap
4. Shift 4: ldzo
5. Shift 5: kcy.n

None of these attempts seem to reveal a meaningful message. Let me try shifting in the other direction.

1. Shift -1: ogcp
2. Shift -2: nfbo
3. Shift -3: meas
4. Shift -4: ldzr
5. Shift -5: kcyq

After trying both positive and negative shifts, it seems that the ciphertext ""phdq"" does not decrypt to a meaningful message using a Caesar cipher.",1,0
vmwo,risk,4,4,"The ciphertext ""vmwo"" cannot be rearranged to form a meaningful word, so let's try decrypting it using a Caesar cipher by shifting the letters.

1. Shift 1: wnxp
2. Shift 2: xoyq
3. Shift 3: ypzr
4. Shift 4: zqas
5. Shift 5: arab

None of the shifts resulted in a meaningful word, so it seems that the ciphertext is not simply encoded using a Caesar cipher with a small shift value. Let's try one more shift just to be thorough.

6. Shift 6: bsbk

It seems that the ciphertext ""vmwo"" does not decrypt to a meaningful word using a Caesar cipher. It is possible that another type of encryption was used, or the ciphertext may not represent a word at all.",0,0,"The ciphertext ""vmwo"" cannot be rearranged to form",0,1
vmwo,risk,4,4,"The ciphertext ""vmwo"" cannot be rearranged to form a meaningful word, so let's try decrypting it using a Caesar cipher by shifting the letters.

1. Shift 1: wnxp
2. Shift 2: xoyq
3. Shift 3: ypzr
4. Shift 4: zqas
5. Shift 5: arab

None of the shifts resulted in a meaningful word, so it seems that the ciphertext is not simply encoded using a Caesar cipher with a small shift value. Let's try one more shift just to be thorough.

6. Shift 6: bsbk

It seems that the ciphertext ""vmwo"" does not decrypt to a meaningful word using a Caesar cipher. It is possible that another type of encryption was used, or the ciphertext may not represent a word at all.",0,1,"The ciphertext ""vmwo"" cannot be rearranged to form a meaningful word, so let's try decrypting it usi",1,1
vmwo,risk,4,4,"The ciphertext ""vmwo"" cannot be rearranged to form a meaningful word, so let's try decrypting it using a Caesar cipher by shifting the letters.

1. Shift 1: wnxp
2. Shift 2: xoyq
3. Shift 3: ypzr
4. Shift 4: zqas
5. Shift 5: arab

None of the shifts resulted in a meaningful word, so it seems that the ciphertext is not simply encoded using a Caesar cipher with a small shift value. Let's try one more shift just to be thorough.

6. Shift 6: bsbk

It seems that the ciphertext ""vmwo"" does not decrypt to a meaningful word using a Caesar cipher. It is possible that another type of encryption was used, or the ciphertext may not represent a word at all.",0,2,"The ciphertext ""vmwo"" cannot be rearranged to form a meaningful word, so let's try decrypting it using a Caesar cipher by shifting the letters.

1. Sh",1,1
vmwo,risk,4,4,"The ciphertext ""vmwo"" cannot be rearranged to form a meaningful word, so let's try decrypting it using a Caesar cipher by shifting the letters.

1. Shift 1: wnxp
2. Shift 2: xoyq
3. Shift 3: ypzr
4. Shift 4: zqas
5. Shift 5: arab

None of the shifts resulted in a meaningful word, so it seems that the ciphertext is not simply encoded using a Caesar cipher with a small shift value. Let's try one more shift just to be thorough.

6. Shift 6: bsbk

It seems that the ciphertext ""vmwo"" does not decrypt to a meaningful word using a Caesar cipher. It is possible that another type of encryption was used, or the ciphertext may not represent a word at all.",0,3,"The ciphertext ""vmwo"" cannot be rearranged to form a meaningful word, so let's try decrypting it using a Caesar cipher by shifting the letters.

1. Shift 1: wnxp
2. Shift 2: xoyq
3. Shift 3: ypzr
4. S",1,1
vmwo,risk,4,4,"The ciphertext ""vmwo"" cannot be rearranged to form a meaningful word, so let's try decrypting it using a Caesar cipher by shifting the letters.

1. Shift 1: wnxp
2. Shift 2: xoyq
3. Shift 3: ypzr
4. Shift 4: zqas
5. Shift 5: arab

None of the shifts resulted in a meaningful word, so it seems that the ciphertext is not simply encoded using a Caesar cipher with a small shift value. Let's try one more shift just to be thorough.

6. Shift 6: bsbk

It seems that the ciphertext ""vmwo"" does not decrypt to a meaningful word using a Caesar cipher. It is possible that another type of encryption was used, or the ciphertext may not represent a word at all.",0,4,"The ciphertext ""vmwo"" cannot be rearranged to form a meaningful word, so let's try decrypting it using a Caesar cipher by shifting the letters.

1. Shift 1: wnxp
2. Shift 2: xoyq
3. Shift 3: ypzr
4. Shift 4: zqas
5. Shift 5: arab

None of the shifts ",1,1
vmwo,risk,4,4,"The ciphertext ""vmwo"" cannot be rearranged to form a meaningful word, so let's try decrypting it using a Caesar cipher by shifting the letters.

1. Shift 1: wnxp
2. Shift 2: xoyq
3. Shift 3: ypzr
4. Shift 4: zqas
5. Shift 5: arab

None of the shifts resulted in a meaningful word, so it seems that the ciphertext is not simply encoded using a Caesar cipher with a small shift value. Let's try one more shift just to be thorough.

6. Shift 6: bsbk

It seems that the ciphertext ""vmwo"" does not decrypt to a meaningful word using a Caesar cipher. It is possible that another type of encryption was used, or the ciphertext may not represent a word at all.",0,5,"The ciphertext ""vmwo"" cannot be rearranged to form a meaningful word, so let's try decrypting it using a Caesar cipher by shifting the letters.

1. Shift 1: wnxp
2. Shift 2: xoyq
3. Shift 3: ypzr
4. Shift 4: zqas
5. Shift 5: arab

None of the shifts resulted in a meaningful word, so it seems that th",1,1
vmwo,risk,4,4,"The ciphertext ""vmwo"" cannot be rearranged to form a meaningful word, so let's try decrypting it using a Caesar cipher by shifting the letters.

1. Shift 1: wnxp
2. Shift 2: xoyq
3. Shift 3: ypzr
4. Shift 4: zqas
5. Shift 5: arab

None of the shifts resulted in a meaningful word, so it seems that the ciphertext is not simply encoded using a Caesar cipher with a small shift value. Let's try one more shift just to be thorough.

6. Shift 6: bsbk

It seems that the ciphertext ""vmwo"" does not decrypt to a meaningful word using a Caesar cipher. It is possible that another type of encryption was used, or the ciphertext may not represent a word at all.",0,6,"The ciphertext ""vmwo"" cannot be rearranged to form a meaningful word, so let's try decrypting it using a Caesar cipher by shifting the letters.

1. Shift 1: wnxp
2. Shift 2: xoyq
3. Shift 3: ypzr
4. Shift 4: zqas
5. Shift 5: arab

None of the shifts resulted in a meaningful word, so it seems that the ciphertext is not simply encoded using a Caesar ",1,1
vmwo,risk,4,4,"The ciphertext ""vmwo"" cannot be rearranged to form a meaningful word, so let's try decrypting it using a Caesar cipher by shifting the letters.

1. Shift 1: wnxp
2. Shift 2: xoyq
3. Shift 3: ypzr
4. Shift 4: zqas
5. Shift 5: arab

None of the shifts resulted in a meaningful word, so it seems that the ciphertext is not simply encoded using a Caesar cipher with a small shift value. Let's try one more shift just to be thorough.

6. Shift 6: bsbk

It seems that the ciphertext ""vmwo"" does not decrypt to a meaningful word using a Caesar cipher. It is possible that another type of encryption was used, or the ciphertext may not represent a word at all.",0,7,"The ciphertext ""vmwo"" cannot be rearranged to form a meaningful word, so let's try decrypting it using a Caesar cipher by shifting the letters.

1. Shift 1: wnxp
2. Shift 2: xoyq
3. Shift 3: ypzr
4. Shift 4: zqas
5. Shift 5: arab

None of the shifts resulted in a meaningful word, so it seems that the ciphertext is not simply encoded using a Caesar cipher with a small shift value. Let's try one mor",1,1
vmwo,risk,4,4,"The ciphertext ""vmwo"" cannot be rearranged to form a meaningful word, so let's try decrypting it using a Caesar cipher by shifting the letters.

1. Shift 1: wnxp
2. Shift 2: xoyq
3. Shift 3: ypzr
4. Shift 4: zqas
5. Shift 5: arab

None of the shifts resulted in a meaningful word, so it seems that the ciphertext is not simply encoded using a Caesar cipher with a small shift value. Let's try one more shift just to be thorough.

6. Shift 6: bsbk

It seems that the ciphertext ""vmwo"" does not decrypt to a meaningful word using a Caesar cipher. It is possible that another type of encryption was used, or the ciphertext may not represent a word at all.",0,8,"The ciphertext ""vmwo"" cannot be rearranged to form a meaningful word, so let's try decrypting it using a Caesar cipher by shifting the letters.

1. Shift 1: wnxp
2. Shift 2: xoyq
3. Shift 3: ypzr
4. Shift 4: zqas
5. Shift 5: arab

None of the shifts resulted in a meaningful word, so it seems that the ciphertext is not simply encoded using a Caesar cipher with a small shift value. Let's try one more shift just to be thorough.

6. Shift 6: bsbk

It",1,1
vmwo,risk,4,4,"The ciphertext ""vmwo"" cannot be rearranged to form a meaningful word, so let's try decrypting it using a Caesar cipher by shifting the letters.

1. Shift 1: wnxp
2. Shift 2: xoyq
3. Shift 3: ypzr
4. Shift 4: zqas
5. Shift 5: arab

None of the shifts resulted in a meaningful word, so it seems that the ciphertext is not simply encoded using a Caesar cipher with a small shift value. Let's try one more shift just to be thorough.

6. Shift 6: bsbk

It seems that the ciphertext ""vmwo"" does not decrypt to a meaningful word using a Caesar cipher. It is possible that another type of encryption was used, or the ciphertext may not represent a word at all.",0,9,"The ciphertext ""vmwo"" cannot be rearranged to form a meaningful word, so let's try decrypting it using a Caesar cipher by shifting the letters.

1. Shift 1: wnxp
2. Shift 2: xoyq
3. Shift 3: ypzr
4. Shift 4: zqas
5. Shift 5: arab

None of the shifts resulted in a meaningful word, so it seems that the ciphertext is not simply encoded using a Caesar cipher with a small shift value. Let's try one more shift just to be thorough.

6. Shift 6: bsbk

It seems that the ciphertext ""vmwo"" does not decrypt",1,1
vmwo,risk,4,4,"The ciphertext ""vmwo"" cannot be rearranged to form a meaningful word, so let's try decrypting it using a Caesar cipher by shifting the letters.

1. Shift 1: wnxp
2. Shift 2: xoyq
3. Shift 3: ypzr
4. Shift 4: zqas
5. Shift 5: arab

None of the shifts resulted in a meaningful word, so it seems that the ciphertext is not simply encoded using a Caesar cipher with a small shift value. Let's try one more shift just to be thorough.

6. Shift 6: bsbk

It seems that the ciphertext ""vmwo"" does not decrypt to a meaningful word using a Caesar cipher. It is possible that another type of encryption was used, or the ciphertext may not represent a word at all.",0,10,"The ciphertext ""vmwo"" cannot be rearranged to form a meaningful word, so let's try decrypting it using a Caesar cipher by shifting the letters.

1. Shift 1: wnxp
2. Shift 2: xoyq
3. Shift 3: ypzr
4. Shift 4: zqas
5. Shift 5: arab

None of the shifts resulted in a meaningful word, so it seems that the ciphertext is not simply encoded using a Caesar cipher with a small shift value. Let's try one more shift just to be thorough.

6. Shift 6: bsbk

It seems that the ciphertext ""vmwo"" does not decrypt to a meaningful word using a Caesar cipher. It is",1,1
vmwo,risk,4,4,"The ciphertext ""vmwo"" cannot be rearranged to form a meaningful word, so let's try decrypting it using a Caesar cipher by shifting the letters.

1. Shift 1: wnxp
2. Shift 2: xoyq
3. Shift 3: ypzr
4. Shift 4: zqas
5. Shift 5: arab

None of the shifts resulted in a meaningful word, so it seems that the ciphertext is not simply encoded using a Caesar cipher with a small shift value. Let's try one more shift just to be thorough.

6. Shift 6: bsbk

It seems that the ciphertext ""vmwo"" does not decrypt to a meaningful word using a Caesar cipher. It is possible that another type of encryption was used, or the ciphertext may not represent a word at all.",0,11,"The ciphertext ""vmwo"" cannot be rearranged to form a meaningful word, so let's try decrypting it using a Caesar cipher by shifting the letters.

1. Shift 1: wnxp
2. Shift 2: xoyq
3. Shift 3: ypzr
4. Shift 4: zqas
5. Shift 5: arab

None of the shifts resulted in a meaningful word, so it seems that the ciphertext is not simply encoded using a Caesar cipher with a small shift value. Let's try one more shift just to be thorough.

6. Shift 6: bsbk

It seems that the ciphertext ""vmwo"" does not decrypt to a meaningful word using a Caesar cipher. It is possible that another type of encryption was used",1,1
vmwo,risk,4,4,"The ciphertext ""vmwo"" cannot be rearranged to form a meaningful word, so let's try decrypting it using a Caesar cipher by shifting the letters.

1. Shift 1: wnxp
2. Shift 2: xoyq
3. Shift 3: ypzr
4. Shift 4: zqas
5. Shift 5: arab

None of the shifts resulted in a meaningful word, so it seems that the ciphertext is not simply encoded using a Caesar cipher with a small shift value. Let's try one more shift just to be thorough.

6. Shift 6: bsbk

It seems that the ciphertext ""vmwo"" does not decrypt to a meaningful word using a Caesar cipher. It is possible that another type of encryption was used, or the ciphertext may not represent a word at all.",0,12,"The ciphertext ""vmwo"" cannot be rearranged to form a meaningful word, so let's try decrypting it using a Caesar cipher by shifting the letters.

1. Shift 1: wnxp
2. Shift 2: xoyq
3. Shift 3: ypzr
4. Shift 4: zqas
5. Shift 5: arab

None of the shifts resulted in a meaningful word, so it seems that the ciphertext is not simply encoded using a Caesar cipher with a small shift value. Let's try one more shift just to be thorough.

6. Shift 6: bsbk

It seems that the ciphertext ""vmwo"" does not decrypt to a meaningful word using a Caesar cipher. It is possible that another type of encryption was used, or the ciphertext may not represent a word at al",1,1
vmwo,risk,4,4,"The ciphertext ""vmwo"" cannot be rearranged to form a meaningful word, so let's try decrypting it using a Caesar cipher by shifting the letters.

1. Shift 1: wnxp
2. Shift 2: xoyq
3. Shift 3: ypzr
4. Shift 4: zqas
5. Shift 5: arab

None of the shifts resulted in a meaningful word, so it seems that the ciphertext is not simply encoded using a Caesar cipher with a small shift value. Let's try one more shift just to be thorough.

6. Shift 6: bsbk

It seems that the ciphertext ""vmwo"" does not decrypt to a meaningful word using a Caesar cipher. It is possible that another type of encryption was used, or the ciphertext may not represent a word at all.",0,13,"The ciphertext ""vmwo"" cannot be rearranged to form a meaningful word, so let's try decrypting it using a Caesar cipher by shifting the letters.

1. Shift 1: wnxp
2. Shift 2: xoyq
3. Shift 3: ypzr
4. Shift 4: zqas
5. Shift 5: arab

None of the shifts resulted in a meaningful word, so it seems that the ciphertext is not simply encoded using a Caesar cipher with a small shift value. Let's try one more shift just to be thorough.

6. Shift 6: bsbk

It seems that the ciphertext ""vmwo"" does not decrypt to a meaningful word using a Caesar cipher. It is possible that another type of encryption was used, or the ciphertext may not represent a word at all.",1,1
jvsq,from,4,4,"After trying to unscramble the text ""jvsq"", it doesn't seem to form any meaningful word. Now, I will try to decrypt it using the Caesar cipher with different shifts:

Shift 1:
j -> i, v -> u, s -> r, q -> p
Decrypted text: iurp

Shift 2:
j -> h, v -> t, s -> q, q -> o
Decrypted text: htqo

Shift 3:
j -> g, v -> s, s -> p, q -> n
Decrypted text: gsnp

Shift 4:
j -> f, v -> r, s -> o, q -> m
Decrypted text: fron

Shift 5:
j -> e, v -> q, s -> n, q -> l
Decrypted text: eqnl

None of these attempts have produced a meaningful text. It seems the given ciphertext may not be a simple Caesar cipher with a small shift.",0,0,"After trying to unscramble the text ""jvsq"", it doe",0,1
jvsq,from,4,4,"After trying to unscramble the text ""jvsq"", it doesn't seem to form any meaningful word. Now, I will try to decrypt it using the Caesar cipher with different shifts:

Shift 1:
j -> i, v -> u, s -> r, q -> p
Decrypted text: iurp

Shift 2:
j -> h, v -> t, s -> q, q -> o
Decrypted text: htqo

Shift 3:
j -> g, v -> s, s -> p, q -> n
Decrypted text: gsnp

Shift 4:
j -> f, v -> r, s -> o, q -> m
Decrypted text: fron

Shift 5:
j -> e, v -> q, s -> n, q -> l
Decrypted text: eqnl

None of these attempts have produced a meaningful text. It seems the given ciphertext may not be a simple Caesar cipher with a small shift.",0,1,"After trying to unscramble the text ""jvsq"", it doesn't seem to form any meaningful word. Now, I will",1,1
jvsq,from,4,4,"After trying to unscramble the text ""jvsq"", it doesn't seem to form any meaningful word. Now, I will try to decrypt it using the Caesar cipher with different shifts:

Shift 1:
j -> i, v -> u, s -> r, q -> p
Decrypted text: iurp

Shift 2:
j -> h, v -> t, s -> q, q -> o
Decrypted text: htqo

Shift 3:
j -> g, v -> s, s -> p, q -> n
Decrypted text: gsnp

Shift 4:
j -> f, v -> r, s -> o, q -> m
Decrypted text: fron

Shift 5:
j -> e, v -> q, s -> n, q -> l
Decrypted text: eqnl

None of these attempts have produced a meaningful text. It seems the given ciphertext may not be a simple Caesar cipher with a small shift.",0,2,"After trying to unscramble the text ""jvsq"", it doesn't seem to form any meaningful word. Now, I will try to decrypt it using the Caesar cipher with di",1,1
jvsq,from,4,4,"After trying to unscramble the text ""jvsq"", it doesn't seem to form any meaningful word. Now, I will try to decrypt it using the Caesar cipher with different shifts:

Shift 1:
j -> i, v -> u, s -> r, q -> p
Decrypted text: iurp

Shift 2:
j -> h, v -> t, s -> q, q -> o
Decrypted text: htqo

Shift 3:
j -> g, v -> s, s -> p, q -> n
Decrypted text: gsnp

Shift 4:
j -> f, v -> r, s -> o, q -> m
Decrypted text: fron

Shift 5:
j -> e, v -> q, s -> n, q -> l
Decrypted text: eqnl

None of these attempts have produced a meaningful text. It seems the given ciphertext may not be a simple Caesar cipher with a small shift.",0,3,"After trying to unscramble the text ""jvsq"", it doesn't seem to form any meaningful word. Now, I will try to decrypt it using the Caesar cipher with different shifts:

Shift 1:
j -> i, v -> u, s -> r, ",1,1
jvsq,from,4,4,"After trying to unscramble the text ""jvsq"", it doesn't seem to form any meaningful word. Now, I will try to decrypt it using the Caesar cipher with different shifts:

Shift 1:
j -> i, v -> u, s -> r, q -> p
Decrypted text: iurp

Shift 2:
j -> h, v -> t, s -> q, q -> o
Decrypted text: htqo

Shift 3:
j -> g, v -> s, s -> p, q -> n
Decrypted text: gsnp

Shift 4:
j -> f, v -> r, s -> o, q -> m
Decrypted text: fron

Shift 5:
j -> e, v -> q, s -> n, q -> l
Decrypted text: eqnl

None of these attempts have produced a meaningful text. It seems the given ciphertext may not be a simple Caesar cipher with a small shift.",0,4,"After trying to unscramble the text ""jvsq"", it doesn't seem to form any meaningful word. Now, I will try to decrypt it using the Caesar cipher with different shifts:

Shift 1:
j -> i, v -> u, s -> r, q -> p
Decrypted text: iurp

Shift 2:
j -> h, v ->",1,1
jvsq,from,4,4,"After trying to unscramble the text ""jvsq"", it doesn't seem to form any meaningful word. Now, I will try to decrypt it using the Caesar cipher with different shifts:

Shift 1:
j -> i, v -> u, s -> r, q -> p
Decrypted text: iurp

Shift 2:
j -> h, v -> t, s -> q, q -> o
Decrypted text: htqo

Shift 3:
j -> g, v -> s, s -> p, q -> n
Decrypted text: gsnp

Shift 4:
j -> f, v -> r, s -> o, q -> m
Decrypted text: fron

Shift 5:
j -> e, v -> q, s -> n, q -> l
Decrypted text: eqnl

None of these attempts have produced a meaningful text. It seems the given ciphertext may not be a simple Caesar cipher with a small shift.",0,5,"After trying to unscramble the text ""jvsq"", it doesn't seem to form any meaningful word. Now, I will try to decrypt it using the Caesar cipher with different shifts:

Shift 1:
j -> i, v -> u, s -> r, q -> p
Decrypted text: iurp

Shift 2:
j -> h, v -> t, s -> q, q -> o
Decrypted text: htqo

Shift 3:
",1,1
jvsq,from,4,4,"After trying to unscramble the text ""jvsq"", it doesn't seem to form any meaningful word. Now, I will try to decrypt it using the Caesar cipher with different shifts:

Shift 1:
j -> i, v -> u, s -> r, q -> p
Decrypted text: iurp

Shift 2:
j -> h, v -> t, s -> q, q -> o
Decrypted text: htqo

Shift 3:
j -> g, v -> s, s -> p, q -> n
Decrypted text: gsnp

Shift 4:
j -> f, v -> r, s -> o, q -> m
Decrypted text: fron

Shift 5:
j -> e, v -> q, s -> n, q -> l
Decrypted text: eqnl

None of these attempts have produced a meaningful text. It seems the given ciphertext may not be a simple Caesar cipher with a small shift.",0,6,"After trying to unscramble the text ""jvsq"", it doesn't seem to form any meaningful word. Now, I will try to decrypt it using the Caesar cipher with different shifts:

Shift 1:
j -> i, v -> u, s -> r, q -> p
Decrypted text: iurp

Shift 2:
j -> h, v -> t, s -> q, q -> o
Decrypted text: htqo

Shift 3:
j -> g, v -> s, s -> p, q -> n
Decrypted text: gsn",1,1
jvsq,from,4,4,"After trying to unscramble the text ""jvsq"", it doesn't seem to form any meaningful word. Now, I will try to decrypt it using the Caesar cipher with different shifts:

Shift 1:
j -> i, v -> u, s -> r, q -> p
Decrypted text: iurp

Shift 2:
j -> h, v -> t, s -> q, q -> o
Decrypted text: htqo

Shift 3:
j -> g, v -> s, s -> p, q -> n
Decrypted text: gsnp

Shift 4:
j -> f, v -> r, s -> o, q -> m
Decrypted text: fron

Shift 5:
j -> e, v -> q, s -> n, q -> l
Decrypted text: eqnl

None of these attempts have produced a meaningful text. It seems the given ciphertext may not be a simple Caesar cipher with a small shift.",0,7,"After trying to unscramble the text ""jvsq"", it doesn't seem to form any meaningful word. Now, I will try to decrypt it using the Caesar cipher with different shifts:

Shift 1:
j -> i, v -> u, s -> r, q -> p
Decrypted text: iurp

Shift 2:
j -> h, v -> t, s -> q, q -> o
Decrypted text: htqo

Shift 3:
j -> g, v -> s, s -> p, q -> n
Decrypted text: gsnp

Shift 4:
j -> f, v -> r, s -> o, q -> m
Decrypt",1,1
jvsq,from,4,4,"After trying to unscramble the text ""jvsq"", it doesn't seem to form any meaningful word. Now, I will try to decrypt it using the Caesar cipher with different shifts:

Shift 1:
j -> i, v -> u, s -> r, q -> p
Decrypted text: iurp

Shift 2:
j -> h, v -> t, s -> q, q -> o
Decrypted text: htqo

Shift 3:
j -> g, v -> s, s -> p, q -> n
Decrypted text: gsnp

Shift 4:
j -> f, v -> r, s -> o, q -> m
Decrypted text: fron

Shift 5:
j -> e, v -> q, s -> n, q -> l
Decrypted text: eqnl

None of these attempts have produced a meaningful text. It seems the given ciphertext may not be a simple Caesar cipher with a small shift.",0,8,"After trying to unscramble the text ""jvsq"", it doesn't seem to form any meaningful word. Now, I will try to decrypt it using the Caesar cipher with different shifts:

Shift 1:
j -> i, v -> u, s -> r, q -> p
Decrypted text: iurp

Shift 2:
j -> h, v -> t, s -> q, q -> o
Decrypted text: htqo

Shift 3:
j -> g, v -> s, s -> p, q -> n
Decrypted text: gsnp

Shift 4:
j -> f, v -> r, s -> o, q -> m
Decrypted text: fron

Shift 5:
j -> e, v -> q, s -> n, q ",1,1
jvsq,from,4,4,"After trying to unscramble the text ""jvsq"", it doesn't seem to form any meaningful word. Now, I will try to decrypt it using the Caesar cipher with different shifts:

Shift 1:
j -> i, v -> u, s -> r, q -> p
Decrypted text: iurp

Shift 2:
j -> h, v -> t, s -> q, q -> o
Decrypted text: htqo

Shift 3:
j -> g, v -> s, s -> p, q -> n
Decrypted text: gsnp

Shift 4:
j -> f, v -> r, s -> o, q -> m
Decrypted text: fron

Shift 5:
j -> e, v -> q, s -> n, q -> l
Decrypted text: eqnl

None of these attempts have produced a meaningful text. It seems the given ciphertext may not be a simple Caesar cipher with a small shift.",0,9,"After trying to unscramble the text ""jvsq"", it doesn't seem to form any meaningful word. Now, I will try to decrypt it using the Caesar cipher with different shifts:

Shift 1:
j -> i, v -> u, s -> r, q -> p
Decrypted text: iurp

Shift 2:
j -> h, v -> t, s -> q, q -> o
Decrypted text: htqo

Shift 3:
j -> g, v -> s, s -> p, q -> n
Decrypted text: gsnp

Shift 4:
j -> f, v -> r, s -> o, q -> m
Decrypted text: fron

Shift 5:
j -> e, v -> q, s -> n, q -> l
Decrypted text: eqnl

None of these attempts ",1,1
jvsq,from,4,4,"After trying to unscramble the text ""jvsq"", it doesn't seem to form any meaningful word. Now, I will try to decrypt it using the Caesar cipher with different shifts:

Shift 1:
j -> i, v -> u, s -> r, q -> p
Decrypted text: iurp

Shift 2:
j -> h, v -> t, s -> q, q -> o
Decrypted text: htqo

Shift 3:
j -> g, v -> s, s -> p, q -> n
Decrypted text: gsnp

Shift 4:
j -> f, v -> r, s -> o, q -> m
Decrypted text: fron

Shift 5:
j -> e, v -> q, s -> n, q -> l
Decrypted text: eqnl

None of these attempts have produced a meaningful text. It seems the given ciphertext may not be a simple Caesar cipher with a small shift.",0,10,"After trying to unscramble the text ""jvsq"", it doesn't seem to form any meaningful word. Now, I will try to decrypt it using the Caesar cipher with different shifts:

Shift 1:
j -> i, v -> u, s -> r, q -> p
Decrypted text: iurp

Shift 2:
j -> h, v -> t, s -> q, q -> o
Decrypted text: htqo

Shift 3:
j -> g, v -> s, s -> p, q -> n
Decrypted text: gsnp

Shift 4:
j -> f, v -> r, s -> o, q -> m
Decrypted text: fron

Shift 5:
j -> e, v -> q, s -> n, q -> l
Decrypted text: eqnl

None of these attempts have produced a meaningful text. It seems the give",1,1
jvsq,from,4,4,"After trying to unscramble the text ""jvsq"", it doesn't seem to form any meaningful word. Now, I will try to decrypt it using the Caesar cipher with different shifts:

Shift 1:
j -> i, v -> u, s -> r, q -> p
Decrypted text: iurp

Shift 2:
j -> h, v -> t, s -> q, q -> o
Decrypted text: htqo

Shift 3:
j -> g, v -> s, s -> p, q -> n
Decrypted text: gsnp

Shift 4:
j -> f, v -> r, s -> o, q -> m
Decrypted text: fron

Shift 5:
j -> e, v -> q, s -> n, q -> l
Decrypted text: eqnl

None of these attempts have produced a meaningful text. It seems the given ciphertext may not be a simple Caesar cipher with a small shift.",0,11,"After trying to unscramble the text ""jvsq"", it doesn't seem to form any meaningful word. Now, I will try to decrypt it using the Caesar cipher with different shifts:

Shift 1:
j -> i, v -> u, s -> r, q -> p
Decrypted text: iurp

Shift 2:
j -> h, v -> t, s -> q, q -> o
Decrypted text: htqo

Shift 3:
j -> g, v -> s, s -> p, q -> n
Decrypted text: gsnp

Shift 4:
j -> f, v -> r, s -> o, q -> m
Decrypted text: fron

Shift 5:
j -> e, v -> q, s -> n, q -> l
Decrypted text: eqnl

None of these attempts have produced a meaningful text. It seems the given ciphertext may not be a simple Caesar cipher wit",1,1
jvsq,from,4,4,"After trying to unscramble the text ""jvsq"", it doesn't seem to form any meaningful word. Now, I will try to decrypt it using the Caesar cipher with different shifts:

Shift 1:
j -> i, v -> u, s -> r, q -> p
Decrypted text: iurp

Shift 2:
j -> h, v -> t, s -> q, q -> o
Decrypted text: htqo

Shift 3:
j -> g, v -> s, s -> p, q -> n
Decrypted text: gsnp

Shift 4:
j -> f, v -> r, s -> o, q -> m
Decrypted text: fron

Shift 5:
j -> e, v -> q, s -> n, q -> l
Decrypted text: eqnl

None of these attempts have produced a meaningful text. It seems the given ciphertext may not be a simple Caesar cipher with a small shift.",0,12,"After trying to unscramble the text ""jvsq"", it doesn't seem to form any meaningful word. Now, I will try to decrypt it using the Caesar cipher with different shifts:

Shift 1:
j -> i, v -> u, s -> r, q -> p
Decrypted text: iurp

Shift 2:
j -> h, v -> t, s -> q, q -> o
Decrypted text: htqo

Shift 3:
j -> g, v -> s, s -> p, q -> n
Decrypted text: gsnp

Shift 4:
j -> f, v -> r, s -> o, q -> m
Decrypted text: fron

Shift 5:
j -> e, v -> q, s -> n, q -> l
Decrypted text: eqnl

None of these attempts have produced a meaningful text. It seems the given ciphertext may not be a simple Caesar cipher with a small shift.",1,1
rzhm,much,4,5,"The ciphertext ""rzhm"" unscrambles into the word ""hmmr."" This doesn't seem like a meaningful word, so I will now try decrypting it using Caesar cipher with different shifts.

1. Shift 1: ""rzhm"" decrypted with a shift of 1 is ""qygl""
2. Shift 2: ""rzhm"" decrypted with a shift of 2 is ""pxfk""
3. Shift 3: ""rzhm"" decrypted with a shift of 3 is ""owej""
4. Shift 4: ""rzhm"" decrypted with a shift of 4 is ""nvid""
5. Shift 5: ""rzhm"" decrypted with a shift of 5 is ""muhc""

None of these decrypted texts seem to be meaningful, so let's keep trying with different shifts.",0,0,"The ciphertext ""rzhm"" unscrambles into the word ""h",0,2
rzhm,much,4,5,"The ciphertext ""rzhm"" unscrambles into the word ""hmmr."" This doesn't seem like a meaningful word, so I will now try decrypting it using Caesar cipher with different shifts.

1. Shift 1: ""rzhm"" decrypted with a shift of 1 is ""qygl""
2. Shift 2: ""rzhm"" decrypted with a shift of 2 is ""pxfk""
3. Shift 3: ""rzhm"" decrypted with a shift of 3 is ""owej""
4. Shift 4: ""rzhm"" decrypted with a shift of 4 is ""nvid""
5. Shift 5: ""rzhm"" decrypted with a shift of 5 is ""muhc""

None of these decrypted texts seem to be meaningful, so let's keep trying with different shifts.",0,1,"The ciphertext ""rzhm"" unscrambles into the word ""hmmr."" This doesn't seem like a meaningful word, so",0,2
rzhm,much,4,5,"The ciphertext ""rzhm"" unscrambles into the word ""hmmr."" This doesn't seem like a meaningful word, so I will now try decrypting it using Caesar cipher with different shifts.

1. Shift 1: ""rzhm"" decrypted with a shift of 1 is ""qygl""
2. Shift 2: ""rzhm"" decrypted with a shift of 2 is ""pxfk""
3. Shift 3: ""rzhm"" decrypted with a shift of 3 is ""owej""
4. Shift 4: ""rzhm"" decrypted with a shift of 4 is ""nvid""
5. Shift 5: ""rzhm"" decrypted with a shift of 5 is ""muhc""

None of these decrypted texts seem to be meaningful, so let's keep trying with different shifts.",0,2,"The ciphertext ""rzhm"" unscrambles into the word ""hmmr."" This doesn't seem like a meaningful word, so I will now try decrypting it using Caesar cipher ",1,2
rzhm,much,4,5,"The ciphertext ""rzhm"" unscrambles into the word ""hmmr."" This doesn't seem like a meaningful word, so I will now try decrypting it using Caesar cipher with different shifts.

1. Shift 1: ""rzhm"" decrypted with a shift of 1 is ""qygl""
2. Shift 2: ""rzhm"" decrypted with a shift of 2 is ""pxfk""
3. Shift 3: ""rzhm"" decrypted with a shift of 3 is ""owej""
4. Shift 4: ""rzhm"" decrypted with a shift of 4 is ""nvid""
5. Shift 5: ""rzhm"" decrypted with a shift of 5 is ""muhc""

None of these decrypted texts seem to be meaningful, so let's keep trying with different shifts.",0,3,"The ciphertext ""rzhm"" unscrambles into the word ""hmmr."" This doesn't seem like a meaningful word, so I will now try decrypting it using Caesar cipher with different shifts.

1. Shift 1: ""rzhm"" decrypt",1,2
rzhm,much,4,5,"The ciphertext ""rzhm"" unscrambles into the word ""hmmr."" This doesn't seem like a meaningful word, so I will now try decrypting it using Caesar cipher with different shifts.

1. Shift 1: ""rzhm"" decrypted with a shift of 1 is ""qygl""
2. Shift 2: ""rzhm"" decrypted with a shift of 2 is ""pxfk""
3. Shift 3: ""rzhm"" decrypted with a shift of 3 is ""owej""
4. Shift 4: ""rzhm"" decrypted with a shift of 4 is ""nvid""
5. Shift 5: ""rzhm"" decrypted with a shift of 5 is ""muhc""

None of these decrypted texts seem to be meaningful, so let's keep trying with different shifts.",0,4,"The ciphertext ""rzhm"" unscrambles into the word ""hmmr."" This doesn't seem like a meaningful word, so I will now try decrypting it using Caesar cipher with different shifts.

1. Shift 1: ""rzhm"" decrypted with a shift of 1 is ""qygl""
2. Shift 2: ""rzhm"" ",1,2
rzhm,much,4,5,"The ciphertext ""rzhm"" unscrambles into the word ""hmmr."" This doesn't seem like a meaningful word, so I will now try decrypting it using Caesar cipher with different shifts.

1. Shift 1: ""rzhm"" decrypted with a shift of 1 is ""qygl""
2. Shift 2: ""rzhm"" decrypted with a shift of 2 is ""pxfk""
3. Shift 3: ""rzhm"" decrypted with a shift of 3 is ""owej""
4. Shift 4: ""rzhm"" decrypted with a shift of 4 is ""nvid""
5. Shift 5: ""rzhm"" decrypted with a shift of 5 is ""muhc""

None of these decrypted texts seem to be meaningful, so let's keep trying with different shifts.",0,5,"The ciphertext ""rzhm"" unscrambles into the word ""hmmr."" This doesn't seem like a meaningful word, so I will now try decrypting it using Caesar cipher with different shifts.

1. Shift 1: ""rzhm"" decrypted with a shift of 1 is ""qygl""
2. Shift 2: ""rzhm"" decrypted with a shift of 2 is ""pxfk""
3. Shift 3: ",1,2
rzhm,much,4,5,"The ciphertext ""rzhm"" unscrambles into the word ""hmmr."" This doesn't seem like a meaningful word, so I will now try decrypting it using Caesar cipher with different shifts.

1. Shift 1: ""rzhm"" decrypted with a shift of 1 is ""qygl""
2. Shift 2: ""rzhm"" decrypted with a shift of 2 is ""pxfk""
3. Shift 3: ""rzhm"" decrypted with a shift of 3 is ""owej""
4. Shift 4: ""rzhm"" decrypted with a shift of 4 is ""nvid""
5. Shift 5: ""rzhm"" decrypted with a shift of 5 is ""muhc""

None of these decrypted texts seem to be meaningful, so let's keep trying with different shifts.",0,6,"The ciphertext ""rzhm"" unscrambles into the word ""hmmr."" This doesn't seem like a meaningful word, so I will now try decrypting it using Caesar cipher with different shifts.

1. Shift 1: ""rzhm"" decrypted with a shift of 1 is ""qygl""
2. Shift 2: ""rzhm"" decrypted with a shift of 2 is ""pxfk""
3. Shift 3: ""rzhm"" decrypted with a shift of 3 is ""owej""
4. Sh",1,2
rzhm,much,4,5,"The ciphertext ""rzhm"" unscrambles into the word ""hmmr."" This doesn't seem like a meaningful word, so I will now try decrypting it using Caesar cipher with different shifts.

1. Shift 1: ""rzhm"" decrypted with a shift of 1 is ""qygl""
2. Shift 2: ""rzhm"" decrypted with a shift of 2 is ""pxfk""
3. Shift 3: ""rzhm"" decrypted with a shift of 3 is ""owej""
4. Shift 4: ""rzhm"" decrypted with a shift of 4 is ""nvid""
5. Shift 5: ""rzhm"" decrypted with a shift of 5 is ""muhc""

None of these decrypted texts seem to be meaningful, so let's keep trying with different shifts.",0,7,"The ciphertext ""rzhm"" unscrambles into the word ""hmmr."" This doesn't seem like a meaningful word, so I will now try decrypting it using Caesar cipher with different shifts.

1. Shift 1: ""rzhm"" decrypted with a shift of 1 is ""qygl""
2. Shift 2: ""rzhm"" decrypted with a shift of 2 is ""pxfk""
3. Shift 3: ""rzhm"" decrypted with a shift of 3 is ""owej""
4. Shift 4: ""rzhm"" decrypted with a shift of 4 is ""nvid",1,2
rzhm,much,4,5,"The ciphertext ""rzhm"" unscrambles into the word ""hmmr."" This doesn't seem like a meaningful word, so I will now try decrypting it using Caesar cipher with different shifts.

1. Shift 1: ""rzhm"" decrypted with a shift of 1 is ""qygl""
2. Shift 2: ""rzhm"" decrypted with a shift of 2 is ""pxfk""
3. Shift 3: ""rzhm"" decrypted with a shift of 3 is ""owej""
4. Shift 4: ""rzhm"" decrypted with a shift of 4 is ""nvid""
5. Shift 5: ""rzhm"" decrypted with a shift of 5 is ""muhc""

None of these decrypted texts seem to be meaningful, so let's keep trying with different shifts.",0,8,"The ciphertext ""rzhm"" unscrambles into the word ""hmmr."" This doesn't seem like a meaningful word, so I will now try decrypting it using Caesar cipher with different shifts.

1. Shift 1: ""rzhm"" decrypted with a shift of 1 is ""qygl""
2. Shift 2: ""rzhm"" decrypted with a shift of 2 is ""pxfk""
3. Shift 3: ""rzhm"" decrypted with a shift of 3 is ""owej""
4. Shift 4: ""rzhm"" decrypted with a shift of 4 is ""nvid""
5. Shift 5: ""rzhm"" decrypted with a shift of 5 i",1,2
rzhm,much,4,5,"The ciphertext ""rzhm"" unscrambles into the word ""hmmr."" This doesn't seem like a meaningful word, so I will now try decrypting it using Caesar cipher with different shifts.

1. Shift 1: ""rzhm"" decrypted with a shift of 1 is ""qygl""
2. Shift 2: ""rzhm"" decrypted with a shift of 2 is ""pxfk""
3. Shift 3: ""rzhm"" decrypted with a shift of 3 is ""owej""
4. Shift 4: ""rzhm"" decrypted with a shift of 4 is ""nvid""
5. Shift 5: ""rzhm"" decrypted with a shift of 5 is ""muhc""

None of these decrypted texts seem to be meaningful, so let's keep trying with different shifts.",0,9,"The ciphertext ""rzhm"" unscrambles into the word ""hmmr."" This doesn't seem like a meaningful word, so I will now try decrypting it using Caesar cipher with different shifts.

1. Shift 1: ""rzhm"" decrypted with a shift of 1 is ""qygl""
2. Shift 2: ""rzhm"" decrypted with a shift of 2 is ""pxfk""
3. Shift 3: ""rzhm"" decrypted with a shift of 3 is ""owej""
4. Shift 4: ""rzhm"" decrypted with a shift of 4 is ""nvid""
5. Shift 5: ""rzhm"" decrypted with a shift of 5 is ""muhc""

None of these decrypted texts seem to be",1,2
rzhm,much,4,5,"The ciphertext ""rzhm"" unscrambles into the word ""hmmr."" This doesn't seem like a meaningful word, so I will now try decrypting it using Caesar cipher with different shifts.

1. Shift 1: ""rzhm"" decrypted with a shift of 1 is ""qygl""
2. Shift 2: ""rzhm"" decrypted with a shift of 2 is ""pxfk""
3. Shift 3: ""rzhm"" decrypted with a shift of 3 is ""owej""
4. Shift 4: ""rzhm"" decrypted with a shift of 4 is ""nvid""
5. Shift 5: ""rzhm"" decrypted with a shift of 5 is ""muhc""

None of these decrypted texts seem to be meaningful, so let's keep trying with different shifts.",0,10,"The ciphertext ""rzhm"" unscrambles into the word ""hmmr."" This doesn't seem like a meaningful word, so I will now try decrypting it using Caesar cipher with different shifts.

1. Shift 1: ""rzhm"" decrypted with a shift of 1 is ""qygl""
2. Shift 2: ""rzhm"" decrypted with a shift of 2 is ""pxfk""
3. Shift 3: ""rzhm"" decrypted with a shift of 3 is ""owej""
4. Shift 4: ""rzhm"" decrypted with a shift of 4 is ""nvid""
5. Shift 5: ""rzhm"" decrypted with a shift of 5 is ""muhc""

None of these decrypted texts seem to be meaningful, so let's keep trying with different s",1,2
rzhm,much,4,5,"The ciphertext ""rzhm"" unscrambles into the word ""hmmr."" This doesn't seem like a meaningful word, so I will now try decrypting it using Caesar cipher with different shifts.

1. Shift 1: ""rzhm"" decrypted with a shift of 1 is ""qygl""
2. Shift 2: ""rzhm"" decrypted with a shift of 2 is ""pxfk""
3. Shift 3: ""rzhm"" decrypted with a shift of 3 is ""owej""
4. Shift 4: ""rzhm"" decrypted with a shift of 4 is ""nvid""
5. Shift 5: ""rzhm"" decrypted with a shift of 5 is ""muhc""

None of these decrypted texts seem to be meaningful, so let's keep trying with different shifts.",0,11,"The ciphertext ""rzhm"" unscrambles into the word ""hmmr."" This doesn't seem like a meaningful word, so I will now try decrypting it using Caesar cipher with different shifts.

1. Shift 1: ""rzhm"" decrypted with a shift of 1 is ""qygl""
2. Shift 2: ""rzhm"" decrypted with a shift of 2 is ""pxfk""
3. Shift 3: ""rzhm"" decrypted with a shift of 3 is ""owej""
4. Shift 4: ""rzhm"" decrypted with a shift of 4 is ""nvid""
5. Shift 5: ""rzhm"" decrypted with a shift of 5 is ""muhc""

None of these decrypted texts seem to be meaningful, so let's keep trying with different shifts.",1,2
ajwd,very,4,5,"After trying various combinations, I couldn't find any meaningful words from the anagram. So, I will try to decrypt the ciphertext using different Caesar cipher shifts.

Shift 1:
ajwd -> bikd

Shift 2:
ajwd -> cjle

Shift 3:
ajwd -> dkmf

Shift 4:
ajwd -> elng

Shift 5:
ajwd -> fomh

None of the decrypted texts make sense for shifts 1 through 5. Let's keep trying a few more shifts.",0,0,"After trying various combinations, I couldn't find",1,0
ajwd,very,4,5,"After trying various combinations, I couldn't find any meaningful words from the anagram. So, I will try to decrypt the ciphertext using different Caesar cipher shifts.

Shift 1:
ajwd -> bikd

Shift 2:
ajwd -> cjle

Shift 3:
ajwd -> dkmf

Shift 4:
ajwd -> elng

Shift 5:
ajwd -> fomh

None of the decrypted texts make sense for shifts 1 through 5. Let's keep trying a few more shifts.",0,1,"After trying various combinations, I couldn't find any meaningful words from the anagram. So, I will",1,0
ajwd,very,4,5,"After trying various combinations, I couldn't find any meaningful words from the anagram. So, I will try to decrypt the ciphertext using different Caesar cipher shifts.

Shift 1:
ajwd -> bikd

Shift 2:
ajwd -> cjle

Shift 3:
ajwd -> dkmf

Shift 4:
ajwd -> elng

Shift 5:
ajwd -> fomh

None of the decrypted texts make sense for shifts 1 through 5. Let's keep trying a few more shifts.",0,2,"After trying various combinations, I couldn't find any meaningful words from the anagram. So, I will try to decrypt the ciphertext using different Cae",1,0
ajwd,very,4,5,"After trying various combinations, I couldn't find any meaningful words from the anagram. So, I will try to decrypt the ciphertext using different Caesar cipher shifts.

Shift 1:
ajwd -> bikd

Shift 2:
ajwd -> cjle

Shift 3:
ajwd -> dkmf

Shift 4:
ajwd -> elng

Shift 5:
ajwd -> fomh

None of the decrypted texts make sense for shifts 1 through 5. Let's keep trying a few more shifts.",0,3,"After trying various combinations, I couldn't find any meaningful words from the anagram. So, I will try to decrypt the ciphertext using different Caesar cipher shifts.

Shift 1:
ajwd -> bikd

Shift 2",1,0
ajwd,very,4,5,"After trying various combinations, I couldn't find any meaningful words from the anagram. So, I will try to decrypt the ciphertext using different Caesar cipher shifts.

Shift 1:
ajwd -> bikd

Shift 2:
ajwd -> cjle

Shift 3:
ajwd -> dkmf

Shift 4:
ajwd -> elng

Shift 5:
ajwd -> fomh

None of the decrypted texts make sense for shifts 1 through 5. Let's keep trying a few more shifts.",0,4,"After trying various combinations, I couldn't find any meaningful words from the anagram. So, I will try to decrypt the ciphertext using different Caesar cipher shifts.

Shift 1:
ajwd -> bikd

Shift 2:
ajwd -> cjle

Shift 3:
ajwd -> dkmf

Shift 4:
aj",1,0
ajwd,very,4,5,"After trying various combinations, I couldn't find any meaningful words from the anagram. So, I will try to decrypt the ciphertext using different Caesar cipher shifts.

Shift 1:
ajwd -> bikd

Shift 2:
ajwd -> cjle

Shift 3:
ajwd -> dkmf

Shift 4:
ajwd -> elng

Shift 5:
ajwd -> fomh

None of the decrypted texts make sense for shifts 1 through 5. Let's keep trying a few more shifts.",0,5,"After trying various combinations, I couldn't find any meaningful words from the anagram. So, I will try to decrypt the ciphertext using different Caesar cipher shifts.

Shift 1:
ajwd -> bikd

Shift 2:
ajwd -> cjle

Shift 3:
ajwd -> dkmf

Shift 4:
ajwd -> elng

Shift 5:
ajwd -> fomh

None of the dec",1,0
ajwd,very,4,5,"After trying various combinations, I couldn't find any meaningful words from the anagram. So, I will try to decrypt the ciphertext using different Caesar cipher shifts.

Shift 1:
ajwd -> bikd

Shift 2:
ajwd -> cjle

Shift 3:
ajwd -> dkmf

Shift 4:
ajwd -> elng

Shift 5:
ajwd -> fomh

None of the decrypted texts make sense for shifts 1 through 5. Let's keep trying a few more shifts.",0,6,"After trying various combinations, I couldn't find any meaningful words from the anagram. So, I will try to decrypt the ciphertext using different Caesar cipher shifts.

Shift 1:
ajwd -> bikd

Shift 2:
ajwd -> cjle

Shift 3:
ajwd -> dkmf

Shift 4:
ajwd -> elng

Shift 5:
ajwd -> fomh

None of the decrypted texts make sense for shifts 1 through 5. Le",1,0
ajwd,very,4,5,"After trying various combinations, I couldn't find any meaningful words from the anagram. So, I will try to decrypt the ciphertext using different Caesar cipher shifts.

Shift 1:
ajwd -> bikd

Shift 2:
ajwd -> cjle

Shift 3:
ajwd -> dkmf

Shift 4:
ajwd -> elng

Shift 5:
ajwd -> fomh

None of the decrypted texts make sense for shifts 1 through 5. Let's keep trying a few more shifts.",0,7,"After trying various combinations, I couldn't find any meaningful words from the anagram. So, I will try to decrypt the ciphertext using different Caesar cipher shifts.

Shift 1:
ajwd -> bikd

Shift 2:
ajwd -> cjle

Shift 3:
ajwd -> dkmf

Shift 4:
ajwd -> elng

Shift 5:
ajwd -> fomh

None of the decrypted texts make sense for shifts 1 through 5. Let's keep trying a few more shifts.",1,0
bcpvu,about,5,1,"After trying all possible combinations, there doesn't seem to be a meaningful word unscrambled from ""bcpvu"". Let's try decrypting it as a Caesar cipher with different shift values.

Shift 1 (Caesar cipher): ""bcpvu"" -> ""about""
Shift 2 (Caesar cipher): ""bcpvu"" -> ""znots""
Shift 3 (Caesar cipher): ""bcpvu"" -> ""ymnrs""
Shift 4 (Caesar cipher): ""bcpvu"" -> ""xlmqr""
Shift 5 (Caesar cipher): ""bcpvu"" -> ""wklpq""

None of these attempts produced a meaningful word. Let's try a few more shifts to see if we can find the correct decryption.",1,0,"After trying all possible combinations, there does",0,2
bcpvu,about,5,1,"After trying all possible combinations, there doesn't seem to be a meaningful word unscrambled from ""bcpvu"". Let's try decrypting it as a Caesar cipher with different shift values.

Shift 1 (Caesar cipher): ""bcpvu"" -> ""about""
Shift 2 (Caesar cipher): ""bcpvu"" -> ""znots""
Shift 3 (Caesar cipher): ""bcpvu"" -> ""ymnrs""
Shift 4 (Caesar cipher): ""bcpvu"" -> ""xlmqr""
Shift 5 (Caesar cipher): ""bcpvu"" -> ""wklpq""

None of these attempts produced a meaningful word. Let's try a few more shifts to see if we can find the correct decryption.",1,1,"After trying all possible combinations, there doesn't seem to be a meaningful word unscrambled from ",0,2
bcpvu,about,5,1,"After trying all possible combinations, there doesn't seem to be a meaningful word unscrambled from ""bcpvu"". Let's try decrypting it as a Caesar cipher with different shift values.

Shift 1 (Caesar cipher): ""bcpvu"" -> ""about""
Shift 2 (Caesar cipher): ""bcpvu"" -> ""znots""
Shift 3 (Caesar cipher): ""bcpvu"" -> ""ymnrs""
Shift 4 (Caesar cipher): ""bcpvu"" -> ""xlmqr""
Shift 5 (Caesar cipher): ""bcpvu"" -> ""wklpq""

None of these attempts produced a meaningful word. Let's try a few more shifts to see if we can find the correct decryption.",1,2,"After trying all possible combinations, there doesn't seem to be a meaningful word unscrambled from ""bcpvu"". Let's try decrypting it as a Caesar ciphe",1,2
bcpvu,about,5,1,"After trying all possible combinations, there doesn't seem to be a meaningful word unscrambled from ""bcpvu"". Let's try decrypting it as a Caesar cipher with different shift values.

Shift 1 (Caesar cipher): ""bcpvu"" -> ""about""
Shift 2 (Caesar cipher): ""bcpvu"" -> ""znots""
Shift 3 (Caesar cipher): ""bcpvu"" -> ""ymnrs""
Shift 4 (Caesar cipher): ""bcpvu"" -> ""xlmqr""
Shift 5 (Caesar cipher): ""bcpvu"" -> ""wklpq""

None of these attempts produced a meaningful word. Let's try a few more shifts to see if we can find the correct decryption.",1,3,"After trying all possible combinations, there doesn't seem to be a meaningful word unscrambled from ""bcpvu"". Let's try decrypting it as a Caesar cipher with different shift values.

Shift 1 (Caesar ci",1,2
bcpvu,about,5,1,"After trying all possible combinations, there doesn't seem to be a meaningful word unscrambled from ""bcpvu"". Let's try decrypting it as a Caesar cipher with different shift values.

Shift 1 (Caesar cipher): ""bcpvu"" -> ""about""
Shift 2 (Caesar cipher): ""bcpvu"" -> ""znots""
Shift 3 (Caesar cipher): ""bcpvu"" -> ""ymnrs""
Shift 4 (Caesar cipher): ""bcpvu"" -> ""xlmqr""
Shift 5 (Caesar cipher): ""bcpvu"" -> ""wklpq""

None of these attempts produced a meaningful word. Let's try a few more shifts to see if we can find the correct decryption.",1,4,"After trying all possible combinations, there doesn't seem to be a meaningful word unscrambled from ""bcpvu"". Let's try decrypting it as a Caesar cipher with different shift values.

Shift 1 (Caesar cipher): ""bcpvu"" -> ""about""
Shift 2 (Caesar cipher):",1,2
bcpvu,about,5,1,"After trying all possible combinations, there doesn't seem to be a meaningful word unscrambled from ""bcpvu"". Let's try decrypting it as a Caesar cipher with different shift values.

Shift 1 (Caesar cipher): ""bcpvu"" -> ""about""
Shift 2 (Caesar cipher): ""bcpvu"" -> ""znots""
Shift 3 (Caesar cipher): ""bcpvu"" -> ""ymnrs""
Shift 4 (Caesar cipher): ""bcpvu"" -> ""xlmqr""
Shift 5 (Caesar cipher): ""bcpvu"" -> ""wklpq""

None of these attempts produced a meaningful word. Let's try a few more shifts to see if we can find the correct decryption.",1,5,"After trying all possible combinations, there doesn't seem to be a meaningful word unscrambled from ""bcpvu"". Let's try decrypting it as a Caesar cipher with different shift values.

Shift 1 (Caesar cipher): ""bcpvu"" -> ""about""
Shift 2 (Caesar cipher): ""bcpvu"" -> ""znots""
Shift 3 (Caesar cipher): ""bcpv",1,2
bcpvu,about,5,1,"After trying all possible combinations, there doesn't seem to be a meaningful word unscrambled from ""bcpvu"". Let's try decrypting it as a Caesar cipher with different shift values.

Shift 1 (Caesar cipher): ""bcpvu"" -> ""about""
Shift 2 (Caesar cipher): ""bcpvu"" -> ""znots""
Shift 3 (Caesar cipher): ""bcpvu"" -> ""ymnrs""
Shift 4 (Caesar cipher): ""bcpvu"" -> ""xlmqr""
Shift 5 (Caesar cipher): ""bcpvu"" -> ""wklpq""

None of these attempts produced a meaningful word. Let's try a few more shifts to see if we can find the correct decryption.",1,6,"After trying all possible combinations, there doesn't seem to be a meaningful word unscrambled from ""bcpvu"". Let's try decrypting it as a Caesar cipher with different shift values.

Shift 1 (Caesar cipher): ""bcpvu"" -> ""about""
Shift 2 (Caesar cipher): ""bcpvu"" -> ""znots""
Shift 3 (Caesar cipher): ""bcpvu"" -> ""ymnrs""
Shift 4 (Caesar cipher): ""bcpvu"" -> ",1,2
bcpvu,about,5,1,"After trying all possible combinations, there doesn't seem to be a meaningful word unscrambled from ""bcpvu"". Let's try decrypting it as a Caesar cipher with different shift values.

Shift 1 (Caesar cipher): ""bcpvu"" -> ""about""
Shift 2 (Caesar cipher): ""bcpvu"" -> ""znots""
Shift 3 (Caesar cipher): ""bcpvu"" -> ""ymnrs""
Shift 4 (Caesar cipher): ""bcpvu"" -> ""xlmqr""
Shift 5 (Caesar cipher): ""bcpvu"" -> ""wklpq""

None of these attempts produced a meaningful word. Let's try a few more shifts to see if we can find the correct decryption.",1,7,"After trying all possible combinations, there doesn't seem to be a meaningful word unscrambled from ""bcpvu"". Let's try decrypting it as a Caesar cipher with different shift values.

Shift 1 (Caesar cipher): ""bcpvu"" -> ""about""
Shift 2 (Caesar cipher): ""bcpvu"" -> ""znots""
Shift 3 (Caesar cipher): ""bcpvu"" -> ""ymnrs""
Shift 4 (Caesar cipher): ""bcpvu"" -> ""xlmqr""
Shift 5 (Caesar cipher): ""bcpvu"" -> ""wklpq",1,2
bcpvu,about,5,1,"After trying all possible combinations, there doesn't seem to be a meaningful word unscrambled from ""bcpvu"". Let's try decrypting it as a Caesar cipher with different shift values.

Shift 1 (Caesar cipher): ""bcpvu"" -> ""about""
Shift 2 (Caesar cipher): ""bcpvu"" -> ""znots""
Shift 3 (Caesar cipher): ""bcpvu"" -> ""ymnrs""
Shift 4 (Caesar cipher): ""bcpvu"" -> ""xlmqr""
Shift 5 (Caesar cipher): ""bcpvu"" -> ""wklpq""

None of these attempts produced a meaningful word. Let's try a few more shifts to see if we can find the correct decryption.",1,8,"After trying all possible combinations, there doesn't seem to be a meaningful word unscrambled from ""bcpvu"". Let's try decrypting it as a Caesar cipher with different shift values.

Shift 1 (Caesar cipher): ""bcpvu"" -> ""about""
Shift 2 (Caesar cipher): ""bcpvu"" -> ""znots""
Shift 3 (Caesar cipher): ""bcpvu"" -> ""ymnrs""
Shift 4 (Caesar cipher): ""bcpvu"" -> ""xlmqr""
Shift 5 (Caesar cipher): ""bcpvu"" -> ""wklpq""

None of these attempts produced a meaningful wo",1,2
bcpvu,about,5,1,"After trying all possible combinations, there doesn't seem to be a meaningful word unscrambled from ""bcpvu"". Let's try decrypting it as a Caesar cipher with different shift values.

Shift 1 (Caesar cipher): ""bcpvu"" -> ""about""
Shift 2 (Caesar cipher): ""bcpvu"" -> ""znots""
Shift 3 (Caesar cipher): ""bcpvu"" -> ""ymnrs""
Shift 4 (Caesar cipher): ""bcpvu"" -> ""xlmqr""
Shift 5 (Caesar cipher): ""bcpvu"" -> ""wklpq""

None of these attempts produced a meaningful word. Let's try a few more shifts to see if we can find the correct decryption.",1,9,"After trying all possible combinations, there doesn't seem to be a meaningful word unscrambled from ""bcpvu"". Let's try decrypting it as a Caesar cipher with different shift values.

Shift 1 (Caesar cipher): ""bcpvu"" -> ""about""
Shift 2 (Caesar cipher): ""bcpvu"" -> ""znots""
Shift 3 (Caesar cipher): ""bcpvu"" -> ""ymnrs""
Shift 4 (Caesar cipher): ""bcpvu"" -> ""xlmqr""
Shift 5 (Caesar cipher): ""bcpvu"" -> ""wklpq""

None of these attempts produced a meaningful word. Let's try a few more shifts to see if we can f",1,2
bcpvu,about,5,1,"After trying all possible combinations, there doesn't seem to be a meaningful word unscrambled from ""bcpvu"". Let's try decrypting it as a Caesar cipher with different shift values.

Shift 1 (Caesar cipher): ""bcpvu"" -> ""about""
Shift 2 (Caesar cipher): ""bcpvu"" -> ""znots""
Shift 3 (Caesar cipher): ""bcpvu"" -> ""ymnrs""
Shift 4 (Caesar cipher): ""bcpvu"" -> ""xlmqr""
Shift 5 (Caesar cipher): ""bcpvu"" -> ""wklpq""

None of these attempts produced a meaningful word. Let's try a few more shifts to see if we can find the correct decryption.",1,10,"After trying all possible combinations, there doesn't seem to be a meaningful word unscrambled from ""bcpvu"". Let's try decrypting it as a Caesar cipher with different shift values.

Shift 1 (Caesar cipher): ""bcpvu"" -> ""about""
Shift 2 (Caesar cipher): ""bcpvu"" -> ""znots""
Shift 3 (Caesar cipher): ""bcpvu"" -> ""ymnrs""
Shift 4 (Caesar cipher): ""bcpvu"" -> ""xlmqr""
Shift 5 (Caesar cipher): ""bcpvu"" -> ""wklpq""

None of these attempts produced a meaningful word. Let's try a few more shifts to see if we can find the correct decryption.",1,2
tlvmm,skull,5,1,"After trying a few different combinations, I was not able to find a meaningful word by unscrambling the ciphertext ""tlvmm"". Let's try decrypting it using a Caesar cipher with different shifts:

Shift 1:
tlvmm -> skull

Shift 2:
tlvmm -> jtkkll

Shift 3:
tlvmm -> isjjk

Shift 4:
tlvmm -> hriij

Shift 5:
tlvmm -> gqhhi

Based on the results from trying different shifts with a Caesar cipher, it appears that the plaintext message for the ciphertext ""tlvmm"" is not immediately clear. It's possible that this may be a different type of cipher or encryption method. Let me know if you would like me to try any other approaches.",1,0,"After trying a few different combinations, I was n",0,2
tlvmm,skull,5,1,"After trying a few different combinations, I was not able to find a meaningful word by unscrambling the ciphertext ""tlvmm"". Let's try decrypting it using a Caesar cipher with different shifts:

Shift 1:
tlvmm -> skull

Shift 2:
tlvmm -> jtkkll

Shift 3:
tlvmm -> isjjk

Shift 4:
tlvmm -> hriij

Shift 5:
tlvmm -> gqhhi

Based on the results from trying different shifts with a Caesar cipher, it appears that the plaintext message for the ciphertext ""tlvmm"" is not immediately clear. It's possible that this may be a different type of cipher or encryption method. Let me know if you would like me to try any other approaches.",1,1,"After trying a few different combinations, I was not able to find a meaningful word by unscrambling ",0,2
tlvmm,skull,5,1,"After trying a few different combinations, I was not able to find a meaningful word by unscrambling the ciphertext ""tlvmm"". Let's try decrypting it using a Caesar cipher with different shifts:

Shift 1:
tlvmm -> skull

Shift 2:
tlvmm -> jtkkll

Shift 3:
tlvmm -> isjjk

Shift 4:
tlvmm -> hriij

Shift 5:
tlvmm -> gqhhi

Based on the results from trying different shifts with a Caesar cipher, it appears that the plaintext message for the ciphertext ""tlvmm"" is not immediately clear. It's possible that this may be a different type of cipher or encryption method. Let me know if you would like me to try any other approaches.",1,2,"After trying a few different combinations, I was not able to find a meaningful word by unscrambling the ciphertext ""tlvmm"". Let's try decrypting it us",1,2
tlvmm,skull,5,1,"After trying a few different combinations, I was not able to find a meaningful word by unscrambling the ciphertext ""tlvmm"". Let's try decrypting it using a Caesar cipher with different shifts:

Shift 1:
tlvmm -> skull

Shift 2:
tlvmm -> jtkkll

Shift 3:
tlvmm -> isjjk

Shift 4:
tlvmm -> hriij

Shift 5:
tlvmm -> gqhhi

Based on the results from trying different shifts with a Caesar cipher, it appears that the plaintext message for the ciphertext ""tlvmm"" is not immediately clear. It's possible that this may be a different type of cipher or encryption method. Let me know if you would like me to try any other approaches.",1,3,"After trying a few different combinations, I was not able to find a meaningful word by unscrambling the ciphertext ""tlvmm"". Let's try decrypting it using a Caesar cipher with different shifts:

Shift ",1,2
tlvmm,skull,5,1,"After trying a few different combinations, I was not able to find a meaningful word by unscrambling the ciphertext ""tlvmm"". Let's try decrypting it using a Caesar cipher with different shifts:

Shift 1:
tlvmm -> skull

Shift 2:
tlvmm -> jtkkll

Shift 3:
tlvmm -> isjjk

Shift 4:
tlvmm -> hriij

Shift 5:
tlvmm -> gqhhi

Based on the results from trying different shifts with a Caesar cipher, it appears that the plaintext message for the ciphertext ""tlvmm"" is not immediately clear. It's possible that this may be a different type of cipher or encryption method. Let me know if you would like me to try any other approaches.",1,4,"After trying a few different combinations, I was not able to find a meaningful word by unscrambling the ciphertext ""tlvmm"". Let's try decrypting it using a Caesar cipher with different shifts:

Shift 1:
tlvmm -> skull

Shift 2:
tlvmm -> jtkkll

Shift",1,2
tlvmm,skull,5,1,"After trying a few different combinations, I was not able to find a meaningful word by unscrambling the ciphertext ""tlvmm"". Let's try decrypting it using a Caesar cipher with different shifts:

Shift 1:
tlvmm -> skull

Shift 2:
tlvmm -> jtkkll

Shift 3:
tlvmm -> isjjk

Shift 4:
tlvmm -> hriij

Shift 5:
tlvmm -> gqhhi

Based on the results from trying different shifts with a Caesar cipher, it appears that the plaintext message for the ciphertext ""tlvmm"" is not immediately clear. It's possible that this may be a different type of cipher or encryption method. Let me know if you would like me to try any other approaches.",1,5,"After trying a few different combinations, I was not able to find a meaningful word by unscrambling the ciphertext ""tlvmm"". Let's try decrypting it using a Caesar cipher with different shifts:

Shift 1:
tlvmm -> skull

Shift 2:
tlvmm -> jtkkll

Shift 3:
tlvmm -> isjjk

Shift 4:
tlvmm -> hriij

Shift",1,2
tlvmm,skull,5,1,"After trying a few different combinations, I was not able to find a meaningful word by unscrambling the ciphertext ""tlvmm"". Let's try decrypting it using a Caesar cipher with different shifts:

Shift 1:
tlvmm -> skull

Shift 2:
tlvmm -> jtkkll

Shift 3:
tlvmm -> isjjk

Shift 4:
tlvmm -> hriij

Shift 5:
tlvmm -> gqhhi

Based on the results from trying different shifts with a Caesar cipher, it appears that the plaintext message for the ciphertext ""tlvmm"" is not immediately clear. It's possible that this may be a different type of cipher or encryption method. Let me know if you would like me to try any other approaches.",1,6,"After trying a few different combinations, I was not able to find a meaningful word by unscrambling the ciphertext ""tlvmm"". Let's try decrypting it using a Caesar cipher with different shifts:

Shift 1:
tlvmm -> skull

Shift 2:
tlvmm -> jtkkll

Shift 3:
tlvmm -> isjjk

Shift 4:
tlvmm -> hriij

Shift 5:
tlvmm -> gqhhi

Based on the results from tryi",1,2
tlvmm,skull,5,1,"After trying a few different combinations, I was not able to find a meaningful word by unscrambling the ciphertext ""tlvmm"". Let's try decrypting it using a Caesar cipher with different shifts:

Shift 1:
tlvmm -> skull

Shift 2:
tlvmm -> jtkkll

Shift 3:
tlvmm -> isjjk

Shift 4:
tlvmm -> hriij

Shift 5:
tlvmm -> gqhhi

Based on the results from trying different shifts with a Caesar cipher, it appears that the plaintext message for the ciphertext ""tlvmm"" is not immediately clear. It's possible that this may be a different type of cipher or encryption method. Let me know if you would like me to try any other approaches.",1,7,"After trying a few different combinations, I was not able to find a meaningful word by unscrambling the ciphertext ""tlvmm"". Let's try decrypting it using a Caesar cipher with different shifts:

Shift 1:
tlvmm -> skull

Shift 2:
tlvmm -> jtkkll

Shift 3:
tlvmm -> isjjk

Shift 4:
tlvmm -> hriij

Shift 5:
tlvmm -> gqhhi

Based on the results from trying different shifts with a Caesar cipher, it appea",1,2
tlvmm,skull,5,1,"After trying a few different combinations, I was not able to find a meaningful word by unscrambling the ciphertext ""tlvmm"". Let's try decrypting it using a Caesar cipher with different shifts:

Shift 1:
tlvmm -> skull

Shift 2:
tlvmm -> jtkkll

Shift 3:
tlvmm -> isjjk

Shift 4:
tlvmm -> hriij

Shift 5:
tlvmm -> gqhhi

Based on the results from trying different shifts with a Caesar cipher, it appears that the plaintext message for the ciphertext ""tlvmm"" is not immediately clear. It's possible that this may be a different type of cipher or encryption method. Let me know if you would like me to try any other approaches.",1,8,"After trying a few different combinations, I was not able to find a meaningful word by unscrambling the ciphertext ""tlvmm"". Let's try decrypting it using a Caesar cipher with different shifts:

Shift 1:
tlvmm -> skull

Shift 2:
tlvmm -> jtkkll

Shift 3:
tlvmm -> isjjk

Shift 4:
tlvmm -> hriij

Shift 5:
tlvmm -> gqhhi

Based on the results from trying different shifts with a Caesar cipher, it appears that the plaintext message for the ciphertext """,1,2
tlvmm,skull,5,1,"After trying a few different combinations, I was not able to find a meaningful word by unscrambling the ciphertext ""tlvmm"". Let's try decrypting it using a Caesar cipher with different shifts:

Shift 1:
tlvmm -> skull

Shift 2:
tlvmm -> jtkkll

Shift 3:
tlvmm -> isjjk

Shift 4:
tlvmm -> hriij

Shift 5:
tlvmm -> gqhhi

Based on the results from trying different shifts with a Caesar cipher, it appears that the plaintext message for the ciphertext ""tlvmm"" is not immediately clear. It's possible that this may be a different type of cipher or encryption method. Let me know if you would like me to try any other approaches.",1,9,"After trying a few different combinations, I was not able to find a meaningful word by unscrambling the ciphertext ""tlvmm"". Let's try decrypting it using a Caesar cipher with different shifts:

Shift 1:
tlvmm -> skull

Shift 2:
tlvmm -> jtkkll

Shift 3:
tlvmm -> isjjk

Shift 4:
tlvmm -> hriij

Shift 5:
tlvmm -> gqhhi

Based on the results from trying different shifts with a Caesar cipher, it appears that the plaintext message for the ciphertext ""tlvmm"" is not immediately clear. It's possible tha",1,2
tlvmm,skull,5,1,"After trying a few different combinations, I was not able to find a meaningful word by unscrambling the ciphertext ""tlvmm"". Let's try decrypting it using a Caesar cipher with different shifts:

Shift 1:
tlvmm -> skull

Shift 2:
tlvmm -> jtkkll

Shift 3:
tlvmm -> isjjk

Shift 4:
tlvmm -> hriij

Shift 5:
tlvmm -> gqhhi

Based on the results from trying different shifts with a Caesar cipher, it appears that the plaintext message for the ciphertext ""tlvmm"" is not immediately clear. It's possible that this may be a different type of cipher or encryption method. Let me know if you would like me to try any other approaches.",1,10,"After trying a few different combinations, I was not able to find a meaningful word by unscrambling the ciphertext ""tlvmm"". Let's try decrypting it using a Caesar cipher with different shifts:

Shift 1:
tlvmm -> skull

Shift 2:
tlvmm -> jtkkll

Shift 3:
tlvmm -> isjjk

Shift 4:
tlvmm -> hriij

Shift 5:
tlvmm -> gqhhi

Based on the results from trying different shifts with a Caesar cipher, it appears that the plaintext message for the ciphertext ""tlvmm"" is not immediately clear. It's possible that this may be a different type of cipher or encryp",1,2
tlvmm,skull,5,1,"After trying a few different combinations, I was not able to find a meaningful word by unscrambling the ciphertext ""tlvmm"". Let's try decrypting it using a Caesar cipher with different shifts:

Shift 1:
tlvmm -> skull

Shift 2:
tlvmm -> jtkkll

Shift 3:
tlvmm -> isjjk

Shift 4:
tlvmm -> hriij

Shift 5:
tlvmm -> gqhhi

Based on the results from trying different shifts with a Caesar cipher, it appears that the plaintext message for the ciphertext ""tlvmm"" is not immediately clear. It's possible that this may be a different type of cipher or encryption method. Let me know if you would like me to try any other approaches.",1,11,"After trying a few different combinations, I was not able to find a meaningful word by unscrambling the ciphertext ""tlvmm"". Let's try decrypting it using a Caesar cipher with different shifts:

Shift 1:
tlvmm -> skull

Shift 2:
tlvmm -> jtkkll

Shift 3:
tlvmm -> isjjk

Shift 4:
tlvmm -> hriij

Shift 5:
tlvmm -> gqhhi

Based on the results from trying different shifts with a Caesar cipher, it appears that the plaintext message for the ciphertext ""tlvmm"" is not immediately clear. It's possible that this may be a different type of cipher or encryption method. Let me know if you would like me to t",1,2
tlvmm,skull,5,1,"After trying a few different combinations, I was not able to find a meaningful word by unscrambling the ciphertext ""tlvmm"". Let's try decrypting it using a Caesar cipher with different shifts:

Shift 1:
tlvmm -> skull

Shift 2:
tlvmm -> jtkkll

Shift 3:
tlvmm -> isjjk

Shift 4:
tlvmm -> hriij

Shift 5:
tlvmm -> gqhhi

Based on the results from trying different shifts with a Caesar cipher, it appears that the plaintext message for the ciphertext ""tlvmm"" is not immediately clear. It's possible that this may be a different type of cipher or encryption method. Let me know if you would like me to try any other approaches.",1,12,"After trying a few different combinations, I was not able to find a meaningful word by unscrambling the ciphertext ""tlvmm"". Let's try decrypting it using a Caesar cipher with different shifts:

Shift 1:
tlvmm -> skull

Shift 2:
tlvmm -> jtkkll

Shift 3:
tlvmm -> isjjk

Shift 4:
tlvmm -> hriij

Shift 5:
tlvmm -> gqhhi

Based on the results from trying different shifts with a Caesar cipher, it appears that the plaintext message for the ciphertext ""tlvmm"" is not immediately clear. It's possible that this may be a different type of cipher or encryption method. Let me know if you would like me to try any other approaches.",1,2
yjkej,which,5,2,"The ciphertext ""yjkej"" unscrambled is ""jekyj."" This doesn't seem to be a meaningful word, so I will try decrypting it using a Caesar cipher with different shift values.

Shift 1:
y -> x
j -> i
k -> j
e -> d
j -> i
Decrypted text: xijdi

Shift 2:
y -> w
j -> h
k -> i
e -> c
j -> h
Decrypted text: which

Shift 3:
y -> v
j -> g
k -> h
e -> b
j -> g
Decrypted text: vghbg

Shift 4:
y -> u
j -> f
k -> g
e -> a
j -> f
Decrypted text: ufgaf

Shift 5:
y -> t
j -> e
k -> f
e -> z
j -> e
Decrypted text: tefez

Based on these decryption attempts, it looks like the original text might have been encrypted using a Caesar cipher with a shift of 2, resulting in the decrypted text ""which.""",1,0,"The ciphertext ""yjkej"" unscrambled is ""jekyj."" Thi",0,1
yjkej,which,5,2,"The ciphertext ""yjkej"" unscrambled is ""jekyj."" This doesn't seem to be a meaningful word, so I will try decrypting it using a Caesar cipher with different shift values.

Shift 1:
y -> x
j -> i
k -> j
e -> d
j -> i
Decrypted text: xijdi

Shift 2:
y -> w
j -> h
k -> i
e -> c
j -> h
Decrypted text: which

Shift 3:
y -> v
j -> g
k -> h
e -> b
j -> g
Decrypted text: vghbg

Shift 4:
y -> u
j -> f
k -> g
e -> a
j -> f
Decrypted text: ufgaf

Shift 5:
y -> t
j -> e
k -> f
e -> z
j -> e
Decrypted text: tefez

Based on these decryption attempts, it looks like the original text might have been encrypted using a Caesar cipher with a shift of 2, resulting in the decrypted text ""which.""",1,1,"The ciphertext ""yjkej"" unscrambled is ""jekyj."" This doesn't seem to be a meaningful word, so I will ",1,1
yjkej,which,5,2,"The ciphertext ""yjkej"" unscrambled is ""jekyj."" This doesn't seem to be a meaningful word, so I will try decrypting it using a Caesar cipher with different shift values.

Shift 1:
y -> x
j -> i
k -> j
e -> d
j -> i
Decrypted text: xijdi

Shift 2:
y -> w
j -> h
k -> i
e -> c
j -> h
Decrypted text: which

Shift 3:
y -> v
j -> g
k -> h
e -> b
j -> g
Decrypted text: vghbg

Shift 4:
y -> u
j -> f
k -> g
e -> a
j -> f
Decrypted text: ufgaf

Shift 5:
y -> t
j -> e
k -> f
e -> z
j -> e
Decrypted text: tefez

Based on these decryption attempts, it looks like the original text might have been encrypted using a Caesar cipher with a shift of 2, resulting in the decrypted text ""which.""",1,2,"The ciphertext ""yjkej"" unscrambled is ""jekyj."" This doesn't seem to be a meaningful word, so I will try decrypting it using a Caesar cipher with diffe",1,1
yjkej,which,5,2,"The ciphertext ""yjkej"" unscrambled is ""jekyj."" This doesn't seem to be a meaningful word, so I will try decrypting it using a Caesar cipher with different shift values.

Shift 1:
y -> x
j -> i
k -> j
e -> d
j -> i
Decrypted text: xijdi

Shift 2:
y -> w
j -> h
k -> i
e -> c
j -> h
Decrypted text: which

Shift 3:
y -> v
j -> g
k -> h
e -> b
j -> g
Decrypted text: vghbg

Shift 4:
y -> u
j -> f
k -> g
e -> a
j -> f
Decrypted text: ufgaf

Shift 5:
y -> t
j -> e
k -> f
e -> z
j -> e
Decrypted text: tefez

Based on these decryption attempts, it looks like the original text might have been encrypted using a Caesar cipher with a shift of 2, resulting in the decrypted text ""which.""",1,3,"The ciphertext ""yjkej"" unscrambled is ""jekyj."" This doesn't seem to be a meaningful word, so I will try decrypting it using a Caesar cipher with different shift values.

Shift 1:
y -> x
j -> i
k -> j
",1,1
yjkej,which,5,2,"The ciphertext ""yjkej"" unscrambled is ""jekyj."" This doesn't seem to be a meaningful word, so I will try decrypting it using a Caesar cipher with different shift values.

Shift 1:
y -> x
j -> i
k -> j
e -> d
j -> i
Decrypted text: xijdi

Shift 2:
y -> w
j -> h
k -> i
e -> c
j -> h
Decrypted text: which

Shift 3:
y -> v
j -> g
k -> h
e -> b
j -> g
Decrypted text: vghbg

Shift 4:
y -> u
j -> f
k -> g
e -> a
j -> f
Decrypted text: ufgaf

Shift 5:
y -> t
j -> e
k -> f
e -> z
j -> e
Decrypted text: tefez

Based on these decryption attempts, it looks like the original text might have been encrypted using a Caesar cipher with a shift of 2, resulting in the decrypted text ""which.""",1,4,"The ciphertext ""yjkej"" unscrambled is ""jekyj."" This doesn't seem to be a meaningful word, so I will try decrypting it using a Caesar cipher with different shift values.

Shift 1:
y -> x
j -> i
k -> j
e -> d
j -> i
Decrypted text: xijdi

Shift 2:
y ->",1,1
yjkej,which,5,2,"The ciphertext ""yjkej"" unscrambled is ""jekyj."" This doesn't seem to be a meaningful word, so I will try decrypting it using a Caesar cipher with different shift values.

Shift 1:
y -> x
j -> i
k -> j
e -> d
j -> i
Decrypted text: xijdi

Shift 2:
y -> w
j -> h
k -> i
e -> c
j -> h
Decrypted text: which

Shift 3:
y -> v
j -> g
k -> h
e -> b
j -> g
Decrypted text: vghbg

Shift 4:
y -> u
j -> f
k -> g
e -> a
j -> f
Decrypted text: ufgaf

Shift 5:
y -> t
j -> e
k -> f
e -> z
j -> e
Decrypted text: tefez

Based on these decryption attempts, it looks like the original text might have been encrypted using a Caesar cipher with a shift of 2, resulting in the decrypted text ""which.""",1,5,"The ciphertext ""yjkej"" unscrambled is ""jekyj."" This doesn't seem to be a meaningful word, so I will try decrypting it using a Caesar cipher with different shift values.

Shift 1:
y -> x
j -> i
k -> j
e -> d
j -> i
Decrypted text: xijdi

Shift 2:
y -> w
j -> h
k -> i
e -> c
j -> h
Decrypted text: whi",1,1
yjkej,which,5,2,"The ciphertext ""yjkej"" unscrambled is ""jekyj."" This doesn't seem to be a meaningful word, so I will try decrypting it using a Caesar cipher with different shift values.

Shift 1:
y -> x
j -> i
k -> j
e -> d
j -> i
Decrypted text: xijdi

Shift 2:
y -> w
j -> h
k -> i
e -> c
j -> h
Decrypted text: which

Shift 3:
y -> v
j -> g
k -> h
e -> b
j -> g
Decrypted text: vghbg

Shift 4:
y -> u
j -> f
k -> g
e -> a
j -> f
Decrypted text: ufgaf

Shift 5:
y -> t
j -> e
k -> f
e -> z
j -> e
Decrypted text: tefez

Based on these decryption attempts, it looks like the original text might have been encrypted using a Caesar cipher with a shift of 2, resulting in the decrypted text ""which.""",1,6,"The ciphertext ""yjkej"" unscrambled is ""jekyj."" This doesn't seem to be a meaningful word, so I will try decrypting it using a Caesar cipher with different shift values.

Shift 1:
y -> x
j -> i
k -> j
e -> d
j -> i
Decrypted text: xijdi

Shift 2:
y -> w
j -> h
k -> i
e -> c
j -> h
Decrypted text: which

Shift 3:
y -> v
j -> g
k -> h
e -> b
j -> g
De",1,1
yjkej,which,5,2,"The ciphertext ""yjkej"" unscrambled is ""jekyj."" This doesn't seem to be a meaningful word, so I will try decrypting it using a Caesar cipher with different shift values.

Shift 1:
y -> x
j -> i
k -> j
e -> d
j -> i
Decrypted text: xijdi

Shift 2:
y -> w
j -> h
k -> i
e -> c
j -> h
Decrypted text: which

Shift 3:
y -> v
j -> g
k -> h
e -> b
j -> g
Decrypted text: vghbg

Shift 4:
y -> u
j -> f
k -> g
e -> a
j -> f
Decrypted text: ufgaf

Shift 5:
y -> t
j -> e
k -> f
e -> z
j -> e
Decrypted text: tefez

Based on these decryption attempts, it looks like the original text might have been encrypted using a Caesar cipher with a shift of 2, resulting in the decrypted text ""which.""",1,7,"The ciphertext ""yjkej"" unscrambled is ""jekyj."" This doesn't seem to be a meaningful word, so I will try decrypting it using a Caesar cipher with different shift values.

Shift 1:
y -> x
j -> i
k -> j
e -> d
j -> i
Decrypted text: xijdi

Shift 2:
y -> w
j -> h
k -> i
e -> c
j -> h
Decrypted text: which

Shift 3:
y -> v
j -> g
k -> h
e -> b
j -> g
Decrypted text: vghbg

Shift 4:
y -> u
j -> f
k -> g",1,1
yjkej,which,5,2,"The ciphertext ""yjkej"" unscrambled is ""jekyj."" This doesn't seem to be a meaningful word, so I will try decrypting it using a Caesar cipher with different shift values.

Shift 1:
y -> x
j -> i
k -> j
e -> d
j -> i
Decrypted text: xijdi

Shift 2:
y -> w
j -> h
k -> i
e -> c
j -> h
Decrypted text: which

Shift 3:
y -> v
j -> g
k -> h
e -> b
j -> g
Decrypted text: vghbg

Shift 4:
y -> u
j -> f
k -> g
e -> a
j -> f
Decrypted text: ufgaf

Shift 5:
y -> t
j -> e
k -> f
e -> z
j -> e
Decrypted text: tefez

Based on these decryption attempts, it looks like the original text might have been encrypted using a Caesar cipher with a shift of 2, resulting in the decrypted text ""which.""",1,8,"The ciphertext ""yjkej"" unscrambled is ""jekyj."" This doesn't seem to be a meaningful word, so I will try decrypting it using a Caesar cipher with different shift values.

Shift 1:
y -> x
j -> i
k -> j
e -> d
j -> i
Decrypted text: xijdi

Shift 2:
y -> w
j -> h
k -> i
e -> c
j -> h
Decrypted text: which

Shift 3:
y -> v
j -> g
k -> h
e -> b
j -> g
Decrypted text: vghbg

Shift 4:
y -> u
j -> f
k -> g
e -> a
j -> f
Decrypted text: ufgaf

Shift 5:
y -",1,1
yjkej,which,5,2,"The ciphertext ""yjkej"" unscrambled is ""jekyj."" This doesn't seem to be a meaningful word, so I will try decrypting it using a Caesar cipher with different shift values.

Shift 1:
y -> x
j -> i
k -> j
e -> d
j -> i
Decrypted text: xijdi

Shift 2:
y -> w
j -> h
k -> i
e -> c
j -> h
Decrypted text: which

Shift 3:
y -> v
j -> g
k -> h
e -> b
j -> g
Decrypted text: vghbg

Shift 4:
y -> u
j -> f
k -> g
e -> a
j -> f
Decrypted text: ufgaf

Shift 5:
y -> t
j -> e
k -> f
e -> z
j -> e
Decrypted text: tefez

Based on these decryption attempts, it looks like the original text might have been encrypted using a Caesar cipher with a shift of 2, resulting in the decrypted text ""which.""",1,9,"The ciphertext ""yjkej"" unscrambled is ""jekyj."" This doesn't seem to be a meaningful word, so I will try decrypting it using a Caesar cipher with different shift values.

Shift 1:
y -> x
j -> i
k -> j
e -> d
j -> i
Decrypted text: xijdi

Shift 2:
y -> w
j -> h
k -> i
e -> c
j -> h
Decrypted text: which

Shift 3:
y -> v
j -> g
k -> h
e -> b
j -> g
Decrypted text: vghbg

Shift 4:
y -> u
j -> f
k -> g
e -> a
j -> f
Decrypted text: ufgaf

Shift 5:
y -> t
j -> e
k -> f
e -> z
j -> e
Decrypted text: te",1,1
yjkej,which,5,2,"The ciphertext ""yjkej"" unscrambled is ""jekyj."" This doesn't seem to be a meaningful word, so I will try decrypting it using a Caesar cipher with different shift values.

Shift 1:
y -> x
j -> i
k -> j
e -> d
j -> i
Decrypted text: xijdi

Shift 2:
y -> w
j -> h
k -> i
e -> c
j -> h
Decrypted text: which

Shift 3:
y -> v
j -> g
k -> h
e -> b
j -> g
Decrypted text: vghbg

Shift 4:
y -> u
j -> f
k -> g
e -> a
j -> f
Decrypted text: ufgaf

Shift 5:
y -> t
j -> e
k -> f
e -> z
j -> e
Decrypted text: tefez

Based on these decryption attempts, it looks like the original text might have been encrypted using a Caesar cipher with a shift of 2, resulting in the decrypted text ""which.""",1,10,"The ciphertext ""yjkej"" unscrambled is ""jekyj."" This doesn't seem to be a meaningful word, so I will try decrypting it using a Caesar cipher with different shift values.

Shift 1:
y -> x
j -> i
k -> j
e -> d
j -> i
Decrypted text: xijdi

Shift 2:
y -> w
j -> h
k -> i
e -> c
j -> h
Decrypted text: which

Shift 3:
y -> v
j -> g
k -> h
e -> b
j -> g
Decrypted text: vghbg

Shift 4:
y -> u
j -> f
k -> g
e -> a
j -> f
Decrypted text: ufgaf

Shift 5:
y -> t
j -> e
k -> f
e -> z
j -> e
Decrypted text: tefez

Based on these decryption attempts, it looks ",1,1
yjkej,which,5,2,"The ciphertext ""yjkej"" unscrambled is ""jekyj."" This doesn't seem to be a meaningful word, so I will try decrypting it using a Caesar cipher with different shift values.

Shift 1:
y -> x
j -> i
k -> j
e -> d
j -> i
Decrypted text: xijdi

Shift 2:
y -> w
j -> h
k -> i
e -> c
j -> h
Decrypted text: which

Shift 3:
y -> v
j -> g
k -> h
e -> b
j -> g
Decrypted text: vghbg

Shift 4:
y -> u
j -> f
k -> g
e -> a
j -> f
Decrypted text: ufgaf

Shift 5:
y -> t
j -> e
k -> f
e -> z
j -> e
Decrypted text: tefez

Based on these decryption attempts, it looks like the original text might have been encrypted using a Caesar cipher with a shift of 2, resulting in the decrypted text ""which.""",1,11,"The ciphertext ""yjkej"" unscrambled is ""jekyj."" This doesn't seem to be a meaningful word, so I will try decrypting it using a Caesar cipher with different shift values.

Shift 1:
y -> x
j -> i
k -> j
e -> d
j -> i
Decrypted text: xijdi

Shift 2:
y -> w
j -> h
k -> i
e -> c
j -> h
Decrypted text: which

Shift 3:
y -> v
j -> g
k -> h
e -> b
j -> g
Decrypted text: vghbg

Shift 4:
y -> u
j -> f
k -> g
e -> a
j -> f
Decrypted text: ufgaf

Shift 5:
y -> t
j -> e
k -> f
e -> z
j -> e
Decrypted text: tefez

Based on these decryption attempts, it looks like the original text might have been encrypted u",1,1
yjkej,which,5,2,"The ciphertext ""yjkej"" unscrambled is ""jekyj."" This doesn't seem to be a meaningful word, so I will try decrypting it using a Caesar cipher with different shift values.

Shift 1:
y -> x
j -> i
k -> j
e -> d
j -> i
Decrypted text: xijdi

Shift 2:
y -> w
j -> h
k -> i
e -> c
j -> h
Decrypted text: which

Shift 3:
y -> v
j -> g
k -> h
e -> b
j -> g
Decrypted text: vghbg

Shift 4:
y -> u
j -> f
k -> g
e -> a
j -> f
Decrypted text: ufgaf

Shift 5:
y -> t
j -> e
k -> f
e -> z
j -> e
Decrypted text: tefez

Based on these decryption attempts, it looks like the original text might have been encrypted using a Caesar cipher with a shift of 2, resulting in the decrypted text ""which.""",1,12,"The ciphertext ""yjkej"" unscrambled is ""jekyj."" This doesn't seem to be a meaningful word, so I will try decrypting it using a Caesar cipher with different shift values.

Shift 1:
y -> x
j -> i
k -> j
e -> d
j -> i
Decrypted text: xijdi

Shift 2:
y -> w
j -> h
k -> i
e -> c
j -> h
Decrypted text: which

Shift 3:
y -> v
j -> g
k -> h
e -> b
j -> g
Decrypted text: vghbg

Shift 4:
y -> u
j -> f
k -> g
e -> a
j -> f
Decrypted text: ufgaf

Shift 5:
y -> t
j -> e
k -> f
e -> z
j -> e
Decrypted text: tefez

Based on these decryption attempts, it looks like the original text might have been encrypted using a Caesar cipher with a shift of 2, resulting ",1,1
yjkej,which,5,2,"The ciphertext ""yjkej"" unscrambled is ""jekyj."" This doesn't seem to be a meaningful word, so I will try decrypting it using a Caesar cipher with different shift values.

Shift 1:
y -> x
j -> i
k -> j
e -> d
j -> i
Decrypted text: xijdi

Shift 2:
y -> w
j -> h
k -> i
e -> c
j -> h
Decrypted text: which

Shift 3:
y -> v
j -> g
k -> h
e -> b
j -> g
Decrypted text: vghbg

Shift 4:
y -> u
j -> f
k -> g
e -> a
j -> f
Decrypted text: ufgaf

Shift 5:
y -> t
j -> e
k -> f
e -> z
j -> e
Decrypted text: tefez

Based on these decryption attempts, it looks like the original text might have been encrypted using a Caesar cipher with a shift of 2, resulting in the decrypted text ""which.""",1,13,"The ciphertext ""yjkej"" unscrambled is ""jekyj."" This doesn't seem to be a meaningful word, so I will try decrypting it using a Caesar cipher with different shift values.

Shift 1:
y -> x
j -> i
k -> j
e -> d
j -> i
Decrypted text: xijdi

Shift 2:
y -> w
j -> h
k -> i
e -> c
j -> h
Decrypted text: which

Shift 3:
y -> v
j -> g
k -> h
e -> b
j -> g
Decrypted text: vghbg

Shift 4:
y -> u
j -> f
k -> g
e -> a
j -> f
Decrypted text: ufgaf

Shift 5:
y -> t
j -> e
k -> f
e -> z
j -> e
Decrypted text: tefez

Based on these decryption attempts, it looks like the original text might have been encrypted using a Caesar cipher with a shift of 2, resulting in the decrypted text ""which.""",1,1
ocadg,maybe,5,2,"After trying to unscramble the letters, I couldn't find a meaningful word. Now, I'll try decrypting the ciphertext using a Caesar cipher with different shifts:

Shift 1: nbzcf
Shift 2: maybe
Shift 3: lxzad
Shift 4: kwycz
Shift 5: jvxyb

Among these different shifts, the word ""maybe"" appears to be a valid word, which indicates that the message was encrypted with a Caesar cipher using a shift of 2. Therefore, the plaintext is ""maybe"".",1,0,"After trying to unscramble the letters, I couldn't",0,1
ocadg,maybe,5,2,"After trying to unscramble the letters, I couldn't find a meaningful word. Now, I'll try decrypting the ciphertext using a Caesar cipher with different shifts:

Shift 1: nbzcf
Shift 2: maybe
Shift 3: lxzad
Shift 4: kwycz
Shift 5: jvxyb

Among these different shifts, the word ""maybe"" appears to be a valid word, which indicates that the message was encrypted with a Caesar cipher using a shift of 2. Therefore, the plaintext is ""maybe"".",1,1,"After trying to unscramble the letters, I couldn't find a meaningful word. Now, I'll try decrypting ",1,1
ocadg,maybe,5,2,"After trying to unscramble the letters, I couldn't find a meaningful word. Now, I'll try decrypting the ciphertext using a Caesar cipher with different shifts:

Shift 1: nbzcf
Shift 2: maybe
Shift 3: lxzad
Shift 4: kwycz
Shift 5: jvxyb

Among these different shifts, the word ""maybe"" appears to be a valid word, which indicates that the message was encrypted with a Caesar cipher using a shift of 2. Therefore, the plaintext is ""maybe"".",1,2,"After trying to unscramble the letters, I couldn't find a meaningful word. Now, I'll try decrypting the ciphertext using a Caesar cipher with differen",1,1
ocadg,maybe,5,2,"After trying to unscramble the letters, I couldn't find a meaningful word. Now, I'll try decrypting the ciphertext using a Caesar cipher with different shifts:

Shift 1: nbzcf
Shift 2: maybe
Shift 3: lxzad
Shift 4: kwycz
Shift 5: jvxyb

Among these different shifts, the word ""maybe"" appears to be a valid word, which indicates that the message was encrypted with a Caesar cipher using a shift of 2. Therefore, the plaintext is ""maybe"".",1,3,"After trying to unscramble the letters, I couldn't find a meaningful word. Now, I'll try decrypting the ciphertext using a Caesar cipher with different shifts:

Shift 1: nbzcf
Shift 2: maybe
Shift 3: ",1,1
ocadg,maybe,5,2,"After trying to unscramble the letters, I couldn't find a meaningful word. Now, I'll try decrypting the ciphertext using a Caesar cipher with different shifts:

Shift 1: nbzcf
Shift 2: maybe
Shift 3: lxzad
Shift 4: kwycz
Shift 5: jvxyb

Among these different shifts, the word ""maybe"" appears to be a valid word, which indicates that the message was encrypted with a Caesar cipher using a shift of 2. Therefore, the plaintext is ""maybe"".",1,4,"After trying to unscramble the letters, I couldn't find a meaningful word. Now, I'll try decrypting the ciphertext using a Caesar cipher with different shifts:

Shift 1: nbzcf
Shift 2: maybe
Shift 3: lxzad
Shift 4: kwycz
Shift 5: jvxyb

Among these d",1,1
ocadg,maybe,5,2,"After trying to unscramble the letters, I couldn't find a meaningful word. Now, I'll try decrypting the ciphertext using a Caesar cipher with different shifts:

Shift 1: nbzcf
Shift 2: maybe
Shift 3: lxzad
Shift 4: kwycz
Shift 5: jvxyb

Among these different shifts, the word ""maybe"" appears to be a valid word, which indicates that the message was encrypted with a Caesar cipher using a shift of 2. Therefore, the plaintext is ""maybe"".",1,5,"After trying to unscramble the letters, I couldn't find a meaningful word. Now, I'll try decrypting the ciphertext using a Caesar cipher with different shifts:

Shift 1: nbzcf
Shift 2: maybe
Shift 3: lxzad
Shift 4: kwycz
Shift 5: jvxyb

Among these different shifts, the word ""maybe"" appears to be a ",1,1
ocadg,maybe,5,2,"After trying to unscramble the letters, I couldn't find a meaningful word. Now, I'll try decrypting the ciphertext using a Caesar cipher with different shifts:

Shift 1: nbzcf
Shift 2: maybe
Shift 3: lxzad
Shift 4: kwycz
Shift 5: jvxyb

Among these different shifts, the word ""maybe"" appears to be a valid word, which indicates that the message was encrypted with a Caesar cipher using a shift of 2. Therefore, the plaintext is ""maybe"".",1,6,"After trying to unscramble the letters, I couldn't find a meaningful word. Now, I'll try decrypting the ciphertext using a Caesar cipher with different shifts:

Shift 1: nbzcf
Shift 2: maybe
Shift 3: lxzad
Shift 4: kwycz
Shift 5: jvxyb

Among these different shifts, the word ""maybe"" appears to be a valid word, which indicates that the message was e",1,1
ocadg,maybe,5,2,"After trying to unscramble the letters, I couldn't find a meaningful word. Now, I'll try decrypting the ciphertext using a Caesar cipher with different shifts:

Shift 1: nbzcf
Shift 2: maybe
Shift 3: lxzad
Shift 4: kwycz
Shift 5: jvxyb

Among these different shifts, the word ""maybe"" appears to be a valid word, which indicates that the message was encrypted with a Caesar cipher using a shift of 2. Therefore, the plaintext is ""maybe"".",1,7,"After trying to unscramble the letters, I couldn't find a meaningful word. Now, I'll try decrypting the ciphertext using a Caesar cipher with different shifts:

Shift 1: nbzcf
Shift 2: maybe
Shift 3: lxzad
Shift 4: kwycz
Shift 5: jvxyb

Among these different shifts, the word ""maybe"" appears to be a valid word, which indicates that the message was encrypted with a Caesar cipher using a shift of 2. ",1,1
ocadg,maybe,5,2,"After trying to unscramble the letters, I couldn't find a meaningful word. Now, I'll try decrypting the ciphertext using a Caesar cipher with different shifts:

Shift 1: nbzcf
Shift 2: maybe
Shift 3: lxzad
Shift 4: kwycz
Shift 5: jvxyb

Among these different shifts, the word ""maybe"" appears to be a valid word, which indicates that the message was encrypted with a Caesar cipher using a shift of 2. Therefore, the plaintext is ""maybe"".",1,8,"After trying to unscramble the letters, I couldn't find a meaningful word. Now, I'll try decrypting the ciphertext using a Caesar cipher with different shifts:

Shift 1: nbzcf
Shift 2: maybe
Shift 3: lxzad
Shift 4: kwycz
Shift 5: jvxyb

Among these different shifts, the word ""maybe"" appears to be a valid word, which indicates that the message was encrypted with a Caesar cipher using a shift of 2. Therefore, the plaintext is ""maybe"".",1,1
wrqqh,tonne,5,3,"After trying to unscramble the ciphertext without success, I will now try decrypting it using a Caesar cipher with different shifts.

Shift 1:
wrqqh -> vqppg

Shift 2:
wrqqh -> upoof

Shift 3:
wrqqh -> tonne

Shift 4:
wrqqh -> snmmd

Shift 5:
wrqqh -> rmllc

None of the potential decryptions yielded a meaningful result, so it's possible that it may not be a simple Caesar cipher. Let me try decrypting it using a different shift.",1,0,After trying to unscramble the ciphertext without ,0,1
wrqqh,tonne,5,3,"After trying to unscramble the ciphertext without success, I will now try decrypting it using a Caesar cipher with different shifts.

Shift 1:
wrqqh -> vqppg

Shift 2:
wrqqh -> upoof

Shift 3:
wrqqh -> tonne

Shift 4:
wrqqh -> snmmd

Shift 5:
wrqqh -> rmllc

None of the potential decryptions yielded a meaningful result, so it's possible that it may not be a simple Caesar cipher. Let me try decrypting it using a different shift.",1,1,"After trying to unscramble the ciphertext without success, I will now try decrypting it using a Caes",1,1
wrqqh,tonne,5,3,"After trying to unscramble the ciphertext without success, I will now try decrypting it using a Caesar cipher with different shifts.

Shift 1:
wrqqh -> vqppg

Shift 2:
wrqqh -> upoof

Shift 3:
wrqqh -> tonne

Shift 4:
wrqqh -> snmmd

Shift 5:
wrqqh -> rmllc

None of the potential decryptions yielded a meaningful result, so it's possible that it may not be a simple Caesar cipher. Let me try decrypting it using a different shift.",1,2,"After trying to unscramble the ciphertext without success, I will now try decrypting it using a Caesar cipher with different shifts.

Shift 1:
wrqqh -",1,1
wrqqh,tonne,5,3,"After trying to unscramble the ciphertext without success, I will now try decrypting it using a Caesar cipher with different shifts.

Shift 1:
wrqqh -> vqppg

Shift 2:
wrqqh -> upoof

Shift 3:
wrqqh -> tonne

Shift 4:
wrqqh -> snmmd

Shift 5:
wrqqh -> rmllc

None of the potential decryptions yielded a meaningful result, so it's possible that it may not be a simple Caesar cipher. Let me try decrypting it using a different shift.",1,3,"After trying to unscramble the ciphertext without success, I will now try decrypting it using a Caesar cipher with different shifts.

Shift 1:
wrqqh -> vqppg

Shift 2:
wrqqh -> upoof

Shift 3:
wrqqh -",1,1
wrqqh,tonne,5,3,"After trying to unscramble the ciphertext without success, I will now try decrypting it using a Caesar cipher with different shifts.

Shift 1:
wrqqh -> vqppg

Shift 2:
wrqqh -> upoof

Shift 3:
wrqqh -> tonne

Shift 4:
wrqqh -> snmmd

Shift 5:
wrqqh -> rmllc

None of the potential decryptions yielded a meaningful result, so it's possible that it may not be a simple Caesar cipher. Let me try decrypting it using a different shift.",1,4,"After trying to unscramble the ciphertext without success, I will now try decrypting it using a Caesar cipher with different shifts.

Shift 1:
wrqqh -> vqppg

Shift 2:
wrqqh -> upoof

Shift 3:
wrqqh -> tonne

Shift 4:
wrqqh -> snmmd

Shift 5:
wrqqh -",1,1
wrqqh,tonne,5,3,"After trying to unscramble the ciphertext without success, I will now try decrypting it using a Caesar cipher with different shifts.

Shift 1:
wrqqh -> vqppg

Shift 2:
wrqqh -> upoof

Shift 3:
wrqqh -> tonne

Shift 4:
wrqqh -> snmmd

Shift 5:
wrqqh -> rmllc

None of the potential decryptions yielded a meaningful result, so it's possible that it may not be a simple Caesar cipher. Let me try decrypting it using a different shift.",1,5,"After trying to unscramble the ciphertext without success, I will now try decrypting it using a Caesar cipher with different shifts.

Shift 1:
wrqqh -> vqppg

Shift 2:
wrqqh -> upoof

Shift 3:
wrqqh -> tonne

Shift 4:
wrqqh -> snmmd

Shift 5:
wrqqh -> rmllc

None of the potential decryptions yielded",1,1
wrqqh,tonne,5,3,"After trying to unscramble the ciphertext without success, I will now try decrypting it using a Caesar cipher with different shifts.

Shift 1:
wrqqh -> vqppg

Shift 2:
wrqqh -> upoof

Shift 3:
wrqqh -> tonne

Shift 4:
wrqqh -> snmmd

Shift 5:
wrqqh -> rmllc

None of the potential decryptions yielded a meaningful result, so it's possible that it may not be a simple Caesar cipher. Let me try decrypting it using a different shift.",1,6,"After trying to unscramble the ciphertext without success, I will now try decrypting it using a Caesar cipher with different shifts.

Shift 1:
wrqqh -> vqppg

Shift 2:
wrqqh -> upoof

Shift 3:
wrqqh -> tonne

Shift 4:
wrqqh -> snmmd

Shift 5:
wrqqh -> rmllc

None of the potential decryptions yielded a meaningful result, so it's possible that it may",1,1
wrqqh,tonne,5,3,"After trying to unscramble the ciphertext without success, I will now try decrypting it using a Caesar cipher with different shifts.

Shift 1:
wrqqh -> vqppg

Shift 2:
wrqqh -> upoof

Shift 3:
wrqqh -> tonne

Shift 4:
wrqqh -> snmmd

Shift 5:
wrqqh -> rmllc

None of the potential decryptions yielded a meaningful result, so it's possible that it may not be a simple Caesar cipher. Let me try decrypting it using a different shift.",1,7,"After trying to unscramble the ciphertext without success, I will now try decrypting it using a Caesar cipher with different shifts.

Shift 1:
wrqqh -> vqppg

Shift 2:
wrqqh -> upoof

Shift 3:
wrqqh -> tonne

Shift 4:
wrqqh -> snmmd

Shift 5:
wrqqh -> rmllc

None of the potential decryptions yielded a meaningful result, so it's possible that it may not be a simple Caesar cipher. Let me try decrypt",1,1
wrqqh,tonne,5,3,"After trying to unscramble the ciphertext without success, I will now try decrypting it using a Caesar cipher with different shifts.

Shift 1:
wrqqh -> vqppg

Shift 2:
wrqqh -> upoof

Shift 3:
wrqqh -> tonne

Shift 4:
wrqqh -> snmmd

Shift 5:
wrqqh -> rmllc

None of the potential decryptions yielded a meaningful result, so it's possible that it may not be a simple Caesar cipher. Let me try decrypting it using a different shift.",1,8,"After trying to unscramble the ciphertext without success, I will now try decrypting it using a Caesar cipher with different shifts.

Shift 1:
wrqqh -> vqppg

Shift 2:
wrqqh -> upoof

Shift 3:
wrqqh -> tonne

Shift 4:
wrqqh -> snmmd

Shift 5:
wrqqh -> rmllc

None of the potential decryptions yielded a meaningful result, so it's possible that it may not be a simple Caesar cipher. Let me try decrypting it using a different shift.",1,1
ihduv,fears,5,3,"By unscrambling the letters, it seems the word could be ""divuh"". However, this does not make sense. Let me try decrypting it as a Caesar cipher with different shifts.

Shift 1: hgcut
Shift 2: gfbut
Shift 3: feats
Shift 4: edzsr
Shift 5: dcyrq

None of these attempts seem to result in a meaningful word. Let me try one more shift.

Shift 6: cbxqp

The shift of 6 letters gives a possible meaningful word ""cbxqp"". It seems ""cbxqp"" could be a possible decoded message from a Caesar cipher.",0,0,"By unscrambling the letters, it seems the word cou",0,2
ihduv,fears,5,3,"By unscrambling the letters, it seems the word could be ""divuh"". However, this does not make sense. Let me try decrypting it as a Caesar cipher with different shifts.

Shift 1: hgcut
Shift 2: gfbut
Shift 3: feats
Shift 4: edzsr
Shift 5: dcyrq

None of these attempts seem to result in a meaningful word. Let me try one more shift.

Shift 6: cbxqp

The shift of 6 letters gives a possible meaningful word ""cbxqp"". It seems ""cbxqp"" could be a possible decoded message from a Caesar cipher.",0,1,"By unscrambling the letters, it seems the word could be ""divuh"". However, this does not make sense. ",0,2
ihduv,fears,5,3,"By unscrambling the letters, it seems the word could be ""divuh"". However, this does not make sense. Let me try decrypting it as a Caesar cipher with different shifts.

Shift 1: hgcut
Shift 2: gfbut
Shift 3: feats
Shift 4: edzsr
Shift 5: dcyrq

None of these attempts seem to result in a meaningful word. Let me try one more shift.

Shift 6: cbxqp

The shift of 6 letters gives a possible meaningful word ""cbxqp"". It seems ""cbxqp"" could be a possible decoded message from a Caesar cipher.",0,2,"By unscrambling the letters, it seems the word could be ""divuh"". However, this does not make sense. Let me try decrypting it as a Caesar cipher with d",1,2
ihduv,fears,5,3,"By unscrambling the letters, it seems the word could be ""divuh"". However, this does not make sense. Let me try decrypting it as a Caesar cipher with different shifts.

Shift 1: hgcut
Shift 2: gfbut
Shift 3: feats
Shift 4: edzsr
Shift 5: dcyrq

None of these attempts seem to result in a meaningful word. Let me try one more shift.

Shift 6: cbxqp

The shift of 6 letters gives a possible meaningful word ""cbxqp"". It seems ""cbxqp"" could be a possible decoded message from a Caesar cipher.",0,3,"By unscrambling the letters, it seems the word could be ""divuh"". However, this does not make sense. Let me try decrypting it as a Caesar cipher with different shifts.

Shift 1: hgcut
Shift 2: gfbut
Sh",1,2
ihduv,fears,5,3,"By unscrambling the letters, it seems the word could be ""divuh"". However, this does not make sense. Let me try decrypting it as a Caesar cipher with different shifts.

Shift 1: hgcut
Shift 2: gfbut
Shift 3: feats
Shift 4: edzsr
Shift 5: dcyrq

None of these attempts seem to result in a meaningful word. Let me try one more shift.

Shift 6: cbxqp

The shift of 6 letters gives a possible meaningful word ""cbxqp"". It seems ""cbxqp"" could be a possible decoded message from a Caesar cipher.",0,4,"By unscrambling the letters, it seems the word could be ""divuh"". However, this does not make sense. Let me try decrypting it as a Caesar cipher with different shifts.

Shift 1: hgcut
Shift 2: gfbut
Shift 3: feats
Shift 4: edzsr
Shift 5: dcyrq

None o",1,2
ihduv,fears,5,3,"By unscrambling the letters, it seems the word could be ""divuh"". However, this does not make sense. Let me try decrypting it as a Caesar cipher with different shifts.

Shift 1: hgcut
Shift 2: gfbut
Shift 3: feats
Shift 4: edzsr
Shift 5: dcyrq

None of these attempts seem to result in a meaningful word. Let me try one more shift.

Shift 6: cbxqp

The shift of 6 letters gives a possible meaningful word ""cbxqp"". It seems ""cbxqp"" could be a possible decoded message from a Caesar cipher.",0,5,"By unscrambling the letters, it seems the word could be ""divuh"". However, this does not make sense. Let me try decrypting it as a Caesar cipher with different shifts.

Shift 1: hgcut
Shift 2: gfbut
Shift 3: feats
Shift 4: edzsr
Shift 5: dcyrq

None of these attempts seem to result in a meaningful wo",1,2
ihduv,fears,5,3,"By unscrambling the letters, it seems the word could be ""divuh"". However, this does not make sense. Let me try decrypting it as a Caesar cipher with different shifts.

Shift 1: hgcut
Shift 2: gfbut
Shift 3: feats
Shift 4: edzsr
Shift 5: dcyrq

None of these attempts seem to result in a meaningful word. Let me try one more shift.

Shift 6: cbxqp

The shift of 6 letters gives a possible meaningful word ""cbxqp"". It seems ""cbxqp"" could be a possible decoded message from a Caesar cipher.",0,6,"By unscrambling the letters, it seems the word could be ""divuh"". However, this does not make sense. Let me try decrypting it as a Caesar cipher with different shifts.

Shift 1: hgcut
Shift 2: gfbut
Shift 3: feats
Shift 4: edzsr
Shift 5: dcyrq

None of these attempts seem to result in a meaningful word. Let me try one more shift.

Shift 6: cbxqp

Th",1,2
ihduv,fears,5,3,"By unscrambling the letters, it seems the word could be ""divuh"". However, this does not make sense. Let me try decrypting it as a Caesar cipher with different shifts.

Shift 1: hgcut
Shift 2: gfbut
Shift 3: feats
Shift 4: edzsr
Shift 5: dcyrq

None of these attempts seem to result in a meaningful word. Let me try one more shift.

Shift 6: cbxqp

The shift of 6 letters gives a possible meaningful word ""cbxqp"". It seems ""cbxqp"" could be a possible decoded message from a Caesar cipher.",0,7,"By unscrambling the letters, it seems the word could be ""divuh"". However, this does not make sense. Let me try decrypting it as a Caesar cipher with different shifts.

Shift 1: hgcut
Shift 2: gfbut
Shift 3: feats
Shift 4: edzsr
Shift 5: dcyrq

None of these attempts seem to result in a meaningful word. Let me try one more shift.

Shift 6: cbxqp

The shift of 6 letters gives a possible meaningful w",1,2
ihduv,fears,5,3,"By unscrambling the letters, it seems the word could be ""divuh"". However, this does not make sense. Let me try decrypting it as a Caesar cipher with different shifts.

Shift 1: hgcut
Shift 2: gfbut
Shift 3: feats
Shift 4: edzsr
Shift 5: dcyrq

None of these attempts seem to result in a meaningful word. Let me try one more shift.

Shift 6: cbxqp

The shift of 6 letters gives a possible meaningful word ""cbxqp"". It seems ""cbxqp"" could be a possible decoded message from a Caesar cipher.",0,8,"By unscrambling the letters, it seems the word could be ""divuh"". However, this does not make sense. Let me try decrypting it as a Caesar cipher with different shifts.

Shift 1: hgcut
Shift 2: gfbut
Shift 3: feats
Shift 4: edzsr
Shift 5: dcyrq

None of these attempts seem to result in a meaningful word. Let me try one more shift.

Shift 6: cbxqp

The shift of 6 letters gives a possible meaningful word ""cbxqp"". It seems ""cbxqp"" could be a possible ",1,2
ihduv,fears,5,3,"By unscrambling the letters, it seems the word could be ""divuh"". However, this does not make sense. Let me try decrypting it as a Caesar cipher with different shifts.

Shift 1: hgcut
Shift 2: gfbut
Shift 3: feats
Shift 4: edzsr
Shift 5: dcyrq

None of these attempts seem to result in a meaningful word. Let me try one more shift.

Shift 6: cbxqp

The shift of 6 letters gives a possible meaningful word ""cbxqp"". It seems ""cbxqp"" could be a possible decoded message from a Caesar cipher.",0,9,"By unscrambling the letters, it seems the word could be ""divuh"". However, this does not make sense. Let me try decrypting it as a Caesar cipher with different shifts.

Shift 1: hgcut
Shift 2: gfbut
Shift 3: feats
Shift 4: edzsr
Shift 5: dcyrq

None of these attempts seem to result in a meaningful word. Let me try one more shift.

Shift 6: cbxqp

The shift of 6 letters gives a possible meaningful word ""cbxqp"". It seems ""cbxqp"" could be a possible decoded message from a Caesar cipher.",1,2
yvmri,urine,5,4,"After trying to unscramble the ciphertext, I couldn't find a meaningful word. Let me try decrypting it using the Caesar cipher with different shift values:

Shift 1:
yvmri -> xulqh

Shift 2:
yvmri -> wtkpg

Shift 3:
yvmri -> vsjof

Shift 4:
yvmri -> urine

Shift 5:
yvmri -> tqhmd

None of these decrypted words seem to be meaningful. Let me keep trying with different shift values.",1,0,"After trying to unscramble the ciphertext, I could",0,1
yvmri,urine,5,4,"After trying to unscramble the ciphertext, I couldn't find a meaningful word. Let me try decrypting it using the Caesar cipher with different shift values:

Shift 1:
yvmri -> xulqh

Shift 2:
yvmri -> wtkpg

Shift 3:
yvmri -> vsjof

Shift 4:
yvmri -> urine

Shift 5:
yvmri -> tqhmd

None of these decrypted words seem to be meaningful. Let me keep trying with different shift values.",1,1,"After trying to unscramble the ciphertext, I couldn't find a meaningful word. Let me try decrypting ",1,1
yvmri,urine,5,4,"After trying to unscramble the ciphertext, I couldn't find a meaningful word. Let me try decrypting it using the Caesar cipher with different shift values:

Shift 1:
yvmri -> xulqh

Shift 2:
yvmri -> wtkpg

Shift 3:
yvmri -> vsjof

Shift 4:
yvmri -> urine

Shift 5:
yvmri -> tqhmd

None of these decrypted words seem to be meaningful. Let me keep trying with different shift values.",1,2,"After trying to unscramble the ciphertext, I couldn't find a meaningful word. Let me try decrypting it using the Caesar cipher with different shift va",1,1
yvmri,urine,5,4,"After trying to unscramble the ciphertext, I couldn't find a meaningful word. Let me try decrypting it using the Caesar cipher with different shift values:

Shift 1:
yvmri -> xulqh

Shift 2:
yvmri -> wtkpg

Shift 3:
yvmri -> vsjof

Shift 4:
yvmri -> urine

Shift 5:
yvmri -> tqhmd

None of these decrypted words seem to be meaningful. Let me keep trying with different shift values.",1,3,"After trying to unscramble the ciphertext, I couldn't find a meaningful word. Let me try decrypting it using the Caesar cipher with different shift values:

Shift 1:
yvmri -> xulqh

Shift 2:
yvmri -> ",1,1
yvmri,urine,5,4,"After trying to unscramble the ciphertext, I couldn't find a meaningful word. Let me try decrypting it using the Caesar cipher with different shift values:

Shift 1:
yvmri -> xulqh

Shift 2:
yvmri -> wtkpg

Shift 3:
yvmri -> vsjof

Shift 4:
yvmri -> urine

Shift 5:
yvmri -> tqhmd

None of these decrypted words seem to be meaningful. Let me keep trying with different shift values.",1,4,"After trying to unscramble the ciphertext, I couldn't find a meaningful word. Let me try decrypting it using the Caesar cipher with different shift values:

Shift 1:
yvmri -> xulqh

Shift 2:
yvmri -> wtkpg

Shift 3:
yvmri -> vsjof

Shift 4:
yvmri -> ",1,1
yvmri,urine,5,4,"After trying to unscramble the ciphertext, I couldn't find a meaningful word. Let me try decrypting it using the Caesar cipher with different shift values:

Shift 1:
yvmri -> xulqh

Shift 2:
yvmri -> wtkpg

Shift 3:
yvmri -> vsjof

Shift 4:
yvmri -> urine

Shift 5:
yvmri -> tqhmd

None of these decrypted words seem to be meaningful. Let me keep trying with different shift values.",1,5,"After trying to unscramble the ciphertext, I couldn't find a meaningful word. Let me try decrypting it using the Caesar cipher with different shift values:

Shift 1:
yvmri -> xulqh

Shift 2:
yvmri -> wtkpg

Shift 3:
yvmri -> vsjof

Shift 4:
yvmri -> urine

Shift 5:
yvmri -> tqhmd

None of these decr",1,1
yvmri,urine,5,4,"After trying to unscramble the ciphertext, I couldn't find a meaningful word. Let me try decrypting it using the Caesar cipher with different shift values:

Shift 1:
yvmri -> xulqh

Shift 2:
yvmri -> wtkpg

Shift 3:
yvmri -> vsjof

Shift 4:
yvmri -> urine

Shift 5:
yvmri -> tqhmd

None of these decrypted words seem to be meaningful. Let me keep trying with different shift values.",1,6,"After trying to unscramble the ciphertext, I couldn't find a meaningful word. Let me try decrypting it using the Caesar cipher with different shift values:

Shift 1:
yvmri -> xulqh

Shift 2:
yvmri -> wtkpg

Shift 3:
yvmri -> vsjof

Shift 4:
yvmri -> urine

Shift 5:
yvmri -> tqhmd

None of these decrypted words seem to be meaningful. Let me keep try",1,1
yvmri,urine,5,4,"After trying to unscramble the ciphertext, I couldn't find a meaningful word. Let me try decrypting it using the Caesar cipher with different shift values:

Shift 1:
yvmri -> xulqh

Shift 2:
yvmri -> wtkpg

Shift 3:
yvmri -> vsjof

Shift 4:
yvmri -> urine

Shift 5:
yvmri -> tqhmd

None of these decrypted words seem to be meaningful. Let me keep trying with different shift values.",1,7,"After trying to unscramble the ciphertext, I couldn't find a meaningful word. Let me try decrypting it using the Caesar cipher with different shift values:

Shift 1:
yvmri -> xulqh

Shift 2:
yvmri -> wtkpg

Shift 3:
yvmri -> vsjof

Shift 4:
yvmri -> urine

Shift 5:
yvmri -> tqhmd

None of these decrypted words seem to be meaningful. Let me keep trying with different shift values.",1,1
ibegx,exact,5,4,"After attempting to unscramble the ciphertext ""ibegx"", I couldn't find a meaningful word. Let's try decrypting it as a Caesar cipher with different shift values:

Shift 1: hafdW
Shift 2: gzecV
Shift 3: fydbU
Shift 4: excaT
Shift 5: dwbzS

After trying different shift values, it doesn't seem like the ciphertext is decrypting into a meaningful word. Let's try a few more shifts:

Shift 6: cvayR
Shift 7: buzxQ
Shift 8: atywP
Shift 9: zsxvO
Shift 10: yrwuN

It looks like none of the shifts are decrypting the ciphertext ""ibegx"" into a meaningful word. Let me know if you would like me to try another method.",0,0,"After attempting to unscramble the ciphertext ""ibe",0,1
ibegx,exact,5,4,"After attempting to unscramble the ciphertext ""ibegx"", I couldn't find a meaningful word. Let's try decrypting it as a Caesar cipher with different shift values:

Shift 1: hafdW
Shift 2: gzecV
Shift 3: fydbU
Shift 4: excaT
Shift 5: dwbzS

After trying different shift values, it doesn't seem like the ciphertext is decrypting into a meaningful word. Let's try a few more shifts:

Shift 6: cvayR
Shift 7: buzxQ
Shift 8: atywP
Shift 9: zsxvO
Shift 10: yrwuN

It looks like none of the shifts are decrypting the ciphertext ""ibegx"" into a meaningful word. Let me know if you would like me to try another method.",0,1,"After attempting to unscramble the ciphertext ""ibegx"", I couldn't find a meaningful word. Let's try ",1,1
ibegx,exact,5,4,"After attempting to unscramble the ciphertext ""ibegx"", I couldn't find a meaningful word. Let's try decrypting it as a Caesar cipher with different shift values:

Shift 1: hafdW
Shift 2: gzecV
Shift 3: fydbU
Shift 4: excaT
Shift 5: dwbzS

After trying different shift values, it doesn't seem like the ciphertext is decrypting into a meaningful word. Let's try a few more shifts:

Shift 6: cvayR
Shift 7: buzxQ
Shift 8: atywP
Shift 9: zsxvO
Shift 10: yrwuN

It looks like none of the shifts are decrypting the ciphertext ""ibegx"" into a meaningful word. Let me know if you would like me to try another method.",0,2,"After attempting to unscramble the ciphertext ""ibegx"", I couldn't find a meaningful word. Let's try decrypting it as a Caesar cipher with different sh",1,1
ibegx,exact,5,4,"After attempting to unscramble the ciphertext ""ibegx"", I couldn't find a meaningful word. Let's try decrypting it as a Caesar cipher with different shift values:

Shift 1: hafdW
Shift 2: gzecV
Shift 3: fydbU
Shift 4: excaT
Shift 5: dwbzS

After trying different shift values, it doesn't seem like the ciphertext is decrypting into a meaningful word. Let's try a few more shifts:

Shift 6: cvayR
Shift 7: buzxQ
Shift 8: atywP
Shift 9: zsxvO
Shift 10: yrwuN

It looks like none of the shifts are decrypting the ciphertext ""ibegx"" into a meaningful word. Let me know if you would like me to try another method.",0,3,"After attempting to unscramble the ciphertext ""ibegx"", I couldn't find a meaningful word. Let's try decrypting it as a Caesar cipher with different shift values:

Shift 1: hafdW
Shift 2: gzecV
Shift 3",1,1
ibegx,exact,5,4,"After attempting to unscramble the ciphertext ""ibegx"", I couldn't find a meaningful word. Let's try decrypting it as a Caesar cipher with different shift values:

Shift 1: hafdW
Shift 2: gzecV
Shift 3: fydbU
Shift 4: excaT
Shift 5: dwbzS

After trying different shift values, it doesn't seem like the ciphertext is decrypting into a meaningful word. Let's try a few more shifts:

Shift 6: cvayR
Shift 7: buzxQ
Shift 8: atywP
Shift 9: zsxvO
Shift 10: yrwuN

It looks like none of the shifts are decrypting the ciphertext ""ibegx"" into a meaningful word. Let me know if you would like me to try another method.",0,4,"After attempting to unscramble the ciphertext ""ibegx"", I couldn't find a meaningful word. Let's try decrypting it as a Caesar cipher with different shift values:

Shift 1: hafdW
Shift 2: gzecV
Shift 3: fydbU
Shift 4: excaT
Shift 5: dwbzS

After tryin",1,1
ibegx,exact,5,4,"After attempting to unscramble the ciphertext ""ibegx"", I couldn't find a meaningful word. Let's try decrypting it as a Caesar cipher with different shift values:

Shift 1: hafdW
Shift 2: gzecV
Shift 3: fydbU
Shift 4: excaT
Shift 5: dwbzS

After trying different shift values, it doesn't seem like the ciphertext is decrypting into a meaningful word. Let's try a few more shifts:

Shift 6: cvayR
Shift 7: buzxQ
Shift 8: atywP
Shift 9: zsxvO
Shift 10: yrwuN

It looks like none of the shifts are decrypting the ciphertext ""ibegx"" into a meaningful word. Let me know if you would like me to try another method.",0,5,"After attempting to unscramble the ciphertext ""ibegx"", I couldn't find a meaningful word. Let's try decrypting it as a Caesar cipher with different shift values:

Shift 1: hafdW
Shift 2: gzecV
Shift 3: fydbU
Shift 4: excaT
Shift 5: dwbzS

After trying different shift values, it doesn't seem like the",1,1
ibegx,exact,5,4,"After attempting to unscramble the ciphertext ""ibegx"", I couldn't find a meaningful word. Let's try decrypting it as a Caesar cipher with different shift values:

Shift 1: hafdW
Shift 2: gzecV
Shift 3: fydbU
Shift 4: excaT
Shift 5: dwbzS

After trying different shift values, it doesn't seem like the ciphertext is decrypting into a meaningful word. Let's try a few more shifts:

Shift 6: cvayR
Shift 7: buzxQ
Shift 8: atywP
Shift 9: zsxvO
Shift 10: yrwuN

It looks like none of the shifts are decrypting the ciphertext ""ibegx"" into a meaningful word. Let me know if you would like me to try another method.",0,6,"After attempting to unscramble the ciphertext ""ibegx"", I couldn't find a meaningful word. Let's try decrypting it as a Caesar cipher with different shift values:

Shift 1: hafdW
Shift 2: gzecV
Shift 3: fydbU
Shift 4: excaT
Shift 5: dwbzS

After trying different shift values, it doesn't seem like the ciphertext is decrypting into a meaningful word. ",1,1
ibegx,exact,5,4,"After attempting to unscramble the ciphertext ""ibegx"", I couldn't find a meaningful word. Let's try decrypting it as a Caesar cipher with different shift values:

Shift 1: hafdW
Shift 2: gzecV
Shift 3: fydbU
Shift 4: excaT
Shift 5: dwbzS

After trying different shift values, it doesn't seem like the ciphertext is decrypting into a meaningful word. Let's try a few more shifts:

Shift 6: cvayR
Shift 7: buzxQ
Shift 8: atywP
Shift 9: zsxvO
Shift 10: yrwuN

It looks like none of the shifts are decrypting the ciphertext ""ibegx"" into a meaningful word. Let me know if you would like me to try another method.",0,7,"After attempting to unscramble the ciphertext ""ibegx"", I couldn't find a meaningful word. Let's try decrypting it as a Caesar cipher with different shift values:

Shift 1: hafdW
Shift 2: gzecV
Shift 3: fydbU
Shift 4: excaT
Shift 5: dwbzS

After trying different shift values, it doesn't seem like the ciphertext is decrypting into a meaningful word. Let's try a few more shifts:

Shift 6: cvayR
Shift",1,1
ibegx,exact,5,4,"After attempting to unscramble the ciphertext ""ibegx"", I couldn't find a meaningful word. Let's try decrypting it as a Caesar cipher with different shift values:

Shift 1: hafdW
Shift 2: gzecV
Shift 3: fydbU
Shift 4: excaT
Shift 5: dwbzS

After trying different shift values, it doesn't seem like the ciphertext is decrypting into a meaningful word. Let's try a few more shifts:

Shift 6: cvayR
Shift 7: buzxQ
Shift 8: atywP
Shift 9: zsxvO
Shift 10: yrwuN

It looks like none of the shifts are decrypting the ciphertext ""ibegx"" into a meaningful word. Let me know if you would like me to try another method.",0,8,"After attempting to unscramble the ciphertext ""ibegx"", I couldn't find a meaningful word. Let's try decrypting it as a Caesar cipher with different shift values:

Shift 1: hafdW
Shift 2: gzecV
Shift 3: fydbU
Shift 4: excaT
Shift 5: dwbzS

After trying different shift values, it doesn't seem like the ciphertext is decrypting into a meaningful word. Let's try a few more shifts:

Shift 6: cvayR
Shift 7: buzxQ
Shift 8: atywP
Shift 9: zsxvO
Shift 10: ",1,1
ibegx,exact,5,4,"After attempting to unscramble the ciphertext ""ibegx"", I couldn't find a meaningful word. Let's try decrypting it as a Caesar cipher with different shift values:

Shift 1: hafdW
Shift 2: gzecV
Shift 3: fydbU
Shift 4: excaT
Shift 5: dwbzS

After trying different shift values, it doesn't seem like the ciphertext is decrypting into a meaningful word. Let's try a few more shifts:

Shift 6: cvayR
Shift 7: buzxQ
Shift 8: atywP
Shift 9: zsxvO
Shift 10: yrwuN

It looks like none of the shifts are decrypting the ciphertext ""ibegx"" into a meaningful word. Let me know if you would like me to try another method.",0,9,"After attempting to unscramble the ciphertext ""ibegx"", I couldn't find a meaningful word. Let's try decrypting it as a Caesar cipher with different shift values:

Shift 1: hafdW
Shift 2: gzecV
Shift 3: fydbU
Shift 4: excaT
Shift 5: dwbzS

After trying different shift values, it doesn't seem like the ciphertext is decrypting into a meaningful word. Let's try a few more shifts:

Shift 6: cvayR
Shift 7: buzxQ
Shift 8: atywP
Shift 9: zsxvO
Shift 10: yrwuN

It looks like none of the shifts are decryp",1,1
ibegx,exact,5,4,"After attempting to unscramble the ciphertext ""ibegx"", I couldn't find a meaningful word. Let's try decrypting it as a Caesar cipher with different shift values:

Shift 1: hafdW
Shift 2: gzecV
Shift 3: fydbU
Shift 4: excaT
Shift 5: dwbzS

After trying different shift values, it doesn't seem like the ciphertext is decrypting into a meaningful word. Let's try a few more shifts:

Shift 6: cvayR
Shift 7: buzxQ
Shift 8: atywP
Shift 9: zsxvO
Shift 10: yrwuN

It looks like none of the shifts are decrypting the ciphertext ""ibegx"" into a meaningful word. Let me know if you would like me to try another method.",0,10,"After attempting to unscramble the ciphertext ""ibegx"", I couldn't find a meaningful word. Let's try decrypting it as a Caesar cipher with different shift values:

Shift 1: hafdW
Shift 2: gzecV
Shift 3: fydbU
Shift 4: excaT
Shift 5: dwbzS

After trying different shift values, it doesn't seem like the ciphertext is decrypting into a meaningful word. Let's try a few more shifts:

Shift 6: cvayR
Shift 7: buzxQ
Shift 8: atywP
Shift 9: zsxvO
Shift 10: yrwuN

It looks like none of the shifts are decrypting the ciphertext ""ibegx"" into a meaningful word",1,1
ibegx,exact,5,4,"After attempting to unscramble the ciphertext ""ibegx"", I couldn't find a meaningful word. Let's try decrypting it as a Caesar cipher with different shift values:

Shift 1: hafdW
Shift 2: gzecV
Shift 3: fydbU
Shift 4: excaT
Shift 5: dwbzS

After trying different shift values, it doesn't seem like the ciphertext is decrypting into a meaningful word. Let's try a few more shifts:

Shift 6: cvayR
Shift 7: buzxQ
Shift 8: atywP
Shift 9: zsxvO
Shift 10: yrwuN

It looks like none of the shifts are decrypting the ciphertext ""ibegx"" into a meaningful word. Let me know if you would like me to try another method.",0,11,"After attempting to unscramble the ciphertext ""ibegx"", I couldn't find a meaningful word. Let's try decrypting it as a Caesar cipher with different shift values:

Shift 1: hafdW
Shift 2: gzecV
Shift 3: fydbU
Shift 4: excaT
Shift 5: dwbzS

After trying different shift values, it doesn't seem like the ciphertext is decrypting into a meaningful word. Let's try a few more shifts:

Shift 6: cvayR
Shift 7: buzxQ
Shift 8: atywP
Shift 9: zsxvO
Shift 10: yrwuN

It looks like none of the shifts are decrypting the ciphertext ""ibegx"" into a meaningful word. Let me know if you would like me to try another ",1,1
ibegx,exact,5,4,"After attempting to unscramble the ciphertext ""ibegx"", I couldn't find a meaningful word. Let's try decrypting it as a Caesar cipher with different shift values:

Shift 1: hafdW
Shift 2: gzecV
Shift 3: fydbU
Shift 4: excaT
Shift 5: dwbzS

After trying different shift values, it doesn't seem like the ciphertext is decrypting into a meaningful word. Let's try a few more shifts:

Shift 6: cvayR
Shift 7: buzxQ
Shift 8: atywP
Shift 9: zsxvO
Shift 10: yrwuN

It looks like none of the shifts are decrypting the ciphertext ""ibegx"" into a meaningful word. Let me know if you would like me to try another method.",0,12,"After attempting to unscramble the ciphertext ""ibegx"", I couldn't find a meaningful word. Let's try decrypting it as a Caesar cipher with different shift values:

Shift 1: hafdW
Shift 2: gzecV
Shift 3: fydbU
Shift 4: excaT
Shift 5: dwbzS

After trying different shift values, it doesn't seem like the ciphertext is decrypting into a meaningful word. Let's try a few more shifts:

Shift 6: cvayR
Shift 7: buzxQ
Shift 8: atywP
Shift 9: zsxvO
Shift 10: yrwuN

It looks like none of the shifts are decrypting the ciphertext ""ibegx"" into a meaningful word. Let me know if you would like me to try another method.",1,1
ktzsi,found,5,5,"After trying to unscramble the letters ""ktzsi"" into a word, I was not able to find a meaningful word. 

Next, I will assume it's a Caesar cipher and try decrypting it using different shifts:

Shift 1: jsyrh
Shift 2: irqxg
Shift 3: hqpwf
Shift 4: gpove
Shift 5: funud

After trying different shifts, I was still not able to decrypt the ciphertext ""ktzsi"" into a meaningful word. It looks like it may not be a simple Caesar cipher.",0,0,"After trying to unscramble the letters ""ktzsi"" int",0,2
ktzsi,found,5,5,"After trying to unscramble the letters ""ktzsi"" into a word, I was not able to find a meaningful word. 

Next, I will assume it's a Caesar cipher and try decrypting it using different shifts:

Shift 1: jsyrh
Shift 2: irqxg
Shift 3: hqpwf
Shift 4: gpove
Shift 5: funud

After trying different shifts, I was still not able to decrypt the ciphertext ""ktzsi"" into a meaningful word. It looks like it may not be a simple Caesar cipher.",0,1,"After trying to unscramble the letters ""ktzsi"" into a word, I was not able to find a meaningful word",0,2
ktzsi,found,5,5,"After trying to unscramble the letters ""ktzsi"" into a word, I was not able to find a meaningful word. 

Next, I will assume it's a Caesar cipher and try decrypting it using different shifts:

Shift 1: jsyrh
Shift 2: irqxg
Shift 3: hqpwf
Shift 4: gpove
Shift 5: funud

After trying different shifts, I was still not able to decrypt the ciphertext ""ktzsi"" into a meaningful word. It looks like it may not be a simple Caesar cipher.",0,2,"After trying to unscramble the letters ""ktzsi"" into a word, I was not able to find a meaningful word. 

Next, I will assume it's a Caesar cipher and t",1,2
ktzsi,found,5,5,"After trying to unscramble the letters ""ktzsi"" into a word, I was not able to find a meaningful word. 

Next, I will assume it's a Caesar cipher and try decrypting it using different shifts:

Shift 1: jsyrh
Shift 2: irqxg
Shift 3: hqpwf
Shift 4: gpove
Shift 5: funud

After trying different shifts, I was still not able to decrypt the ciphertext ""ktzsi"" into a meaningful word. It looks like it may not be a simple Caesar cipher.",0,3,"After trying to unscramble the letters ""ktzsi"" into a word, I was not able to find a meaningful word. 

Next, I will assume it's a Caesar cipher and try decrypting it using different shifts:

Shift 1:",1,2
ktzsi,found,5,5,"After trying to unscramble the letters ""ktzsi"" into a word, I was not able to find a meaningful word. 

Next, I will assume it's a Caesar cipher and try decrypting it using different shifts:

Shift 1: jsyrh
Shift 2: irqxg
Shift 3: hqpwf
Shift 4: gpove
Shift 5: funud

After trying different shifts, I was still not able to decrypt the ciphertext ""ktzsi"" into a meaningful word. It looks like it may not be a simple Caesar cipher.",0,4,"After trying to unscramble the letters ""ktzsi"" into a word, I was not able to find a meaningful word. 

Next, I will assume it's a Caesar cipher and try decrypting it using different shifts:

Shift 1: jsyrh
Shift 2: irqxg
Shift 3: hqpwf
Shift 4: gpov",1,2
ktzsi,found,5,5,"After trying to unscramble the letters ""ktzsi"" into a word, I was not able to find a meaningful word. 

Next, I will assume it's a Caesar cipher and try decrypting it using different shifts:

Shift 1: jsyrh
Shift 2: irqxg
Shift 3: hqpwf
Shift 4: gpove
Shift 5: funud

After trying different shifts, I was still not able to decrypt the ciphertext ""ktzsi"" into a meaningful word. It looks like it may not be a simple Caesar cipher.",0,5,"After trying to unscramble the letters ""ktzsi"" into a word, I was not able to find a meaningful word. 

Next, I will assume it's a Caesar cipher and try decrypting it using different shifts:

Shift 1: jsyrh
Shift 2: irqxg
Shift 3: hqpwf
Shift 4: gpove
Shift 5: funud

After trying different shifts, I",1,2
ktzsi,found,5,5,"After trying to unscramble the letters ""ktzsi"" into a word, I was not able to find a meaningful word. 

Next, I will assume it's a Caesar cipher and try decrypting it using different shifts:

Shift 1: jsyrh
Shift 2: irqxg
Shift 3: hqpwf
Shift 4: gpove
Shift 5: funud

After trying different shifts, I was still not able to decrypt the ciphertext ""ktzsi"" into a meaningful word. It looks like it may not be a simple Caesar cipher.",0,6,"After trying to unscramble the letters ""ktzsi"" into a word, I was not able to find a meaningful word. 

Next, I will assume it's a Caesar cipher and try decrypting it using different shifts:

Shift 1: jsyrh
Shift 2: irqxg
Shift 3: hqpwf
Shift 4: gpove
Shift 5: funud

After trying different shifts, I was still not able to decrypt the ciphertext ""ktz",1,2
ktzsi,found,5,5,"After trying to unscramble the letters ""ktzsi"" into a word, I was not able to find a meaningful word. 

Next, I will assume it's a Caesar cipher and try decrypting it using different shifts:

Shift 1: jsyrh
Shift 2: irqxg
Shift 3: hqpwf
Shift 4: gpove
Shift 5: funud

After trying different shifts, I was still not able to decrypt the ciphertext ""ktzsi"" into a meaningful word. It looks like it may not be a simple Caesar cipher.",0,7,"After trying to unscramble the letters ""ktzsi"" into a word, I was not able to find a meaningful word. 

Next, I will assume it's a Caesar cipher and try decrypting it using different shifts:

Shift 1: jsyrh
Shift 2: irqxg
Shift 3: hqpwf
Shift 4: gpove
Shift 5: funud

After trying different shifts, I was still not able to decrypt the ciphertext ""ktzsi"" into a meaningful word. It looks like it may n",1,2
ktzsi,found,5,5,"After trying to unscramble the letters ""ktzsi"" into a word, I was not able to find a meaningful word. 

Next, I will assume it's a Caesar cipher and try decrypting it using different shifts:

Shift 1: jsyrh
Shift 2: irqxg
Shift 3: hqpwf
Shift 4: gpove
Shift 5: funud

After trying different shifts, I was still not able to decrypt the ciphertext ""ktzsi"" into a meaningful word. It looks like it may not be a simple Caesar cipher.",0,8,"After trying to unscramble the letters ""ktzsi"" into a word, I was not able to find a meaningful word. 

Next, I will assume it's a Caesar cipher and try decrypting it using different shifts:

Shift 1: jsyrh
Shift 2: irqxg
Shift 3: hqpwf
Shift 4: gpove
Shift 5: funud

After trying different shifts, I was still not able to decrypt the ciphertext ""ktzsi"" into a meaningful word. It looks like it may not be a simple Caesar cipher.",1,2
fmjfi,ahead,5,5,"After trying different combinations, I couldn't unscramble the ciphertext. Let's try decrypting it using a Caesar cipher with different shifts:

Shift 1: gelgj
Shift 2: hfmhk
Shift 3: ignil
Shift 4: jhojm
Shift 5: kipkn

None of these options seem to be meaningful. Let's try a few more shifts. 

Shift 6: jqllo
Shift 7: krmmp
Shift 8: lsnnq
Shift 9: mtoor
Shift 10: nupps

None of these options seem to be meaningful either. It's possible that the ciphertext is encrypted using a different type of cipher or method, or it may be a random set of characters.",0,0,"After trying different combinations, I couldn't un",1,0
fmjfi,ahead,5,5,"After trying different combinations, I couldn't unscramble the ciphertext. Let's try decrypting it using a Caesar cipher with different shifts:

Shift 1: gelgj
Shift 2: hfmhk
Shift 3: ignil
Shift 4: jhojm
Shift 5: kipkn

None of these options seem to be meaningful. Let's try a few more shifts. 

Shift 6: jqllo
Shift 7: krmmp
Shift 8: lsnnq
Shift 9: mtoor
Shift 10: nupps

None of these options seem to be meaningful either. It's possible that the ciphertext is encrypted using a different type of cipher or method, or it may be a random set of characters.",0,1,"After trying different combinations, I couldn't unscramble the ciphertext. Let's try decrypting it u",1,0
fmjfi,ahead,5,5,"After trying different combinations, I couldn't unscramble the ciphertext. Let's try decrypting it using a Caesar cipher with different shifts:

Shift 1: gelgj
Shift 2: hfmhk
Shift 3: ignil
Shift 4: jhojm
Shift 5: kipkn

None of these options seem to be meaningful. Let's try a few more shifts. 

Shift 6: jqllo
Shift 7: krmmp
Shift 8: lsnnq
Shift 9: mtoor
Shift 10: nupps

None of these options seem to be meaningful either. It's possible that the ciphertext is encrypted using a different type of cipher or method, or it may be a random set of characters.",0,2,"After trying different combinations, I couldn't unscramble the ciphertext. Let's try decrypting it using a Caesar cipher with different shifts:

Shift",1,0
fmjfi,ahead,5,5,"After trying different combinations, I couldn't unscramble the ciphertext. Let's try decrypting it using a Caesar cipher with different shifts:

Shift 1: gelgj
Shift 2: hfmhk
Shift 3: ignil
Shift 4: jhojm
Shift 5: kipkn

None of these options seem to be meaningful. Let's try a few more shifts. 

Shift 6: jqllo
Shift 7: krmmp
Shift 8: lsnnq
Shift 9: mtoor
Shift 10: nupps

None of these options seem to be meaningful either. It's possible that the ciphertext is encrypted using a different type of cipher or method, or it may be a random set of characters.",0,3,"After trying different combinations, I couldn't unscramble the ciphertext. Let's try decrypting it using a Caesar cipher with different shifts:

Shift 1: gelgj
Shift 2: hfmhk
Shift 3: ignil
Shift 4: j",1,0
fmjfi,ahead,5,5,"After trying different combinations, I couldn't unscramble the ciphertext. Let's try decrypting it using a Caesar cipher with different shifts:

Shift 1: gelgj
Shift 2: hfmhk
Shift 3: ignil
Shift 4: jhojm
Shift 5: kipkn

None of these options seem to be meaningful. Let's try a few more shifts. 

Shift 6: jqllo
Shift 7: krmmp
Shift 8: lsnnq
Shift 9: mtoor
Shift 10: nupps

None of these options seem to be meaningful either. It's possible that the ciphertext is encrypted using a different type of cipher or method, or it may be a random set of characters.",0,4,"After trying different combinations, I couldn't unscramble the ciphertext. Let's try decrypting it using a Caesar cipher with different shifts:

Shift 1: gelgj
Shift 2: hfmhk
Shift 3: ignil
Shift 4: jhojm
Shift 5: kipkn

None of these options seem to",1,0
fmjfi,ahead,5,5,"After trying different combinations, I couldn't unscramble the ciphertext. Let's try decrypting it using a Caesar cipher with different shifts:

Shift 1: gelgj
Shift 2: hfmhk
Shift 3: ignil
Shift 4: jhojm
Shift 5: kipkn

None of these options seem to be meaningful. Let's try a few more shifts. 

Shift 6: jqllo
Shift 7: krmmp
Shift 8: lsnnq
Shift 9: mtoor
Shift 10: nupps

None of these options seem to be meaningful either. It's possible that the ciphertext is encrypted using a different type of cipher or method, or it may be a random set of characters.",0,5,"After trying different combinations, I couldn't unscramble the ciphertext. Let's try decrypting it using a Caesar cipher with different shifts:

Shift 1: gelgj
Shift 2: hfmhk
Shift 3: ignil
Shift 4: jhojm
Shift 5: kipkn

None of these options seem to be meaningful. Let's try a few more shifts. 

Shi",1,0
fmjfi,ahead,5,5,"After trying different combinations, I couldn't unscramble the ciphertext. Let's try decrypting it using a Caesar cipher with different shifts:

Shift 1: gelgj
Shift 2: hfmhk
Shift 3: ignil
Shift 4: jhojm
Shift 5: kipkn

None of these options seem to be meaningful. Let's try a few more shifts. 

Shift 6: jqllo
Shift 7: krmmp
Shift 8: lsnnq
Shift 9: mtoor
Shift 10: nupps

None of these options seem to be meaningful either. It's possible that the ciphertext is encrypted using a different type of cipher or method, or it may be a random set of characters.",0,6,"After trying different combinations, I couldn't unscramble the ciphertext. Let's try decrypting it using a Caesar cipher with different shifts:

Shift 1: gelgj
Shift 2: hfmhk
Shift 3: ignil
Shift 4: jhojm
Shift 5: kipkn

None of these options seem to be meaningful. Let's try a few more shifts. 

Shift 6: jqllo
Shift 7: krmmp
Shift 8: lsnnq
Shift 9:",1,0
fmjfi,ahead,5,5,"After trying different combinations, I couldn't unscramble the ciphertext. Let's try decrypting it using a Caesar cipher with different shifts:

Shift 1: gelgj
Shift 2: hfmhk
Shift 3: ignil
Shift 4: jhojm
Shift 5: kipkn

None of these options seem to be meaningful. Let's try a few more shifts. 

Shift 6: jqllo
Shift 7: krmmp
Shift 8: lsnnq
Shift 9: mtoor
Shift 10: nupps

None of these options seem to be meaningful either. It's possible that the ciphertext is encrypted using a different type of cipher or method, or it may be a random set of characters.",0,7,"After trying different combinations, I couldn't unscramble the ciphertext. Let's try decrypting it using a Caesar cipher with different shifts:

Shift 1: gelgj
Shift 2: hfmhk
Shift 3: ignil
Shift 4: jhojm
Shift 5: kipkn

None of these options seem to be meaningful. Let's try a few more shifts. 

Shift 6: jqllo
Shift 7: krmmp
Shift 8: lsnnq
Shift 9: mtoor
Shift 10: nupps

None of these options seem",1,0
fmjfi,ahead,5,5,"After trying different combinations, I couldn't unscramble the ciphertext. Let's try decrypting it using a Caesar cipher with different shifts:

Shift 1: gelgj
Shift 2: hfmhk
Shift 3: ignil
Shift 4: jhojm
Shift 5: kipkn

None of these options seem to be meaningful. Let's try a few more shifts. 

Shift 6: jqllo
Shift 7: krmmp
Shift 8: lsnnq
Shift 9: mtoor
Shift 10: nupps

None of these options seem to be meaningful either. It's possible that the ciphertext is encrypted using a different type of cipher or method, or it may be a random set of characters.",0,8,"After trying different combinations, I couldn't unscramble the ciphertext. Let's try decrypting it using a Caesar cipher with different shifts:

Shift 1: gelgj
Shift 2: hfmhk
Shift 3: ignil
Shift 4: jhojm
Shift 5: kipkn

None of these options seem to be meaningful. Let's try a few more shifts. 

Shift 6: jqllo
Shift 7: krmmp
Shift 8: lsnnq
Shift 9: mtoor
Shift 10: nupps

None of these options seem to be meaningful either. It's possible that the c",1,0
fmjfi,ahead,5,5,"After trying different combinations, I couldn't unscramble the ciphertext. Let's try decrypting it using a Caesar cipher with different shifts:

Shift 1: gelgj
Shift 2: hfmhk
Shift 3: ignil
Shift 4: jhojm
Shift 5: kipkn

None of these options seem to be meaningful. Let's try a few more shifts. 

Shift 6: jqllo
Shift 7: krmmp
Shift 8: lsnnq
Shift 9: mtoor
Shift 10: nupps

None of these options seem to be meaningful either. It's possible that the ciphertext is encrypted using a different type of cipher or method, or it may be a random set of characters.",0,9,"After trying different combinations, I couldn't unscramble the ciphertext. Let's try decrypting it using a Caesar cipher with different shifts:

Shift 1: gelgj
Shift 2: hfmhk
Shift 3: ignil
Shift 4: jhojm
Shift 5: kipkn

None of these options seem to be meaningful. Let's try a few more shifts. 

Shift 6: jqllo
Shift 7: krmmp
Shift 8: lsnnq
Shift 9: mtoor
Shift 10: nupps

None of these options seem to be meaningful either. It's possible that the ciphertext is encrypted using a different type of c",1,0
fmjfi,ahead,5,5,"After trying different combinations, I couldn't unscramble the ciphertext. Let's try decrypting it using a Caesar cipher with different shifts:

Shift 1: gelgj
Shift 2: hfmhk
Shift 3: ignil
Shift 4: jhojm
Shift 5: kipkn

None of these options seem to be meaningful. Let's try a few more shifts. 

Shift 6: jqllo
Shift 7: krmmp
Shift 8: lsnnq
Shift 9: mtoor
Shift 10: nupps

None of these options seem to be meaningful either. It's possible that the ciphertext is encrypted using a different type of cipher or method, or it may be a random set of characters.",0,10,"After trying different combinations, I couldn't unscramble the ciphertext. Let's try decrypting it using a Caesar cipher with different shifts:

Shift 1: gelgj
Shift 2: hfmhk
Shift 3: ignil
Shift 4: jhojm
Shift 5: kipkn

None of these options seem to be meaningful. Let's try a few more shifts. 

Shift 6: jqllo
Shift 7: krmmp
Shift 8: lsnnq
Shift 9: mtoor
Shift 10: nupps

None of these options seem to be meaningful either. It's possible that the ciphertext is encrypted using a different type of cipher or method, or it may be a random set of char",1,0
fmjfi,ahead,5,5,"After trying different combinations, I couldn't unscramble the ciphertext. Let's try decrypting it using a Caesar cipher with different shifts:

Shift 1: gelgj
Shift 2: hfmhk
Shift 3: ignil
Shift 4: jhojm
Shift 5: kipkn

None of these options seem to be meaningful. Let's try a few more shifts. 

Shift 6: jqllo
Shift 7: krmmp
Shift 8: lsnnq
Shift 9: mtoor
Shift 10: nupps

None of these options seem to be meaningful either. It's possible that the ciphertext is encrypted using a different type of cipher or method, or it may be a random set of characters.",0,11,"After trying different combinations, I couldn't unscramble the ciphertext. Let's try decrypting it using a Caesar cipher with different shifts:

Shift 1: gelgj
Shift 2: hfmhk
Shift 3: ignil
Shift 4: jhojm
Shift 5: kipkn

None of these options seem to be meaningful. Let's try a few more shifts. 

Shift 6: jqllo
Shift 7: krmmp
Shift 8: lsnnq
Shift 9: mtoor
Shift 10: nupps

None of these options seem to be meaningful either. It's possible that the ciphertext is encrypted using a different type of cipher or method, or it may be a random set of characters.",1,0
sfnpuf,remote,6,1,"1. sfnpuf -> unfpsf
2. sfnpuf -> funpsf
3. sfnpuf -> nufspf
4. sfnpuf -> fnuspf
5. sfnpuf -> fpunsf

Now, I'll try decrypting the ciphertext using a Caesar cipher with different shifts:

Shift 1: sfnpuf -> remost
Shift 2: sfnpuf -> qdlnte
Shift 3: sfnpuf -> pckmsd
Shift 4: sfnpuf -> objlrc
Shift 5: sfnpuf -> niqkqb

None of the attempts at decrypting the Caesar cipher provided a meaningful result. It's possible that the ciphertext is not a simple substitution cipher. Would you like to try any other methods to decrypt the message?",0,0,"1. sfnpuf -> unfpsf
2. sfnpuf -> funpsf
3. sfnpuf ",0,2
sfnpuf,remote,6,1,"1. sfnpuf -> unfpsf
2. sfnpuf -> funpsf
3. sfnpuf -> nufspf
4. sfnpuf -> fnuspf
5. sfnpuf -> fpunsf

Now, I'll try decrypting the ciphertext using a Caesar cipher with different shifts:

Shift 1: sfnpuf -> remost
Shift 2: sfnpuf -> qdlnte
Shift 3: sfnpuf -> pckmsd
Shift 4: sfnpuf -> objlrc
Shift 5: sfnpuf -> niqkqb

None of the attempts at decrypting the Caesar cipher provided a meaningful result. It's possible that the ciphertext is not a simple substitution cipher. Would you like to try any other methods to decrypt the message?",0,1,"1. sfnpuf -> unfpsf
2. sfnpuf -> funpsf
3. sfnpuf -> nufspf
4. sfnpuf -> fnuspf
5. sfnpuf -> fpunsf
",0,2
sfnpuf,remote,6,1,"1. sfnpuf -> unfpsf
2. sfnpuf -> funpsf
3. sfnpuf -> nufspf
4. sfnpuf -> fnuspf
5. sfnpuf -> fpunsf

Now, I'll try decrypting the ciphertext using a Caesar cipher with different shifts:

Shift 1: sfnpuf -> remost
Shift 2: sfnpuf -> qdlnte
Shift 3: sfnpuf -> pckmsd
Shift 4: sfnpuf -> objlrc
Shift 5: sfnpuf -> niqkqb

None of the attempts at decrypting the Caesar cipher provided a meaningful result. It's possible that the ciphertext is not a simple substitution cipher. Would you like to try any other methods to decrypt the message?",0,2,"1. sfnpuf -> unfpsf
2. sfnpuf -> funpsf
3. sfnpuf -> nufspf
4. sfnpuf -> fnuspf
5. sfnpuf -> fpunsf

Now, I'll try decrypting the ciphertext using a C",1,2
sfnpuf,remote,6,1,"1. sfnpuf -> unfpsf
2. sfnpuf -> funpsf
3. sfnpuf -> nufspf
4. sfnpuf -> fnuspf
5. sfnpuf -> fpunsf

Now, I'll try decrypting the ciphertext using a Caesar cipher with different shifts:

Shift 1: sfnpuf -> remost
Shift 2: sfnpuf -> qdlnte
Shift 3: sfnpuf -> pckmsd
Shift 4: sfnpuf -> objlrc
Shift 5: sfnpuf -> niqkqb

None of the attempts at decrypting the Caesar cipher provided a meaningful result. It's possible that the ciphertext is not a simple substitution cipher. Would you like to try any other methods to decrypt the message?",0,3,"1. sfnpuf -> unfpsf
2. sfnpuf -> funpsf
3. sfnpuf -> nufspf
4. sfnpuf -> fnuspf
5. sfnpuf -> fpunsf

Now, I'll try decrypting the ciphertext using a Caesar cipher with different shifts:

Shift 1: sfnp",1,2
sfnpuf,remote,6,1,"1. sfnpuf -> unfpsf
2. sfnpuf -> funpsf
3. sfnpuf -> nufspf
4. sfnpuf -> fnuspf
5. sfnpuf -> fpunsf

Now, I'll try decrypting the ciphertext using a Caesar cipher with different shifts:

Shift 1: sfnpuf -> remost
Shift 2: sfnpuf -> qdlnte
Shift 3: sfnpuf -> pckmsd
Shift 4: sfnpuf -> objlrc
Shift 5: sfnpuf -> niqkqb

None of the attempts at decrypting the Caesar cipher provided a meaningful result. It's possible that the ciphertext is not a simple substitution cipher. Would you like to try any other methods to decrypt the message?",0,4,"1. sfnpuf -> unfpsf
2. sfnpuf -> funpsf
3. sfnpuf -> nufspf
4. sfnpuf -> fnuspf
5. sfnpuf -> fpunsf

Now, I'll try decrypting the ciphertext using a Caesar cipher with different shifts:

Shift 1: sfnpuf -> remost
Shift 2: sfnpuf -> qdlnte
Shift 3: sf",1,2
sfnpuf,remote,6,1,"1. sfnpuf -> unfpsf
2. sfnpuf -> funpsf
3. sfnpuf -> nufspf
4. sfnpuf -> fnuspf
5. sfnpuf -> fpunsf

Now, I'll try decrypting the ciphertext using a Caesar cipher with different shifts:

Shift 1: sfnpuf -> remost
Shift 2: sfnpuf -> qdlnte
Shift 3: sfnpuf -> pckmsd
Shift 4: sfnpuf -> objlrc
Shift 5: sfnpuf -> niqkqb

None of the attempts at decrypting the Caesar cipher provided a meaningful result. It's possible that the ciphertext is not a simple substitution cipher. Would you like to try any other methods to decrypt the message?",0,5,"1. sfnpuf -> unfpsf
2. sfnpuf -> funpsf
3. sfnpuf -> nufspf
4. sfnpuf -> fnuspf
5. sfnpuf -> fpunsf

Now, I'll try decrypting the ciphertext using a Caesar cipher with different shifts:

Shift 1: sfnpuf -> remost
Shift 2: sfnpuf -> qdlnte
Shift 3: sfnpuf -> pckmsd
Shift 4: sfnpuf -> objlrc
Shift 5: ",1,2
sfnpuf,remote,6,1,"1. sfnpuf -> unfpsf
2. sfnpuf -> funpsf
3. sfnpuf -> nufspf
4. sfnpuf -> fnuspf
5. sfnpuf -> fpunsf

Now, I'll try decrypting the ciphertext using a Caesar cipher with different shifts:

Shift 1: sfnpuf -> remost
Shift 2: sfnpuf -> qdlnte
Shift 3: sfnpuf -> pckmsd
Shift 4: sfnpuf -> objlrc
Shift 5: sfnpuf -> niqkqb

None of the attempts at decrypting the Caesar cipher provided a meaningful result. It's possible that the ciphertext is not a simple substitution cipher. Would you like to try any other methods to decrypt the message?",0,6,"1. sfnpuf -> unfpsf
2. sfnpuf -> funpsf
3. sfnpuf -> nufspf
4. sfnpuf -> fnuspf
5. sfnpuf -> fpunsf

Now, I'll try decrypting the ciphertext using a Caesar cipher with different shifts:

Shift 1: sfnpuf -> remost
Shift 2: sfnpuf -> qdlnte
Shift 3: sfnpuf -> pckmsd
Shift 4: sfnpuf -> objlrc
Shift 5: sfnpuf -> niqkqb

None of the attempts at decrypti",1,2
sfnpuf,remote,6,1,"1. sfnpuf -> unfpsf
2. sfnpuf -> funpsf
3. sfnpuf -> nufspf
4. sfnpuf -> fnuspf
5. sfnpuf -> fpunsf

Now, I'll try decrypting the ciphertext using a Caesar cipher with different shifts:

Shift 1: sfnpuf -> remost
Shift 2: sfnpuf -> qdlnte
Shift 3: sfnpuf -> pckmsd
Shift 4: sfnpuf -> objlrc
Shift 5: sfnpuf -> niqkqb

None of the attempts at decrypting the Caesar cipher provided a meaningful result. It's possible that the ciphertext is not a simple substitution cipher. Would you like to try any other methods to decrypt the message?",0,7,"1. sfnpuf -> unfpsf
2. sfnpuf -> funpsf
3. sfnpuf -> nufspf
4. sfnpuf -> fnuspf
5. sfnpuf -> fpunsf

Now, I'll try decrypting the ciphertext using a Caesar cipher with different shifts:

Shift 1: sfnpuf -> remost
Shift 2: sfnpuf -> qdlnte
Shift 3: sfnpuf -> pckmsd
Shift 4: sfnpuf -> objlrc
Shift 5: sfnpuf -> niqkqb

None of the attempts at decrypting the Caesar cipher provided a meaningful result.",1,2
sfnpuf,remote,6,1,"1. sfnpuf -> unfpsf
2. sfnpuf -> funpsf
3. sfnpuf -> nufspf
4. sfnpuf -> fnuspf
5. sfnpuf -> fpunsf

Now, I'll try decrypting the ciphertext using a Caesar cipher with different shifts:

Shift 1: sfnpuf -> remost
Shift 2: sfnpuf -> qdlnte
Shift 3: sfnpuf -> pckmsd
Shift 4: sfnpuf -> objlrc
Shift 5: sfnpuf -> niqkqb

None of the attempts at decrypting the Caesar cipher provided a meaningful result. It's possible that the ciphertext is not a simple substitution cipher. Would you like to try any other methods to decrypt the message?",0,8,"1. sfnpuf -> unfpsf
2. sfnpuf -> funpsf
3. sfnpuf -> nufspf
4. sfnpuf -> fnuspf
5. sfnpuf -> fpunsf

Now, I'll try decrypting the ciphertext using a Caesar cipher with different shifts:

Shift 1: sfnpuf -> remost
Shift 2: sfnpuf -> qdlnte
Shift 3: sfnpuf -> pckmsd
Shift 4: sfnpuf -> objlrc
Shift 5: sfnpuf -> niqkqb

None of the attempts at decrypting the Caesar cipher provided a meaningful result. It's possible that the ciphertext is not a simple",1,2
sfnpuf,remote,6,1,"1. sfnpuf -> unfpsf
2. sfnpuf -> funpsf
3. sfnpuf -> nufspf
4. sfnpuf -> fnuspf
5. sfnpuf -> fpunsf

Now, I'll try decrypting the ciphertext using a Caesar cipher with different shifts:

Shift 1: sfnpuf -> remost
Shift 2: sfnpuf -> qdlnte
Shift 3: sfnpuf -> pckmsd
Shift 4: sfnpuf -> objlrc
Shift 5: sfnpuf -> niqkqb

None of the attempts at decrypting the Caesar cipher provided a meaningful result. It's possible that the ciphertext is not a simple substitution cipher. Would you like to try any other methods to decrypt the message?",0,9,"1. sfnpuf -> unfpsf
2. sfnpuf -> funpsf
3. sfnpuf -> nufspf
4. sfnpuf -> fnuspf
5. sfnpuf -> fpunsf

Now, I'll try decrypting the ciphertext using a Caesar cipher with different shifts:

Shift 1: sfnpuf -> remost
Shift 2: sfnpuf -> qdlnte
Shift 3: sfnpuf -> pckmsd
Shift 4: sfnpuf -> objlrc
Shift 5: sfnpuf -> niqkqb

None of the attempts at decrypting the Caesar cipher provided a meaningful result. It's possible that the ciphertext is not a simple substitution cipher. Would you like to try any ot",1,2
sfnpuf,remote,6,1,"1. sfnpuf -> unfpsf
2. sfnpuf -> funpsf
3. sfnpuf -> nufspf
4. sfnpuf -> fnuspf
5. sfnpuf -> fpunsf

Now, I'll try decrypting the ciphertext using a Caesar cipher with different shifts:

Shift 1: sfnpuf -> remost
Shift 2: sfnpuf -> qdlnte
Shift 3: sfnpuf -> pckmsd
Shift 4: sfnpuf -> objlrc
Shift 5: sfnpuf -> niqkqb

None of the attempts at decrypting the Caesar cipher provided a meaningful result. It's possible that the ciphertext is not a simple substitution cipher. Would you like to try any other methods to decrypt the message?",0,10,"1. sfnpuf -> unfpsf
2. sfnpuf -> funpsf
3. sfnpuf -> nufspf
4. sfnpuf -> fnuspf
5. sfnpuf -> fpunsf

Now, I'll try decrypting the ciphertext using a Caesar cipher with different shifts:

Shift 1: sfnpuf -> remost
Shift 2: sfnpuf -> qdlnte
Shift 3: sfnpuf -> pckmsd
Shift 4: sfnpuf -> objlrc
Shift 5: sfnpuf -> niqkqb

None of the attempts at decrypting the Caesar cipher provided a meaningful result. It's possible that the ciphertext is not a simple substitution cipher. Would you like to try any other methods to decrypt the message?",1,2
mbuftu,latest,6,1,"When unscrambling ""mbuftu"" I found that it unscrambles to ""tumfub"". This suggests that it might be a Caesar cipher with a shift of 5. I will show the decryption process for shifts 1-5.

Shift 1: lafest
Shift 2: kzderf
Shift 3: jycde
Shift 4: ixbcd
Shift 5: mbuftu

Based on the decryption process, it seems that the ciphertext ""mbuftu"" decrypts to ""houston"" with a Caesar shift of 5.",0,0,"When unscrambling ""mbuftu"" I found that it unscram",0,2
mbuftu,latest,6,1,"When unscrambling ""mbuftu"" I found that it unscrambles to ""tumfub"". This suggests that it might be a Caesar cipher with a shift of 5. I will show the decryption process for shifts 1-5.

Shift 1: lafest
Shift 2: kzderf
Shift 3: jycde
Shift 4: ixbcd
Shift 5: mbuftu

Based on the decryption process, it seems that the ciphertext ""mbuftu"" decrypts to ""houston"" with a Caesar shift of 5.",0,1,"When unscrambling ""mbuftu"" I found that it unscrambles to ""tumfub"". This suggests that it might be a",0,2
mbuftu,latest,6,1,"When unscrambling ""mbuftu"" I found that it unscrambles to ""tumfub"". This suggests that it might be a Caesar cipher with a shift of 5. I will show the decryption process for shifts 1-5.

Shift 1: lafest
Shift 2: kzderf
Shift 3: jycde
Shift 4: ixbcd
Shift 5: mbuftu

Based on the decryption process, it seems that the ciphertext ""mbuftu"" decrypts to ""houston"" with a Caesar shift of 5.",0,2,"When unscrambling ""mbuftu"" I found that it unscrambles to ""tumfub"". This suggests that it might be a Caesar cipher with a shift of 5. I will show the ",1,2
mbuftu,latest,6,1,"When unscrambling ""mbuftu"" I found that it unscrambles to ""tumfub"". This suggests that it might be a Caesar cipher with a shift of 5. I will show the decryption process for shifts 1-5.

Shift 1: lafest
Shift 2: kzderf
Shift 3: jycde
Shift 4: ixbcd
Shift 5: mbuftu

Based on the decryption process, it seems that the ciphertext ""mbuftu"" decrypts to ""houston"" with a Caesar shift of 5.",0,3,"When unscrambling ""mbuftu"" I found that it unscrambles to ""tumfub"". This suggests that it might be a Caesar cipher with a shift of 5. I will show the decryption process for shifts 1-5.

Shift 1: lafes",1,2
mbuftu,latest,6,1,"When unscrambling ""mbuftu"" I found that it unscrambles to ""tumfub"". This suggests that it might be a Caesar cipher with a shift of 5. I will show the decryption process for shifts 1-5.

Shift 1: lafest
Shift 2: kzderf
Shift 3: jycde
Shift 4: ixbcd
Shift 5: mbuftu

Based on the decryption process, it seems that the ciphertext ""mbuftu"" decrypts to ""houston"" with a Caesar shift of 5.",0,4,"When unscrambling ""mbuftu"" I found that it unscrambles to ""tumfub"". This suggests that it might be a Caesar cipher with a shift of 5. I will show the decryption process for shifts 1-5.

Shift 1: lafest
Shift 2: kzderf
Shift 3: jycde
Shift 4: ixbcd
Sh",1,2
mbuftu,latest,6,1,"When unscrambling ""mbuftu"" I found that it unscrambles to ""tumfub"". This suggests that it might be a Caesar cipher with a shift of 5. I will show the decryption process for shifts 1-5.

Shift 1: lafest
Shift 2: kzderf
Shift 3: jycde
Shift 4: ixbcd
Shift 5: mbuftu

Based on the decryption process, it seems that the ciphertext ""mbuftu"" decrypts to ""houston"" with a Caesar shift of 5.",0,5,"When unscrambling ""mbuftu"" I found that it unscrambles to ""tumfub"". This suggests that it might be a Caesar cipher with a shift of 5. I will show the decryption process for shifts 1-5.

Shift 1: lafest
Shift 2: kzderf
Shift 3: jycde
Shift 4: ixbcd
Shift 5: mbuftu

Based on the decryption process, it",1,2
mbuftu,latest,6,1,"When unscrambling ""mbuftu"" I found that it unscrambles to ""tumfub"". This suggests that it might be a Caesar cipher with a shift of 5. I will show the decryption process for shifts 1-5.

Shift 1: lafest
Shift 2: kzderf
Shift 3: jycde
Shift 4: ixbcd
Shift 5: mbuftu

Based on the decryption process, it seems that the ciphertext ""mbuftu"" decrypts to ""houston"" with a Caesar shift of 5.",0,6,"When unscrambling ""mbuftu"" I found that it unscrambles to ""tumfub"". This suggests that it might be a Caesar cipher with a shift of 5. I will show the decryption process for shifts 1-5.

Shift 1: lafest
Shift 2: kzderf
Shift 3: jycde
Shift 4: ixbcd
Shift 5: mbuftu

Based on the decryption process, it seems that the ciphertext ""mbuftu"" decrypts to ""h",1,2
mbuftu,latest,6,1,"When unscrambling ""mbuftu"" I found that it unscrambles to ""tumfub"". This suggests that it might be a Caesar cipher with a shift of 5. I will show the decryption process for shifts 1-5.

Shift 1: lafest
Shift 2: kzderf
Shift 3: jycde
Shift 4: ixbcd
Shift 5: mbuftu

Based on the decryption process, it seems that the ciphertext ""mbuftu"" decrypts to ""houston"" with a Caesar shift of 5.",0,7,"When unscrambling ""mbuftu"" I found that it unscrambles to ""tumfub"". This suggests that it might be a Caesar cipher with a shift of 5. I will show the decryption process for shifts 1-5.

Shift 1: lafest
Shift 2: kzderf
Shift 3: jycde
Shift 4: ixbcd
Shift 5: mbuftu

Based on the decryption process, it seems that the ciphertext ""mbuftu"" decrypts to ""houston"" with a Caesar shift of 5.",1,2
fgitgg,degree,6,2,"Anagram attempt: 

1. fgitgg - Does not unscramble to anything meaningful.

Since the anagram attempt did not yield any meaningful result, I will now try to decrypt the ciphertext using Caesar cipher with different shifts.

Caesar cipher attempts:

2. Shift 1: efhsff
3. Shift 2: degreen
4. Shift 3: cfdqfd
5. Shift 4: becpec
6. Shift 5: adboat

None of the attempts with Caesar cipher decrypted the ciphertext into a meaningful message. It is possible that the ciphertext may be encoded with a different cipher or method.",1,0,"Anagram attempt: 

1. fgitgg - Does not unscramble",0,2
fgitgg,degree,6,2,"Anagram attempt: 

1. fgitgg - Does not unscramble to anything meaningful.

Since the anagram attempt did not yield any meaningful result, I will now try to decrypt the ciphertext using Caesar cipher with different shifts.

Caesar cipher attempts:

2. Shift 1: efhsff
3. Shift 2: degreen
4. Shift 3: cfdqfd
5. Shift 4: becpec
6. Shift 5: adboat

None of the attempts with Caesar cipher decrypted the ciphertext into a meaningful message. It is possible that the ciphertext may be encoded with a different cipher or method.",1,1,"Anagram attempt: 

1. fgitgg - Does not unscramble to anything meaningful.

Since the anagram attemp",0,2
fgitgg,degree,6,2,"Anagram attempt: 

1. fgitgg - Does not unscramble to anything meaningful.

Since the anagram attempt did not yield any meaningful result, I will now try to decrypt the ciphertext using Caesar cipher with different shifts.

Caesar cipher attempts:

2. Shift 1: efhsff
3. Shift 2: degreen
4. Shift 3: cfdqfd
5. Shift 4: becpec
6. Shift 5: adboat

None of the attempts with Caesar cipher decrypted the ciphertext into a meaningful message. It is possible that the ciphertext may be encoded with a different cipher or method.",1,2,"Anagram attempt: 

1. fgitgg - Does not unscramble to anything meaningful.

Since the anagram attempt did not yield any meaningful result, I will now ",1,2
fgitgg,degree,6,2,"Anagram attempt: 

1. fgitgg - Does not unscramble to anything meaningful.

Since the anagram attempt did not yield any meaningful result, I will now try to decrypt the ciphertext using Caesar cipher with different shifts.

Caesar cipher attempts:

2. Shift 1: efhsff
3. Shift 2: degreen
4. Shift 3: cfdqfd
5. Shift 4: becpec
6. Shift 5: adboat

None of the attempts with Caesar cipher decrypted the ciphertext into a meaningful message. It is possible that the ciphertext may be encoded with a different cipher or method.",1,3,"Anagram attempt: 

1. fgitgg - Does not unscramble to anything meaningful.

Since the anagram attempt did not yield any meaningful result, I will now try to decrypt the ciphertext using Caesar cipher ",1,2
fgitgg,degree,6,2,"Anagram attempt: 

1. fgitgg - Does not unscramble to anything meaningful.

Since the anagram attempt did not yield any meaningful result, I will now try to decrypt the ciphertext using Caesar cipher with different shifts.

Caesar cipher attempts:

2. Shift 1: efhsff
3. Shift 2: degreen
4. Shift 3: cfdqfd
5. Shift 4: becpec
6. Shift 5: adboat

None of the attempts with Caesar cipher decrypted the ciphertext into a meaningful message. It is possible that the ciphertext may be encoded with a different cipher or method.",1,4,"Anagram attempt: 

1. fgitgg - Does not unscramble to anything meaningful.

Since the anagram attempt did not yield any meaningful result, I will now try to decrypt the ciphertext using Caesar cipher with different shifts.

Caesar cipher attempts:

2",1,2
fgitgg,degree,6,2,"Anagram attempt: 

1. fgitgg - Does not unscramble to anything meaningful.

Since the anagram attempt did not yield any meaningful result, I will now try to decrypt the ciphertext using Caesar cipher with different shifts.

Caesar cipher attempts:

2. Shift 1: efhsff
3. Shift 2: degreen
4. Shift 3: cfdqfd
5. Shift 4: becpec
6. Shift 5: adboat

None of the attempts with Caesar cipher decrypted the ciphertext into a meaningful message. It is possible that the ciphertext may be encoded with a different cipher or method.",1,5,"Anagram attempt: 

1. fgitgg - Does not unscramble to anything meaningful.

Since the anagram attempt did not yield any meaningful result, I will now try to decrypt the ciphertext using Caesar cipher with different shifts.

Caesar cipher attempts:

2. Shift 1: efhsff
3. Shift 2: degreen
4. Shift 3: ",1,2
fgitgg,degree,6,2,"Anagram attempt: 

1. fgitgg - Does not unscramble to anything meaningful.

Since the anagram attempt did not yield any meaningful result, I will now try to decrypt the ciphertext using Caesar cipher with different shifts.

Caesar cipher attempts:

2. Shift 1: efhsff
3. Shift 2: degreen
4. Shift 3: cfdqfd
5. Shift 4: becpec
6. Shift 5: adboat

None of the attempts with Caesar cipher decrypted the ciphertext into a meaningful message. It is possible that the ciphertext may be encoded with a different cipher or method.",1,6,"Anagram attempt: 

1. fgitgg - Does not unscramble to anything meaningful.

Since the anagram attempt did not yield any meaningful result, I will now try to decrypt the ciphertext using Caesar cipher with different shifts.

Caesar cipher attempts:

2. Shift 1: efhsff
3. Shift 2: degreen
4. Shift 3: cfdqfd
5. Shift 4: becpec
6. Shift 5: adboat

None",1,2
fgitgg,degree,6,2,"Anagram attempt: 

1. fgitgg - Does not unscramble to anything meaningful.

Since the anagram attempt did not yield any meaningful result, I will now try to decrypt the ciphertext using Caesar cipher with different shifts.

Caesar cipher attempts:

2. Shift 1: efhsff
3. Shift 2: degreen
4. Shift 3: cfdqfd
5. Shift 4: becpec
6. Shift 5: adboat

None of the attempts with Caesar cipher decrypted the ciphertext into a meaningful message. It is possible that the ciphertext may be encoded with a different cipher or method.",1,7,"Anagram attempt: 

1. fgitgg - Does not unscramble to anything meaningful.

Since the anagram attempt did not yield any meaningful result, I will now try to decrypt the ciphertext using Caesar cipher with different shifts.

Caesar cipher attempts:

2. Shift 1: efhsff
3. Shift 2: degreen
4. Shift 3: cfdqfd
5. Shift 4: becpec
6. Shift 5: adboat

None of the attempts with Caesar cipher decrypted the ",1,2
fgitgg,degree,6,2,"Anagram attempt: 

1. fgitgg - Does not unscramble to anything meaningful.

Since the anagram attempt did not yield any meaningful result, I will now try to decrypt the ciphertext using Caesar cipher with different shifts.

Caesar cipher attempts:

2. Shift 1: efhsff
3. Shift 2: degreen
4. Shift 3: cfdqfd
5. Shift 4: becpec
6. Shift 5: adboat

None of the attempts with Caesar cipher decrypted the ciphertext into a meaningful message. It is possible that the ciphertext may be encoded with a different cipher or method.",1,8,"Anagram attempt: 

1. fgitgg - Does not unscramble to anything meaningful.

Since the anagram attempt did not yield any meaningful result, I will now try to decrypt the ciphertext using Caesar cipher with different shifts.

Caesar cipher attempts:

2. Shift 1: efhsff
3. Shift 2: degreen
4. Shift 3: cfdqfd
5. Shift 4: becpec
6. Shift 5: adboat

None of the attempts with Caesar cipher decrypted the ciphertext into a meaningful message. It is possib",1,2
fgitgg,degree,6,2,"Anagram attempt: 

1. fgitgg - Does not unscramble to anything meaningful.

Since the anagram attempt did not yield any meaningful result, I will now try to decrypt the ciphertext using Caesar cipher with different shifts.

Caesar cipher attempts:

2. Shift 1: efhsff
3. Shift 2: degreen
4. Shift 3: cfdqfd
5. Shift 4: becpec
6. Shift 5: adboat

None of the attempts with Caesar cipher decrypted the ciphertext into a meaningful message. It is possible that the ciphertext may be encoded with a different cipher or method.",1,9,"Anagram attempt: 

1. fgitgg - Does not unscramble to anything meaningful.

Since the anagram attempt did not yield any meaningful result, I will now try to decrypt the ciphertext using Caesar cipher with different shifts.

Caesar cipher attempts:

2. Shift 1: efhsff
3. Shift 2: degreen
4. Shift 3: cfdqfd
5. Shift 4: becpec
6. Shift 5: adboat

None of the attempts with Caesar cipher decrypted the ciphertext into a meaningful message. It is possible that the ciphertext may be encoded with a diffe",1,2
fgitgg,degree,6,2,"Anagram attempt: 

1. fgitgg - Does not unscramble to anything meaningful.

Since the anagram attempt did not yield any meaningful result, I will now try to decrypt the ciphertext using Caesar cipher with different shifts.

Caesar cipher attempts:

2. Shift 1: efhsff
3. Shift 2: degreen
4. Shift 3: cfdqfd
5. Shift 4: becpec
6. Shift 5: adboat

None of the attempts with Caesar cipher decrypted the ciphertext into a meaningful message. It is possible that the ciphertext may be encoded with a different cipher or method.",1,10,"Anagram attempt: 

1. fgitgg - Does not unscramble to anything meaningful.

Since the anagram attempt did not yield any meaningful result, I will now try to decrypt the ciphertext using Caesar cipher with different shifts.

Caesar cipher attempts:

2. Shift 1: efhsff
3. Shift 2: degreen
4. Shift 3: cfdqfd
5. Shift 4: becpec
6. Shift 5: adboat

None of the attempts with Caesar cipher decrypted the ciphertext into a meaningful message. It is possible that the ciphertext may be encoded with a different cipher or method.",1,2
vkodgt,timber,6,2,"After trying to unscramble the ciphertext ""vkodgt"", I couldn't find a meaningful word. So, I will continue by assuming it's a Caesar cipher and try decrypting it with different shifts:

Shift 1: ujncfs
Shift 2: timber
Shift 3: shldaq
Shift 4: rgkczp
Shift 5: qfjbyo

After trying different shifts, the decrypted text ""timber"" from shift 2 seems to be the most likely option. So, the decrypted message is ""timber"".",1,0,"After trying to unscramble the ciphertext ""vkodgt""",0,1
vkodgt,timber,6,2,"After trying to unscramble the ciphertext ""vkodgt"", I couldn't find a meaningful word. So, I will continue by assuming it's a Caesar cipher and try decrypting it with different shifts:

Shift 1: ujncfs
Shift 2: timber
Shift 3: shldaq
Shift 4: rgkczp
Shift 5: qfjbyo

After trying different shifts, the decrypted text ""timber"" from shift 2 seems to be the most likely option. So, the decrypted message is ""timber"".",1,1,"After trying to unscramble the ciphertext ""vkodgt"", I couldn't find a meaningful word. So, I will co",1,1
vkodgt,timber,6,2,"After trying to unscramble the ciphertext ""vkodgt"", I couldn't find a meaningful word. So, I will continue by assuming it's a Caesar cipher and try decrypting it with different shifts:

Shift 1: ujncfs
Shift 2: timber
Shift 3: shldaq
Shift 4: rgkczp
Shift 5: qfjbyo

After trying different shifts, the decrypted text ""timber"" from shift 2 seems to be the most likely option. So, the decrypted message is ""timber"".",1,2,"After trying to unscramble the ciphertext ""vkodgt"", I couldn't find a meaningful word. So, I will continue by assuming it's a Caesar cipher and try de",1,1
vkodgt,timber,6,2,"After trying to unscramble the ciphertext ""vkodgt"", I couldn't find a meaningful word. So, I will continue by assuming it's a Caesar cipher and try decrypting it with different shifts:

Shift 1: ujncfs
Shift 2: timber
Shift 3: shldaq
Shift 4: rgkczp
Shift 5: qfjbyo

After trying different shifts, the decrypted text ""timber"" from shift 2 seems to be the most likely option. So, the decrypted message is ""timber"".",1,3,"After trying to unscramble the ciphertext ""vkodgt"", I couldn't find a meaningful word. So, I will continue by assuming it's a Caesar cipher and try decrypting it with different shifts:

Shift 1: ujncf",1,1
vkodgt,timber,6,2,"After trying to unscramble the ciphertext ""vkodgt"", I couldn't find a meaningful word. So, I will continue by assuming it's a Caesar cipher and try decrypting it with different shifts:

Shift 1: ujncfs
Shift 2: timber
Shift 3: shldaq
Shift 4: rgkczp
Shift 5: qfjbyo

After trying different shifts, the decrypted text ""timber"" from shift 2 seems to be the most likely option. So, the decrypted message is ""timber"".",1,4,"After trying to unscramble the ciphertext ""vkodgt"", I couldn't find a meaningful word. So, I will continue by assuming it's a Caesar cipher and try decrypting it with different shifts:

Shift 1: ujncfs
Shift 2: timber
Shift 3: shldaq
Shift 4: rgkczp
",1,1
vkodgt,timber,6,2,"After trying to unscramble the ciphertext ""vkodgt"", I couldn't find a meaningful word. So, I will continue by assuming it's a Caesar cipher and try decrypting it with different shifts:

Shift 1: ujncfs
Shift 2: timber
Shift 3: shldaq
Shift 4: rgkczp
Shift 5: qfjbyo

After trying different shifts, the decrypted text ""timber"" from shift 2 seems to be the most likely option. So, the decrypted message is ""timber"".",1,5,"After trying to unscramble the ciphertext ""vkodgt"", I couldn't find a meaningful word. So, I will continue by assuming it's a Caesar cipher and try decrypting it with different shifts:

Shift 1: ujncfs
Shift 2: timber
Shift 3: shldaq
Shift 4: rgkczp
Shift 5: qfjbyo

After trying different shifts, th",1,1
vkodgt,timber,6,2,"After trying to unscramble the ciphertext ""vkodgt"", I couldn't find a meaningful word. So, I will continue by assuming it's a Caesar cipher and try decrypting it with different shifts:

Shift 1: ujncfs
Shift 2: timber
Shift 3: shldaq
Shift 4: rgkczp
Shift 5: qfjbyo

After trying different shifts, the decrypted text ""timber"" from shift 2 seems to be the most likely option. So, the decrypted message is ""timber"".",1,6,"After trying to unscramble the ciphertext ""vkodgt"", I couldn't find a meaningful word. So, I will continue by assuming it's a Caesar cipher and try decrypting it with different shifts:

Shift 1: ujncfs
Shift 2: timber
Shift 3: shldaq
Shift 4: rgkczp
Shift 5: qfjbyo

After trying different shifts, the decrypted text ""timber"" from shift 2 seems to be",1,1
vkodgt,timber,6,2,"After trying to unscramble the ciphertext ""vkodgt"", I couldn't find a meaningful word. So, I will continue by assuming it's a Caesar cipher and try decrypting it with different shifts:

Shift 1: ujncfs
Shift 2: timber
Shift 3: shldaq
Shift 4: rgkczp
Shift 5: qfjbyo

After trying different shifts, the decrypted text ""timber"" from shift 2 seems to be the most likely option. So, the decrypted message is ""timber"".",1,7,"After trying to unscramble the ciphertext ""vkodgt"", I couldn't find a meaningful word. So, I will continue by assuming it's a Caesar cipher and try decrypting it with different shifts:

Shift 1: ujncfs
Shift 2: timber
Shift 3: shldaq
Shift 4: rgkczp
Shift 5: qfjbyo

After trying different shifts, the decrypted text ""timber"" from shift 2 seems to be the most likely option. So, the decrypted message",1,1
vkodgt,timber,6,2,"After trying to unscramble the ciphertext ""vkodgt"", I couldn't find a meaningful word. So, I will continue by assuming it's a Caesar cipher and try decrypting it with different shifts:

Shift 1: ujncfs
Shift 2: timber
Shift 3: shldaq
Shift 4: rgkczp
Shift 5: qfjbyo

After trying different shifts, the decrypted text ""timber"" from shift 2 seems to be the most likely option. So, the decrypted message is ""timber"".",1,8,"After trying to unscramble the ciphertext ""vkodgt"", I couldn't find a meaningful word. So, I will continue by assuming it's a Caesar cipher and try decrypting it with different shifts:

Shift 1: ujncfs
Shift 2: timber
Shift 3: shldaq
Shift 4: rgkczp
Shift 5: qfjbyo

After trying different shifts, the decrypted text ""timber"" from shift 2 seems to be the most likely option. So, the decrypted message is ""timber"".",1,1
kljkob,highly,6,3,"After trying to unscramble the letters ""kljkob"" as an anagram, I was not able to find a meaningful word. So, I will now try to decrypt it as a Caesar cipher using different shifts.

Shift 1:
kljkob -> jkijna

Shift 2:
kljkob -> ijhjmz

Shift 3:
kljkob -> higily

Shift 4:
kljkob -> ghfhkx

Shift 5:
kljkob -> fgegjw

None of the attempts to decrypt the ciphertext as a Caesar cipher have yielded a meaningful word. It's possible that it may be using a different cipher or encryption method. Let me know if there's anything else I can try.",0,0,"After trying to unscramble the letters ""kljkob"" as",0,2
kljkob,highly,6,3,"After trying to unscramble the letters ""kljkob"" as an anagram, I was not able to find a meaningful word. So, I will now try to decrypt it as a Caesar cipher using different shifts.

Shift 1:
kljkob -> jkijna

Shift 2:
kljkob -> ijhjmz

Shift 3:
kljkob -> higily

Shift 4:
kljkob -> ghfhkx

Shift 5:
kljkob -> fgegjw

None of the attempts to decrypt the ciphertext as a Caesar cipher have yielded a meaningful word. It's possible that it may be using a different cipher or encryption method. Let me know if there's anything else I can try.",0,1,"After trying to unscramble the letters ""kljkob"" as an anagram, I was not able to find a meaningful w",0,2
kljkob,highly,6,3,"After trying to unscramble the letters ""kljkob"" as an anagram, I was not able to find a meaningful word. So, I will now try to decrypt it as a Caesar cipher using different shifts.

Shift 1:
kljkob -> jkijna

Shift 2:
kljkob -> ijhjmz

Shift 3:
kljkob -> higily

Shift 4:
kljkob -> ghfhkx

Shift 5:
kljkob -> fgegjw

None of the attempts to decrypt the ciphertext as a Caesar cipher have yielded a meaningful word. It's possible that it may be using a different cipher or encryption method. Let me know if there's anything else I can try.",0,2,"After trying to unscramble the letters ""kljkob"" as an anagram, I was not able to find a meaningful word. So, I will now try to decrypt it as a Caesar ",1,2
kljkob,highly,6,3,"After trying to unscramble the letters ""kljkob"" as an anagram, I was not able to find a meaningful word. So, I will now try to decrypt it as a Caesar cipher using different shifts.

Shift 1:
kljkob -> jkijna

Shift 2:
kljkob -> ijhjmz

Shift 3:
kljkob -> higily

Shift 4:
kljkob -> ghfhkx

Shift 5:
kljkob -> fgegjw

None of the attempts to decrypt the ciphertext as a Caesar cipher have yielded a meaningful word. It's possible that it may be using a different cipher or encryption method. Let me know if there's anything else I can try.",0,3,"After trying to unscramble the letters ""kljkob"" as an anagram, I was not able to find a meaningful word. So, I will now try to decrypt it as a Caesar cipher using different shifts.

Shift 1:
kljkob ->",1,2
kljkob,highly,6,3,"After trying to unscramble the letters ""kljkob"" as an anagram, I was not able to find a meaningful word. So, I will now try to decrypt it as a Caesar cipher using different shifts.

Shift 1:
kljkob -> jkijna

Shift 2:
kljkob -> ijhjmz

Shift 3:
kljkob -> higily

Shift 4:
kljkob -> ghfhkx

Shift 5:
kljkob -> fgegjw

None of the attempts to decrypt the ciphertext as a Caesar cipher have yielded a meaningful word. It's possible that it may be using a different cipher or encryption method. Let me know if there's anything else I can try.",0,4,"After trying to unscramble the letters ""kljkob"" as an anagram, I was not able to find a meaningful word. So, I will now try to decrypt it as a Caesar cipher using different shifts.

Shift 1:
kljkob -> jkijna

Shift 2:
kljkob -> ijhjmz

Shift 3:
kljko",1,2
kljkob,highly,6,3,"After trying to unscramble the letters ""kljkob"" as an anagram, I was not able to find a meaningful word. So, I will now try to decrypt it as a Caesar cipher using different shifts.

Shift 1:
kljkob -> jkijna

Shift 2:
kljkob -> ijhjmz

Shift 3:
kljkob -> higily

Shift 4:
kljkob -> ghfhkx

Shift 5:
kljkob -> fgegjw

None of the attempts to decrypt the ciphertext as a Caesar cipher have yielded a meaningful word. It's possible that it may be using a different cipher or encryption method. Let me know if there's anything else I can try.",0,5,"After trying to unscramble the letters ""kljkob"" as an anagram, I was not able to find a meaningful word. So, I will now try to decrypt it as a Caesar cipher using different shifts.

Shift 1:
kljkob -> jkijna

Shift 2:
kljkob -> ijhjmz

Shift 3:
kljkob -> higily

Shift 4:
kljkob -> ghfhkx

Shift 5:
k",1,2
kljkob,highly,6,3,"After trying to unscramble the letters ""kljkob"" as an anagram, I was not able to find a meaningful word. So, I will now try to decrypt it as a Caesar cipher using different shifts.

Shift 1:
kljkob -> jkijna

Shift 2:
kljkob -> ijhjmz

Shift 3:
kljkob -> higily

Shift 4:
kljkob -> ghfhkx

Shift 5:
kljkob -> fgegjw

None of the attempts to decrypt the ciphertext as a Caesar cipher have yielded a meaningful word. It's possible that it may be using a different cipher or encryption method. Let me know if there's anything else I can try.",0,6,"After trying to unscramble the letters ""kljkob"" as an anagram, I was not able to find a meaningful word. So, I will now try to decrypt it as a Caesar cipher using different shifts.

Shift 1:
kljkob -> jkijna

Shift 2:
kljkob -> ijhjmz

Shift 3:
kljkob -> higily

Shift 4:
kljkob -> ghfhkx

Shift 5:
kljkob -> fgegjw

None of the attempts to decrypt t",1,2
kljkob,highly,6,3,"After trying to unscramble the letters ""kljkob"" as an anagram, I was not able to find a meaningful word. So, I will now try to decrypt it as a Caesar cipher using different shifts.

Shift 1:
kljkob -> jkijna

Shift 2:
kljkob -> ijhjmz

Shift 3:
kljkob -> higily

Shift 4:
kljkob -> ghfhkx

Shift 5:
kljkob -> fgegjw

None of the attempts to decrypt the ciphertext as a Caesar cipher have yielded a meaningful word. It's possible that it may be using a different cipher or encryption method. Let me know if there's anything else I can try.",0,7,"After trying to unscramble the letters ""kljkob"" as an anagram, I was not able to find a meaningful word. So, I will now try to decrypt it as a Caesar cipher using different shifts.

Shift 1:
kljkob -> jkijna

Shift 2:
kljkob -> ijhjmz

Shift 3:
kljkob -> higily

Shift 4:
kljkob -> ghfhkx

Shift 5:
kljkob -> fgegjw

None of the attempts to decrypt the ciphertext as a Caesar cipher have yielded a me",1,2
kljkob,highly,6,3,"After trying to unscramble the letters ""kljkob"" as an anagram, I was not able to find a meaningful word. So, I will now try to decrypt it as a Caesar cipher using different shifts.

Shift 1:
kljkob -> jkijna

Shift 2:
kljkob -> ijhjmz

Shift 3:
kljkob -> higily

Shift 4:
kljkob -> ghfhkx

Shift 5:
kljkob -> fgegjw

None of the attempts to decrypt the ciphertext as a Caesar cipher have yielded a meaningful word. It's possible that it may be using a different cipher or encryption method. Let me know if there's anything else I can try.",0,8,"After trying to unscramble the letters ""kljkob"" as an anagram, I was not able to find a meaningful word. So, I will now try to decrypt it as a Caesar cipher using different shifts.

Shift 1:
kljkob -> jkijna

Shift 2:
kljkob -> ijhjmz

Shift 3:
kljkob -> higily

Shift 4:
kljkob -> ghfhkx

Shift 5:
kljkob -> fgegjw

None of the attempts to decrypt the ciphertext as a Caesar cipher have yielded a meaningful word. It's possible that it may be using ",1,2
kljkob,highly,6,3,"After trying to unscramble the letters ""kljkob"" as an anagram, I was not able to find a meaningful word. So, I will now try to decrypt it as a Caesar cipher using different shifts.

Shift 1:
kljkob -> jkijna

Shift 2:
kljkob -> ijhjmz

Shift 3:
kljkob -> higily

Shift 4:
kljkob -> ghfhkx

Shift 5:
kljkob -> fgegjw

None of the attempts to decrypt the ciphertext as a Caesar cipher have yielded a meaningful word. It's possible that it may be using a different cipher or encryption method. Let me know if there's anything else I can try.",0,9,"After trying to unscramble the letters ""kljkob"" as an anagram, I was not able to find a meaningful word. So, I will now try to decrypt it as a Caesar cipher using different shifts.

Shift 1:
kljkob -> jkijna

Shift 2:
kljkob -> ijhjmz

Shift 3:
kljkob -> higily

Shift 4:
kljkob -> ghfhkx

Shift 5:
kljkob -> fgegjw

None of the attempts to decrypt the ciphertext as a Caesar cipher have yielded a meaningful word. It's possible that it may be using a different cipher or encryption method. Let me kn",1,2
kljkob,highly,6,3,"After trying to unscramble the letters ""kljkob"" as an anagram, I was not able to find a meaningful word. So, I will now try to decrypt it as a Caesar cipher using different shifts.

Shift 1:
kljkob -> jkijna

Shift 2:
kljkob -> ijhjmz

Shift 3:
kljkob -> higily

Shift 4:
kljkob -> ghfhkx

Shift 5:
kljkob -> fgegjw

None of the attempts to decrypt the ciphertext as a Caesar cipher have yielded a meaningful word. It's possible that it may be using a different cipher or encryption method. Let me know if there's anything else I can try.",0,10,"After trying to unscramble the letters ""kljkob"" as an anagram, I was not able to find a meaningful word. So, I will now try to decrypt it as a Caesar cipher using different shifts.

Shift 1:
kljkob -> jkijna

Shift 2:
kljkob -> ijhjmz

Shift 3:
kljkob -> higily

Shift 4:
kljkob -> ghfhkx

Shift 5:
kljkob -> fgegjw

None of the attempts to decrypt the ciphertext as a Caesar cipher have yielded a meaningful word. It's possible that it may be using a different cipher or encryption method. Let me know if there's anything else I can try.",1,2
hjkjkg,134340,6,3,"After trying different combinations, I couldn't find any meaningful word or phrase by unscrambling the ciphertext hjkjkg. Now, I'll try decrypting it using a Caesar cipher with different shifts.

Shift 1:
h -> g
j -> i
k -> j 
Result: gijijf

Shift 2:
h -> f
j -> h
k -> i 
Result: fhiijh

Shift 3:
h -> e
j -> g
k -> h 
Result: eghigh

Shift 4:
h -> d
j -> f
k -> g
Result: dfhjgf

Shift 5:
h -> c
j -> e
k -> f 
Result: cefife

None of the attempts with the Caesar cipher resulted in a meaningful decryption. It's possible that the original message is encoded using a different type of cipher. Let me know if you have any other clues or hints to help with decrypting the message.",0,0,"After trying different combinations, I couldn't fi",0,2
hjkjkg,134340,6,3,"After trying different combinations, I couldn't find any meaningful word or phrase by unscrambling the ciphertext hjkjkg. Now, I'll try decrypting it using a Caesar cipher with different shifts.

Shift 1:
h -> g
j -> i
k -> j 
Result: gijijf

Shift 2:
h -> f
j -> h
k -> i 
Result: fhiijh

Shift 3:
h -> e
j -> g
k -> h 
Result: eghigh

Shift 4:
h -> d
j -> f
k -> g
Result: dfhjgf

Shift 5:
h -> c
j -> e
k -> f 
Result: cefife

None of the attempts with the Caesar cipher resulted in a meaningful decryption. It's possible that the original message is encoded using a different type of cipher. Let me know if you have any other clues or hints to help with decrypting the message.",0,1,"After trying different combinations, I couldn't find any meaningful word or phrase by unscrambling t",0,2
hjkjkg,134340,6,3,"After trying different combinations, I couldn't find any meaningful word or phrase by unscrambling the ciphertext hjkjkg. Now, I'll try decrypting it using a Caesar cipher with different shifts.

Shift 1:
h -> g
j -> i
k -> j 
Result: gijijf

Shift 2:
h -> f
j -> h
k -> i 
Result: fhiijh

Shift 3:
h -> e
j -> g
k -> h 
Result: eghigh

Shift 4:
h -> d
j -> f
k -> g
Result: dfhjgf

Shift 5:
h -> c
j -> e
k -> f 
Result: cefife

None of the attempts with the Caesar cipher resulted in a meaningful decryption. It's possible that the original message is encoded using a different type of cipher. Let me know if you have any other clues or hints to help with decrypting the message.",0,2,"After trying different combinations, I couldn't find any meaningful word or phrase by unscrambling the ciphertext hjkjkg. Now, I'll try decrypting it ",1,2
hjkjkg,134340,6,3,"After trying different combinations, I couldn't find any meaningful word or phrase by unscrambling the ciphertext hjkjkg. Now, I'll try decrypting it using a Caesar cipher with different shifts.

Shift 1:
h -> g
j -> i
k -> j 
Result: gijijf

Shift 2:
h -> f
j -> h
k -> i 
Result: fhiijh

Shift 3:
h -> e
j -> g
k -> h 
Result: eghigh

Shift 4:
h -> d
j -> f
k -> g
Result: dfhjgf

Shift 5:
h -> c
j -> e
k -> f 
Result: cefife

None of the attempts with the Caesar cipher resulted in a meaningful decryption. It's possible that the original message is encoded using a different type of cipher. Let me know if you have any other clues or hints to help with decrypting the message.",0,3,"After trying different combinations, I couldn't find any meaningful word or phrase by unscrambling the ciphertext hjkjkg. Now, I'll try decrypting it using a Caesar cipher with different shifts.

Shif",1,2
hjkjkg,134340,6,3,"After trying different combinations, I couldn't find any meaningful word or phrase by unscrambling the ciphertext hjkjkg. Now, I'll try decrypting it using a Caesar cipher with different shifts.

Shift 1:
h -> g
j -> i
k -> j 
Result: gijijf

Shift 2:
h -> f
j -> h
k -> i 
Result: fhiijh

Shift 3:
h -> e
j -> g
k -> h 
Result: eghigh

Shift 4:
h -> d
j -> f
k -> g
Result: dfhjgf

Shift 5:
h -> c
j -> e
k -> f 
Result: cefife

None of the attempts with the Caesar cipher resulted in a meaningful decryption. It's possible that the original message is encoded using a different type of cipher. Let me know if you have any other clues or hints to help with decrypting the message.",0,4,"After trying different combinations, I couldn't find any meaningful word or phrase by unscrambling the ciphertext hjkjkg. Now, I'll try decrypting it using a Caesar cipher with different shifts.

Shift 1:
h -> g
j -> i
k -> j 
Result: gijijf

Shift 2",1,2
hjkjkg,134340,6,3,"After trying different combinations, I couldn't find any meaningful word or phrase by unscrambling the ciphertext hjkjkg. Now, I'll try decrypting it using a Caesar cipher with different shifts.

Shift 1:
h -> g
j -> i
k -> j 
Result: gijijf

Shift 2:
h -> f
j -> h
k -> i 
Result: fhiijh

Shift 3:
h -> e
j -> g
k -> h 
Result: eghigh

Shift 4:
h -> d
j -> f
k -> g
Result: dfhjgf

Shift 5:
h -> c
j -> e
k -> f 
Result: cefife

None of the attempts with the Caesar cipher resulted in a meaningful decryption. It's possible that the original message is encoded using a different type of cipher. Let me know if you have any other clues or hints to help with decrypting the message.",0,5,"After trying different combinations, I couldn't find any meaningful word or phrase by unscrambling the ciphertext hjkjkg. Now, I'll try decrypting it using a Caesar cipher with different shifts.

Shift 1:
h -> g
j -> i
k -> j 
Result: gijijf

Shift 2:
h -> f
j -> h
k -> i 
Result: fhiijh

Shift 3:
h",1,2
hjkjkg,134340,6,3,"After trying different combinations, I couldn't find any meaningful word or phrase by unscrambling the ciphertext hjkjkg. Now, I'll try decrypting it using a Caesar cipher with different shifts.

Shift 1:
h -> g
j -> i
k -> j 
Result: gijijf

Shift 2:
h -> f
j -> h
k -> i 
Result: fhiijh

Shift 3:
h -> e
j -> g
k -> h 
Result: eghigh

Shift 4:
h -> d
j -> f
k -> g
Result: dfhjgf

Shift 5:
h -> c
j -> e
k -> f 
Result: cefife

None of the attempts with the Caesar cipher resulted in a meaningful decryption. It's possible that the original message is encoded using a different type of cipher. Let me know if you have any other clues or hints to help with decrypting the message.",0,6,"After trying different combinations, I couldn't find any meaningful word or phrase by unscrambling the ciphertext hjkjkg. Now, I'll try decrypting it using a Caesar cipher with different shifts.

Shift 1:
h -> g
j -> i
k -> j 
Result: gijijf

Shift 2:
h -> f
j -> h
k -> i 
Result: fhiijh

Shift 3:
h -> e
j -> g
k -> h 
Result: eghigh

Shift 4:
h ->",1,2
hjkjkg,134340,6,3,"After trying different combinations, I couldn't find any meaningful word or phrase by unscrambling the ciphertext hjkjkg. Now, I'll try decrypting it using a Caesar cipher with different shifts.

Shift 1:
h -> g
j -> i
k -> j 
Result: gijijf

Shift 2:
h -> f
j -> h
k -> i 
Result: fhiijh

Shift 3:
h -> e
j -> g
k -> h 
Result: eghigh

Shift 4:
h -> d
j -> f
k -> g
Result: dfhjgf

Shift 5:
h -> c
j -> e
k -> f 
Result: cefife

None of the attempts with the Caesar cipher resulted in a meaningful decryption. It's possible that the original message is encoded using a different type of cipher. Let me know if you have any other clues or hints to help with decrypting the message.",0,7,"After trying different combinations, I couldn't find any meaningful word or phrase by unscrambling the ciphertext hjkjkg. Now, I'll try decrypting it using a Caesar cipher with different shifts.

Shift 1:
h -> g
j -> i
k -> j 
Result: gijijf

Shift 2:
h -> f
j -> h
k -> i 
Result: fhiijh

Shift 3:
h -> e
j -> g
k -> h 
Result: eghigh

Shift 4:
h -> d
j -> f
k -> g
Result: dfhjgf

Shift 5:
h -> c
j",1,2
hjkjkg,134340,6,3,"After trying different combinations, I couldn't find any meaningful word or phrase by unscrambling the ciphertext hjkjkg. Now, I'll try decrypting it using a Caesar cipher with different shifts.

Shift 1:
h -> g
j -> i
k -> j 
Result: gijijf

Shift 2:
h -> f
j -> h
k -> i 
Result: fhiijh

Shift 3:
h -> e
j -> g
k -> h 
Result: eghigh

Shift 4:
h -> d
j -> f
k -> g
Result: dfhjgf

Shift 5:
h -> c
j -> e
k -> f 
Result: cefife

None of the attempts with the Caesar cipher resulted in a meaningful decryption. It's possible that the original message is encoded using a different type of cipher. Let me know if you have any other clues or hints to help with decrypting the message.",0,8,"After trying different combinations, I couldn't find any meaningful word or phrase by unscrambling the ciphertext hjkjkg. Now, I'll try decrypting it using a Caesar cipher with different shifts.

Shift 1:
h -> g
j -> i
k -> j 
Result: gijijf

Shift 2:
h -> f
j -> h
k -> i 
Result: fhiijh

Shift 3:
h -> e
j -> g
k -> h 
Result: eghigh

Shift 4:
h -> d
j -> f
k -> g
Result: dfhjgf

Shift 5:
h -> c
j -> e
k -> f 
Result: cefife

None of the attempts",1,2
hjkjkg,134340,6,3,"After trying different combinations, I couldn't find any meaningful word or phrase by unscrambling the ciphertext hjkjkg. Now, I'll try decrypting it using a Caesar cipher with different shifts.

Shift 1:
h -> g
j -> i
k -> j 
Result: gijijf

Shift 2:
h -> f
j -> h
k -> i 
Result: fhiijh

Shift 3:
h -> e
j -> g
k -> h 
Result: eghigh

Shift 4:
h -> d
j -> f
k -> g
Result: dfhjgf

Shift 5:
h -> c
j -> e
k -> f 
Result: cefife

None of the attempts with the Caesar cipher resulted in a meaningful decryption. It's possible that the original message is encoded using a different type of cipher. Let me know if you have any other clues or hints to help with decrypting the message.",0,9,"After trying different combinations, I couldn't find any meaningful word or phrase by unscrambling the ciphertext hjkjkg. Now, I'll try decrypting it using a Caesar cipher with different shifts.

Shift 1:
h -> g
j -> i
k -> j 
Result: gijijf

Shift 2:
h -> f
j -> h
k -> i 
Result: fhiijh

Shift 3:
h -> e
j -> g
k -> h 
Result: eghigh

Shift 4:
h -> d
j -> f
k -> g
Result: dfhjgf

Shift 5:
h -> c
j -> e
k -> f 
Result: cefife

None of the attempts with the Caesar cipher resulted in a meaningful d",1,2
hjkjkg,134340,6,3,"After trying different combinations, I couldn't find any meaningful word or phrase by unscrambling the ciphertext hjkjkg. Now, I'll try decrypting it using a Caesar cipher with different shifts.

Shift 1:
h -> g
j -> i
k -> j 
Result: gijijf

Shift 2:
h -> f
j -> h
k -> i 
Result: fhiijh

Shift 3:
h -> e
j -> g
k -> h 
Result: eghigh

Shift 4:
h -> d
j -> f
k -> g
Result: dfhjgf

Shift 5:
h -> c
j -> e
k -> f 
Result: cefife

None of the attempts with the Caesar cipher resulted in a meaningful decryption. It's possible that the original message is encoded using a different type of cipher. Let me know if you have any other clues or hints to help with decrypting the message.",0,10,"After trying different combinations, I couldn't find any meaningful word or phrase by unscrambling the ciphertext hjkjkg. Now, I'll try decrypting it using a Caesar cipher with different shifts.

Shift 1:
h -> g
j -> i
k -> j 
Result: gijijf

Shift 2:
h -> f
j -> h
k -> i 
Result: fhiijh

Shift 3:
h -> e
j -> g
k -> h 
Result: eghigh

Shift 4:
h -> d
j -> f
k -> g
Result: dfhjgf

Shift 5:
h -> c
j -> e
k -> f 
Result: cefife

None of the attempts with the Caesar cipher resulted in a meaningful decryption. It's possible that the original message",1,2
hjkjkg,134340,6,3,"After trying different combinations, I couldn't find any meaningful word or phrase by unscrambling the ciphertext hjkjkg. Now, I'll try decrypting it using a Caesar cipher with different shifts.

Shift 1:
h -> g
j -> i
k -> j 
Result: gijijf

Shift 2:
h -> f
j -> h
k -> i 
Result: fhiijh

Shift 3:
h -> e
j -> g
k -> h 
Result: eghigh

Shift 4:
h -> d
j -> f
k -> g
Result: dfhjgf

Shift 5:
h -> c
j -> e
k -> f 
Result: cefife

None of the attempts with the Caesar cipher resulted in a meaningful decryption. It's possible that the original message is encoded using a different type of cipher. Let me know if you have any other clues or hints to help with decrypting the message.",0,11,"After trying different combinations, I couldn't find any meaningful word or phrase by unscrambling the ciphertext hjkjkg. Now, I'll try decrypting it using a Caesar cipher with different shifts.

Shift 1:
h -> g
j -> i
k -> j 
Result: gijijf

Shift 2:
h -> f
j -> h
k -> i 
Result: fhiijh

Shift 3:
h -> e
j -> g
k -> h 
Result: eghigh

Shift 4:
h -> d
j -> f
k -> g
Result: dfhjgf

Shift 5:
h -> c
j -> e
k -> f 
Result: cefife

None of the attempts with the Caesar cipher resulted in a meaningful decryption. It's possible that the original message is encoded using a different type of cipher. Let ",1,2
hjkjkg,134340,6,3,"After trying different combinations, I couldn't find any meaningful word or phrase by unscrambling the ciphertext hjkjkg. Now, I'll try decrypting it using a Caesar cipher with different shifts.

Shift 1:
h -> g
j -> i
k -> j 
Result: gijijf

Shift 2:
h -> f
j -> h
k -> i 
Result: fhiijh

Shift 3:
h -> e
j -> g
k -> h 
Result: eghigh

Shift 4:
h -> d
j -> f
k -> g
Result: dfhjgf

Shift 5:
h -> c
j -> e
k -> f 
Result: cefife

None of the attempts with the Caesar cipher resulted in a meaningful decryption. It's possible that the original message is encoded using a different type of cipher. Let me know if you have any other clues or hints to help with decrypting the message.",0,12,"After trying different combinations, I couldn't find any meaningful word or phrase by unscrambling the ciphertext hjkjkg. Now, I'll try decrypting it using a Caesar cipher with different shifts.

Shift 1:
h -> g
j -> i
k -> j 
Result: gijijf

Shift 2:
h -> f
j -> h
k -> i 
Result: fhiijh

Shift 3:
h -> e
j -> g
k -> h 
Result: eghigh

Shift 4:
h -> d
j -> f
k -> g
Result: dfhjgf

Shift 5:
h -> c
j -> e
k -> f 
Result: cefife

None of the attempts with the Caesar cipher resulted in a meaningful decryption. It's possible that the original message is encoded using a different type of cipher. Let me know if you have any other clues or hints to he",1,2
hjkjkg,134340,6,3,"After trying different combinations, I couldn't find any meaningful word or phrase by unscrambling the ciphertext hjkjkg. Now, I'll try decrypting it using a Caesar cipher with different shifts.

Shift 1:
h -> g
j -> i
k -> j 
Result: gijijf

Shift 2:
h -> f
j -> h
k -> i 
Result: fhiijh

Shift 3:
h -> e
j -> g
k -> h 
Result: eghigh

Shift 4:
h -> d
j -> f
k -> g
Result: dfhjgf

Shift 5:
h -> c
j -> e
k -> f 
Result: cefife

None of the attempts with the Caesar cipher resulted in a meaningful decryption. It's possible that the original message is encoded using a different type of cipher. Let me know if you have any other clues or hints to help with decrypting the message.",0,13,"After trying different combinations, I couldn't find any meaningful word or phrase by unscrambling the ciphertext hjkjkg. Now, I'll try decrypting it using a Caesar cipher with different shifts.

Shift 1:
h -> g
j -> i
k -> j 
Result: gijijf

Shift 2:
h -> f
j -> h
k -> i 
Result: fhiijh

Shift 3:
h -> e
j -> g
k -> h 
Result: eghigh

Shift 4:
h -> d
j -> f
k -> g
Result: dfhjgf

Shift 5:
h -> c
j -> e
k -> f 
Result: cefife

None of the attempts with the Caesar cipher resulted in a meaningful decryption. It's possible that the original message is encoded using a different type of cipher. Let me know if you have any other clues or hints to help with decrypting the message.",1,2
amrhsa,window,6,4,"After trying to unscramble the ciphertext ""amrhsa"", I couldn't find any meaningful word. Now, I will try decrypting it using a Caesar cipher with different shifts:

1. Shift 1:
amrhsa -> zlqgrz

2. Shift 2:
amrhsa -> ykpfqy

3. Shift 3:
amrhsa -> xjopex

4. Shift 4:
amrhsa -> winodw

5. Shift 5:
amrhsa -> vmncdv

None of the attempts at decrypting the ciphertext using Caesar cipher with different shifts resulted in a meaningful word. Therefore, it is likely that the original message was not encoded using a simple Caesar cipher.",0,0,"After trying to unscramble the ciphertext ""amrhsa""",0,1
amrhsa,window,6,4,"After trying to unscramble the ciphertext ""amrhsa"", I couldn't find any meaningful word. Now, I will try decrypting it using a Caesar cipher with different shifts:

1. Shift 1:
amrhsa -> zlqgrz

2. Shift 2:
amrhsa -> ykpfqy

3. Shift 3:
amrhsa -> xjopex

4. Shift 4:
amrhsa -> winodw

5. Shift 5:
amrhsa -> vmncdv

None of the attempts at decrypting the ciphertext using Caesar cipher with different shifts resulted in a meaningful word. Therefore, it is likely that the original message was not encoded using a simple Caesar cipher.",0,1,"After trying to unscramble the ciphertext ""amrhsa"", I couldn't find any meaningful word. Now, I will",1,1
amrhsa,window,6,4,"After trying to unscramble the ciphertext ""amrhsa"", I couldn't find any meaningful word. Now, I will try decrypting it using a Caesar cipher with different shifts:

1. Shift 1:
amrhsa -> zlqgrz

2. Shift 2:
amrhsa -> ykpfqy

3. Shift 3:
amrhsa -> xjopex

4. Shift 4:
amrhsa -> winodw

5. Shift 5:
amrhsa -> vmncdv

None of the attempts at decrypting the ciphertext using Caesar cipher with different shifts resulted in a meaningful word. Therefore, it is likely that the original message was not encoded using a simple Caesar cipher.",0,2,"After trying to unscramble the ciphertext ""amrhsa"", I couldn't find any meaningful word. Now, I will try decrypting it using a Caesar cipher with diff",1,1
amrhsa,window,6,4,"After trying to unscramble the ciphertext ""amrhsa"", I couldn't find any meaningful word. Now, I will try decrypting it using a Caesar cipher with different shifts:

1. Shift 1:
amrhsa -> zlqgrz

2. Shift 2:
amrhsa -> ykpfqy

3. Shift 3:
amrhsa -> xjopex

4. Shift 4:
amrhsa -> winodw

5. Shift 5:
amrhsa -> vmncdv

None of the attempts at decrypting the ciphertext using Caesar cipher with different shifts resulted in a meaningful word. Therefore, it is likely that the original message was not encoded using a simple Caesar cipher.",0,3,"After trying to unscramble the ciphertext ""amrhsa"", I couldn't find any meaningful word. Now, I will try decrypting it using a Caesar cipher with different shifts:

1. Shift 1:
amrhsa -> zlqgrz

2. Sh",1,1
amrhsa,window,6,4,"After trying to unscramble the ciphertext ""amrhsa"", I couldn't find any meaningful word. Now, I will try decrypting it using a Caesar cipher with different shifts:

1. Shift 1:
amrhsa -> zlqgrz

2. Shift 2:
amrhsa -> ykpfqy

3. Shift 3:
amrhsa -> xjopex

4. Shift 4:
amrhsa -> winodw

5. Shift 5:
amrhsa -> vmncdv

None of the attempts at decrypting the ciphertext using Caesar cipher with different shifts resulted in a meaningful word. Therefore, it is likely that the original message was not encoded using a simple Caesar cipher.",0,4,"After trying to unscramble the ciphertext ""amrhsa"", I couldn't find any meaningful word. Now, I will try decrypting it using a Caesar cipher with different shifts:

1. Shift 1:
amrhsa -> zlqgrz

2. Shift 2:
amrhsa -> ykpfqy

3. Shift 3:
amrhsa -> xjo",1,1
amrhsa,window,6,4,"After trying to unscramble the ciphertext ""amrhsa"", I couldn't find any meaningful word. Now, I will try decrypting it using a Caesar cipher with different shifts:

1. Shift 1:
amrhsa -> zlqgrz

2. Shift 2:
amrhsa -> ykpfqy

3. Shift 3:
amrhsa -> xjopex

4. Shift 4:
amrhsa -> winodw

5. Shift 5:
amrhsa -> vmncdv

None of the attempts at decrypting the ciphertext using Caesar cipher with different shifts resulted in a meaningful word. Therefore, it is likely that the original message was not encoded using a simple Caesar cipher.",0,5,"After trying to unscramble the ciphertext ""amrhsa"", I couldn't find any meaningful word. Now, I will try decrypting it using a Caesar cipher with different shifts:

1. Shift 1:
amrhsa -> zlqgrz

2. Shift 2:
amrhsa -> ykpfqy

3. Shift 3:
amrhsa -> xjopex

4. Shift 4:
amrhsa -> winodw

5. Shift 5:
amr",1,1
amrhsa,window,6,4,"After trying to unscramble the ciphertext ""amrhsa"", I couldn't find any meaningful word. Now, I will try decrypting it using a Caesar cipher with different shifts:

1. Shift 1:
amrhsa -> zlqgrz

2. Shift 2:
amrhsa -> ykpfqy

3. Shift 3:
amrhsa -> xjopex

4. Shift 4:
amrhsa -> winodw

5. Shift 5:
amrhsa -> vmncdv

None of the attempts at decrypting the ciphertext using Caesar cipher with different shifts resulted in a meaningful word. Therefore, it is likely that the original message was not encoded using a simple Caesar cipher.",0,6,"After trying to unscramble the ciphertext ""amrhsa"", I couldn't find any meaningful word. Now, I will try decrypting it using a Caesar cipher with different shifts:

1. Shift 1:
amrhsa -> zlqgrz

2. Shift 2:
amrhsa -> ykpfqy

3. Shift 3:
amrhsa -> xjopex

4. Shift 4:
amrhsa -> winodw

5. Shift 5:
amrhsa -> vmncdv

None of the attempts at decrypting ",1,1
amrhsa,window,6,4,"After trying to unscramble the ciphertext ""amrhsa"", I couldn't find any meaningful word. Now, I will try decrypting it using a Caesar cipher with different shifts:

1. Shift 1:
amrhsa -> zlqgrz

2. Shift 2:
amrhsa -> ykpfqy

3. Shift 3:
amrhsa -> xjopex

4. Shift 4:
amrhsa -> winodw

5. Shift 5:
amrhsa -> vmncdv

None of the attempts at decrypting the ciphertext using Caesar cipher with different shifts resulted in a meaningful word. Therefore, it is likely that the original message was not encoded using a simple Caesar cipher.",0,7,"After trying to unscramble the ciphertext ""amrhsa"", I couldn't find any meaningful word. Now, I will try decrypting it using a Caesar cipher with different shifts:

1. Shift 1:
amrhsa -> zlqgrz

2. Shift 2:
amrhsa -> ykpfqy

3. Shift 3:
amrhsa -> xjopex

4. Shift 4:
amrhsa -> winodw

5. Shift 5:
amrhsa -> vmncdv

None of the attempts at decrypting the ciphertext using Caesar cipher with different ",1,1
amrhsa,window,6,4,"After trying to unscramble the ciphertext ""amrhsa"", I couldn't find any meaningful word. Now, I will try decrypting it using a Caesar cipher with different shifts:

1. Shift 1:
amrhsa -> zlqgrz

2. Shift 2:
amrhsa -> ykpfqy

3. Shift 3:
amrhsa -> xjopex

4. Shift 4:
amrhsa -> winodw

5. Shift 5:
amrhsa -> vmncdv

None of the attempts at decrypting the ciphertext using Caesar cipher with different shifts resulted in a meaningful word. Therefore, it is likely that the original message was not encoded using a simple Caesar cipher.",0,8,"After trying to unscramble the ciphertext ""amrhsa"", I couldn't find any meaningful word. Now, I will try decrypting it using a Caesar cipher with different shifts:

1. Shift 1:
amrhsa -> zlqgrz

2. Shift 2:
amrhsa -> ykpfqy

3. Shift 3:
amrhsa -> xjopex

4. Shift 4:
amrhsa -> winodw

5. Shift 5:
amrhsa -> vmncdv

None of the attempts at decrypting the ciphertext using Caesar cipher with different shifts resulted in a meaningful word. Therefore, i",1,1
amrhsa,window,6,4,"After trying to unscramble the ciphertext ""amrhsa"", I couldn't find any meaningful word. Now, I will try decrypting it using a Caesar cipher with different shifts:

1. Shift 1:
amrhsa -> zlqgrz

2. Shift 2:
amrhsa -> ykpfqy

3. Shift 3:
amrhsa -> xjopex

4. Shift 4:
amrhsa -> winodw

5. Shift 5:
amrhsa -> vmncdv

None of the attempts at decrypting the ciphertext using Caesar cipher with different shifts resulted in a meaningful word. Therefore, it is likely that the original message was not encoded using a simple Caesar cipher.",0,9,"After trying to unscramble the ciphertext ""amrhsa"", I couldn't find any meaningful word. Now, I will try decrypting it using a Caesar cipher with different shifts:

1. Shift 1:
amrhsa -> zlqgrz

2. Shift 2:
amrhsa -> ykpfqy

3. Shift 3:
amrhsa -> xjopex

4. Shift 4:
amrhsa -> winodw

5. Shift 5:
amrhsa -> vmncdv

None of the attempts at decrypting the ciphertext using Caesar cipher with different shifts resulted in a meaningful word. Therefore, it is likely that the original message was not enco",1,1
amrhsa,window,6,4,"After trying to unscramble the ciphertext ""amrhsa"", I couldn't find any meaningful word. Now, I will try decrypting it using a Caesar cipher with different shifts:

1. Shift 1:
amrhsa -> zlqgrz

2. Shift 2:
amrhsa -> ykpfqy

3. Shift 3:
amrhsa -> xjopex

4. Shift 4:
amrhsa -> winodw

5. Shift 5:
amrhsa -> vmncdv

None of the attempts at decrypting the ciphertext using Caesar cipher with different shifts resulted in a meaningful word. Therefore, it is likely that the original message was not encoded using a simple Caesar cipher.",0,10,"After trying to unscramble the ciphertext ""amrhsa"", I couldn't find any meaningful word. Now, I will try decrypting it using a Caesar cipher with different shifts:

1. Shift 1:
amrhsa -> zlqgrz

2. Shift 2:
amrhsa -> ykpfqy

3. Shift 3:
amrhsa -> xjopex

4. Shift 4:
amrhsa -> winodw

5. Shift 5:
amrhsa -> vmncdv

None of the attempts at decrypting the ciphertext using Caesar cipher with different shifts resulted in a meaningful word. Therefore, it is likely that the original message was not encoded using a simple Caesar cipher.",1,1
irxmvi,entire,6,4,"After trying to unscramble ""irxmvi"", I couldn't find a meaningful word. Let's now try decrypting it using the Caesar cipher.

Shift 1: hsWlUh
Shift 2: grVkTg
Shift 3: fqUjSf
Shift 4: epTiRe
Shift 5: doShQd

After trying different shifts, none of the results look like meaningful words. Let me try some more shifts.

Shift 6: cnRgPc
Shift 7: bmQfOb
Shift 8: alPeNa
Shift 9: zkOdMz
Shift 10: yjNcLy

None of the shifts produced a meaningful word. Let me try one more shift.

Shift 11: xiMbKx

None of the shifts produced a readable word. The ciphertext ""irxmvi"" could be a Caesar cipher with a high shift value or it might be encrypted using a different method.",0,0,"After trying to unscramble ""irxmvi"", I couldn't fi",1,0
irxmvi,entire,6,4,"After trying to unscramble ""irxmvi"", I couldn't find a meaningful word. Let's now try decrypting it using the Caesar cipher.

Shift 1: hsWlUh
Shift 2: grVkTg
Shift 3: fqUjSf
Shift 4: epTiRe
Shift 5: doShQd

After trying different shifts, none of the results look like meaningful words. Let me try some more shifts.

Shift 6: cnRgPc
Shift 7: bmQfOb
Shift 8: alPeNa
Shift 9: zkOdMz
Shift 10: yjNcLy

None of the shifts produced a meaningful word. Let me try one more shift.

Shift 11: xiMbKx

None of the shifts produced a readable word. The ciphertext ""irxmvi"" could be a Caesar cipher with a high shift value or it might be encrypted using a different method.",0,1,"After trying to unscramble ""irxmvi"", I couldn't find a meaningful word. Let's now try decrypting it ",1,0
irxmvi,entire,6,4,"After trying to unscramble ""irxmvi"", I couldn't find a meaningful word. Let's now try decrypting it using the Caesar cipher.

Shift 1: hsWlUh
Shift 2: grVkTg
Shift 3: fqUjSf
Shift 4: epTiRe
Shift 5: doShQd

After trying different shifts, none of the results look like meaningful words. Let me try some more shifts.

Shift 6: cnRgPc
Shift 7: bmQfOb
Shift 8: alPeNa
Shift 9: zkOdMz
Shift 10: yjNcLy

None of the shifts produced a meaningful word. Let me try one more shift.

Shift 11: xiMbKx

None of the shifts produced a readable word. The ciphertext ""irxmvi"" could be a Caesar cipher with a high shift value or it might be encrypted using a different method.",0,2,"After trying to unscramble ""irxmvi"", I couldn't find a meaningful word. Let's now try decrypting it using the Caesar cipher.

Shift 1: hsWlUh
Shift 2:",1,0
irxmvi,entire,6,4,"After trying to unscramble ""irxmvi"", I couldn't find a meaningful word. Let's now try decrypting it using the Caesar cipher.

Shift 1: hsWlUh
Shift 2: grVkTg
Shift 3: fqUjSf
Shift 4: epTiRe
Shift 5: doShQd

After trying different shifts, none of the results look like meaningful words. Let me try some more shifts.

Shift 6: cnRgPc
Shift 7: bmQfOb
Shift 8: alPeNa
Shift 9: zkOdMz
Shift 10: yjNcLy

None of the shifts produced a meaningful word. Let me try one more shift.

Shift 11: xiMbKx

None of the shifts produced a readable word. The ciphertext ""irxmvi"" could be a Caesar cipher with a high shift value or it might be encrypted using a different method.",0,3,"After trying to unscramble ""irxmvi"", I couldn't find a meaningful word. Let's now try decrypting it using the Caesar cipher.

Shift 1: hsWlUh
Shift 2: grVkTg
Shift 3: fqUjSf
Shift 4: epTiRe
Shift 5: d",1,0
irxmvi,entire,6,4,"After trying to unscramble ""irxmvi"", I couldn't find a meaningful word. Let's now try decrypting it using the Caesar cipher.

Shift 1: hsWlUh
Shift 2: grVkTg
Shift 3: fqUjSf
Shift 4: epTiRe
Shift 5: doShQd

After trying different shifts, none of the results look like meaningful words. Let me try some more shifts.

Shift 6: cnRgPc
Shift 7: bmQfOb
Shift 8: alPeNa
Shift 9: zkOdMz
Shift 10: yjNcLy

None of the shifts produced a meaningful word. Let me try one more shift.

Shift 11: xiMbKx

None of the shifts produced a readable word. The ciphertext ""irxmvi"" could be a Caesar cipher with a high shift value or it might be encrypted using a different method.",0,4,"After trying to unscramble ""irxmvi"", I couldn't find a meaningful word. Let's now try decrypting it using the Caesar cipher.

Shift 1: hsWlUh
Shift 2: grVkTg
Shift 3: fqUjSf
Shift 4: epTiRe
Shift 5: doShQd

After trying different shifts, none of the ",1,0
irxmvi,entire,6,4,"After trying to unscramble ""irxmvi"", I couldn't find a meaningful word. Let's now try decrypting it using the Caesar cipher.

Shift 1: hsWlUh
Shift 2: grVkTg
Shift 3: fqUjSf
Shift 4: epTiRe
Shift 5: doShQd

After trying different shifts, none of the results look like meaningful words. Let me try some more shifts.

Shift 6: cnRgPc
Shift 7: bmQfOb
Shift 8: alPeNa
Shift 9: zkOdMz
Shift 10: yjNcLy

None of the shifts produced a meaningful word. Let me try one more shift.

Shift 11: xiMbKx

None of the shifts produced a readable word. The ciphertext ""irxmvi"" could be a Caesar cipher with a high shift value or it might be encrypted using a different method.",0,5,"After trying to unscramble ""irxmvi"", I couldn't find a meaningful word. Let's now try decrypting it using the Caesar cipher.

Shift 1: hsWlUh
Shift 2: grVkTg
Shift 3: fqUjSf
Shift 4: epTiRe
Shift 5: doShQd

After trying different shifts, none of the results look like meaningful words. Let me try som",1,0
irxmvi,entire,6,4,"After trying to unscramble ""irxmvi"", I couldn't find a meaningful word. Let's now try decrypting it using the Caesar cipher.

Shift 1: hsWlUh
Shift 2: grVkTg
Shift 3: fqUjSf
Shift 4: epTiRe
Shift 5: doShQd

After trying different shifts, none of the results look like meaningful words. Let me try some more shifts.

Shift 6: cnRgPc
Shift 7: bmQfOb
Shift 8: alPeNa
Shift 9: zkOdMz
Shift 10: yjNcLy

None of the shifts produced a meaningful word. Let me try one more shift.

Shift 11: xiMbKx

None of the shifts produced a readable word. The ciphertext ""irxmvi"" could be a Caesar cipher with a high shift value or it might be encrypted using a different method.",0,6,"After trying to unscramble ""irxmvi"", I couldn't find a meaningful word. Let's now try decrypting it using the Caesar cipher.

Shift 1: hsWlUh
Shift 2: grVkTg
Shift 3: fqUjSf
Shift 4: epTiRe
Shift 5: doShQd

After trying different shifts, none of the results look like meaningful words. Let me try some more shifts.

Shift 6: cnRgPc
Shift 7: bmQfOb
Sh",1,0
irxmvi,entire,6,4,"After trying to unscramble ""irxmvi"", I couldn't find a meaningful word. Let's now try decrypting it using the Caesar cipher.

Shift 1: hsWlUh
Shift 2: grVkTg
Shift 3: fqUjSf
Shift 4: epTiRe
Shift 5: doShQd

After trying different shifts, none of the results look like meaningful words. Let me try some more shifts.

Shift 6: cnRgPc
Shift 7: bmQfOb
Shift 8: alPeNa
Shift 9: zkOdMz
Shift 10: yjNcLy

None of the shifts produced a meaningful word. Let me try one more shift.

Shift 11: xiMbKx

None of the shifts produced a readable word. The ciphertext ""irxmvi"" could be a Caesar cipher with a high shift value or it might be encrypted using a different method.",0,7,"After trying to unscramble ""irxmvi"", I couldn't find a meaningful word. Let's now try decrypting it using the Caesar cipher.

Shift 1: hsWlUh
Shift 2: grVkTg
Shift 3: fqUjSf
Shift 4: epTiRe
Shift 5: doShQd

After trying different shifts, none of the results look like meaningful words. Let me try some more shifts.

Shift 6: cnRgPc
Shift 7: bmQfOb
Shift 8: alPeNa
Shift 9: zkOdMz
Shift 10: yjNcLy

No",1,0
irxmvi,entire,6,4,"After trying to unscramble ""irxmvi"", I couldn't find a meaningful word. Let's now try decrypting it using the Caesar cipher.

Shift 1: hsWlUh
Shift 2: grVkTg
Shift 3: fqUjSf
Shift 4: epTiRe
Shift 5: doShQd

After trying different shifts, none of the results look like meaningful words. Let me try some more shifts.

Shift 6: cnRgPc
Shift 7: bmQfOb
Shift 8: alPeNa
Shift 9: zkOdMz
Shift 10: yjNcLy

None of the shifts produced a meaningful word. Let me try one more shift.

Shift 11: xiMbKx

None of the shifts produced a readable word. The ciphertext ""irxmvi"" could be a Caesar cipher with a high shift value or it might be encrypted using a different method.",0,8,"After trying to unscramble ""irxmvi"", I couldn't find a meaningful word. Let's now try decrypting it using the Caesar cipher.

Shift 1: hsWlUh
Shift 2: grVkTg
Shift 3: fqUjSf
Shift 4: epTiRe
Shift 5: doShQd

After trying different shifts, none of the results look like meaningful words. Let me try some more shifts.

Shift 6: cnRgPc
Shift 7: bmQfOb
Shift 8: alPeNa
Shift 9: zkOdMz
Shift 10: yjNcLy

None of the shifts produced a meaningful word. Let m",1,0
irxmvi,entire,6,4,"After trying to unscramble ""irxmvi"", I couldn't find a meaningful word. Let's now try decrypting it using the Caesar cipher.

Shift 1: hsWlUh
Shift 2: grVkTg
Shift 3: fqUjSf
Shift 4: epTiRe
Shift 5: doShQd

After trying different shifts, none of the results look like meaningful words. Let me try some more shifts.

Shift 6: cnRgPc
Shift 7: bmQfOb
Shift 8: alPeNa
Shift 9: zkOdMz
Shift 10: yjNcLy

None of the shifts produced a meaningful word. Let me try one more shift.

Shift 11: xiMbKx

None of the shifts produced a readable word. The ciphertext ""irxmvi"" could be a Caesar cipher with a high shift value or it might be encrypted using a different method.",0,9,"After trying to unscramble ""irxmvi"", I couldn't find a meaningful word. Let's now try decrypting it using the Caesar cipher.

Shift 1: hsWlUh
Shift 2: grVkTg
Shift 3: fqUjSf
Shift 4: epTiRe
Shift 5: doShQd

After trying different shifts, none of the results look like meaningful words. Let me try some more shifts.

Shift 6: cnRgPc
Shift 7: bmQfOb
Shift 8: alPeNa
Shift 9: zkOdMz
Shift 10: yjNcLy

None of the shifts produced a meaningful word. Let me try one more shift.

Shift 11: xiMbKx

None of t",1,0
irxmvi,entire,6,4,"After trying to unscramble ""irxmvi"", I couldn't find a meaningful word. Let's now try decrypting it using the Caesar cipher.

Shift 1: hsWlUh
Shift 2: grVkTg
Shift 3: fqUjSf
Shift 4: epTiRe
Shift 5: doShQd

After trying different shifts, none of the results look like meaningful words. Let me try some more shifts.

Shift 6: cnRgPc
Shift 7: bmQfOb
Shift 8: alPeNa
Shift 9: zkOdMz
Shift 10: yjNcLy

None of the shifts produced a meaningful word. Let me try one more shift.

Shift 11: xiMbKx

None of the shifts produced a readable word. The ciphertext ""irxmvi"" could be a Caesar cipher with a high shift value or it might be encrypted using a different method.",0,10,"After trying to unscramble ""irxmvi"", I couldn't find a meaningful word. Let's now try decrypting it using the Caesar cipher.

Shift 1: hsWlUh
Shift 2: grVkTg
Shift 3: fqUjSf
Shift 4: epTiRe
Shift 5: doShQd

After trying different shifts, none of the results look like meaningful words. Let me try some more shifts.

Shift 6: cnRgPc
Shift 7: bmQfOb
Shift 8: alPeNa
Shift 9: zkOdMz
Shift 10: yjNcLy

None of the shifts produced a meaningful word. Let me try one more shift.

Shift 11: xiMbKx

None of the shifts produced a readable word. The ciphertext",1,0
irxmvi,entire,6,4,"After trying to unscramble ""irxmvi"", I couldn't find a meaningful word. Let's now try decrypting it using the Caesar cipher.

Shift 1: hsWlUh
Shift 2: grVkTg
Shift 3: fqUjSf
Shift 4: epTiRe
Shift 5: doShQd

After trying different shifts, none of the results look like meaningful words. Let me try some more shifts.

Shift 6: cnRgPc
Shift 7: bmQfOb
Shift 8: alPeNa
Shift 9: zkOdMz
Shift 10: yjNcLy

None of the shifts produced a meaningful word. Let me try one more shift.

Shift 11: xiMbKx

None of the shifts produced a readable word. The ciphertext ""irxmvi"" could be a Caesar cipher with a high shift value or it might be encrypted using a different method.",0,11,"After trying to unscramble ""irxmvi"", I couldn't find a meaningful word. Let's now try decrypting it using the Caesar cipher.

Shift 1: hsWlUh
Shift 2: grVkTg
Shift 3: fqUjSf
Shift 4: epTiRe
Shift 5: doShQd

After trying different shifts, none of the results look like meaningful words. Let me try some more shifts.

Shift 6: cnRgPc
Shift 7: bmQfOb
Shift 8: alPeNa
Shift 9: zkOdMz
Shift 10: yjNcLy

None of the shifts produced a meaningful word. Let me try one more shift.

Shift 11: xiMbKx

None of the shifts produced a readable word. The ciphertext ""irxmvi"" could be a Caesar cipher with a high shi",1,0
irxmvi,entire,6,4,"After trying to unscramble ""irxmvi"", I couldn't find a meaningful word. Let's now try decrypting it using the Caesar cipher.

Shift 1: hsWlUh
Shift 2: grVkTg
Shift 3: fqUjSf
Shift 4: epTiRe
Shift 5: doShQd

After trying different shifts, none of the results look like meaningful words. Let me try some more shifts.

Shift 6: cnRgPc
Shift 7: bmQfOb
Shift 8: alPeNa
Shift 9: zkOdMz
Shift 10: yjNcLy

None of the shifts produced a meaningful word. Let me try one more shift.

Shift 11: xiMbKx

None of the shifts produced a readable word. The ciphertext ""irxmvi"" could be a Caesar cipher with a high shift value or it might be encrypted using a different method.",0,12,"After trying to unscramble ""irxmvi"", I couldn't find a meaningful word. Let's now try decrypting it using the Caesar cipher.

Shift 1: hsWlUh
Shift 2: grVkTg
Shift 3: fqUjSf
Shift 4: epTiRe
Shift 5: doShQd

After trying different shifts, none of the results look like meaningful words. Let me try some more shifts.

Shift 6: cnRgPc
Shift 7: bmQfOb
Shift 8: alPeNa
Shift 9: zkOdMz
Shift 10: yjNcLy

None of the shifts produced a meaningful word. Let me try one more shift.

Shift 11: xiMbKx

None of the shifts produced a readable word. The ciphertext ""irxmvi"" could be a Caesar cipher with a high shift value or it might be encrypted using a differen",1,0
irxmvi,entire,6,4,"After trying to unscramble ""irxmvi"", I couldn't find a meaningful word. Let's now try decrypting it using the Caesar cipher.

Shift 1: hsWlUh
Shift 2: grVkTg
Shift 3: fqUjSf
Shift 4: epTiRe
Shift 5: doShQd

After trying different shifts, none of the results look like meaningful words. Let me try some more shifts.

Shift 6: cnRgPc
Shift 7: bmQfOb
Shift 8: alPeNa
Shift 9: zkOdMz
Shift 10: yjNcLy

None of the shifts produced a meaningful word. Let me try one more shift.

Shift 11: xiMbKx

None of the shifts produced a readable word. The ciphertext ""irxmvi"" could be a Caesar cipher with a high shift value or it might be encrypted using a different method.",0,13,"After trying to unscramble ""irxmvi"", I couldn't find a meaningful word. Let's now try decrypting it using the Caesar cipher.

Shift 1: hsWlUh
Shift 2: grVkTg
Shift 3: fqUjSf
Shift 4: epTiRe
Shift 5: doShQd

After trying different shifts, none of the results look like meaningful words. Let me try some more shifts.

Shift 6: cnRgPc
Shift 7: bmQfOb
Shift 8: alPeNa
Shift 9: zkOdMz
Shift 10: yjNcLy

None of the shifts produced a meaningful word. Let me try one more shift.

Shift 11: xiMbKx

None of the shifts produced a readable word. The ciphertext ""irxmvi"" could be a Caesar cipher with a high shift value or it might be encrypted using a different method.",1,0
jstzlm,enough,6,5,"After attempting to unscramble the ciphertext, I was unable to find a meaningful word. Next, I will try decrypting it as a Caesar cipher with different shifts.

Shift 1:
jstzlm -> irsykl

Shift 2:
jstzlm -> hqrxjk

Shift 3:
jstzlm -> gpqwij

Shift 4:
jstzlm -> fopvhi

Shift 5:
jstzlm -> enougj

None of the decrypted texts from the Caesar cipher reveal a meaningful word. It's possible that the ciphertext may be a different type of cipher or encoded in another way.",0,0,"After attempting to unscramble the ciphertext, I w",0,1
jstzlm,enough,6,5,"After attempting to unscramble the ciphertext, I was unable to find a meaningful word. Next, I will try decrypting it as a Caesar cipher with different shifts.

Shift 1:
jstzlm -> irsykl

Shift 2:
jstzlm -> hqrxjk

Shift 3:
jstzlm -> gpqwij

Shift 4:
jstzlm -> fopvhi

Shift 5:
jstzlm -> enougj

None of the decrypted texts from the Caesar cipher reveal a meaningful word. It's possible that the ciphertext may be a different type of cipher or encoded in another way.",0,1,"After attempting to unscramble the ciphertext, I was unable to find a meaningful word. Next, I will ",1,1
jstzlm,enough,6,5,"After attempting to unscramble the ciphertext, I was unable to find a meaningful word. Next, I will try decrypting it as a Caesar cipher with different shifts.

Shift 1:
jstzlm -> irsykl

Shift 2:
jstzlm -> hqrxjk

Shift 3:
jstzlm -> gpqwij

Shift 4:
jstzlm -> fopvhi

Shift 5:
jstzlm -> enougj

None of the decrypted texts from the Caesar cipher reveal a meaningful word. It's possible that the ciphertext may be a different type of cipher or encoded in another way.",0,2,"After attempting to unscramble the ciphertext, I was unable to find a meaningful word. Next, I will try decrypting it as a Caesar cipher with differen",1,1
jstzlm,enough,6,5,"After attempting to unscramble the ciphertext, I was unable to find a meaningful word. Next, I will try decrypting it as a Caesar cipher with different shifts.

Shift 1:
jstzlm -> irsykl

Shift 2:
jstzlm -> hqrxjk

Shift 3:
jstzlm -> gpqwij

Shift 4:
jstzlm -> fopvhi

Shift 5:
jstzlm -> enougj

None of the decrypted texts from the Caesar cipher reveal a meaningful word. It's possible that the ciphertext may be a different type of cipher or encoded in another way.",0,3,"After attempting to unscramble the ciphertext, I was unable to find a meaningful word. Next, I will try decrypting it as a Caesar cipher with different shifts.

Shift 1:
jstzlm -> irsykl

Shift 2:
jst",1,1
jstzlm,enough,6,5,"After attempting to unscramble the ciphertext, I was unable to find a meaningful word. Next, I will try decrypting it as a Caesar cipher with different shifts.

Shift 1:
jstzlm -> irsykl

Shift 2:
jstzlm -> hqrxjk

Shift 3:
jstzlm -> gpqwij

Shift 4:
jstzlm -> fopvhi

Shift 5:
jstzlm -> enougj

None of the decrypted texts from the Caesar cipher reveal a meaningful word. It's possible that the ciphertext may be a different type of cipher or encoded in another way.",0,4,"After attempting to unscramble the ciphertext, I was unable to find a meaningful word. Next, I will try decrypting it as a Caesar cipher with different shifts.

Shift 1:
jstzlm -> irsykl

Shift 2:
jstzlm -> hqrxjk

Shift 3:
jstzlm -> gpqwij

Shift 4:",1,1
jstzlm,enough,6,5,"After attempting to unscramble the ciphertext, I was unable to find a meaningful word. Next, I will try decrypting it as a Caesar cipher with different shifts.

Shift 1:
jstzlm -> irsykl

Shift 2:
jstzlm -> hqrxjk

Shift 3:
jstzlm -> gpqwij

Shift 4:
jstzlm -> fopvhi

Shift 5:
jstzlm -> enougj

None of the decrypted texts from the Caesar cipher reveal a meaningful word. It's possible that the ciphertext may be a different type of cipher or encoded in another way.",0,5,"After attempting to unscramble the ciphertext, I was unable to find a meaningful word. Next, I will try decrypting it as a Caesar cipher with different shifts.

Shift 1:
jstzlm -> irsykl

Shift 2:
jstzlm -> hqrxjk

Shift 3:
jstzlm -> gpqwij

Shift 4:
jstzlm -> fopvhi

Shift 5:
jstzlm -> enougj

None",1,1
jstzlm,enough,6,5,"After attempting to unscramble the ciphertext, I was unable to find a meaningful word. Next, I will try decrypting it as a Caesar cipher with different shifts.

Shift 1:
jstzlm -> irsykl

Shift 2:
jstzlm -> hqrxjk

Shift 3:
jstzlm -> gpqwij

Shift 4:
jstzlm -> fopvhi

Shift 5:
jstzlm -> enougj

None of the decrypted texts from the Caesar cipher reveal a meaningful word. It's possible that the ciphertext may be a different type of cipher or encoded in another way.",0,6,"After attempting to unscramble the ciphertext, I was unable to find a meaningful word. Next, I will try decrypting it as a Caesar cipher with different shifts.

Shift 1:
jstzlm -> irsykl

Shift 2:
jstzlm -> hqrxjk

Shift 3:
jstzlm -> gpqwij

Shift 4:
jstzlm -> fopvhi

Shift 5:
jstzlm -> enougj

None of the decrypted texts from the Caesar cipher rev",1,1
jstzlm,enough,6,5,"After attempting to unscramble the ciphertext, I was unable to find a meaningful word. Next, I will try decrypting it as a Caesar cipher with different shifts.

Shift 1:
jstzlm -> irsykl

Shift 2:
jstzlm -> hqrxjk

Shift 3:
jstzlm -> gpqwij

Shift 4:
jstzlm -> fopvhi

Shift 5:
jstzlm -> enougj

None of the decrypted texts from the Caesar cipher reveal a meaningful word. It's possible that the ciphertext may be a different type of cipher or encoded in another way.",0,7,"After attempting to unscramble the ciphertext, I was unable to find a meaningful word. Next, I will try decrypting it as a Caesar cipher with different shifts.

Shift 1:
jstzlm -> irsykl

Shift 2:
jstzlm -> hqrxjk

Shift 3:
jstzlm -> gpqwij

Shift 4:
jstzlm -> fopvhi

Shift 5:
jstzlm -> enougj

None of the decrypted texts from the Caesar cipher reveal a meaningful word. It's possible that the ciph",1,1
jstzlm,enough,6,5,"After attempting to unscramble the ciphertext, I was unable to find a meaningful word. Next, I will try decrypting it as a Caesar cipher with different shifts.

Shift 1:
jstzlm -> irsykl

Shift 2:
jstzlm -> hqrxjk

Shift 3:
jstzlm -> gpqwij

Shift 4:
jstzlm -> fopvhi

Shift 5:
jstzlm -> enougj

None of the decrypted texts from the Caesar cipher reveal a meaningful word. It's possible that the ciphertext may be a different type of cipher or encoded in another way.",0,8,"After attempting to unscramble the ciphertext, I was unable to find a meaningful word. Next, I will try decrypting it as a Caesar cipher with different shifts.

Shift 1:
jstzlm -> irsykl

Shift 2:
jstzlm -> hqrxjk

Shift 3:
jstzlm -> gpqwij

Shift 4:
jstzlm -> fopvhi

Shift 5:
jstzlm -> enougj

None of the decrypted texts from the Caesar cipher reveal a meaningful word. It's possible that the ciphertext may be a different type of cipher or encode",1,1
jstzlm,enough,6,5,"After attempting to unscramble the ciphertext, I was unable to find a meaningful word. Next, I will try decrypting it as a Caesar cipher with different shifts.

Shift 1:
jstzlm -> irsykl

Shift 2:
jstzlm -> hqrxjk

Shift 3:
jstzlm -> gpqwij

Shift 4:
jstzlm -> fopvhi

Shift 5:
jstzlm -> enougj

None of the decrypted texts from the Caesar cipher reveal a meaningful word. It's possible that the ciphertext may be a different type of cipher or encoded in another way.",0,9,"After attempting to unscramble the ciphertext, I was unable to find a meaningful word. Next, I will try decrypting it as a Caesar cipher with different shifts.

Shift 1:
jstzlm -> irsykl

Shift 2:
jstzlm -> hqrxjk

Shift 3:
jstzlm -> gpqwij

Shift 4:
jstzlm -> fopvhi

Shift 5:
jstzlm -> enougj

None of the decrypted texts from the Caesar cipher reveal a meaningful word. It's possible that the ciphertext may be a different type of cipher or encoded in another way.",1,1
mzslwd,hungry,6,5,"After attempting multiple combinations, I was not able to unscramble the text. Let's try decrypting it using a Caesar cipher with various shift values.

Shift 1:
mzslwd -> natmxe

Shift 2:
mzslwd -> obunyf

Shift 3:
mzslwd -> pcvozg

Shift 4:
mzslwd -> qdwpah

Shift 5:
mzslwd -> rexqbi

The decrypted text for each of the shifts did not reveal any meaningful message. Let's continue testing with more shifts.

Shift 6:
mzslwd -> sfyrcj

Shift 7:
mzslwd -> tzgsdk

Shift 8:
mzslwd -> uahtel

Shift 9:
mzslwd -> vbiumf

Shift 10:
mzslwd -> wcjvng

After testing a total of 10 shifts, no meaningful message was found. The ciphertext ""mzslwd"" remains unresolved.",0,0,"After attempting multiple combinations, I was not ",1,0
mzslwd,hungry,6,5,"After attempting multiple combinations, I was not able to unscramble the text. Let's try decrypting it using a Caesar cipher with various shift values.

Shift 1:
mzslwd -> natmxe

Shift 2:
mzslwd -> obunyf

Shift 3:
mzslwd -> pcvozg

Shift 4:
mzslwd -> qdwpah

Shift 5:
mzslwd -> rexqbi

The decrypted text for each of the shifts did not reveal any meaningful message. Let's continue testing with more shifts.

Shift 6:
mzslwd -> sfyrcj

Shift 7:
mzslwd -> tzgsdk

Shift 8:
mzslwd -> uahtel

Shift 9:
mzslwd -> vbiumf

Shift 10:
mzslwd -> wcjvng

After testing a total of 10 shifts, no meaningful message was found. The ciphertext ""mzslwd"" remains unresolved.",0,1,"After attempting multiple combinations, I was not able to unscramble the text. Let's try decrypting ",1,0
mzslwd,hungry,6,5,"After attempting multiple combinations, I was not able to unscramble the text. Let's try decrypting it using a Caesar cipher with various shift values.

Shift 1:
mzslwd -> natmxe

Shift 2:
mzslwd -> obunyf

Shift 3:
mzslwd -> pcvozg

Shift 4:
mzslwd -> qdwpah

Shift 5:
mzslwd -> rexqbi

The decrypted text for each of the shifts did not reveal any meaningful message. Let's continue testing with more shifts.

Shift 6:
mzslwd -> sfyrcj

Shift 7:
mzslwd -> tzgsdk

Shift 8:
mzslwd -> uahtel

Shift 9:
mzslwd -> vbiumf

Shift 10:
mzslwd -> wcjvng

After testing a total of 10 shifts, no meaningful message was found. The ciphertext ""mzslwd"" remains unresolved.",0,2,"After attempting multiple combinations, I was not able to unscramble the text. Let's try decrypting it using a Caesar cipher with various shift values",1,0
mzslwd,hungry,6,5,"After attempting multiple combinations, I was not able to unscramble the text. Let's try decrypting it using a Caesar cipher with various shift values.

Shift 1:
mzslwd -> natmxe

Shift 2:
mzslwd -> obunyf

Shift 3:
mzslwd -> pcvozg

Shift 4:
mzslwd -> qdwpah

Shift 5:
mzslwd -> rexqbi

The decrypted text for each of the shifts did not reveal any meaningful message. Let's continue testing with more shifts.

Shift 6:
mzslwd -> sfyrcj

Shift 7:
mzslwd -> tzgsdk

Shift 8:
mzslwd -> uahtel

Shift 9:
mzslwd -> vbiumf

Shift 10:
mzslwd -> wcjvng

After testing a total of 10 shifts, no meaningful message was found. The ciphertext ""mzslwd"" remains unresolved.",0,3,"After attempting multiple combinations, I was not able to unscramble the text. Let's try decrypting it using a Caesar cipher with various shift values.

Shift 1:
mzslwd -> natmxe

Shift 2:
mzslwd -> o",1,0
mzslwd,hungry,6,5,"After attempting multiple combinations, I was not able to unscramble the text. Let's try decrypting it using a Caesar cipher with various shift values.

Shift 1:
mzslwd -> natmxe

Shift 2:
mzslwd -> obunyf

Shift 3:
mzslwd -> pcvozg

Shift 4:
mzslwd -> qdwpah

Shift 5:
mzslwd -> rexqbi

The decrypted text for each of the shifts did not reveal any meaningful message. Let's continue testing with more shifts.

Shift 6:
mzslwd -> sfyrcj

Shift 7:
mzslwd -> tzgsdk

Shift 8:
mzslwd -> uahtel

Shift 9:
mzslwd -> vbiumf

Shift 10:
mzslwd -> wcjvng

After testing a total of 10 shifts, no meaningful message was found. The ciphertext ""mzslwd"" remains unresolved.",0,4,"After attempting multiple combinations, I was not able to unscramble the text. Let's try decrypting it using a Caesar cipher with various shift values.

Shift 1:
mzslwd -> natmxe

Shift 2:
mzslwd -> obunyf

Shift 3:
mzslwd -> pcvozg

Shift 4:
mzslwd ",1,0
mzslwd,hungry,6,5,"After attempting multiple combinations, I was not able to unscramble the text. Let's try decrypting it using a Caesar cipher with various shift values.

Shift 1:
mzslwd -> natmxe

Shift 2:
mzslwd -> obunyf

Shift 3:
mzslwd -> pcvozg

Shift 4:
mzslwd -> qdwpah

Shift 5:
mzslwd -> rexqbi

The decrypted text for each of the shifts did not reveal any meaningful message. Let's continue testing with more shifts.

Shift 6:
mzslwd -> sfyrcj

Shift 7:
mzslwd -> tzgsdk

Shift 8:
mzslwd -> uahtel

Shift 9:
mzslwd -> vbiumf

Shift 10:
mzslwd -> wcjvng

After testing a total of 10 shifts, no meaningful message was found. The ciphertext ""mzslwd"" remains unresolved.",0,5,"After attempting multiple combinations, I was not able to unscramble the text. Let's try decrypting it using a Caesar cipher with various shift values.

Shift 1:
mzslwd -> natmxe

Shift 2:
mzslwd -> obunyf

Shift 3:
mzslwd -> pcvozg

Shift 4:
mzslwd -> qdwpah

Shift 5:
mzslwd -> rexqbi

The decrypte",1,0
mzslwd,hungry,6,5,"After attempting multiple combinations, I was not able to unscramble the text. Let's try decrypting it using a Caesar cipher with various shift values.

Shift 1:
mzslwd -> natmxe

Shift 2:
mzslwd -> obunyf

Shift 3:
mzslwd -> pcvozg

Shift 4:
mzslwd -> qdwpah

Shift 5:
mzslwd -> rexqbi

The decrypted text for each of the shifts did not reveal any meaningful message. Let's continue testing with more shifts.

Shift 6:
mzslwd -> sfyrcj

Shift 7:
mzslwd -> tzgsdk

Shift 8:
mzslwd -> uahtel

Shift 9:
mzslwd -> vbiumf

Shift 10:
mzslwd -> wcjvng

After testing a total of 10 shifts, no meaningful message was found. The ciphertext ""mzslwd"" remains unresolved.",0,6,"After attempting multiple combinations, I was not able to unscramble the text. Let's try decrypting it using a Caesar cipher with various shift values.

Shift 1:
mzslwd -> natmxe

Shift 2:
mzslwd -> obunyf

Shift 3:
mzslwd -> pcvozg

Shift 4:
mzslwd -> qdwpah

Shift 5:
mzslwd -> rexqbi

The decrypted text for each of the shifts did not reveal any m",1,0
mzslwd,hungry,6,5,"After attempting multiple combinations, I was not able to unscramble the text. Let's try decrypting it using a Caesar cipher with various shift values.

Shift 1:
mzslwd -> natmxe

Shift 2:
mzslwd -> obunyf

Shift 3:
mzslwd -> pcvozg

Shift 4:
mzslwd -> qdwpah

Shift 5:
mzslwd -> rexqbi

The decrypted text for each of the shifts did not reveal any meaningful message. Let's continue testing with more shifts.

Shift 6:
mzslwd -> sfyrcj

Shift 7:
mzslwd -> tzgsdk

Shift 8:
mzslwd -> uahtel

Shift 9:
mzslwd -> vbiumf

Shift 10:
mzslwd -> wcjvng

After testing a total of 10 shifts, no meaningful message was found. The ciphertext ""mzslwd"" remains unresolved.",0,7,"After attempting multiple combinations, I was not able to unscramble the text. Let's try decrypting it using a Caesar cipher with various shift values.

Shift 1:
mzslwd -> natmxe

Shift 2:
mzslwd -> obunyf

Shift 3:
mzslwd -> pcvozg

Shift 4:
mzslwd -> qdwpah

Shift 5:
mzslwd -> rexqbi

The decrypted text for each of the shifts did not reveal any meaningful message. Let's continue testing with mor",1,0
mzslwd,hungry,6,5,"After attempting multiple combinations, I was not able to unscramble the text. Let's try decrypting it using a Caesar cipher with various shift values.

Shift 1:
mzslwd -> natmxe

Shift 2:
mzslwd -> obunyf

Shift 3:
mzslwd -> pcvozg

Shift 4:
mzslwd -> qdwpah

Shift 5:
mzslwd -> rexqbi

The decrypted text for each of the shifts did not reveal any meaningful message. Let's continue testing with more shifts.

Shift 6:
mzslwd -> sfyrcj

Shift 7:
mzslwd -> tzgsdk

Shift 8:
mzslwd -> uahtel

Shift 9:
mzslwd -> vbiumf

Shift 10:
mzslwd -> wcjvng

After testing a total of 10 shifts, no meaningful message was found. The ciphertext ""mzslwd"" remains unresolved.",0,8,"After attempting multiple combinations, I was not able to unscramble the text. Let's try decrypting it using a Caesar cipher with various shift values.

Shift 1:
mzslwd -> natmxe

Shift 2:
mzslwd -> obunyf

Shift 3:
mzslwd -> pcvozg

Shift 4:
mzslwd -> qdwpah

Shift 5:
mzslwd -> rexqbi

The decrypted text for each of the shifts did not reveal any meaningful message. Let's continue testing with more shifts.

Shift 6:
mzslwd -> sfyrcj

Shift 7:
mzs",1,0
mzslwd,hungry,6,5,"After attempting multiple combinations, I was not able to unscramble the text. Let's try decrypting it using a Caesar cipher with various shift values.

Shift 1:
mzslwd -> natmxe

Shift 2:
mzslwd -> obunyf

Shift 3:
mzslwd -> pcvozg

Shift 4:
mzslwd -> qdwpah

Shift 5:
mzslwd -> rexqbi

The decrypted text for each of the shifts did not reveal any meaningful message. Let's continue testing with more shifts.

Shift 6:
mzslwd -> sfyrcj

Shift 7:
mzslwd -> tzgsdk

Shift 8:
mzslwd -> uahtel

Shift 9:
mzslwd -> vbiumf

Shift 10:
mzslwd -> wcjvng

After testing a total of 10 shifts, no meaningful message was found. The ciphertext ""mzslwd"" remains unresolved.",0,9,"After attempting multiple combinations, I was not able to unscramble the text. Let's try decrypting it using a Caesar cipher with various shift values.

Shift 1:
mzslwd -> natmxe

Shift 2:
mzslwd -> obunyf

Shift 3:
mzslwd -> pcvozg

Shift 4:
mzslwd -> qdwpah

Shift 5:
mzslwd -> rexqbi

The decrypted text for each of the shifts did not reveal any meaningful message. Let's continue testing with more shifts.

Shift 6:
mzslwd -> sfyrcj

Shift 7:
mzslwd -> tzgsdk

Shift 8:
mzslwd -> uahtel

Shift 9:",1,0
mzslwd,hungry,6,5,"After attempting multiple combinations, I was not able to unscramble the text. Let's try decrypting it using a Caesar cipher with various shift values.

Shift 1:
mzslwd -> natmxe

Shift 2:
mzslwd -> obunyf

Shift 3:
mzslwd -> pcvozg

Shift 4:
mzslwd -> qdwpah

Shift 5:
mzslwd -> rexqbi

The decrypted text for each of the shifts did not reveal any meaningful message. Let's continue testing with more shifts.

Shift 6:
mzslwd -> sfyrcj

Shift 7:
mzslwd -> tzgsdk

Shift 8:
mzslwd -> uahtel

Shift 9:
mzslwd -> vbiumf

Shift 10:
mzslwd -> wcjvng

After testing a total of 10 shifts, no meaningful message was found. The ciphertext ""mzslwd"" remains unresolved.",0,10,"After attempting multiple combinations, I was not able to unscramble the text. Let's try decrypting it using a Caesar cipher with various shift values.

Shift 1:
mzslwd -> natmxe

Shift 2:
mzslwd -> obunyf

Shift 3:
mzslwd -> pcvozg

Shift 4:
mzslwd -> qdwpah

Shift 5:
mzslwd -> rexqbi

The decrypted text for each of the shifts did not reveal any meaningful message. Let's continue testing with more shifts.

Shift 6:
mzslwd -> sfyrcj

Shift 7:
mzslwd -> tzgsdk

Shift 8:
mzslwd -> uahtel

Shift 9:
mzslwd -> vbiumf

Shift 10:
mzslwd -> wcjvng

Aft",1,0
mzslwd,hungry,6,5,"After attempting multiple combinations, I was not able to unscramble the text. Let's try decrypting it using a Caesar cipher with various shift values.

Shift 1:
mzslwd -> natmxe

Shift 2:
mzslwd -> obunyf

Shift 3:
mzslwd -> pcvozg

Shift 4:
mzslwd -> qdwpah

Shift 5:
mzslwd -> rexqbi

The decrypted text for each of the shifts did not reveal any meaningful message. Let's continue testing with more shifts.

Shift 6:
mzslwd -> sfyrcj

Shift 7:
mzslwd -> tzgsdk

Shift 8:
mzslwd -> uahtel

Shift 9:
mzslwd -> vbiumf

Shift 10:
mzslwd -> wcjvng

After testing a total of 10 shifts, no meaningful message was found. The ciphertext ""mzslwd"" remains unresolved.",0,11,"After attempting multiple combinations, I was not able to unscramble the text. Let's try decrypting it using a Caesar cipher with various shift values.

Shift 1:
mzslwd -> natmxe

Shift 2:
mzslwd -> obunyf

Shift 3:
mzslwd -> pcvozg

Shift 4:
mzslwd -> qdwpah

Shift 5:
mzslwd -> rexqbi

The decrypted text for each of the shifts did not reveal any meaningful message. Let's continue testing with more shifts.

Shift 6:
mzslwd -> sfyrcj

Shift 7:
mzslwd -> tzgsdk

Shift 8:
mzslwd -> uahtel

Shift 9:
mzslwd -> vbiumf

Shift 10:
mzslwd -> wcjvng

After testing a total of 10 shifts, no meaningful mes",1,0
mzslwd,hungry,6,5,"After attempting multiple combinations, I was not able to unscramble the text. Let's try decrypting it using a Caesar cipher with various shift values.

Shift 1:
mzslwd -> natmxe

Shift 2:
mzslwd -> obunyf

Shift 3:
mzslwd -> pcvozg

Shift 4:
mzslwd -> qdwpah

Shift 5:
mzslwd -> rexqbi

The decrypted text for each of the shifts did not reveal any meaningful message. Let's continue testing with more shifts.

Shift 6:
mzslwd -> sfyrcj

Shift 7:
mzslwd -> tzgsdk

Shift 8:
mzslwd -> uahtel

Shift 9:
mzslwd -> vbiumf

Shift 10:
mzslwd -> wcjvng

After testing a total of 10 shifts, no meaningful message was found. The ciphertext ""mzslwd"" remains unresolved.",0,12,"After attempting multiple combinations, I was not able to unscramble the text. Let's try decrypting it using a Caesar cipher with various shift values.

Shift 1:
mzslwd -> natmxe

Shift 2:
mzslwd -> obunyf

Shift 3:
mzslwd -> pcvozg

Shift 4:
mzslwd -> qdwpah

Shift 5:
mzslwd -> rexqbi

The decrypted text for each of the shifts did not reveal any meaningful message. Let's continue testing with more shifts.

Shift 6:
mzslwd -> sfyrcj

Shift 7:
mzslwd -> tzgsdk

Shift 8:
mzslwd -> uahtel

Shift 9:
mzslwd -> vbiumf

Shift 10:
mzslwd -> wcjvng

After testing a total of 10 shifts, no meaningful message was found. The ciphertext ""mzslwd"" remains un",1,0
mzslwd,hungry,6,5,"After attempting multiple combinations, I was not able to unscramble the text. Let's try decrypting it using a Caesar cipher with various shift values.

Shift 1:
mzslwd -> natmxe

Shift 2:
mzslwd -> obunyf

Shift 3:
mzslwd -> pcvozg

Shift 4:
mzslwd -> qdwpah

Shift 5:
mzslwd -> rexqbi

The decrypted text for each of the shifts did not reveal any meaningful message. Let's continue testing with more shifts.

Shift 6:
mzslwd -> sfyrcj

Shift 7:
mzslwd -> tzgsdk

Shift 8:
mzslwd -> uahtel

Shift 9:
mzslwd -> vbiumf

Shift 10:
mzslwd -> wcjvng

After testing a total of 10 shifts, no meaningful message was found. The ciphertext ""mzslwd"" remains unresolved.",0,13,"After attempting multiple combinations, I was not able to unscramble the text. Let's try decrypting it using a Caesar cipher with various shift values.

Shift 1:
mzslwd -> natmxe

Shift 2:
mzslwd -> obunyf

Shift 3:
mzslwd -> pcvozg

Shift 4:
mzslwd -> qdwpah

Shift 5:
mzslwd -> rexqbi

The decrypted text for each of the shifts did not reveal any meaningful message. Let's continue testing with more shifts.

Shift 6:
mzslwd -> sfyrcj

Shift 7:
mzslwd -> tzgsdk

Shift 8:
mzslwd -> uahtel

Shift 9:
mzslwd -> vbiumf

Shift 10:
mzslwd -> wcjvng

After testing a total of 10 shifts, no meaningful message was found. The ciphertext ""mzslwd"" remains unresolved.",1,0
